solid OpenSCAD_Model
  facet normal 0.997865 -0.0653156 0
    outer loop
      vertex -13.5299 -81.9376 -13.3648
      vertex -13.5 -81.4808 -15.3648
      vertex -13.5 -81.4808 -13.3648
    endloop
  endfacet
  facet normal 0.997865 -0.0653156 0
    outer loop
      vertex -13.5 -81.4808 -15.3648
      vertex -13.5299 -81.9376 -13.3648
      vertex -13.5299 -81.9376 -15.3648
    endloop
  endfacet
  facet normal -0.997865 -0.0653156 0
    outer loop
      vertex -20.4701 -81.9376 -15.3648
      vertex -20.5 -81.4808 -13.3648
      vertex -20.5 -81.4808 -15.3648
    endloop
  endfacet
  facet normal -0.997865 -0.0653156 0
    outer loop
      vertex -20.5 -81.4808 -13.3648
      vertex -20.4701 -81.9376 -15.3648
      vertex -20.4701 -81.9376 -13.3648
    endloop
  endfacet
  facet normal -0.0655331 -0.99785 0
    outer loop
      vertex -17.4568 -84.9508 -15.3648
      vertex -17 -84.9808 -13.3648
      vertex -17.4568 -84.9508 -13.3648
    endloop
  endfacet
  facet normal -0.0655331 -0.99785 -0
    outer loop
      vertex -17 -84.9808 -13.3648
      vertex -17.4568 -84.9508 -15.3648
      vertex -17 -84.9808 -15.3648
    endloop
  endfacet
  facet normal 0.659278 -0.7519 0
    outer loop
      vertex -14.8693 -84.2575 -15.3648
      vertex -14.5251 -83.9557 -13.3648
      vertex -14.8693 -84.2575 -13.3648
    endloop
  endfacet
  facet normal 0.659278 -0.7519 0
    outer loop
      vertex -14.5251 -83.9557 -13.3648
      vertex -14.8693 -84.2575 -15.3648
      vertex -14.5251 -83.9557 -15.3648
    endloop
  endfacet
  facet normal -0.659278 -0.7519 0
    outer loop
      vertex -19.4749 -83.9557 -15.3648
      vertex -19.1307 -84.2575 -13.3648
      vertex -19.4749 -83.9557 -13.3648
    endloop
  endfacet
  facet normal -0.659278 -0.7519 -0
    outer loop
      vertex -19.1307 -84.2575 -13.3648
      vertex -19.4749 -83.9557 -15.3648
      vertex -19.1307 -84.2575 -15.3648
    endloop
  endfacet
  facet normal -0.442314 -0.89686 0
    outer loop
      vertex -18.75 -84.5119 -15.3648
      vertex -18.3394 -84.7144 -13.3648
      vertex -18.75 -84.5119 -13.3648
    endloop
  endfacet
  facet normal -0.442314 -0.89686 -0
    outer loop
      vertex -18.3394 -84.7144 -13.3648
      vertex -18.75 -84.5119 -15.3648
      vertex -18.3394 -84.7144 -15.3648
    endloop
  endfacet
  facet normal 0.89686 -0.442314 0
    outer loop
      vertex -13.9689 -83.2308 -13.3648
      vertex -13.7664 -82.8202 -15.3648
      vertex -13.7664 -82.8202 -13.3648
    endloop
  endfacet
  facet normal 0.89686 -0.442314 0
    outer loop
      vertex -13.7664 -82.8202 -15.3648
      vertex -13.9689 -83.2308 -13.3648
      vertex -13.9689 -83.2308 -15.3648
    endloop
  endfacet
  facet normal 0.980748 -0.195276 0
    outer loop
      vertex -13.6193 -82.3866 -13.3648
      vertex -13.5299 -81.9376 -15.3648
      vertex -13.5299 -81.9376 -13.3648
    endloop
  endfacet
  facet normal 0.980748 -0.195276 0
    outer loop
      vertex -13.5299 -81.9376 -15.3648
      vertex -13.6193 -82.3866 -13.3648
      vertex -13.6193 -82.3866 -15.3648
    endloop
  endfacet
  facet normal 0.321335 -0.946966 0
    outer loop
      vertex -16.0941 -84.8615 -15.3648
      vertex -15.6606 -84.7144 -13.3648
      vertex -16.0941 -84.8615 -13.3648
    endloop
  endfacet
  facet normal 0.321335 -0.946966 0
    outer loop
      vertex -15.6606 -84.7144 -13.3648
      vertex -16.0941 -84.8615 -15.3648
      vertex -15.6606 -84.7144 -15.3648
    endloop
  endfacet
  facet normal 0.195024 -0.980798 0
    outer loop
      vertex -16.5432 -84.9508 -15.3648
      vertex -16.0941 -84.8615 -13.3648
      vertex -16.5432 -84.9508 -13.3648
    endloop
  endfacet
  facet normal 0.195024 -0.980798 0
    outer loop
      vertex -16.0941 -84.8615 -13.3648
      vertex -16.5432 -84.9508 -15.3648
      vertex -16.0941 -84.8615 -15.3648
    endloop
  endfacet
  facet normal 0.555607 -0.831445 0
    outer loop
      vertex -15.25 -84.5119 -15.3648
      vertex -14.8693 -84.2575 -13.3648
      vertex -15.25 -84.5119 -13.3648
    endloop
  endfacet
  facet normal 0.555607 -0.831445 0
    outer loop
      vertex -14.8693 -84.2575 -13.3648
      vertex -15.25 -84.5119 -15.3648
      vertex -14.8693 -84.2575 -15.3648
    endloop
  endfacet
  facet normal -0.89686 -0.442314 0
    outer loop
      vertex -20.0311 -83.2308 -15.3648
      vertex -20.2336 -82.8202 -13.3648
      vertex -20.2336 -82.8202 -15.3648
    endloop
  endfacet
  facet normal -0.89686 -0.442314 0
    outer loop
      vertex -20.2336 -82.8202 -13.3648
      vertex -20.0311 -83.2308 -15.3648
      vertex -20.0311 -83.2308 -13.3648
    endloop
  endfacet
  facet normal -0.946988 -0.321268 0
    outer loop
      vertex -20.2336 -82.8202 -15.3648
      vertex -20.3807 -82.3866 -13.3648
      vertex -20.3807 -82.3866 -15.3648
    endloop
  endfacet
  facet normal -0.946988 -0.321268 0
    outer loop
      vertex -20.3807 -82.3866 -13.3648
      vertex -20.2336 -82.8202 -15.3648
      vertex -20.2336 -82.8202 -13.3648
    endloop
  endfacet
  facet normal -0.555607 -0.831445 0
    outer loop
      vertex -19.1307 -84.2575 -15.3648
      vertex -18.75 -84.5119 -13.3648
      vertex -19.1307 -84.2575 -13.3648
    endloop
  endfacet
  facet normal -0.555607 -0.831445 -0
    outer loop
      vertex -18.75 -84.5119 -13.3648
      vertex -19.1307 -84.2575 -15.3648
      vertex -18.75 -84.5119 -15.3648
    endloop
  endfacet
  facet normal -0.195024 -0.980798 0
    outer loop
      vertex -17.9059 -84.8615 -15.3648
      vertex -17.4568 -84.9508 -13.3648
      vertex -17.9059 -84.8615 -13.3648
    endloop
  endfacet
  facet normal -0.195024 -0.980798 -0
    outer loop
      vertex -17.4568 -84.9508 -13.3648
      vertex -17.9059 -84.8615 -15.3648
      vertex -17.4568 -84.9508 -15.3648
    endloop
  endfacet
  facet normal 0.442314 0.89686 -0
    outer loop
      vertex -15.25 -78.4497 -15.3648
      vertex -15.6606 -78.2472 -13.3648
      vertex -15.25 -78.4497 -13.3648
    endloop
  endfacet
  facet normal 0.442314 0.89686 0
    outer loop
      vertex -15.6606 -78.2472 -13.3648
      vertex -15.25 -78.4497 -15.3648
      vertex -15.6606 -78.2472 -15.3648
    endloop
  endfacet
  facet normal 0.980748 0.195276 0
    outer loop
      vertex -13.5299 -81.0239 -13.3648
      vertex -13.6193 -80.5749 -15.3648
      vertex -13.6193 -80.5749 -13.3648
    endloop
  endfacet
  facet normal 0.980748 0.195276 0
    outer loop
      vertex -13.6193 -80.5749 -15.3648
      vertex -13.5299 -81.0239 -13.3648
      vertex -13.5299 -81.0239 -15.3648
    endloop
  endfacet
  facet normal -0.321531 0.946899 0
    outer loop
      vertex -17.9059 -78.1 -15.3648
      vertex -18.3394 -78.2472 -13.3648
      vertex -17.9059 -78.1 -13.3648
    endloop
  endfacet
  facet normal -0.321531 0.946899 0
    outer loop
      vertex -18.3394 -78.2472 -13.3648
      vertex -17.9059 -78.1 -15.3648
      vertex -18.3394 -78.2472 -15.3648
    endloop
  endfacet
  facet normal -0.89686 0.442314 0
    outer loop
      vertex -20.2336 -80.1414 -15.3648
      vertex -20.0311 -79.7308 -13.3648
      vertex -20.0311 -79.7308 -15.3648
    endloop
  endfacet
  facet normal -0.89686 0.442314 0
    outer loop
      vertex -20.0311 -79.7308 -13.3648
      vertex -20.2336 -80.1414 -15.3648
      vertex -20.2336 -80.1414 -13.3648
    endloop
  endfacet
  facet normal 0 0 1
    outer loop
      vertex -15.4 -81.4808 -13.3648
      vertex -13.5 -81.4808 -13.3648
      vertex -13.5299 -81.0239 -13.3648
    endloop
  endfacet
  facet normal 0 0 1
    outer loop
      vertex -15.4137 -81.2719 -13.3648
      vertex -13.5299 -81.0239 -13.3648
      vertex -13.6193 -80.5749 -13.3648
    endloop
  endfacet
  facet normal 0 0 1
    outer loop
      vertex -13.5 -81.4808 -13.3648
      vertex -15.4 -81.4808 -13.3648
      vertex -13.5299 -81.9376 -13.3648
    endloop
  endfacet
  facet normal 0 0 1
    outer loop
      vertex -15.4545 -81.0667 -13.3648
      vertex -13.6193 -80.5749 -13.3648
      vertex -13.7664 -80.1414 -13.3648
    endloop
  endfacet
  facet normal -0 0 1
    outer loop
      vertex -15.4137 -81.6896 -13.3648
      vertex -13.5299 -81.9376 -13.3648
      vertex -15.4 -81.4808 -13.3648
    endloop
  endfacet
  facet normal 0 0 1
    outer loop
      vertex -15.5218 -80.8685 -13.3648
      vertex -13.7664 -80.1414 -13.3648
      vertex -13.9689 -79.7308 -13.3648
    endloop
  endfacet
  facet normal 0 0 1
    outer loop
      vertex -13.5299 -81.9376 -13.3648
      vertex -15.4137 -81.6896 -13.3648
      vertex -13.6193 -82.3866 -13.3648
    endloop
  endfacet
  facet normal 0 0 1
    outer loop
      vertex -15.6144 -80.6808 -13.3648
      vertex -13.9689 -79.7308 -13.3648
      vertex -14.2233 -79.3501 -13.3648
    endloop
  endfacet
  facet normal -0 0 1
    outer loop
      vertex -15.4545 -81.8949 -13.3648
      vertex -13.6193 -82.3866 -13.3648
      vertex -15.4137 -81.6896 -13.3648
    endloop
  endfacet
  facet normal 0 0 1
    outer loop
      vertex -15.7306 -80.5068 -13.3648
      vertex -14.2233 -79.3501 -13.3648
      vertex -14.5251 -79.0059 -13.3648
    endloop
  endfacet
  facet normal 0 0 1
    outer loop
      vertex -13.6193 -82.3866 -13.3648
      vertex -15.4545 -81.8949 -13.3648
      vertex -13.7664 -82.8202 -13.3648
    endloop
  endfacet
  facet normal 0 0 1
    outer loop
      vertex -15.8686 -80.3494 -13.3648
      vertex -14.5251 -79.0059 -13.3648
      vertex -14.8693 -78.704 -13.3648
    endloop
  endfacet
  facet normal -0 0 1
    outer loop
      vertex -15.5218 -82.0931 -13.3648
      vertex -13.7664 -82.8202 -13.3648
      vertex -15.4545 -81.8949 -13.3648
    endloop
  endfacet
  facet normal 0 0 1
    outer loop
      vertex -16.026 -80.2114 -13.3648
      vertex -14.8693 -78.704 -13.3648
      vertex -15.25 -78.4497 -13.3648
    endloop
  endfacet
  facet normal 0 0 1
    outer loop
      vertex -13.7664 -82.8202 -13.3648
      vertex -15.5218 -82.0931 -13.3648
      vertex -13.9689 -83.2308 -13.3648
    endloop
  endfacet
  facet normal -0 0 1
    outer loop
      vertex -15.6144 -82.2808 -13.3648
      vertex -13.9689 -83.2308 -13.3648
      vertex -15.5218 -82.0931 -13.3648
    endloop
  endfacet
  facet normal 0 0 1
    outer loop
      vertex -13.5299 -81.0239 -13.3648
      vertex -15.4137 -81.2719 -13.3648
      vertex -15.4 -81.4808 -13.3648
    endloop
  endfacet
  facet normal 0 0 1
    outer loop
      vertex -13.6193 -80.5749 -13.3648
      vertex -15.4545 -81.0667 -13.3648
      vertex -15.4137 -81.2719 -13.3648
    endloop
  endfacet
  facet normal 0 0 1
    outer loop
      vertex -13.7664 -80.1414 -13.3648
      vertex -15.5218 -80.8685 -13.3648
      vertex -15.4545 -81.0667 -13.3648
    endloop
  endfacet
  facet normal 0 0 1
    outer loop
      vertex -13.9689 -79.7308 -13.3648
      vertex -15.6144 -80.6808 -13.3648
      vertex -15.5218 -80.8685 -13.3648
    endloop
  endfacet
  facet normal 0 0 1
    outer loop
      vertex -16.2 -80.0951 -13.3648
      vertex -15.25 -78.4497 -13.3648
      vertex -15.6606 -78.2472 -13.3648
    endloop
  endfacet
  facet normal 0 0 1
    outer loop
      vertex -14.2233 -79.3501 -13.3648
      vertex -15.7306 -80.5068 -13.3648
      vertex -15.6144 -80.6808 -13.3648
    endloop
  endfacet
  facet normal 0 0 1
    outer loop
      vertex -14.5251 -79.0059 -13.3648
      vertex -15.8686 -80.3494 -13.3648
      vertex -15.7306 -80.5068 -13.3648
    endloop
  endfacet
  facet normal 0 0 1
    outer loop
      vertex -14.8693 -78.704 -13.3648
      vertex -16.026 -80.2114 -13.3648
      vertex -15.8686 -80.3494 -13.3648
    endloop
  endfacet
  facet normal 0 0 1
    outer loop
      vertex -16.3877 -80.0026 -13.3648
      vertex -15.6606 -78.2472 -13.3648
      vertex -16.0941 -78.1 -13.3648
    endloop
  endfacet
  facet normal 0 0 1
    outer loop
      vertex -15.25 -78.4497 -13.3648
      vertex -16.2 -80.0951 -13.3648
      vertex -16.026 -80.2114 -13.3648
    endloop
  endfacet
  facet normal 0 0 1
    outer loop
      vertex -15.6606 -78.2472 -13.3648
      vertex -16.3877 -80.0026 -13.3648
      vertex -16.2 -80.0951 -13.3648
    endloop
  endfacet
  facet normal 0 0 1
    outer loop
      vertex -16.5859 -79.9353 -13.3648
      vertex -16.0941 -78.1 -13.3648
      vertex -16.5432 -78.0107 -13.3648
    endloop
  endfacet
  facet normal 0 0 1
    outer loop
      vertex -16.0941 -78.1 -13.3648
      vertex -16.5859 -79.9353 -13.3648
      vertex -16.3877 -80.0026 -13.3648
    endloop
  endfacet
  facet normal 0 0 1
    outer loop
      vertex -16.5432 -78.0107 -13.3648
      vertex -16.7912 -79.8945 -13.3648
      vertex -16.5859 -79.9353 -13.3648
    endloop
  endfacet
  facet normal 0 0 1
    outer loop
      vertex -17 -77.9808 -13.3648
      vertex -16.7912 -79.8945 -13.3648
      vertex -16.5432 -78.0107 -13.3648
    endloop
  endfacet
  facet normal 0 0 1
    outer loop
      vertex -17 -77.9808 -13.3648
      vertex -17 -79.8808 -13.3648
      vertex -16.7912 -79.8945 -13.3648
    endloop
  endfacet
  facet normal 0 0 1
    outer loop
      vertex -17 -77.9808 -13.3648
      vertex -17.2088 -79.8945 -13.3648
      vertex -17 -79.8808 -13.3648
    endloop
  endfacet
  facet normal -0 0 1
    outer loop
      vertex -17.4568 -78.0107 -13.3648
      vertex -17.2088 -79.8945 -13.3648
      vertex -17 -77.9808 -13.3648
    endloop
  endfacet
  facet normal 0 0 1
    outer loop
      vertex -17.2088 -79.8945 -13.3648
      vertex -17.4568 -78.0107 -13.3648
      vertex -17.4141 -79.9353 -13.3648
    endloop
  endfacet
  facet normal -0 0 1
    outer loop
      vertex -17.9059 -78.1 -13.3648
      vertex -17.4141 -79.9353 -13.3648
      vertex -17.4568 -78.0107 -13.3648
    endloop
  endfacet
  facet normal 0 0 1
    outer loop
      vertex -17.4141 -79.9353 -13.3648
      vertex -17.9059 -78.1 -13.3648
      vertex -17.6123 -80.0026 -13.3648
    endloop
  endfacet
  facet normal -0 0 1
    outer loop
      vertex -18.3394 -78.2472 -13.3648
      vertex -17.6123 -80.0026 -13.3648
      vertex -17.9059 -78.1 -13.3648
    endloop
  endfacet
  facet normal 0 0 1
    outer loop
      vertex -17.6123 -80.0026 -13.3648
      vertex -18.3394 -78.2472 -13.3648
      vertex -17.8 -80.0951 -13.3648
    endloop
  endfacet
  facet normal -0 0 1
    outer loop
      vertex -18.75 -78.4497 -13.3648
      vertex -17.8 -80.0951 -13.3648
      vertex -18.3394 -78.2472 -13.3648
    endloop
  endfacet
  facet normal 0 0 1
    outer loop
      vertex -17.8 -80.0951 -13.3648
      vertex -18.75 -78.4497 -13.3648
      vertex -17.974 -80.2114 -13.3648
    endloop
  endfacet
  facet normal -0 0 1
    outer loop
      vertex -19.1307 -78.704 -13.3648
      vertex -17.974 -80.2114 -13.3648
      vertex -18.75 -78.4497 -13.3648
    endloop
  endfacet
  facet normal 0 0 1
    outer loop
      vertex -17.974 -80.2114 -13.3648
      vertex -19.1307 -78.704 -13.3648
      vertex -18.1314 -80.3494 -13.3648
    endloop
  endfacet
  facet normal -0 0 1
    outer loop
      vertex -19.4749 -79.0059 -13.3648
      vertex -18.1314 -80.3494 -13.3648
      vertex -19.1307 -78.704 -13.3648
    endloop
  endfacet
  facet normal 0 0 1
    outer loop
      vertex -18.1314 -80.3494 -13.3648
      vertex -19.4749 -79.0059 -13.3648
      vertex -18.2694 -80.5068 -13.3648
    endloop
  endfacet
  facet normal -0 0 1
    outer loop
      vertex -19.7767 -79.3501 -13.3648
      vertex -18.2694 -80.5068 -13.3648
      vertex -19.4749 -79.0059 -13.3648
    endloop
  endfacet
  facet normal -0 0 1
    outer loop
      vertex -20.0311 -79.7308 -13.3648
      vertex -18.3856 -80.6808 -13.3648
      vertex -19.7767 -79.3501 -13.3648
    endloop
  endfacet
  facet normal 0 0 1
    outer loop
      vertex -18.2694 -80.5068 -13.3648
      vertex -19.7767 -79.3501 -13.3648
      vertex -18.3856 -80.6808 -13.3648
    endloop
  endfacet
  facet normal 0 0 1
    outer loop
      vertex -13.9689 -83.2308 -13.3648
      vertex -15.6144 -82.2808 -13.3648
      vertex -14.2233 -83.6114 -13.3648
    endloop
  endfacet
  facet normal -0 0 1
    outer loop
      vertex -15.7306 -82.4548 -13.3648
      vertex -14.2233 -83.6114 -13.3648
      vertex -15.6144 -82.2808 -13.3648
    endloop
  endfacet
  facet normal 0 0 1
    outer loop
      vertex -14.2233 -83.6114 -13.3648
      vertex -15.7306 -82.4548 -13.3648
      vertex -14.5251 -83.9557 -13.3648
    endloop
  endfacet
  facet normal -0 0 1
    outer loop
      vertex -15.8686 -82.6121 -13.3648
      vertex -14.5251 -83.9557 -13.3648
      vertex -15.7306 -82.4548 -13.3648
    endloop
  endfacet
  facet normal 0 0 1
    outer loop
      vertex -14.5251 -83.9557 -13.3648
      vertex -15.8686 -82.6121 -13.3648
      vertex -14.8693 -84.2575 -13.3648
    endloop
  endfacet
  facet normal -0 0 1
    outer loop
      vertex -16.026 -82.7501 -13.3648
      vertex -14.8693 -84.2575 -13.3648
      vertex -15.8686 -82.6121 -13.3648
    endloop
  endfacet
  facet normal 0 0 1
    outer loop
      vertex -14.8693 -84.2575 -13.3648
      vertex -16.026 -82.7501 -13.3648
      vertex -15.25 -84.5119 -13.3648
    endloop
  endfacet
  facet normal -0 0 1
    outer loop
      vertex -16.2 -82.8664 -13.3648
      vertex -15.25 -84.5119 -13.3648
      vertex -16.026 -82.7501 -13.3648
    endloop
  endfacet
  facet normal 0 0 1
    outer loop
      vertex -15.25 -84.5119 -13.3648
      vertex -16.2 -82.8664 -13.3648
      vertex -15.6606 -84.7144 -13.3648
    endloop
  endfacet
  facet normal -0 0 1
    outer loop
      vertex -16.3877 -82.959 -13.3648
      vertex -15.6606 -84.7144 -13.3648
      vertex -16.2 -82.8664 -13.3648
    endloop
  endfacet
  facet normal 0 0 1
    outer loop
      vertex -15.6606 -84.7144 -13.3648
      vertex -16.3877 -82.959 -13.3648
      vertex -16.0941 -84.8615 -13.3648
    endloop
  endfacet
  facet normal -0 0 1
    outer loop
      vertex -16.5859 -83.0263 -13.3648
      vertex -16.0941 -84.8615 -13.3648
      vertex -16.3877 -82.959 -13.3648
    endloop
  endfacet
  facet normal 0 0 1
    outer loop
      vertex -16.0941 -84.8615 -13.3648
      vertex -16.5859 -83.0263 -13.3648
      vertex -16.5432 -84.9508 -13.3648
    endloop
  endfacet
  facet normal -0 0 1
    outer loop
      vertex -16.7912 -83.0671 -13.3648
      vertex -16.5432 -84.9508 -13.3648
      vertex -16.5859 -83.0263 -13.3648
    endloop
  endfacet
  facet normal -0 0 1
    outer loop
      vertex -17 -83.0808 -13.3648
      vertex -16.5432 -84.9508 -13.3648
      vertex -16.7912 -83.0671 -13.3648
    endloop
  endfacet
  facet normal 0 0 1
    outer loop
      vertex -17 -83.0808 -13.3648
      vertex -17 -84.9808 -13.3648
      vertex -16.5432 -84.9508 -13.3648
    endloop
  endfacet
  facet normal 0 0 1
    outer loop
      vertex -17.2088 -83.0671 -13.3648
      vertex -17 -84.9808 -13.3648
      vertex -17 -83.0808 -13.3648
    endloop
  endfacet
  facet normal 0 0 1
    outer loop
      vertex -17.4568 -84.9508 -13.3648
      vertex -17.2088 -83.0671 -13.3648
      vertex -17.4141 -83.0263 -13.3648
    endloop
  endfacet
  facet normal 0 0 1
    outer loop
      vertex -17.2088 -83.0671 -13.3648
      vertex -17.4568 -84.9508 -13.3648
      vertex -17 -84.9808 -13.3648
    endloop
  endfacet
  facet normal 0 0 1
    outer loop
      vertex -17.9059 -84.8615 -13.3648
      vertex -17.4141 -83.0263 -13.3648
      vertex -17.6123 -82.959 -13.3648
    endloop
  endfacet
  facet normal 0 0 1
    outer loop
      vertex -18.3394 -84.7144 -13.3648
      vertex -17.6123 -82.959 -13.3648
      vertex -17.8 -82.8664 -13.3648
    endloop
  endfacet
  facet normal 0 0 1
    outer loop
      vertex -17.4141 -83.0263 -13.3648
      vertex -17.9059 -84.8615 -13.3648
      vertex -17.4568 -84.9508 -13.3648
    endloop
  endfacet
  facet normal 0 0 1
    outer loop
      vertex -18.75 -84.5119 -13.3648
      vertex -17.8 -82.8664 -13.3648
      vertex -17.974 -82.7501 -13.3648
    endloop
  endfacet
  facet normal 0 0 1
    outer loop
      vertex -19.1307 -84.2575 -13.3648
      vertex -17.974 -82.7501 -13.3648
      vertex -18.1314 -82.6121 -13.3648
    endloop
  endfacet
  facet normal 0 0 1
    outer loop
      vertex -19.4749 -83.9557 -13.3648
      vertex -18.1314 -82.6121 -13.3648
      vertex -18.2694 -82.4548 -13.3648
    endloop
  endfacet
  facet normal 0 0 1
    outer loop
      vertex -17.6123 -82.959 -13.3648
      vertex -18.3394 -84.7144 -13.3648
      vertex -17.9059 -84.8615 -13.3648
    endloop
  endfacet
  facet normal 0 0 1
    outer loop
      vertex -19.7767 -83.6114 -13.3648
      vertex -18.2694 -82.4548 -13.3648
      vertex -18.3856 -82.2808 -13.3648
    endloop
  endfacet
  facet normal 0 0 1
    outer loop
      vertex -20.0311 -83.2308 -13.3648
      vertex -18.3856 -82.2808 -13.3648
      vertex -18.4782 -82.0931 -13.3648
    endloop
  endfacet
  facet normal 0 0 1
    outer loop
      vertex -20.2336 -82.8202 -13.3648
      vertex -18.4782 -82.0931 -13.3648
      vertex -18.5455 -81.8949 -13.3648
    endloop
  endfacet
  facet normal 0 0 1
    outer loop
      vertex -20.3807 -82.3866 -13.3648
      vertex -18.5455 -81.8949 -13.3648
      vertex -18.5863 -81.6896 -13.3648
    endloop
  endfacet
  facet normal 0 0 1
    outer loop
      vertex -17.8 -82.8664 -13.3648
      vertex -18.75 -84.5119 -13.3648
      vertex -18.3394 -84.7144 -13.3648
    endloop
  endfacet
  facet normal 0 0 1
    outer loop
      vertex -20.4701 -81.9376 -13.3648
      vertex -18.5863 -81.6896 -13.3648
      vertex -18.6 -81.4808 -13.3648
    endloop
  endfacet
  facet normal 0 0 1
    outer loop
      vertex -18.3856 -80.6808 -13.3648
      vertex -20.0311 -79.7308 -13.3648
      vertex -18.4782 -80.8685 -13.3648
    endloop
  endfacet
  facet normal -0 0 1
    outer loop
      vertex -20.2336 -80.1414 -13.3648
      vertex -18.4782 -80.8685 -13.3648
      vertex -20.0311 -79.7308 -13.3648
    endloop
  endfacet
  facet normal 0 0 1
    outer loop
      vertex -17.974 -82.7501 -13.3648
      vertex -19.1307 -84.2575 -13.3648
      vertex -18.75 -84.5119 -13.3648
    endloop
  endfacet
  facet normal 0 0 1
    outer loop
      vertex -18.4782 -80.8685 -13.3648
      vertex -20.2336 -80.1414 -13.3648
      vertex -18.5455 -81.0667 -13.3648
    endloop
  endfacet
  facet normal 0 0 1
    outer loop
      vertex -18.1314 -82.6121 -13.3648
      vertex -19.4749 -83.9557 -13.3648
      vertex -19.1307 -84.2575 -13.3648
    endloop
  endfacet
  facet normal -0 0 1
    outer loop
      vertex -20.3807 -80.5749 -13.3648
      vertex -18.5455 -81.0667 -13.3648
      vertex -20.2336 -80.1414 -13.3648
    endloop
  endfacet
  facet normal 0 0 1
    outer loop
      vertex -18.2694 -82.4548 -13.3648
      vertex -19.7767 -83.6114 -13.3648
      vertex -19.4749 -83.9557 -13.3648
    endloop
  endfacet
  facet normal 0 0 1
    outer loop
      vertex -18.5455 -81.0667 -13.3648
      vertex -20.3807 -80.5749 -13.3648
      vertex -18.5863 -81.2719 -13.3648
    endloop
  endfacet
  facet normal 0 0 1
    outer loop
      vertex -18.3856 -82.2808 -13.3648
      vertex -20.0311 -83.2308 -13.3648
      vertex -19.7767 -83.6114 -13.3648
    endloop
  endfacet
  facet normal -0 0 1
    outer loop
      vertex -20.4701 -81.0239 -13.3648
      vertex -18.5863 -81.2719 -13.3648
      vertex -20.3807 -80.5749 -13.3648
    endloop
  endfacet
  facet normal 0 0 1
    outer loop
      vertex -18.4782 -82.0931 -13.3648
      vertex -20.2336 -82.8202 -13.3648
      vertex -20.0311 -83.2308 -13.3648
    endloop
  endfacet
  facet normal 0 0 1
    outer loop
      vertex -18.5863 -81.2719 -13.3648
      vertex -20.4701 -81.0239 -13.3648
      vertex -18.6 -81.4808 -13.3648
    endloop
  endfacet
  facet normal 0 0 1
    outer loop
      vertex -18.5455 -81.8949 -13.3648
      vertex -20.3807 -82.3866 -13.3648
      vertex -20.2336 -82.8202 -13.3648
    endloop
  endfacet
  facet normal 0 0 1
    outer loop
      vertex -20.5 -81.4808 -13.3648
      vertex -18.6 -81.4808 -13.3648
      vertex -20.4701 -81.0239 -13.3648
    endloop
  endfacet
  facet normal 0 0 1
    outer loop
      vertex -18.5863 -81.6896 -13.3648
      vertex -20.4701 -81.9376 -13.3648
      vertex -20.3807 -82.3866 -13.3648
    endloop
  endfacet
  facet normal 0 0 1
    outer loop
      vertex -18.6 -81.4808 -13.3648
      vertex -20.5 -81.4808 -13.3648
      vertex -20.4701 -81.9376 -13.3648
    endloop
  endfacet
  facet normal 0.946988 -0.321268 0
    outer loop
      vertex -13.7664 -82.8202 -13.3648
      vertex -13.6193 -82.3866 -15.3648
      vertex -13.6193 -82.3866 -13.3648
    endloop
  endfacet
  facet normal 0.946988 -0.321268 0
    outer loop
      vertex -13.6193 -82.3866 -15.3648
      vertex -13.7664 -82.8202 -13.3648
      vertex -13.7664 -82.8202 -15.3648
    endloop
  endfacet
  facet normal 0.751995 -0.659169 0
    outer loop
      vertex -14.5251 -83.9557 -13.3648
      vertex -14.2233 -83.6114 -15.3648
      vertex -14.2233 -83.6114 -13.3648
    endloop
  endfacet
  facet normal 0.751995 -0.659169 0
    outer loop
      vertex -14.2233 -83.6114 -15.3648
      vertex -14.5251 -83.9557 -13.3648
      vertex -14.5251 -83.9557 -15.3648
    endloop
  endfacet
  facet normal 0.831378 -0.555708 0
    outer loop
      vertex -14.2233 -83.6114 -13.3648
      vertex -13.9689 -83.2308 -15.3648
      vertex -13.9689 -83.2308 -13.3648
    endloop
  endfacet
  facet normal 0.831378 -0.555708 0
    outer loop
      vertex -13.9689 -83.2308 -15.3648
      vertex -14.2233 -83.6114 -13.3648
      vertex -14.2233 -83.6114 -15.3648
    endloop
  endfacet
  facet normal 0.0655331 -0.99785 0
    outer loop
      vertex -17 -84.9808 -15.3648
      vertex -16.5432 -84.9508 -13.3648
      vertex -17 -84.9808 -13.3648
    endloop
  endfacet
  facet normal 0.0655331 -0.99785 0
    outer loop
      vertex -16.5432 -84.9508 -13.3648
      vertex -17 -84.9808 -15.3648
      vertex -16.5432 -84.9508 -15.3648
    endloop
  endfacet
  facet normal 0.442314 -0.89686 0
    outer loop
      vertex -15.6606 -84.7144 -15.3648
      vertex -15.25 -84.5119 -13.3648
      vertex -15.6606 -84.7144 -13.3648
    endloop
  endfacet
  facet normal 0.442314 -0.89686 0
    outer loop
      vertex -15.25 -84.5119 -13.3648
      vertex -15.6606 -84.7144 -15.3648
      vertex -15.25 -84.5119 -15.3648
    endloop
  endfacet
  facet normal -0.831378 -0.555708 0
    outer loop
      vertex -19.7767 -83.6114 -15.3648
      vertex -20.0311 -83.2308 -13.3648
      vertex -20.0311 -83.2308 -15.3648
    endloop
  endfacet
  facet normal -0.831378 -0.555708 0
    outer loop
      vertex -20.0311 -83.2308 -13.3648
      vertex -19.7767 -83.6114 -15.3648
      vertex -19.7767 -83.6114 -13.3648
    endloop
  endfacet
  facet normal -0.751995 -0.659169 0
    outer loop
      vertex -19.4749 -83.9557 -15.3648
      vertex -19.7767 -83.6114 -13.3648
      vertex -19.7767 -83.6114 -15.3648
    endloop
  endfacet
  facet normal -0.751995 -0.659169 0
    outer loop
      vertex -19.7767 -83.6114 -13.3648
      vertex -19.4749 -83.9557 -15.3648
      vertex -19.4749 -83.9557 -13.3648
    endloop
  endfacet
  facet normal -0.980748 -0.195276 0
    outer loop
      vertex -20.3807 -82.3866 -15.3648
      vertex -20.4701 -81.9376 -13.3648
      vertex -20.4701 -81.9376 -15.3648
    endloop
  endfacet
  facet normal -0.980748 -0.195276 0
    outer loop
      vertex -20.4701 -81.9376 -13.3648
      vertex -20.3807 -82.3866 -15.3648
      vertex -20.3807 -82.3866 -13.3648
    endloop
  endfacet
  facet normal -0.321335 -0.946966 0
    outer loop
      vertex -18.3394 -84.7144 -15.3648
      vertex -17.9059 -84.8615 -13.3648
      vertex -18.3394 -84.7144 -13.3648
    endloop
  endfacet
  facet normal -0.321335 -0.946966 -0
    outer loop
      vertex -17.9059 -84.8615 -13.3648
      vertex -18.3394 -84.7144 -15.3648
      vertex -17.9059 -84.8615 -15.3648
    endloop
  endfacet
  facet normal 0.997866 0.0653013 0
    outer loop
      vertex -13.5 -81.4808 -13.3648
      vertex -13.5299 -81.0239 -15.3648
      vertex -13.5299 -81.0239 -13.3648
    endloop
  endfacet
  facet normal 0.997866 0.0653013 0
    outer loop
      vertex -13.5299 -81.0239 -15.3648
      vertex -13.5 -81.4808 -13.3648
      vertex -13.5 -81.4808 -15.3648
    endloop
  endfacet
  facet normal 0.0653156 0.997865 -0
    outer loop
      vertex -16.5432 -78.0107 -15.3648
      vertex -17 -77.9808 -13.3648
      vertex -16.5432 -78.0107 -13.3648
    endloop
  endfacet
  facet normal 0.0653156 0.997865 0
    outer loop
      vertex -17 -77.9808 -13.3648
      vertex -16.5432 -78.0107 -15.3648
      vertex -17 -77.9808 -15.3648
    endloop
  endfacet
  facet normal 0.321531 0.946899 -0
    outer loop
      vertex -15.6606 -78.2472 -15.3648
      vertex -16.0941 -78.1 -13.3648
      vertex -15.6606 -78.2472 -13.3648
    endloop
  endfacet
  facet normal 0.321531 0.946899 0
    outer loop
      vertex -16.0941 -78.1 -13.3648
      vertex -15.6606 -78.2472 -15.3648
      vertex -16.0941 -78.1 -15.3648
    endloop
  endfacet
  facet normal 0.555456 0.831546 -0
    outer loop
      vertex -14.8693 -78.704 -15.3648
      vertex -15.25 -78.4497 -13.3648
      vertex -14.8693 -78.704 -13.3648
    endloop
  endfacet
  facet normal 0.555456 0.831546 0
    outer loop
      vertex -15.25 -78.4497 -13.3648
      vertex -14.8693 -78.704 -15.3648
      vertex -15.25 -78.4497 -15.3648
    endloop
  endfacet
  facet normal 0.7519 0.659278 0
    outer loop
      vertex -14.2233 -79.3501 -13.3648
      vertex -14.5251 -79.0059 -15.3648
      vertex -14.5251 -79.0059 -13.3648
    endloop
  endfacet
  facet normal 0.7519 0.659278 0
    outer loop
      vertex -14.5251 -79.0059 -15.3648
      vertex -14.2233 -79.3501 -13.3648
      vertex -14.2233 -79.3501 -15.3648
    endloop
  endfacet
  facet normal 0.89686 0.442314 0
    outer loop
      vertex -13.7664 -80.1414 -13.3648
      vertex -13.9689 -79.7308 -15.3648
      vertex -13.9689 -79.7308 -13.3648
    endloop
  endfacet
  facet normal 0.89686 0.442314 0
    outer loop
      vertex -13.9689 -79.7308 -15.3648
      vertex -13.7664 -80.1414 -13.3648
      vertex -13.7664 -80.1414 -15.3648
    endloop
  endfacet
  facet normal -0.659401 0.751791 0
    outer loop
      vertex -19.1307 -78.704 -15.3648
      vertex -19.4749 -79.0059 -13.3648
      vertex -19.1307 -78.704 -13.3648
    endloop
  endfacet
  facet normal -0.659401 0.751791 0
    outer loop
      vertex -19.4749 -79.0059 -13.3648
      vertex -19.1307 -78.704 -15.3648
      vertex -19.4749 -79.0059 -15.3648
    endloop
  endfacet
  facet normal -0.442314 0.89686 0
    outer loop
      vertex -18.3394 -78.2472 -15.3648
      vertex -18.75 -78.4497 -13.3648
      vertex -18.3394 -78.2472 -13.3648
    endloop
  endfacet
  facet normal -0.442314 0.89686 0
    outer loop
      vertex -18.75 -78.4497 -13.3648
      vertex -18.3394 -78.2472 -15.3648
      vertex -18.75 -78.4497 -15.3648
    endloop
  endfacet
  facet normal -0.195024 0.980798 0
    outer loop
      vertex -17.4568 -78.0107 -15.3648
      vertex -17.9059 -78.1 -13.3648
      vertex -17.4568 -78.0107 -13.3648
    endloop
  endfacet
  facet normal -0.195024 0.980798 0
    outer loop
      vertex -17.9059 -78.1 -13.3648
      vertex -17.4568 -78.0107 -15.3648
      vertex -17.9059 -78.1 -15.3648
    endloop
  endfacet
  facet normal -0.831445 0.555607 0
    outer loop
      vertex -20.0311 -79.7308 -15.3648
      vertex -19.7767 -79.3501 -13.3648
      vertex -19.7767 -79.3501 -15.3648
    endloop
  endfacet
  facet normal -0.831445 0.555607 0
    outer loop
      vertex -19.7767 -79.3501 -13.3648
      vertex -20.0311 -79.7308 -15.3648
      vertex -20.0311 -79.7308 -13.3648
    endloop
  endfacet
  facet normal -0.946966 0.321335 0
    outer loop
      vertex -20.3807 -80.5749 -15.3648
      vertex -20.2336 -80.1414 -13.3648
      vertex -20.2336 -80.1414 -15.3648
    endloop
  endfacet
  facet normal -0.946966 0.321335 0
    outer loop
      vertex -20.2336 -80.1414 -13.3648
      vertex -20.3807 -80.5749 -15.3648
      vertex -20.3807 -80.5749 -13.3648
    endloop
  endfacet
  facet normal -0.997866 0.0653013 0
    outer loop
      vertex -20.5 -81.4808 -15.3648
      vertex -20.4701 -81.0239 -13.3648
      vertex -20.4701 -81.0239 -15.3648
    endloop
  endfacet
  facet normal -0.997866 0.0653013 0
    outer loop
      vertex -20.4701 -81.0239 -13.3648
      vertex -20.5 -81.4808 -15.3648
      vertex -20.5 -81.4808 -13.3648
    endloop
  endfacet
  facet normal 0.195024 0.980798 -0
    outer loop
      vertex -16.0941 -78.1 -15.3648
      vertex -16.5432 -78.0107 -13.3648
      vertex -16.0941 -78.1 -13.3648
    endloop
  endfacet
  facet normal 0.195024 0.980798 0
    outer loop
      vertex -16.5432 -78.0107 -13.3648
      vertex -16.0941 -78.1 -15.3648
      vertex -16.5432 -78.0107 -15.3648
    endloop
  endfacet
  facet normal 0.659401 0.751791 -0
    outer loop
      vertex -14.5251 -79.0059 -15.3648
      vertex -14.8693 -78.704 -13.3648
      vertex -14.5251 -79.0059 -13.3648
    endloop
  endfacet
  facet normal 0.659401 0.751791 0
    outer loop
      vertex -14.8693 -78.704 -13.3648
      vertex -14.5251 -79.0059 -15.3648
      vertex -14.8693 -78.704 -15.3648
    endloop
  endfacet
  facet normal 0.831445 0.555607 0
    outer loop
      vertex -13.9689 -79.7308 -13.3648
      vertex -14.2233 -79.3501 -15.3648
      vertex -14.2233 -79.3501 -13.3648
    endloop
  endfacet
  facet normal 0.831445 0.555607 0
    outer loop
      vertex -14.2233 -79.3501 -15.3648
      vertex -13.9689 -79.7308 -13.3648
      vertex -13.9689 -79.7308 -15.3648
    endloop
  endfacet
  facet normal 0.946966 0.321335 0
    outer loop
      vertex -13.6193 -80.5749 -13.3648
      vertex -13.7664 -80.1414 -15.3648
      vertex -13.7664 -80.1414 -13.3648
    endloop
  endfacet
  facet normal 0.946966 0.321335 0
    outer loop
      vertex -13.7664 -80.1414 -15.3648
      vertex -13.6193 -80.5749 -13.3648
      vertex -13.6193 -80.5749 -15.3648
    endloop
  endfacet
  facet normal -0.555456 0.831546 0
    outer loop
      vertex -18.75 -78.4497 -15.3648
      vertex -19.1307 -78.704 -13.3648
      vertex -18.75 -78.4497 -13.3648
    endloop
  endfacet
  facet normal -0.555456 0.831546 0
    outer loop
      vertex -19.1307 -78.704 -13.3648
      vertex -18.75 -78.4497 -15.3648
      vertex -19.1307 -78.704 -15.3648
    endloop
  endfacet
  facet normal -0.0653156 0.997865 0
    outer loop
      vertex -17 -77.9808 -15.3648
      vertex -17.4568 -78.0107 -13.3648
      vertex -17 -77.9808 -13.3648
    endloop
  endfacet
  facet normal -0.0653156 0.997865 0
    outer loop
      vertex -17.4568 -78.0107 -13.3648
      vertex -17 -77.9808 -15.3648
      vertex -17.4568 -78.0107 -15.3648
    endloop
  endfacet
  facet normal -0.7519 0.659278 0
    outer loop
      vertex -19.7767 -79.3501 -15.3648
      vertex -19.4749 -79.0059 -13.3648
      vertex -19.4749 -79.0059 -15.3648
    endloop
  endfacet
  facet normal -0.7519 0.659278 0
    outer loop
      vertex -19.4749 -79.0059 -13.3648
      vertex -19.7767 -79.3501 -15.3648
      vertex -19.7767 -79.3501 -13.3648
    endloop
  endfacet
  facet normal -0.980748 0.195276 0
    outer loop
      vertex -20.4701 -81.0239 -15.3648
      vertex -20.3807 -80.5749 -13.3648
      vertex -20.3807 -80.5749 -15.3648
    endloop
  endfacet
  facet normal -0.980748 0.195276 0
    outer loop
      vertex -20.3807 -80.5749 -13.3648
      vertex -20.4701 -81.0239 -15.3648
      vertex -20.4701 -81.0239 -13.3648
    endloop
  endfacet
  facet normal 0.997867 -0.0652871 0
    outer loop
      vertex -13.5299 -115.938 -13.3648
      vertex -13.5 -115.481 -15.3648
      vertex -13.5 -115.481 -13.3648
    endloop
  endfacet
  facet normal 0.997867 -0.0652871 0
    outer loop
      vertex -13.5 -115.481 -15.3648
      vertex -13.5299 -115.938 -13.3648
      vertex -13.5299 -115.938 -15.3648
    endloop
  endfacet
  facet normal -0.997867 -0.0652871 0
    outer loop
      vertex -20.4701 -115.938 -15.3648
      vertex -20.5 -115.481 -13.3648
      vertex -20.5 -115.481 -15.3648
    endloop
  endfacet
  facet normal -0.997867 -0.0652871 0
    outer loop
      vertex -20.5 -115.481 -13.3648
      vertex -20.4701 -115.938 -15.3648
      vertex -20.4701 -115.938 -13.3648
    endloop
  endfacet
  facet normal 0.0655331 -0.99785 0
    outer loop
      vertex -17 -118.981 -15.3648
      vertex -16.5432 -118.951 -13.3648
      vertex -17 -118.981 -13.3648
    endloop
  endfacet
  facet normal 0.0655331 -0.99785 0
    outer loop
      vertex -16.5432 -118.951 -13.3648
      vertex -17 -118.981 -15.3648
      vertex -16.5432 -118.951 -15.3648
    endloop
  endfacet
  facet normal 0.0655331 0.99785 -0
    outer loop
      vertex -16.5432 -112.011 -15.3648
      vertex -17 -111.981 -13.3648
      vertex -16.5432 -112.011 -13.3648
    endloop
  endfacet
  facet normal 0.0655331 0.99785 0
    outer loop
      vertex -17 -111.981 -13.3648
      vertex -16.5432 -112.011 -15.3648
      vertex -17 -111.981 -15.3648
    endloop
  endfacet
  facet normal 0.752658 -0.658412 0
    outer loop
      vertex -14.5251 -117.956 -13.3648
      vertex -14.2233 -117.611 -15.3648
      vertex -14.2233 -117.611 -13.3648
    endloop
  endfacet
  facet normal 0.752658 -0.658412 0
    outer loop
      vertex -14.2233 -117.611 -15.3648
      vertex -14.5251 -117.956 -13.3648
      vertex -14.5251 -117.956 -15.3648
    endloop
  endfacet
  facet normal -0.659524 -0.751683 0
    outer loop
      vertex -19.4749 -117.956 -15.3648
      vertex -19.1307 -118.258 -13.3648
      vertex -19.4749 -117.956 -13.3648
    endloop
  endfacet
  facet normal -0.659524 -0.751683 -0
    outer loop
      vertex -19.1307 -118.258 -13.3648
      vertex -19.4749 -117.956 -15.3648
      vertex -19.1307 -118.258 -15.3648
    endloop
  endfacet
  facet normal -0.323096 -0.946366 0
    outer loop
      vertex -18.3394 -118.714 -15.3648
      vertex -17.9059 -118.862 -13.3648
      vertex -18.3394 -118.714 -13.3648
    endloop
  endfacet
  facet normal -0.323096 -0.946366 -0
    outer loop
      vertex -17.9059 -118.862 -13.3648
      vertex -18.3394 -118.714 -15.3648
      vertex -17.9059 -118.862 -15.3648
    endloop
  endfacet
  facet normal 0.831647 0.555305 0
    outer loop
      vertex -13.9689 -113.731 -13.3648
      vertex -14.2233 -113.35 -15.3648
      vertex -14.2233 -113.35 -13.3648
    endloop
  endfacet
  facet normal 0.831647 0.555305 0
    outer loop
      vertex -14.2233 -113.35 -15.3648
      vertex -13.9689 -113.731 -13.3648
      vertex -13.9689 -113.731 -15.3648
    endloop
  endfacet
  facet normal 0.897031 -0.441968 0
    outer loop
      vertex -13.9689 -117.231 -13.3648
      vertex -13.7664 -116.82 -15.3648
      vertex -13.7664 -116.82 -13.3648
    endloop
  endfacet
  facet normal 0.897031 -0.441968 0
    outer loop
      vertex -13.7664 -116.82 -15.3648
      vertex -13.9689 -117.231 -13.3648
      vertex -13.9689 -117.231 -15.3648
    endloop
  endfacet
  facet normal 0.980748 -0.195276 0
    outer loop
      vertex -13.6193 -116.387 -13.3648
      vertex -13.5299 -115.938 -15.3648
      vertex -13.5299 -115.938 -13.3648
    endloop
  endfacet
  facet normal 0.980748 -0.195276 0
    outer loop
      vertex -13.5299 -115.938 -15.3648
      vertex -13.6193 -116.387 -13.3648
      vertex -13.6193 -116.387 -15.3648
    endloop
  endfacet
  facet normal 0.830972 -0.556314 0
    outer loop
      vertex -14.2233 -117.611 -13.3648
      vertex -13.9689 -117.231 -15.3648
      vertex -13.9689 -117.231 -13.3648
    endloop
  endfacet
  facet normal 0.830972 -0.556314 0
    outer loop
      vertex -13.9689 -117.231 -15.3648
      vertex -14.2233 -117.611 -13.3648
      vertex -14.2233 -117.611 -15.3648
    endloop
  endfacet
  facet normal 0.441435 -0.897293 0
    outer loop
      vertex -15.6606 -118.714 -15.3648
      vertex -15.25 -118.512 -13.3648
      vertex -15.6606 -118.714 -13.3648
    endloop
  endfacet
  facet normal 0.441435 -0.897293 0
    outer loop
      vertex -15.25 -118.512 -13.3648
      vertex -15.6606 -118.714 -15.3648
      vertex -15.25 -118.512 -15.3648
    endloop
  endfacet
  facet normal 0.323096 -0.946366 0
    outer loop
      vertex -16.0941 -118.862 -15.3648
      vertex -15.6606 -118.714 -13.3648
      vertex -16.0941 -118.862 -13.3648
    endloop
  endfacet
  facet normal 0.323096 -0.946366 0
    outer loop
      vertex -15.6606 -118.714 -13.3648
      vertex -16.0941 -118.862 -15.3648
      vertex -15.6606 -118.714 -15.3648
    endloop
  endfacet
  facet normal 0.555003 -0.831849 0
    outer loop
      vertex -15.25 -118.512 -15.3648
      vertex -14.8693 -118.258 -13.3648
      vertex -15.25 -118.512 -13.3648
    endloop
  endfacet
  facet normal 0.555003 -0.831849 0
    outer loop
      vertex -14.8693 -118.258 -13.3648
      vertex -15.25 -118.512 -15.3648
      vertex -14.8693 -118.258 -15.3648
    endloop
  endfacet
  facet normal -0.897031 -0.441968 0
    outer loop
      vertex -20.0311 -117.231 -15.3648
      vertex -20.2336 -116.82 -13.3648
      vertex -20.2336 -116.82 -15.3648
    endloop
  endfacet
  facet normal -0.897031 -0.441968 0
    outer loop
      vertex -20.2336 -116.82 -13.3648
      vertex -20.0311 -117.231 -15.3648
      vertex -20.0311 -117.231 -13.3648
    endloop
  endfacet
  facet normal -0.830972 -0.556314 0
    outer loop
      vertex -19.7767 -117.611 -15.3648
      vertex -20.0311 -117.231 -13.3648
      vertex -20.0311 -117.231 -15.3648
    endloop
  endfacet
  facet normal -0.830972 -0.556314 0
    outer loop
      vertex -20.0311 -117.231 -13.3648
      vertex -19.7767 -117.611 -15.3648
      vertex -19.7767 -117.611 -13.3648
    endloop
  endfacet
  facet normal -0.946853 -0.321668 0
    outer loop
      vertex -20.2336 -116.82 -15.3648
      vertex -20.3807 -116.387 -13.3648
      vertex -20.3807 -116.387 -15.3648
    endloop
  endfacet
  facet normal -0.946853 -0.321668 0
    outer loop
      vertex -20.3807 -116.387 -13.3648
      vertex -20.2336 -116.82 -15.3648
      vertex -20.2336 -116.82 -13.3648
    endloop
  endfacet
  facet normal -0.441435 -0.897293 0
    outer loop
      vertex -18.75 -118.512 -15.3648
      vertex -18.3394 -118.714 -13.3648
      vertex -18.75 -118.512 -13.3648
    endloop
  endfacet
  facet normal -0.441435 -0.897293 -0
    outer loop
      vertex -18.3394 -118.714 -13.3648
      vertex -18.75 -118.512 -15.3648
      vertex -18.3394 -118.714 -15.3648
    endloop
  endfacet
  facet normal -0.194394 -0.980924 0
    outer loop
      vertex -17.9059 -118.862 -15.3648
      vertex -17.4568 -118.951 -13.3648
      vertex -17.9059 -118.862 -13.3648
    endloop
  endfacet
  facet normal -0.194394 -0.980924 -0
    outer loop
      vertex -17.4568 -118.951 -13.3648
      vertex -17.9059 -118.862 -15.3648
      vertex -17.4568 -118.951 -15.3648
    endloop
  endfacet
  facet normal 0.194394 0.980924 -0
    outer loop
      vertex -16.0941 -112.1 -15.3648
      vertex -16.5432 -112.011 -13.3648
      vertex -16.0941 -112.1 -13.3648
    endloop
  endfacet
  facet normal 0.194394 0.980924 0
    outer loop
      vertex -16.5432 -112.011 -13.3648
      vertex -16.0941 -112.1 -15.3648
      vertex -16.5432 -112.011 -15.3648
    endloop
  endfacet
  facet normal 0.946853 -0.321668 0
    outer loop
      vertex -13.7664 -116.82 -13.3648
      vertex -13.6193 -116.387 -15.3648
      vertex -13.6193 -116.387 -13.3648
    endloop
  endfacet
  facet normal 0.946853 -0.321668 0
    outer loop
      vertex -13.6193 -116.387 -15.3648
      vertex -13.7664 -116.82 -13.3648
      vertex -13.7664 -116.82 -15.3648
    endloop
  endfacet
  facet normal 0.194394 -0.980924 0
    outer loop
      vertex -16.5432 -118.951 -15.3648
      vertex -16.0941 -118.862 -13.3648
      vertex -16.5432 -118.951 -13.3648
    endloop
  endfacet
  facet normal 0.194394 -0.980924 0
    outer loop
      vertex -16.0941 -118.862 -13.3648
      vertex -16.5432 -118.951 -15.3648
      vertex -16.0941 -118.862 -15.3648
    endloop
  endfacet
  facet normal 0.659524 -0.751683 0
    outer loop
      vertex -14.8693 -118.258 -15.3648
      vertex -14.5251 -117.956 -13.3648
      vertex -14.8693 -118.258 -13.3648
    endloop
  endfacet
  facet normal 0.659524 -0.751683 0
    outer loop
      vertex -14.5251 -117.956 -13.3648
      vertex -14.8693 -118.258 -15.3648
      vertex -14.5251 -117.956 -15.3648
    endloop
  endfacet
  facet normal -0.980748 -0.195276 0
    outer loop
      vertex -20.3807 -116.387 -15.3648
      vertex -20.4701 -115.938 -13.3648
      vertex -20.4701 -115.938 -15.3648
    endloop
  endfacet
  facet normal -0.980748 -0.195276 0
    outer loop
      vertex -20.4701 -115.938 -13.3648
      vertex -20.3807 -116.387 -15.3648
      vertex -20.3807 -116.387 -13.3648
    endloop
  endfacet
  facet normal -0.555003 -0.831849 0
    outer loop
      vertex -19.1307 -118.258 -15.3648
      vertex -18.75 -118.512 -13.3648
      vertex -19.1307 -118.258 -13.3648
    endloop
  endfacet
  facet normal -0.555003 -0.831849 -0
    outer loop
      vertex -18.75 -118.512 -13.3648
      vertex -19.1307 -118.258 -15.3648
      vertex -18.75 -118.512 -15.3648
    endloop
  endfacet
  facet normal -0.0655331 -0.99785 0
    outer loop
      vertex -17.4568 -118.951 -15.3648
      vertex -17 -118.981 -13.3648
      vertex -17.4568 -118.951 -13.3648
    endloop
  endfacet
  facet normal -0.0655331 -0.99785 -0
    outer loop
      vertex -17 -118.981 -13.3648
      vertex -17.4568 -118.951 -15.3648
      vertex -17 -118.981 -15.3648
    endloop
  endfacet
  facet normal 0.997867 0.0652871 0
    outer loop
      vertex -13.5 -115.481 -13.3648
      vertex -13.5299 -115.024 -15.3648
      vertex -13.5299 -115.024 -13.3648
    endloop
  endfacet
  facet normal 0.997867 0.0652871 0
    outer loop
      vertex -13.5299 -115.024 -15.3648
      vertex -13.5 -115.481 -13.3648
      vertex -13.5 -115.481 -15.3648
    endloop
  endfacet
  facet normal 0.980748 0.195276 0
    outer loop
      vertex -13.5299 -115.024 -13.3648
      vertex -13.6193 -114.575 -15.3648
      vertex -13.6193 -114.575 -13.3648
    endloop
  endfacet
  facet normal 0.980748 0.195276 0
    outer loop
      vertex -13.6193 -114.575 -15.3648
      vertex -13.5299 -115.024 -13.3648
      vertex -13.5299 -115.024 -15.3648
    endloop
  endfacet
  facet normal 0.75171 0.659494 0
    outer loop
      vertex -14.2233 -113.35 -13.3648
      vertex -14.5251 -113.006 -15.3648
      vertex -14.5251 -113.006 -13.3648
    endloop
  endfacet
  facet normal 0.75171 0.659494 0
    outer loop
      vertex -14.5251 -113.006 -15.3648
      vertex -14.2233 -113.35 -13.3648
      vertex -14.2233 -113.35 -15.3648
    endloop
  endfacet
  facet normal -0.896603 0.442835 0
    outer loop
      vertex -20.2336 -114.141 -15.3648
      vertex -20.0311 -113.731 -13.3648
      vertex -20.0311 -113.731 -15.3648
    endloop
  endfacet
  facet normal -0.896603 0.442835 0
    outer loop
      vertex -20.0311 -113.731 -13.3648
      vertex -20.2336 -114.141 -15.3648
      vertex -20.2336 -114.141 -13.3648
    endloop
  endfacet
  facet normal 0 0 1
    outer loop
      vertex -15.4 -115.481 -13.3648
      vertex -13.5 -115.481 -13.3648
      vertex -13.5299 -115.024 -13.3648
    endloop
  endfacet
  facet normal 0 0 1
    outer loop
      vertex -15.4137 -115.272 -13.3648
      vertex -13.5299 -115.024 -13.3648
      vertex -13.6193 -114.575 -13.3648
    endloop
  endfacet
  facet normal 0 0 1
    outer loop
      vertex -13.5 -115.481 -13.3648
      vertex -15.4 -115.481 -13.3648
      vertex -13.5299 -115.938 -13.3648
    endloop
  endfacet
  facet normal 0 0 1
    outer loop
      vertex -15.4545 -115.067 -13.3648
      vertex -13.6193 -114.575 -13.3648
      vertex -13.7664 -114.141 -13.3648
    endloop
  endfacet
  facet normal -0 0 1
    outer loop
      vertex -15.4137 -115.69 -13.3648
      vertex -13.5299 -115.938 -13.3648
      vertex -15.4 -115.481 -13.3648
    endloop
  endfacet
  facet normal 0 0 1
    outer loop
      vertex -15.5218 -114.868 -13.3648
      vertex -13.7664 -114.141 -13.3648
      vertex -13.9689 -113.731 -13.3648
    endloop
  endfacet
  facet normal 0 0 1
    outer loop
      vertex -13.5299 -115.938 -13.3648
      vertex -15.4137 -115.69 -13.3648
      vertex -13.6193 -116.387 -13.3648
    endloop
  endfacet
  facet normal 0 0 1
    outer loop
      vertex -15.6144 -114.681 -13.3648
      vertex -13.9689 -113.731 -13.3648
      vertex -14.2233 -113.35 -13.3648
    endloop
  endfacet
  facet normal -0 0 1
    outer loop
      vertex -15.4545 -115.895 -13.3648
      vertex -13.6193 -116.387 -13.3648
      vertex -15.4137 -115.69 -13.3648
    endloop
  endfacet
  facet normal 0 0 1
    outer loop
      vertex -15.7306 -114.507 -13.3648
      vertex -14.2233 -113.35 -13.3648
      vertex -14.5251 -113.006 -13.3648
    endloop
  endfacet
  facet normal 0 0 1
    outer loop
      vertex -13.6193 -116.387 -13.3648
      vertex -15.4545 -115.895 -13.3648
      vertex -13.7664 -116.82 -13.3648
    endloop
  endfacet
  facet normal 0 0 1
    outer loop
      vertex -15.8686 -114.349 -13.3648
      vertex -14.5251 -113.006 -13.3648
      vertex -14.8693 -112.704 -13.3648
    endloop
  endfacet
  facet normal -0 0 1
    outer loop
      vertex -15.5218 -116.093 -13.3648
      vertex -13.7664 -116.82 -13.3648
      vertex -15.4545 -115.895 -13.3648
    endloop
  endfacet
  facet normal 0 0 1
    outer loop
      vertex -16.026 -114.211 -13.3648
      vertex -14.8693 -112.704 -13.3648
      vertex -15.25 -112.45 -13.3648
    endloop
  endfacet
  facet normal 0 0 1
    outer loop
      vertex -13.7664 -116.82 -13.3648
      vertex -15.5218 -116.093 -13.3648
      vertex -13.9689 -117.231 -13.3648
    endloop
  endfacet
  facet normal -0 0 1
    outer loop
      vertex -15.6144 -116.281 -13.3648
      vertex -13.9689 -117.231 -13.3648
      vertex -15.5218 -116.093 -13.3648
    endloop
  endfacet
  facet normal 0 0 1
    outer loop
      vertex -13.5299 -115.024 -13.3648
      vertex -15.4137 -115.272 -13.3648
      vertex -15.4 -115.481 -13.3648
    endloop
  endfacet
  facet normal 0 0 1
    outer loop
      vertex -13.6193 -114.575 -13.3648
      vertex -15.4545 -115.067 -13.3648
      vertex -15.4137 -115.272 -13.3648
    endloop
  endfacet
  facet normal 0 0 1
    outer loop
      vertex -13.7664 -114.141 -13.3648
      vertex -15.5218 -114.868 -13.3648
      vertex -15.4545 -115.067 -13.3648
    endloop
  endfacet
  facet normal 0 0 1
    outer loop
      vertex -13.9689 -113.731 -13.3648
      vertex -15.6144 -114.681 -13.3648
      vertex -15.5218 -114.868 -13.3648
    endloop
  endfacet
  facet normal 0 0 1
    outer loop
      vertex -16.2 -114.095 -13.3648
      vertex -15.25 -112.45 -13.3648
      vertex -15.6606 -112.247 -13.3648
    endloop
  endfacet
  facet normal 0 0 1
    outer loop
      vertex -14.2233 -113.35 -13.3648
      vertex -15.7306 -114.507 -13.3648
      vertex -15.6144 -114.681 -13.3648
    endloop
  endfacet
  facet normal 0 0 1
    outer loop
      vertex -14.5251 -113.006 -13.3648
      vertex -15.8686 -114.349 -13.3648
      vertex -15.7306 -114.507 -13.3648
    endloop
  endfacet
  facet normal 0 0 1
    outer loop
      vertex -14.8693 -112.704 -13.3648
      vertex -16.026 -114.211 -13.3648
      vertex -15.8686 -114.349 -13.3648
    endloop
  endfacet
  facet normal 0 0 1
    outer loop
      vertex -16.3877 -114.003 -13.3648
      vertex -15.6606 -112.247 -13.3648
      vertex -16.0941 -112.1 -13.3648
    endloop
  endfacet
  facet normal 0 0 1
    outer loop
      vertex -15.25 -112.45 -13.3648
      vertex -16.2 -114.095 -13.3648
      vertex -16.026 -114.211 -13.3648
    endloop
  endfacet
  facet normal 0 0 1
    outer loop
      vertex -15.6606 -112.247 -13.3648
      vertex -16.3877 -114.003 -13.3648
      vertex -16.2 -114.095 -13.3648
    endloop
  endfacet
  facet normal 0 0 1
    outer loop
      vertex -16.5859 -113.935 -13.3648
      vertex -16.0941 -112.1 -13.3648
      vertex -16.5432 -112.011 -13.3648
    endloop
  endfacet
  facet normal 0 0 1
    outer loop
      vertex -16.0941 -112.1 -13.3648
      vertex -16.5859 -113.935 -13.3648
      vertex -16.3877 -114.003 -13.3648
    endloop
  endfacet
  facet normal 0 0 1
    outer loop
      vertex -16.5432 -112.011 -13.3648
      vertex -16.7912 -113.894 -13.3648
      vertex -16.5859 -113.935 -13.3648
    endloop
  endfacet
  facet normal 0 0 1
    outer loop
      vertex -17 -111.981 -13.3648
      vertex -16.7912 -113.894 -13.3648
      vertex -16.5432 -112.011 -13.3648
    endloop
  endfacet
  facet normal 0 0 1
    outer loop
      vertex -17 -111.981 -13.3648
      vertex -17 -113.881 -13.3648
      vertex -16.7912 -113.894 -13.3648
    endloop
  endfacet
  facet normal 0 0 1
    outer loop
      vertex -17 -111.981 -13.3648
      vertex -17.2088 -113.894 -13.3648
      vertex -17 -113.881 -13.3648
    endloop
  endfacet
  facet normal -0 0 1
    outer loop
      vertex -17.4568 -112.011 -13.3648
      vertex -17.2088 -113.894 -13.3648
      vertex -17 -111.981 -13.3648
    endloop
  endfacet
  facet normal 0 0 1
    outer loop
      vertex -17.2088 -113.894 -13.3648
      vertex -17.4568 -112.011 -13.3648
      vertex -17.4141 -113.935 -13.3648
    endloop
  endfacet
  facet normal -0 0 1
    outer loop
      vertex -17.9059 -112.1 -13.3648
      vertex -17.4141 -113.935 -13.3648
      vertex -17.4568 -112.011 -13.3648
    endloop
  endfacet
  facet normal 0 0 1
    outer loop
      vertex -17.4141 -113.935 -13.3648
      vertex -17.9059 -112.1 -13.3648
      vertex -17.6123 -114.003 -13.3648
    endloop
  endfacet
  facet normal -0 0 1
    outer loop
      vertex -18.3394 -112.247 -13.3648
      vertex -17.6123 -114.003 -13.3648
      vertex -17.9059 -112.1 -13.3648
    endloop
  endfacet
  facet normal 0 0 1
    outer loop
      vertex -17.6123 -114.003 -13.3648
      vertex -18.3394 -112.247 -13.3648
      vertex -17.8 -114.095 -13.3648
    endloop
  endfacet
  facet normal -0 0 1
    outer loop
      vertex -18.75 -112.45 -13.3648
      vertex -17.8 -114.095 -13.3648
      vertex -18.3394 -112.247 -13.3648
    endloop
  endfacet
  facet normal 0 0 1
    outer loop
      vertex -17.8 -114.095 -13.3648
      vertex -18.75 -112.45 -13.3648
      vertex -17.974 -114.211 -13.3648
    endloop
  endfacet
  facet normal -0 0 1
    outer loop
      vertex -19.1307 -112.704 -13.3648
      vertex -17.974 -114.211 -13.3648
      vertex -18.75 -112.45 -13.3648
    endloop
  endfacet
  facet normal 0 0 1
    outer loop
      vertex -17.974 -114.211 -13.3648
      vertex -19.1307 -112.704 -13.3648
      vertex -18.1314 -114.349 -13.3648
    endloop
  endfacet
  facet normal -0 0 1
    outer loop
      vertex -19.4749 -113.006 -13.3648
      vertex -18.1314 -114.349 -13.3648
      vertex -19.1307 -112.704 -13.3648
    endloop
  endfacet
  facet normal 0 0 1
    outer loop
      vertex -18.1314 -114.349 -13.3648
      vertex -19.4749 -113.006 -13.3648
      vertex -18.2694 -114.507 -13.3648
    endloop
  endfacet
  facet normal -0 0 1
    outer loop
      vertex -19.7767 -113.35 -13.3648
      vertex -18.2694 -114.507 -13.3648
      vertex -19.4749 -113.006 -13.3648
    endloop
  endfacet
  facet normal -0 0 1
    outer loop
      vertex -20.0311 -113.731 -13.3648
      vertex -18.3856 -114.681 -13.3648
      vertex -19.7767 -113.35 -13.3648
    endloop
  endfacet
  facet normal 0 0 1
    outer loop
      vertex -18.2694 -114.507 -13.3648
      vertex -19.7767 -113.35 -13.3648
      vertex -18.3856 -114.681 -13.3648
    endloop
  endfacet
  facet normal 0 0 1
    outer loop
      vertex -13.9689 -117.231 -13.3648
      vertex -15.6144 -116.281 -13.3648
      vertex -14.2233 -117.611 -13.3648
    endloop
  endfacet
  facet normal -0 0 1
    outer loop
      vertex -15.7306 -116.455 -13.3648
      vertex -14.2233 -117.611 -13.3648
      vertex -15.6144 -116.281 -13.3648
    endloop
  endfacet
  facet normal 0 0 1
    outer loop
      vertex -14.2233 -117.611 -13.3648
      vertex -15.7306 -116.455 -13.3648
      vertex -14.5251 -117.956 -13.3648
    endloop
  endfacet
  facet normal -0 0 1
    outer loop
      vertex -15.8686 -116.612 -13.3648
      vertex -14.5251 -117.956 -13.3648
      vertex -15.7306 -116.455 -13.3648
    endloop
  endfacet
  facet normal 0 0 1
    outer loop
      vertex -14.5251 -117.956 -13.3648
      vertex -15.8686 -116.612 -13.3648
      vertex -14.8693 -118.258 -13.3648
    endloop
  endfacet
  facet normal -0 0 1
    outer loop
      vertex -16.026 -116.75 -13.3648
      vertex -14.8693 -118.258 -13.3648
      vertex -15.8686 -116.612 -13.3648
    endloop
  endfacet
  facet normal 0 0 1
    outer loop
      vertex -14.8693 -118.258 -13.3648
      vertex -16.026 -116.75 -13.3648
      vertex -15.25 -118.512 -13.3648
    endloop
  endfacet
  facet normal -0 0 1
    outer loop
      vertex -16.2 -116.866 -13.3648
      vertex -15.25 -118.512 -13.3648
      vertex -16.026 -116.75 -13.3648
    endloop
  endfacet
  facet normal 0 0 1
    outer loop
      vertex -15.25 -118.512 -13.3648
      vertex -16.2 -116.866 -13.3648
      vertex -15.6606 -118.714 -13.3648
    endloop
  endfacet
  facet normal -0 0 1
    outer loop
      vertex -16.3877 -116.959 -13.3648
      vertex -15.6606 -118.714 -13.3648
      vertex -16.2 -116.866 -13.3648
    endloop
  endfacet
  facet normal 0 0 1
    outer loop
      vertex -15.6606 -118.714 -13.3648
      vertex -16.3877 -116.959 -13.3648
      vertex -16.0941 -118.862 -13.3648
    endloop
  endfacet
  facet normal -0 0 1
    outer loop
      vertex -16.5859 -117.026 -13.3648
      vertex -16.0941 -118.862 -13.3648
      vertex -16.3877 -116.959 -13.3648
    endloop
  endfacet
  facet normal 0 0 1
    outer loop
      vertex -16.0941 -118.862 -13.3648
      vertex -16.5859 -117.026 -13.3648
      vertex -16.5432 -118.951 -13.3648
    endloop
  endfacet
  facet normal -0 0 1
    outer loop
      vertex -16.7912 -117.067 -13.3648
      vertex -16.5432 -118.951 -13.3648
      vertex -16.5859 -117.026 -13.3648
    endloop
  endfacet
  facet normal -0 0 1
    outer loop
      vertex -17 -117.081 -13.3648
      vertex -16.5432 -118.951 -13.3648
      vertex -16.7912 -117.067 -13.3648
    endloop
  endfacet
  facet normal 0 0 1
    outer loop
      vertex -17 -117.081 -13.3648
      vertex -17 -118.981 -13.3648
      vertex -16.5432 -118.951 -13.3648
    endloop
  endfacet
  facet normal 0 0 1
    outer loop
      vertex -17.2088 -117.067 -13.3648
      vertex -17 -118.981 -13.3648
      vertex -17 -117.081 -13.3648
    endloop
  endfacet
  facet normal 0 0 1
    outer loop
      vertex -17.4568 -118.951 -13.3648
      vertex -17.2088 -117.067 -13.3648
      vertex -17.4141 -117.026 -13.3648
    endloop
  endfacet
  facet normal 0 0 1
    outer loop
      vertex -17.2088 -117.067 -13.3648
      vertex -17.4568 -118.951 -13.3648
      vertex -17 -118.981 -13.3648
    endloop
  endfacet
  facet normal 0 0 1
    outer loop
      vertex -17.9059 -118.862 -13.3648
      vertex -17.4141 -117.026 -13.3648
      vertex -17.6123 -116.959 -13.3648
    endloop
  endfacet
  facet normal 0 0 1
    outer loop
      vertex -18.3394 -118.714 -13.3648
      vertex -17.6123 -116.959 -13.3648
      vertex -17.8 -116.866 -13.3648
    endloop
  endfacet
  facet normal 0 0 1
    outer loop
      vertex -17.4141 -117.026 -13.3648
      vertex -17.9059 -118.862 -13.3648
      vertex -17.4568 -118.951 -13.3648
    endloop
  endfacet
  facet normal 0 0 1
    outer loop
      vertex -18.75 -118.512 -13.3648
      vertex -17.8 -116.866 -13.3648
      vertex -17.974 -116.75 -13.3648
    endloop
  endfacet
  facet normal 0 0 1
    outer loop
      vertex -19.1307 -118.258 -13.3648
      vertex -17.974 -116.75 -13.3648
      vertex -18.1314 -116.612 -13.3648
    endloop
  endfacet
  facet normal 0 0 1
    outer loop
      vertex -19.4749 -117.956 -13.3648
      vertex -18.1314 -116.612 -13.3648
      vertex -18.2694 -116.455 -13.3648
    endloop
  endfacet
  facet normal 0 0 1
    outer loop
      vertex -17.6123 -116.959 -13.3648
      vertex -18.3394 -118.714 -13.3648
      vertex -17.9059 -118.862 -13.3648
    endloop
  endfacet
  facet normal 0 0 1
    outer loop
      vertex -19.7767 -117.611 -13.3648
      vertex -18.2694 -116.455 -13.3648
      vertex -18.3856 -116.281 -13.3648
    endloop
  endfacet
  facet normal 0 0 1
    outer loop
      vertex -20.0311 -117.231 -13.3648
      vertex -18.3856 -116.281 -13.3648
      vertex -18.4782 -116.093 -13.3648
    endloop
  endfacet
  facet normal 0 0 1
    outer loop
      vertex -20.2336 -116.82 -13.3648
      vertex -18.4782 -116.093 -13.3648
      vertex -18.5455 -115.895 -13.3648
    endloop
  endfacet
  facet normal 0 0 1
    outer loop
      vertex -20.3807 -116.387 -13.3648
      vertex -18.5455 -115.895 -13.3648
      vertex -18.5863 -115.69 -13.3648
    endloop
  endfacet
  facet normal 0 0 1
    outer loop
      vertex -17.8 -116.866 -13.3648
      vertex -18.75 -118.512 -13.3648
      vertex -18.3394 -118.714 -13.3648
    endloop
  endfacet
  facet normal 0 0 1
    outer loop
      vertex -20.4701 -115.938 -13.3648
      vertex -18.5863 -115.69 -13.3648
      vertex -18.6 -115.481 -13.3648
    endloop
  endfacet
  facet normal 0 0 1
    outer loop
      vertex -18.3856 -114.681 -13.3648
      vertex -20.0311 -113.731 -13.3648
      vertex -18.4782 -114.868 -13.3648
    endloop
  endfacet
  facet normal -0 0 1
    outer loop
      vertex -20.2336 -114.141 -13.3648
      vertex -18.4782 -114.868 -13.3648
      vertex -20.0311 -113.731 -13.3648
    endloop
  endfacet
  facet normal 0 0 1
    outer loop
      vertex -17.974 -116.75 -13.3648
      vertex -19.1307 -118.258 -13.3648
      vertex -18.75 -118.512 -13.3648
    endloop
  endfacet
  facet normal 0 0 1
    outer loop
      vertex -18.4782 -114.868 -13.3648
      vertex -20.2336 -114.141 -13.3648
      vertex -18.5455 -115.067 -13.3648
    endloop
  endfacet
  facet normal 0 0 1
    outer loop
      vertex -18.1314 -116.612 -13.3648
      vertex -19.4749 -117.956 -13.3648
      vertex -19.1307 -118.258 -13.3648
    endloop
  endfacet
  facet normal -0 0 1
    outer loop
      vertex -20.3807 -114.575 -13.3648
      vertex -18.5455 -115.067 -13.3648
      vertex -20.2336 -114.141 -13.3648
    endloop
  endfacet
  facet normal 0 0 1
    outer loop
      vertex -18.2694 -116.455 -13.3648
      vertex -19.7767 -117.611 -13.3648
      vertex -19.4749 -117.956 -13.3648
    endloop
  endfacet
  facet normal 0 0 1
    outer loop
      vertex -18.5455 -115.067 -13.3648
      vertex -20.3807 -114.575 -13.3648
      vertex -18.5863 -115.272 -13.3648
    endloop
  endfacet
  facet normal 0 0 1
    outer loop
      vertex -18.3856 -116.281 -13.3648
      vertex -20.0311 -117.231 -13.3648
      vertex -19.7767 -117.611 -13.3648
    endloop
  endfacet
  facet normal -0 0 1
    outer loop
      vertex -20.4701 -115.024 -13.3648
      vertex -18.5863 -115.272 -13.3648
      vertex -20.3807 -114.575 -13.3648
    endloop
  endfacet
  facet normal 0 0 1
    outer loop
      vertex -18.4782 -116.093 -13.3648
      vertex -20.2336 -116.82 -13.3648
      vertex -20.0311 -117.231 -13.3648
    endloop
  endfacet
  facet normal 0 0 1
    outer loop
      vertex -18.5863 -115.272 -13.3648
      vertex -20.4701 -115.024 -13.3648
      vertex -18.6 -115.481 -13.3648
    endloop
  endfacet
  facet normal 0 0 1
    outer loop
      vertex -18.5455 -115.895 -13.3648
      vertex -20.3807 -116.387 -13.3648
      vertex -20.2336 -116.82 -13.3648
    endloop
  endfacet
  facet normal 0 0 1
    outer loop
      vertex -20.5 -115.481 -13.3648
      vertex -18.6 -115.481 -13.3648
      vertex -20.4701 -115.024 -13.3648
    endloop
  endfacet
  facet normal 0 0 1
    outer loop
      vertex -18.5863 -115.69 -13.3648
      vertex -20.4701 -115.938 -13.3648
      vertex -20.3807 -116.387 -13.3648
    endloop
  endfacet
  facet normal 0 0 1
    outer loop
      vertex -18.6 -115.481 -13.3648
      vertex -20.5 -115.481 -13.3648
      vertex -20.4701 -115.938 -13.3648
    endloop
  endfacet
  facet normal 0.443192 0.896427 -0
    outer loop
      vertex -15.25 -112.45 -15.3648
      vertex -15.6606 -112.247 -13.3648
      vertex -15.25 -112.45 -13.3648
    endloop
  endfacet
  facet normal 0.443192 0.896427 0
    outer loop
      vertex -15.6606 -112.247 -13.3648
      vertex -15.25 -112.45 -15.3648
      vertex -15.6606 -112.247 -15.3648
    endloop
  endfacet
  facet normal -0.752658 -0.658412 0
    outer loop
      vertex -19.4749 -117.956 -15.3648
      vertex -19.7767 -117.611 -13.3648
      vertex -19.7767 -117.611 -15.3648
    endloop
  endfacet
  facet normal -0.752658 -0.658412 0
    outer loop
      vertex -19.7767 -117.611 -13.3648
      vertex -19.4749 -117.956 -15.3648
      vertex -19.4749 -117.956 -13.3648
    endloop
  endfacet
  facet normal 0.555003 0.831849 -0
    outer loop
      vertex -14.8693 -112.704 -15.3648
      vertex -15.25 -112.45 -13.3648
      vertex -14.8693 -112.704 -13.3648
    endloop
  endfacet
  facet normal 0.555003 0.831849 0
    outer loop
      vertex -15.25 -112.45 -13.3648
      vertex -14.8693 -112.704 -15.3648
      vertex -15.25 -112.45 -15.3648
    endloop
  endfacet
  facet normal 0.896603 0.442835 0
    outer loop
      vertex -13.7664 -114.141 -13.3648
      vertex -13.9689 -113.731 -15.3648
      vertex -13.9689 -113.731 -13.3648
    endloop
  endfacet
  facet normal 0.896603 0.442835 0
    outer loop
      vertex -13.9689 -113.731 -15.3648
      vertex -13.7664 -114.141 -13.3648
      vertex -13.7664 -114.141 -15.3648
    endloop
  endfacet
  facet normal -0.194394 0.980924 0
    outer loop
      vertex -17.4568 -112.011 -15.3648
      vertex -17.9059 -112.1 -13.3648
      vertex -17.4568 -112.011 -13.3648
    endloop
  endfacet
  facet normal -0.194394 0.980924 0
    outer loop
      vertex -17.9059 -112.1 -13.3648
      vertex -17.4568 -112.011 -15.3648
      vertex -17.9059 -112.1 -15.3648
    endloop
  endfacet
  facet normal -0.947078 0.321003 0
    outer loop
      vertex -20.3807 -114.575 -15.3648
      vertex -20.2336 -114.141 -13.3648
      vertex -20.2336 -114.141 -15.3648
    endloop
  endfacet
  facet normal -0.947078 0.321003 0
    outer loop
      vertex -20.2336 -114.141 -13.3648
      vertex -20.3807 -114.575 -15.3648
      vertex -20.3807 -114.575 -13.3648
    endloop
  endfacet
  facet normal 0.321139 0.947032 -0
    outer loop
      vertex -15.6606 -112.247 -15.3648
      vertex -16.0941 -112.1 -13.3648
      vertex -15.6606 -112.247 -13.3648
    endloop
  endfacet
  facet normal 0.321139 0.947032 0
    outer loop
      vertex -16.0941 -112.1 -13.3648
      vertex -15.6606 -112.247 -15.3648
      vertex -16.0941 -112.1 -15.3648
    endloop
  endfacet
  facet normal 0.659524 0.751683 -0
    outer loop
      vertex -14.5251 -113.006 -15.3648
      vertex -14.8693 -112.704 -13.3648
      vertex -14.5251 -113.006 -13.3648
    endloop
  endfacet
  facet normal 0.659524 0.751683 0
    outer loop
      vertex -14.8693 -112.704 -13.3648
      vertex -14.5251 -113.006 -15.3648
      vertex -14.8693 -112.704 -15.3648
    endloop
  endfacet
  facet normal 0.947078 0.321003 0
    outer loop
      vertex -13.6193 -114.575 -13.3648
      vertex -13.7664 -114.141 -15.3648
      vertex -13.7664 -114.141 -13.3648
    endloop
  endfacet
  facet normal 0.947078 0.321003 0
    outer loop
      vertex -13.7664 -114.141 -15.3648
      vertex -13.6193 -114.575 -13.3648
      vertex -13.6193 -114.575 -15.3648
    endloop
  endfacet
  facet normal -0.0655331 0.99785 0
    outer loop
      vertex -17 -111.981 -15.3648
      vertex -17.4568 -112.011 -13.3648
      vertex -17 -111.981 -13.3648
    endloop
  endfacet
  facet normal -0.0655331 0.99785 0
    outer loop
      vertex -17.4568 -112.011 -13.3648
      vertex -17 -111.981 -15.3648
      vertex -17.4568 -112.011 -15.3648
    endloop
  endfacet
  facet normal -0.443192 0.896427 0
    outer loop
      vertex -18.3394 -112.247 -15.3648
      vertex -18.75 -112.45 -13.3648
      vertex -18.3394 -112.247 -13.3648
    endloop
  endfacet
  facet normal -0.443192 0.896427 0
    outer loop
      vertex -18.75 -112.45 -13.3648
      vertex -18.3394 -112.247 -15.3648
      vertex -18.75 -112.45 -15.3648
    endloop
  endfacet
  facet normal -0.75171 0.659494 0
    outer loop
      vertex -19.7767 -113.35 -15.3648
      vertex -19.4749 -113.006 -13.3648
      vertex -19.4749 -113.006 -15.3648
    endloop
  endfacet
  facet normal -0.75171 0.659494 0
    outer loop
      vertex -19.4749 -113.006 -13.3648
      vertex -19.7767 -113.35 -15.3648
      vertex -19.7767 -113.35 -13.3648
    endloop
  endfacet
  facet normal -0.831647 0.555305 0
    outer loop
      vertex -20.0311 -113.731 -15.3648
      vertex -19.7767 -113.35 -13.3648
      vertex -19.7767 -113.35 -15.3648
    endloop
  endfacet
  facet normal -0.831647 0.555305 0
    outer loop
      vertex -19.7767 -113.35 -13.3648
      vertex -20.0311 -113.731 -15.3648
      vertex -20.0311 -113.731 -13.3648
    endloop
  endfacet
  facet normal -0.980748 0.195276 0
    outer loop
      vertex -20.4701 -115.024 -15.3648
      vertex -20.3807 -114.575 -13.3648
      vertex -20.3807 -114.575 -15.3648
    endloop
  endfacet
  facet normal -0.980748 0.195276 0
    outer loop
      vertex -20.3807 -114.575 -13.3648
      vertex -20.4701 -115.024 -15.3648
      vertex -20.4701 -115.024 -13.3648
    endloop
  endfacet
  facet normal -0.997867 0.0652871 0
    outer loop
      vertex -20.5 -115.481 -15.3648
      vertex -20.4701 -115.024 -13.3648
      vertex -20.4701 -115.024 -15.3648
    endloop
  endfacet
  facet normal -0.997867 0.0652871 0
    outer loop
      vertex -20.4701 -115.024 -13.3648
      vertex -20.5 -115.481 -15.3648
      vertex -20.5 -115.481 -13.3648
    endloop
  endfacet
  facet normal -0.659524 0.751683 0
    outer loop
      vertex -19.1307 -112.704 -15.3648
      vertex -19.4749 -113.006 -13.3648
      vertex -19.1307 -112.704 -13.3648
    endloop
  endfacet
  facet normal -0.659524 0.751683 0
    outer loop
      vertex -19.4749 -113.006 -13.3648
      vertex -19.1307 -112.704 -15.3648
      vertex -19.4749 -113.006 -15.3648
    endloop
  endfacet
  facet normal -0.555003 0.831849 0
    outer loop
      vertex -18.75 -112.45 -15.3648
      vertex -19.1307 -112.704 -13.3648
      vertex -18.75 -112.45 -13.3648
    endloop
  endfacet
  facet normal -0.555003 0.831849 0
    outer loop
      vertex -19.1307 -112.704 -13.3648
      vertex -18.75 -112.45 -15.3648
      vertex -19.1307 -112.704 -15.3648
    endloop
  endfacet
  facet normal -0.321139 0.947032 0
    outer loop
      vertex -17.9059 -112.1 -15.3648
      vertex -18.3394 -112.247 -13.3648
      vertex -17.9059 -112.1 -13.3648
    endloop
  endfacet
  facet normal -0.321139 0.947032 0
    outer loop
      vertex -18.3394 -112.247 -13.3648
      vertex -17.9059 -112.1 -15.3648
      vertex -18.3394 -112.247 -15.3648
    endloop
  endfacet
  facet normal -0.980748 -0.195276 0
    outer loop
      vertex 13.6193 -82.3866 -15.3648
      vertex 13.5299 -81.9376 -13.3648
      vertex 13.5299 -81.9376 -15.3648
    endloop
  endfacet
  facet normal -0.980748 -0.195276 0
    outer loop
      vertex 13.5299 -81.9376 -13.3648
      vertex 13.6193 -82.3866 -15.3648
      vertex 13.6193 -82.3866 -13.3648
    endloop
  endfacet
  facet normal 0.831378 -0.555708 0
    outer loop
      vertex 19.7767 -83.6114 -13.3648
      vertex 20.0311 -83.2308 -15.3648
      vertex 20.0311 -83.2308 -13.3648
    endloop
  endfacet
  facet normal 0.831378 -0.555708 0
    outer loop
      vertex 20.0311 -83.2308 -15.3648
      vertex 19.7767 -83.6114 -13.3648
      vertex 19.7767 -83.6114 -15.3648
    endloop
  endfacet
  facet normal 0.195024 -0.980798 0
    outer loop
      vertex 17.4568 -84.9508 -15.3648
      vertex 17.9059 -84.8615 -13.3648
      vertex 17.4568 -84.9508 -13.3648
    endloop
  endfacet
  facet normal 0.195024 -0.980798 0
    outer loop
      vertex 17.9059 -84.8615 -13.3648
      vertex 17.4568 -84.9508 -15.3648
      vertex 17.9059 -84.8615 -15.3648
    endloop
  endfacet
  facet normal 0.321335 -0.946966 0
    outer loop
      vertex 17.9059 -84.8615 -15.3648
      vertex 18.3394 -84.7144 -13.3648
      vertex 17.9059 -84.8615 -13.3648
    endloop
  endfacet
  facet normal 0.321335 -0.946966 0
    outer loop
      vertex 18.3394 -84.7144 -13.3648
      vertex 17.9059 -84.8615 -15.3648
      vertex 18.3394 -84.7144 -15.3648
    endloop
  endfacet
  facet normal -0.442314 -0.89686 0
    outer loop
      vertex 15.25 -84.5119 -15.3648
      vertex 15.6606 -84.7144 -13.3648
      vertex 15.25 -84.5119 -13.3648
    endloop
  endfacet
  facet normal -0.442314 -0.89686 -0
    outer loop
      vertex 15.6606 -84.7144 -13.3648
      vertex 15.25 -84.5119 -15.3648
      vertex 15.6606 -84.7144 -15.3648
    endloop
  endfacet
  facet normal -0.946988 -0.321268 0
    outer loop
      vertex 13.7664 -82.8202 -15.3648
      vertex 13.6193 -82.3866 -13.3648
      vertex 13.6193 -82.3866 -15.3648
    endloop
  endfacet
  facet normal -0.946988 -0.321268 0
    outer loop
      vertex 13.6193 -82.3866 -13.3648
      vertex 13.7664 -82.8202 -15.3648
      vertex 13.7664 -82.8202 -13.3648
    endloop
  endfacet
  facet normal 0.997866 0.0653013 0
    outer loop
      vertex 20.5 -81.4808 -13.3648
      vertex 20.4701 -81.0239 -15.3648
      vertex 20.4701 -81.0239 -13.3648
    endloop
  endfacet
  facet normal 0.997866 0.0653013 0
    outer loop
      vertex 20.4701 -81.0239 -15.3648
      vertex 20.5 -81.4808 -13.3648
      vertex 20.5 -81.4808 -15.3648
    endloop
  endfacet
  facet normal 0.442314 0.89686 -0
    outer loop
      vertex 18.75 -78.4497 -15.3648
      vertex 18.3394 -78.2472 -13.3648
      vertex 18.75 -78.4497 -13.3648
    endloop
  endfacet
  facet normal 0.442314 0.89686 0
    outer loop
      vertex 18.3394 -78.2472 -13.3648
      vertex 18.75 -78.4497 -15.3648
      vertex 18.3394 -78.2472 -15.3648
    endloop
  endfacet
  facet normal 0.659278 -0.7519 0
    outer loop
      vertex 19.1307 -84.2575 -15.3648
      vertex 19.4749 -83.9557 -13.3648
      vertex 19.1307 -84.2575 -13.3648
    endloop
  endfacet
  facet normal 0.659278 -0.7519 0
    outer loop
      vertex 19.4749 -83.9557 -13.3648
      vertex 19.1307 -84.2575 -15.3648
      vertex 19.4749 -83.9557 -15.3648
    endloop
  endfacet
  facet normal 0.0655331 -0.99785 0
    outer loop
      vertex 17 -84.9808 -15.3648
      vertex 17.4568 -84.9508 -13.3648
      vertex 17 -84.9808 -13.3648
    endloop
  endfacet
  facet normal 0.0655331 -0.99785 0
    outer loop
      vertex 17.4568 -84.9508 -13.3648
      vertex 17 -84.9808 -15.3648
      vertex 17.4568 -84.9508 -15.3648
    endloop
  endfacet
  facet normal 0.555607 -0.831445 0
    outer loop
      vertex 18.75 -84.5119 -15.3648
      vertex 19.1307 -84.2575 -13.3648
      vertex 18.75 -84.5119 -13.3648
    endloop
  endfacet
  facet normal 0.555607 -0.831445 0
    outer loop
      vertex 19.1307 -84.2575 -13.3648
      vertex 18.75 -84.5119 -15.3648
      vertex 19.1307 -84.2575 -15.3648
    endloop
  endfacet
  facet normal 0 0 1
    outer loop
      vertex 18.6 -81.4808 -13.3648
      vertex 20.5 -81.4808 -13.3648
      vertex 20.4701 -81.0239 -13.3648
    endloop
  endfacet
  facet normal 0 0 1
    outer loop
      vertex 18.5863 -81.2719 -13.3648
      vertex 20.4701 -81.0239 -13.3648
      vertex 20.3807 -80.5749 -13.3648
    endloop
  endfacet
  facet normal 0 0 1
    outer loop
      vertex 20.5 -81.4808 -13.3648
      vertex 18.6 -81.4808 -13.3648
      vertex 20.4701 -81.9376 -13.3648
    endloop
  endfacet
  facet normal 0 0 1
    outer loop
      vertex 18.5455 -81.0667 -13.3648
      vertex 20.3807 -80.5749 -13.3648
      vertex 20.2336 -80.1414 -13.3648
    endloop
  endfacet
  facet normal -0 0 1
    outer loop
      vertex 18.5863 -81.6896 -13.3648
      vertex 20.4701 -81.9376 -13.3648
      vertex 18.6 -81.4808 -13.3648
    endloop
  endfacet
  facet normal 0 0 1
    outer loop
      vertex 18.4782 -80.8685 -13.3648
      vertex 20.2336 -80.1414 -13.3648
      vertex 20.0311 -79.7308 -13.3648
    endloop
  endfacet
  facet normal 0 0 1
    outer loop
      vertex 20.4701 -81.9376 -13.3648
      vertex 18.5863 -81.6896 -13.3648
      vertex 20.3807 -82.3866 -13.3648
    endloop
  endfacet
  facet normal 0 0 1
    outer loop
      vertex 18.3856 -80.6808 -13.3648
      vertex 20.0311 -79.7308 -13.3648
      vertex 19.7767 -79.3501 -13.3648
    endloop
  endfacet
  facet normal -0 0 1
    outer loop
      vertex 18.5455 -81.8949 -13.3648
      vertex 20.3807 -82.3866 -13.3648
      vertex 18.5863 -81.6896 -13.3648
    endloop
  endfacet
  facet normal 0 0 1
    outer loop
      vertex 18.2694 -80.5068 -13.3648
      vertex 19.7767 -79.3501 -13.3648
      vertex 19.4749 -79.0059 -13.3648
    endloop
  endfacet
  facet normal 0 0 1
    outer loop
      vertex 20.3807 -82.3866 -13.3648
      vertex 18.5455 -81.8949 -13.3648
      vertex 20.2336 -82.8202 -13.3648
    endloop
  endfacet
  facet normal 0 0 1
    outer loop
      vertex 18.1314 -80.3494 -13.3648
      vertex 19.4749 -79.0059 -13.3648
      vertex 19.1307 -78.704 -13.3648
    endloop
  endfacet
  facet normal -0 0 1
    outer loop
      vertex 18.4782 -82.0931 -13.3648
      vertex 20.2336 -82.8202 -13.3648
      vertex 18.5455 -81.8949 -13.3648
    endloop
  endfacet
  facet normal 0 0 1
    outer loop
      vertex 17.974 -80.2114 -13.3648
      vertex 19.1307 -78.704 -13.3648
      vertex 18.75 -78.4497 -13.3648
    endloop
  endfacet
  facet normal 0 0 1
    outer loop
      vertex 20.2336 -82.8202 -13.3648
      vertex 18.4782 -82.0931 -13.3648
      vertex 20.0311 -83.2308 -13.3648
    endloop
  endfacet
  facet normal -0 0 1
    outer loop
      vertex 18.3856 -82.2808 -13.3648
      vertex 20.0311 -83.2308 -13.3648
      vertex 18.4782 -82.0931 -13.3648
    endloop
  endfacet
  facet normal 0 0 1
    outer loop
      vertex 20.4701 -81.0239 -13.3648
      vertex 18.5863 -81.2719 -13.3648
      vertex 18.6 -81.4808 -13.3648
    endloop
  endfacet
  facet normal 0 0 1
    outer loop
      vertex 20.3807 -80.5749 -13.3648
      vertex 18.5455 -81.0667 -13.3648
      vertex 18.5863 -81.2719 -13.3648
    endloop
  endfacet
  facet normal 0 0 1
    outer loop
      vertex 20.2336 -80.1414 -13.3648
      vertex 18.4782 -80.8685 -13.3648
      vertex 18.5455 -81.0667 -13.3648
    endloop
  endfacet
  facet normal 0 0 1
    outer loop
      vertex 20.0311 -79.7308 -13.3648
      vertex 18.3856 -80.6808 -13.3648
      vertex 18.4782 -80.8685 -13.3648
    endloop
  endfacet
  facet normal 0 0 1
    outer loop
      vertex 17.8 -80.0951 -13.3648
      vertex 18.75 -78.4497 -13.3648
      vertex 18.3394 -78.2472 -13.3648
    endloop
  endfacet
  facet normal 0 0 1
    outer loop
      vertex 19.7767 -79.3501 -13.3648
      vertex 18.2694 -80.5068 -13.3648
      vertex 18.3856 -80.6808 -13.3648
    endloop
  endfacet
  facet normal 0 0 1
    outer loop
      vertex 19.4749 -79.0059 -13.3648
      vertex 18.1314 -80.3494 -13.3648
      vertex 18.2694 -80.5068 -13.3648
    endloop
  endfacet
  facet normal 0 0 1
    outer loop
      vertex 19.1307 -78.704 -13.3648
      vertex 17.974 -80.2114 -13.3648
      vertex 18.1314 -80.3494 -13.3648
    endloop
  endfacet
  facet normal 0 0 1
    outer loop
      vertex 17.6123 -80.0026 -13.3648
      vertex 18.3394 -78.2472 -13.3648
      vertex 17.9059 -78.1 -13.3648
    endloop
  endfacet
  facet normal 0 0 1
    outer loop
      vertex 18.75 -78.4497 -13.3648
      vertex 17.8 -80.0951 -13.3648
      vertex 17.974 -80.2114 -13.3648
    endloop
  endfacet
  facet normal 0 0 1
    outer loop
      vertex 18.3394 -78.2472 -13.3648
      vertex 17.6123 -80.0026 -13.3648
      vertex 17.8 -80.0951 -13.3648
    endloop
  endfacet
  facet normal 0 0 1
    outer loop
      vertex 17.4141 -79.9353 -13.3648
      vertex 17.9059 -78.1 -13.3648
      vertex 17.4568 -78.0107 -13.3648
    endloop
  endfacet
  facet normal 0 0 1
    outer loop
      vertex 17.9059 -78.1 -13.3648
      vertex 17.4141 -79.9353 -13.3648
      vertex 17.6123 -80.0026 -13.3648
    endloop
  endfacet
  facet normal 0 0 1
    outer loop
      vertex 17.4568 -78.0107 -13.3648
      vertex 17.2088 -79.8945 -13.3648
      vertex 17.4141 -79.9353 -13.3648
    endloop
  endfacet
  facet normal 0 0 1
    outer loop
      vertex 17 -77.9808 -13.3648
      vertex 17.2088 -79.8945 -13.3648
      vertex 17.4568 -78.0107 -13.3648
    endloop
  endfacet
  facet normal 0 0 1
    outer loop
      vertex 17 -77.9808 -13.3648
      vertex 17 -79.8808 -13.3648
      vertex 17.2088 -79.8945 -13.3648
    endloop
  endfacet
  facet normal 0 0 1
    outer loop
      vertex 17 -77.9808 -13.3648
      vertex 16.7912 -79.8945 -13.3648
      vertex 17 -79.8808 -13.3648
    endloop
  endfacet
  facet normal -0 0 1
    outer loop
      vertex 16.5432 -78.0107 -13.3648
      vertex 16.7912 -79.8945 -13.3648
      vertex 17 -77.9808 -13.3648
    endloop
  endfacet
  facet normal 0 0 1
    outer loop
      vertex 16.7912 -79.8945 -13.3648
      vertex 16.5432 -78.0107 -13.3648
      vertex 16.5859 -79.9353 -13.3648
    endloop
  endfacet
  facet normal -0 0 1
    outer loop
      vertex 16.0941 -78.1 -13.3648
      vertex 16.5859 -79.9353 -13.3648
      vertex 16.5432 -78.0107 -13.3648
    endloop
  endfacet
  facet normal 0 0 1
    outer loop
      vertex 16.5859 -79.9353 -13.3648
      vertex 16.0941 -78.1 -13.3648
      vertex 16.3877 -80.0026 -13.3648
    endloop
  endfacet
  facet normal -0 0 1
    outer loop
      vertex 15.6606 -78.2472 -13.3648
      vertex 16.3877 -80.0026 -13.3648
      vertex 16.0941 -78.1 -13.3648
    endloop
  endfacet
  facet normal 0 0 1
    outer loop
      vertex 16.3877 -80.0026 -13.3648
      vertex 15.6606 -78.2472 -13.3648
      vertex 16.2 -80.0951 -13.3648
    endloop
  endfacet
  facet normal -0 0 1
    outer loop
      vertex 15.25 -78.4497 -13.3648
      vertex 16.2 -80.0951 -13.3648
      vertex 15.6606 -78.2472 -13.3648
    endloop
  endfacet
  facet normal 0 0 1
    outer loop
      vertex 16.2 -80.0951 -13.3648
      vertex 15.25 -78.4497 -13.3648
      vertex 16.026 -80.2114 -13.3648
    endloop
  endfacet
  facet normal -0 0 1
    outer loop
      vertex 14.8693 -78.704 -13.3648
      vertex 16.026 -80.2114 -13.3648
      vertex 15.25 -78.4497 -13.3648
    endloop
  endfacet
  facet normal 0 0 1
    outer loop
      vertex 16.026 -80.2114 -13.3648
      vertex 14.8693 -78.704 -13.3648
      vertex 15.8686 -80.3494 -13.3648
    endloop
  endfacet
  facet normal -0 0 1
    outer loop
      vertex 14.5251 -79.0059 -13.3648
      vertex 15.8686 -80.3494 -13.3648
      vertex 14.8693 -78.704 -13.3648
    endloop
  endfacet
  facet normal 0 0 1
    outer loop
      vertex 15.8686 -80.3494 -13.3648
      vertex 14.5251 -79.0059 -13.3648
      vertex 15.7306 -80.5068 -13.3648
    endloop
  endfacet
  facet normal -0 0 1
    outer loop
      vertex 14.2233 -79.3501 -13.3648
      vertex 15.7306 -80.5068 -13.3648
      vertex 14.5251 -79.0059 -13.3648
    endloop
  endfacet
  facet normal -0 0 1
    outer loop
      vertex 13.9689 -79.7308 -13.3648
      vertex 15.6144 -80.6808 -13.3648
      vertex 14.2233 -79.3501 -13.3648
    endloop
  endfacet
  facet normal 0 0 1
    outer loop
      vertex 15.7306 -80.5068 -13.3648
      vertex 14.2233 -79.3501 -13.3648
      vertex 15.6144 -80.6808 -13.3648
    endloop
  endfacet
  facet normal 0 0 1
    outer loop
      vertex 20.0311 -83.2308 -13.3648
      vertex 18.3856 -82.2808 -13.3648
      vertex 19.7767 -83.6114 -13.3648
    endloop
  endfacet
  facet normal -0 0 1
    outer loop
      vertex 18.2694 -82.4548 -13.3648
      vertex 19.7767 -83.6114 -13.3648
      vertex 18.3856 -82.2808 -13.3648
    endloop
  endfacet
  facet normal 0 0 1
    outer loop
      vertex 19.7767 -83.6114 -13.3648
      vertex 18.2694 -82.4548 -13.3648
      vertex 19.4749 -83.9557 -13.3648
    endloop
  endfacet
  facet normal -0 0 1
    outer loop
      vertex 18.1314 -82.6121 -13.3648
      vertex 19.4749 -83.9557 -13.3648
      vertex 18.2694 -82.4548 -13.3648
    endloop
  endfacet
  facet normal 0 0 1
    outer loop
      vertex 19.4749 -83.9557 -13.3648
      vertex 18.1314 -82.6121 -13.3648
      vertex 19.1307 -84.2575 -13.3648
    endloop
  endfacet
  facet normal -0 0 1
    outer loop
      vertex 17.974 -82.7501 -13.3648
      vertex 19.1307 -84.2575 -13.3648
      vertex 18.1314 -82.6121 -13.3648
    endloop
  endfacet
  facet normal 0 0 1
    outer loop
      vertex 19.1307 -84.2575 -13.3648
      vertex 17.974 -82.7501 -13.3648
      vertex 18.75 -84.5119 -13.3648
    endloop
  endfacet
  facet normal -0 0 1
    outer loop
      vertex 17.8 -82.8664 -13.3648
      vertex 18.75 -84.5119 -13.3648
      vertex 17.974 -82.7501 -13.3648
    endloop
  endfacet
  facet normal 0 0 1
    outer loop
      vertex 18.75 -84.5119 -13.3648
      vertex 17.8 -82.8664 -13.3648
      vertex 18.3394 -84.7144 -13.3648
    endloop
  endfacet
  facet normal -0 0 1
    outer loop
      vertex 17.6123 -82.959 -13.3648
      vertex 18.3394 -84.7144 -13.3648
      vertex 17.8 -82.8664 -13.3648
    endloop
  endfacet
  facet normal 0 0 1
    outer loop
      vertex 18.3394 -84.7144 -13.3648
      vertex 17.6123 -82.959 -13.3648
      vertex 17.9059 -84.8615 -13.3648
    endloop
  endfacet
  facet normal -0 0 1
    outer loop
      vertex 17.4141 -83.0263 -13.3648
      vertex 17.9059 -84.8615 -13.3648
      vertex 17.6123 -82.959 -13.3648
    endloop
  endfacet
  facet normal 0 0 1
    outer loop
      vertex 17.9059 -84.8615 -13.3648
      vertex 17.4141 -83.0263 -13.3648
      vertex 17.4568 -84.9508 -13.3648
    endloop
  endfacet
  facet normal -0 0 1
    outer loop
      vertex 17.2088 -83.0671 -13.3648
      vertex 17.4568 -84.9508 -13.3648
      vertex 17.4141 -83.0263 -13.3648
    endloop
  endfacet
  facet normal -0 0 1
    outer loop
      vertex 17 -83.0808 -13.3648
      vertex 17.4568 -84.9508 -13.3648
      vertex 17.2088 -83.0671 -13.3648
    endloop
  endfacet
  facet normal 0 0 1
    outer loop
      vertex 17 -83.0808 -13.3648
      vertex 17 -84.9808 -13.3648
      vertex 17.4568 -84.9508 -13.3648
    endloop
  endfacet
  facet normal 0 0 1
    outer loop
      vertex 16.7912 -83.0671 -13.3648
      vertex 17 -84.9808 -13.3648
      vertex 17 -83.0808 -13.3648
    endloop
  endfacet
  facet normal 0 0 1
    outer loop
      vertex 16.5432 -84.9508 -13.3648
      vertex 16.7912 -83.0671 -13.3648
      vertex 16.5859 -83.0263 -13.3648
    endloop
  endfacet
  facet normal 0 0 1
    outer loop
      vertex 16.7912 -83.0671 -13.3648
      vertex 16.5432 -84.9508 -13.3648
      vertex 17 -84.9808 -13.3648
    endloop
  endfacet
  facet normal 0 0 1
    outer loop
      vertex 16.0941 -84.8615 -13.3648
      vertex 16.5859 -83.0263 -13.3648
      vertex 16.3877 -82.959 -13.3648
    endloop
  endfacet
  facet normal 0 0 1
    outer loop
      vertex 15.6606 -84.7144 -13.3648
      vertex 16.3877 -82.959 -13.3648
      vertex 16.2 -82.8664 -13.3648
    endloop
  endfacet
  facet normal 0 0 1
    outer loop
      vertex 16.5859 -83.0263 -13.3648
      vertex 16.0941 -84.8615 -13.3648
      vertex 16.5432 -84.9508 -13.3648
    endloop
  endfacet
  facet normal 0 0 1
    outer loop
      vertex 15.25 -84.5119 -13.3648
      vertex 16.2 -82.8664 -13.3648
      vertex 16.026 -82.7501 -13.3648
    endloop
  endfacet
  facet normal 0 0 1
    outer loop
      vertex 14.8693 -84.2575 -13.3648
      vertex 16.026 -82.7501 -13.3648
      vertex 15.8686 -82.6121 -13.3648
    endloop
  endfacet
  facet normal 0 0 1
    outer loop
      vertex 14.5251 -83.9557 -13.3648
      vertex 15.8686 -82.6121 -13.3648
      vertex 15.7306 -82.4548 -13.3648
    endloop
  endfacet
  facet normal 0 0 1
    outer loop
      vertex 16.3877 -82.959 -13.3648
      vertex 15.6606 -84.7144 -13.3648
      vertex 16.0941 -84.8615 -13.3648
    endloop
  endfacet
  facet normal 0 0 1
    outer loop
      vertex 14.2233 -83.6114 -13.3648
      vertex 15.7306 -82.4548 -13.3648
      vertex 15.6144 -82.2808 -13.3648
    endloop
  endfacet
  facet normal 0 0 1
    outer loop
      vertex 13.9689 -83.2308 -13.3648
      vertex 15.6144 -82.2808 -13.3648
      vertex 15.5218 -82.0931 -13.3648
    endloop
  endfacet
  facet normal 0 0 1
    outer loop
      vertex 13.7664 -82.8202 -13.3648
      vertex 15.5218 -82.0931 -13.3648
      vertex 15.4545 -81.8949 -13.3648
    endloop
  endfacet
  facet normal 0 0 1
    outer loop
      vertex 13.6193 -82.3866 -13.3648
      vertex 15.4545 -81.8949 -13.3648
      vertex 15.4137 -81.6896 -13.3648
    endloop
  endfacet
  facet normal 0 0 1
    outer loop
      vertex 16.2 -82.8664 -13.3648
      vertex 15.25 -84.5119 -13.3648
      vertex 15.6606 -84.7144 -13.3648
    endloop
  endfacet
  facet normal 0 0 1
    outer loop
      vertex 13.5299 -81.9376 -13.3648
      vertex 15.4137 -81.6896 -13.3648
      vertex 15.4 -81.4808 -13.3648
    endloop
  endfacet
  facet normal 0 0 1
    outer loop
      vertex 15.6144 -80.6808 -13.3648
      vertex 13.9689 -79.7308 -13.3648
      vertex 15.5218 -80.8685 -13.3648
    endloop
  endfacet
  facet normal -0 0 1
    outer loop
      vertex 13.7664 -80.1414 -13.3648
      vertex 15.5218 -80.8685 -13.3648
      vertex 13.9689 -79.7308 -13.3648
    endloop
  endfacet
  facet normal 0 0 1
    outer loop
      vertex 16.026 -82.7501 -13.3648
      vertex 14.8693 -84.2575 -13.3648
      vertex 15.25 -84.5119 -13.3648
    endloop
  endfacet
  facet normal 0 0 1
    outer loop
      vertex 15.5218 -80.8685 -13.3648
      vertex 13.7664 -80.1414 -13.3648
      vertex 15.4545 -81.0667 -13.3648
    endloop
  endfacet
  facet normal 0 0 1
    outer loop
      vertex 15.8686 -82.6121 -13.3648
      vertex 14.5251 -83.9557 -13.3648
      vertex 14.8693 -84.2575 -13.3648
    endloop
  endfacet
  facet normal -0 0 1
    outer loop
      vertex 13.6193 -80.5749 -13.3648
      vertex 15.4545 -81.0667 -13.3648
      vertex 13.7664 -80.1414 -13.3648
    endloop
  endfacet
  facet normal 0 0 1
    outer loop
      vertex 15.7306 -82.4548 -13.3648
      vertex 14.2233 -83.6114 -13.3648
      vertex 14.5251 -83.9557 -13.3648
    endloop
  endfacet
  facet normal 0 0 1
    outer loop
      vertex 15.4545 -81.0667 -13.3648
      vertex 13.6193 -80.5749 -13.3648
      vertex 15.4137 -81.2719 -13.3648
    endloop
  endfacet
  facet normal 0 0 1
    outer loop
      vertex 15.6144 -82.2808 -13.3648
      vertex 13.9689 -83.2308 -13.3648
      vertex 14.2233 -83.6114 -13.3648
    endloop
  endfacet
  facet normal -0 0 1
    outer loop
      vertex 13.5299 -81.0239 -13.3648
      vertex 15.4137 -81.2719 -13.3648
      vertex 13.6193 -80.5749 -13.3648
    endloop
  endfacet
  facet normal 0 0 1
    outer loop
      vertex 15.5218 -82.0931 -13.3648
      vertex 13.7664 -82.8202 -13.3648
      vertex 13.9689 -83.2308 -13.3648
    endloop
  endfacet
  facet normal 0 0 1
    outer loop
      vertex 15.4137 -81.2719 -13.3648
      vertex 13.5299 -81.0239 -13.3648
      vertex 15.4 -81.4808 -13.3648
    endloop
  endfacet
  facet normal 0 0 1
    outer loop
      vertex 15.4545 -81.8949 -13.3648
      vertex 13.6193 -82.3866 -13.3648
      vertex 13.7664 -82.8202 -13.3648
    endloop
  endfacet
  facet normal 0 0 1
    outer loop
      vertex 13.5 -81.4808 -13.3648
      vertex 15.4 -81.4808 -13.3648
      vertex 13.5299 -81.0239 -13.3648
    endloop
  endfacet
  facet normal 0 0 1
    outer loop
      vertex 15.4137 -81.6896 -13.3648
      vertex 13.5299 -81.9376 -13.3648
      vertex 13.6193 -82.3866 -13.3648
    endloop
  endfacet
  facet normal 0 0 1
    outer loop
      vertex 15.4 -81.4808 -13.3648
      vertex 13.5 -81.4808 -13.3648
      vertex 13.5299 -81.9376 -13.3648
    endloop
  endfacet
  facet normal -0.997866 0.0653013 0
    outer loop
      vertex 13.5 -81.4808 -15.3648
      vertex 13.5299 -81.0239 -13.3648
      vertex 13.5299 -81.0239 -15.3648
    endloop
  endfacet
  facet normal -0.997866 0.0653013 0
    outer loop
      vertex 13.5299 -81.0239 -13.3648
      vertex 13.5 -81.4808 -15.3648
      vertex 13.5 -81.4808 -13.3648
    endloop
  endfacet
  facet normal -0.831378 -0.555708 0
    outer loop
      vertex 14.2233 -83.6114 -15.3648
      vertex 13.9689 -83.2308 -13.3648
      vertex 13.9689 -83.2308 -15.3648
    endloop
  endfacet
  facet normal -0.831378 -0.555708 0
    outer loop
      vertex 13.9689 -83.2308 -13.3648
      vertex 14.2233 -83.6114 -15.3648
      vertex 14.2233 -83.6114 -13.3648
    endloop
  endfacet
  facet normal -0.195024 -0.980798 0
    outer loop
      vertex 16.0941 -84.8615 -15.3648
      vertex 16.5432 -84.9508 -13.3648
      vertex 16.0941 -84.8615 -13.3648
    endloop
  endfacet
  facet normal -0.195024 -0.980798 -0
    outer loop
      vertex 16.5432 -84.9508 -13.3648
      vertex 16.0941 -84.8615 -15.3648
      vertex 16.5432 -84.9508 -15.3648
    endloop
  endfacet
  facet normal -0.751995 -0.659169 0
    outer loop
      vertex 14.5251 -83.9557 -15.3648
      vertex 14.2233 -83.6114 -13.3648
      vertex 14.2233 -83.6114 -15.3648
    endloop
  endfacet
  facet normal -0.751995 -0.659169 0
    outer loop
      vertex 14.2233 -83.6114 -13.3648
      vertex 14.5251 -83.9557 -15.3648
      vertex 14.5251 -83.9557 -13.3648
    endloop
  endfacet
  facet normal 0.997865 -0.0653156 0
    outer loop
      vertex 20.4701 -81.9376 -13.3648
      vertex 20.5 -81.4808 -15.3648
      vertex 20.5 -81.4808 -13.3648
    endloop
  endfacet
  facet normal 0.997865 -0.0653156 0
    outer loop
      vertex 20.5 -81.4808 -15.3648
      vertex 20.4701 -81.9376 -13.3648
      vertex 20.4701 -81.9376 -15.3648
    endloop
  endfacet
  facet normal 0.321531 0.946899 -0
    outer loop
      vertex 18.3394 -78.2472 -15.3648
      vertex 17.9059 -78.1 -13.3648
      vertex 18.3394 -78.2472 -13.3648
    endloop
  endfacet
  facet normal 0.321531 0.946899 0
    outer loop
      vertex 17.9059 -78.1 -13.3648
      vertex 18.3394 -78.2472 -15.3648
      vertex 17.9059 -78.1 -15.3648
    endloop
  endfacet
  facet normal 0.751995 -0.659169 0
    outer loop
      vertex 19.4749 -83.9557 -13.3648
      vertex 19.7767 -83.6114 -15.3648
      vertex 19.7767 -83.6114 -13.3648
    endloop
  endfacet
  facet normal 0.751995 -0.659169 0
    outer loop
      vertex 19.7767 -83.6114 -15.3648
      vertex 19.4749 -83.9557 -13.3648
      vertex 19.4749 -83.9557 -15.3648
    endloop
  endfacet
  facet normal -0.0655331 -0.99785 0
    outer loop
      vertex 16.5432 -84.9508 -15.3648
      vertex 17 -84.9808 -13.3648
      vertex 16.5432 -84.9508 -13.3648
    endloop
  endfacet
  facet normal -0.0655331 -0.99785 -0
    outer loop
      vertex 17 -84.9808 -13.3648
      vertex 16.5432 -84.9508 -15.3648
      vertex 17 -84.9808 -15.3648
    endloop
  endfacet
  facet normal 0.442314 -0.89686 0
    outer loop
      vertex 18.3394 -84.7144 -15.3648
      vertex 18.75 -84.5119 -13.3648
      vertex 18.3394 -84.7144 -13.3648
    endloop
  endfacet
  facet normal 0.442314 -0.89686 0
    outer loop
      vertex 18.75 -84.5119 -13.3648
      vertex 18.3394 -84.7144 -15.3648
      vertex 18.75 -84.5119 -15.3648
    endloop
  endfacet
  facet normal -0.997865 -0.0653156 0
    outer loop
      vertex 13.5299 -81.9376 -15.3648
      vertex 13.5 -81.4808 -13.3648
      vertex 13.5 -81.4808 -15.3648
    endloop
  endfacet
  facet normal -0.997865 -0.0653156 0
    outer loop
      vertex 13.5 -81.4808 -13.3648
      vertex 13.5299 -81.9376 -15.3648
      vertex 13.5299 -81.9376 -13.3648
    endloop
  endfacet
  facet normal -0.89686 -0.442314 0
    outer loop
      vertex 13.9689 -83.2308 -15.3648
      vertex 13.7664 -82.8202 -13.3648
      vertex 13.7664 -82.8202 -15.3648
    endloop
  endfacet
  facet normal -0.89686 -0.442314 0
    outer loop
      vertex 13.7664 -82.8202 -13.3648
      vertex 13.9689 -83.2308 -15.3648
      vertex 13.9689 -83.2308 -13.3648
    endloop
  endfacet
  facet normal -0.321335 -0.946966 0
    outer loop
      vertex 15.6606 -84.7144 -15.3648
      vertex 16.0941 -84.8615 -13.3648
      vertex 15.6606 -84.7144 -13.3648
    endloop
  endfacet
  facet normal -0.321335 -0.946966 -0
    outer loop
      vertex 16.0941 -84.8615 -13.3648
      vertex 15.6606 -84.7144 -15.3648
      vertex 16.0941 -84.8615 -15.3648
    endloop
  endfacet
  facet normal -0.555607 -0.831445 0
    outer loop
      vertex 14.8693 -84.2575 -15.3648
      vertex 15.25 -84.5119 -13.3648
      vertex 14.8693 -84.2575 -13.3648
    endloop
  endfacet
  facet normal -0.555607 -0.831445 -0
    outer loop
      vertex 15.25 -84.5119 -13.3648
      vertex 14.8693 -84.2575 -15.3648
      vertex 15.25 -84.5119 -15.3648
    endloop
  endfacet
  facet normal -0.659278 -0.7519 0
    outer loop
      vertex 14.5251 -83.9557 -15.3648
      vertex 14.8693 -84.2575 -13.3648
      vertex 14.5251 -83.9557 -13.3648
    endloop
  endfacet
  facet normal -0.659278 -0.7519 -0
    outer loop
      vertex 14.8693 -84.2575 -13.3648
      vertex 14.5251 -83.9557 -15.3648
      vertex 14.8693 -84.2575 -15.3648
    endloop
  endfacet
  facet normal 0.980748 0.195276 0
    outer loop
      vertex 20.4701 -81.0239 -13.3648
      vertex 20.3807 -80.5749 -15.3648
      vertex 20.3807 -80.5749 -13.3648
    endloop
  endfacet
  facet normal 0.980748 0.195276 0
    outer loop
      vertex 20.3807 -80.5749 -15.3648
      vertex 20.4701 -81.0239 -13.3648
      vertex 20.4701 -81.0239 -15.3648
    endloop
  endfacet
  facet normal 0.831445 0.555607 0
    outer loop
      vertex 20.0311 -79.7308 -13.3648
      vertex 19.7767 -79.3501 -15.3648
      vertex 19.7767 -79.3501 -13.3648
    endloop
  endfacet
  facet normal 0.831445 0.555607 0
    outer loop
      vertex 19.7767 -79.3501 -15.3648
      vertex 20.0311 -79.7308 -13.3648
      vertex 20.0311 -79.7308 -15.3648
    endloop
  endfacet
  facet normal -0.980748 0.195276 0
    outer loop
      vertex 13.5299 -81.0239 -15.3648
      vertex 13.6193 -80.5749 -13.3648
      vertex 13.6193 -80.5749 -15.3648
    endloop
  endfacet
  facet normal -0.980748 0.195276 0
    outer loop
      vertex 13.6193 -80.5749 -13.3648
      vertex 13.5299 -81.0239 -15.3648
      vertex 13.5299 -81.0239 -13.3648
    endloop
  endfacet
  facet normal -0.946966 0.321335 0
    outer loop
      vertex 13.6193 -80.5749 -15.3648
      vertex 13.7664 -80.1414 -13.3648
      vertex 13.7664 -80.1414 -15.3648
    endloop
  endfacet
  facet normal -0.946966 0.321335 0
    outer loop
      vertex 13.7664 -80.1414 -13.3648
      vertex 13.6193 -80.5749 -15.3648
      vertex 13.6193 -80.5749 -13.3648
    endloop
  endfacet
  facet normal 0.195024 0.980798 -0
    outer loop
      vertex 17.9059 -78.1 -15.3648
      vertex 17.4568 -78.0107 -13.3648
      vertex 17.9059 -78.1 -13.3648
    endloop
  endfacet
  facet normal 0.195024 0.980798 0
    outer loop
      vertex 17.4568 -78.0107 -13.3648
      vertex 17.9059 -78.1 -15.3648
      vertex 17.4568 -78.0107 -15.3648
    endloop
  endfacet
  facet normal 0.89686 -0.442314 0
    outer loop
      vertex 20.0311 -83.2308 -13.3648
      vertex 20.2336 -82.8202 -15.3648
      vertex 20.2336 -82.8202 -13.3648
    endloop
  endfacet
  facet normal 0.89686 -0.442314 0
    outer loop
      vertex 20.2336 -82.8202 -15.3648
      vertex 20.0311 -83.2308 -13.3648
      vertex 20.0311 -83.2308 -15.3648
    endloop
  endfacet
  facet normal 0.946988 -0.321268 0
    outer loop
      vertex 20.2336 -82.8202 -13.3648
      vertex 20.3807 -82.3866 -15.3648
      vertex 20.3807 -82.3866 -13.3648
    endloop
  endfacet
  facet normal 0.946988 -0.321268 0
    outer loop
      vertex 20.3807 -82.3866 -15.3648
      vertex 20.2336 -82.8202 -13.3648
      vertex 20.2336 -82.8202 -15.3648
    endloop
  endfacet
  facet normal 0.980748 -0.195276 0
    outer loop
      vertex 20.3807 -82.3866 -13.3648
      vertex 20.4701 -81.9376 -15.3648
      vertex 20.4701 -81.9376 -13.3648
    endloop
  endfacet
  facet normal 0.980748 -0.195276 0
    outer loop
      vertex 20.4701 -81.9376 -15.3648
      vertex 20.3807 -82.3866 -13.3648
      vertex 20.3807 -82.3866 -15.3648
    endloop
  endfacet
  facet normal 0.555456 0.831546 -0
    outer loop
      vertex 19.1307 -78.704 -15.3648
      vertex 18.75 -78.4497 -13.3648
      vertex 19.1307 -78.704 -13.3648
    endloop
  endfacet
  facet normal 0.555456 0.831546 0
    outer loop
      vertex 18.75 -78.4497 -13.3648
      vertex 19.1307 -78.704 -15.3648
      vertex 18.75 -78.4497 -15.3648
    endloop
  endfacet
  facet normal 0.7519 0.659278 0
    outer loop
      vertex 19.7767 -79.3501 -13.3648
      vertex 19.4749 -79.0059 -15.3648
      vertex 19.4749 -79.0059 -13.3648
    endloop
  endfacet
  facet normal 0.7519 0.659278 0
    outer loop
      vertex 19.4749 -79.0059 -15.3648
      vertex 19.7767 -79.3501 -13.3648
      vertex 19.7767 -79.3501 -15.3648
    endloop
  endfacet
  facet normal 0.89686 0.442314 0
    outer loop
      vertex 20.2336 -80.1414 -13.3648
      vertex 20.0311 -79.7308 -15.3648
      vertex 20.0311 -79.7308 -13.3648
    endloop
  endfacet
  facet normal 0.89686 0.442314 0
    outer loop
      vertex 20.0311 -79.7308 -15.3648
      vertex 20.2336 -80.1414 -13.3648
      vertex 20.2336 -80.1414 -15.3648
    endloop
  endfacet
  facet normal 0.946966 0.321335 0
    outer loop
      vertex 20.3807 -80.5749 -13.3648
      vertex 20.2336 -80.1414 -15.3648
      vertex 20.2336 -80.1414 -13.3648
    endloop
  endfacet
  facet normal 0.946966 0.321335 0
    outer loop
      vertex 20.2336 -80.1414 -15.3648
      vertex 20.3807 -80.5749 -13.3648
      vertex 20.3807 -80.5749 -15.3648
    endloop
  endfacet
  facet normal 0.0653156 0.997865 -0
    outer loop
      vertex 17.4568 -78.0107 -15.3648
      vertex 17 -77.9808 -13.3648
      vertex 17.4568 -78.0107 -13.3648
    endloop
  endfacet
  facet normal 0.0653156 0.997865 0
    outer loop
      vertex 17 -77.9808 -13.3648
      vertex 17.4568 -78.0107 -15.3648
      vertex 17 -77.9808 -15.3648
    endloop
  endfacet
  facet normal -0.89686 0.442314 0
    outer loop
      vertex 13.7664 -80.1414 -15.3648
      vertex 13.9689 -79.7308 -13.3648
      vertex 13.9689 -79.7308 -15.3648
    endloop
  endfacet
  facet normal -0.89686 0.442314 0
    outer loop
      vertex 13.9689 -79.7308 -13.3648
      vertex 13.7664 -80.1414 -15.3648
      vertex 13.7664 -80.1414 -13.3648
    endloop
  endfacet
  facet normal -0.659401 0.751791 0
    outer loop
      vertex 14.8693 -78.704 -15.3648
      vertex 14.5251 -79.0059 -13.3648
      vertex 14.8693 -78.704 -13.3648
    endloop
  endfacet
  facet normal -0.659401 0.751791 0
    outer loop
      vertex 14.5251 -79.0059 -13.3648
      vertex 14.8693 -78.704 -15.3648
      vertex 14.5251 -79.0059 -15.3648
    endloop
  endfacet
  facet normal -0.831445 0.555607 0
    outer loop
      vertex 13.9689 -79.7308 -15.3648
      vertex 14.2233 -79.3501 -13.3648
      vertex 14.2233 -79.3501 -15.3648
    endloop
  endfacet
  facet normal -0.831445 0.555607 0
    outer loop
      vertex 14.2233 -79.3501 -13.3648
      vertex 13.9689 -79.7308 -15.3648
      vertex 13.9689 -79.7308 -13.3648
    endloop
  endfacet
  facet normal 0.659401 0.751791 -0
    outer loop
      vertex 19.4749 -79.0059 -15.3648
      vertex 19.1307 -78.704 -13.3648
      vertex 19.4749 -79.0059 -13.3648
    endloop
  endfacet
  facet normal 0.659401 0.751791 0
    outer loop
      vertex 19.1307 -78.704 -13.3648
      vertex 19.4749 -79.0059 -15.3648
      vertex 19.1307 -78.704 -15.3648
    endloop
  endfacet
  facet normal -0.555456 0.831546 0
    outer loop
      vertex 15.25 -78.4497 -15.3648
      vertex 14.8693 -78.704 -13.3648
      vertex 15.25 -78.4497 -13.3648
    endloop
  endfacet
  facet normal -0.555456 0.831546 0
    outer loop
      vertex 14.8693 -78.704 -13.3648
      vertex 15.25 -78.4497 -15.3648
      vertex 14.8693 -78.704 -15.3648
    endloop
  endfacet
  facet normal -0.195024 0.980798 0
    outer loop
      vertex 16.5432 -78.0107 -15.3648
      vertex 16.0941 -78.1 -13.3648
      vertex 16.5432 -78.0107 -13.3648
    endloop
  endfacet
  facet normal -0.195024 0.980798 0
    outer loop
      vertex 16.0941 -78.1 -13.3648
      vertex 16.5432 -78.0107 -15.3648
      vertex 16.0941 -78.1 -15.3648
    endloop
  endfacet
  facet normal -0.7519 0.659278 0
    outer loop
      vertex 14.2233 -79.3501 -15.3648
      vertex 14.5251 -79.0059 -13.3648
      vertex 14.5251 -79.0059 -15.3648
    endloop
  endfacet
  facet normal -0.7519 0.659278 0
    outer loop
      vertex 14.5251 -79.0059 -13.3648
      vertex 14.2233 -79.3501 -15.3648
      vertex 14.2233 -79.3501 -13.3648
    endloop
  endfacet
  facet normal -0.442314 0.89686 0
    outer loop
      vertex 15.6606 -78.2472 -15.3648
      vertex 15.25 -78.4497 -13.3648
      vertex 15.6606 -78.2472 -13.3648
    endloop
  endfacet
  facet normal -0.442314 0.89686 0
    outer loop
      vertex 15.25 -78.4497 -13.3648
      vertex 15.6606 -78.2472 -15.3648
      vertex 15.25 -78.4497 -15.3648
    endloop
  endfacet
  facet normal -0.321531 0.946899 0
    outer loop
      vertex 16.0941 -78.1 -15.3648
      vertex 15.6606 -78.2472 -13.3648
      vertex 16.0941 -78.1 -13.3648
    endloop
  endfacet
  facet normal -0.321531 0.946899 0
    outer loop
      vertex 15.6606 -78.2472 -13.3648
      vertex 16.0941 -78.1 -15.3648
      vertex 15.6606 -78.2472 -15.3648
    endloop
  endfacet
  facet normal -0.0653156 0.997865 0
    outer loop
      vertex 17 -77.9808 -15.3648
      vertex 16.5432 -78.0107 -13.3648
      vertex 17 -77.9808 -13.3648
    endloop
  endfacet
  facet normal -0.0653156 0.997865 0
    outer loop
      vertex 16.5432 -78.0107 -13.3648
      vertex 17 -77.9808 -15.3648
      vertex 16.5432 -78.0107 -15.3648
    endloop
  endfacet
  facet normal 0.997867 -0.0652871 0
    outer loop
      vertex 20.4701 -115.938 -13.3648
      vertex 20.5 -115.481 -15.3648
      vertex 20.5 -115.481 -13.3648
    endloop
  endfacet
  facet normal 0.997867 -0.0652871 0
    outer loop
      vertex 20.5 -115.481 -15.3648
      vertex 20.4701 -115.938 -13.3648
      vertex 20.4701 -115.938 -15.3648
    endloop
  endfacet
  facet normal -0.997867 0.0652871 0
    outer loop
      vertex 13.5 -115.481 -15.3648
      vertex 13.5299 -115.024 -13.3648
      vertex 13.5299 -115.024 -15.3648
    endloop
  endfacet
  facet normal -0.997867 0.0652871 0
    outer loop
      vertex 13.5299 -115.024 -13.3648
      vertex 13.5 -115.481 -15.3648
      vertex 13.5 -115.481 -13.3648
    endloop
  endfacet
  facet normal -0.0655331 -0.99785 0
    outer loop
      vertex 16.5432 -118.951 -15.3648
      vertex 17 -118.981 -13.3648
      vertex 16.5432 -118.951 -13.3648
    endloop
  endfacet
  facet normal -0.0655331 -0.99785 -0
    outer loop
      vertex 17 -118.981 -13.3648
      vertex 16.5432 -118.951 -15.3648
      vertex 17 -118.981 -15.3648
    endloop
  endfacet
  facet normal 0.659524 -0.751683 0
    outer loop
      vertex 19.1307 -118.258 -15.3648
      vertex 19.4749 -117.956 -13.3648
      vertex 19.1307 -118.258 -13.3648
    endloop
  endfacet
  facet normal 0.659524 -0.751683 0
    outer loop
      vertex 19.4749 -117.956 -13.3648
      vertex 19.1307 -118.258 -15.3648
      vertex 19.4749 -117.956 -15.3648
    endloop
  endfacet
  facet normal -0.752658 -0.658412 0
    outer loop
      vertex 14.5251 -117.956 -15.3648
      vertex 14.2233 -117.611 -13.3648
      vertex 14.2233 -117.611 -15.3648
    endloop
  endfacet
  facet normal -0.752658 -0.658412 0
    outer loop
      vertex 14.2233 -117.611 -13.3648
      vertex 14.5251 -117.956 -15.3648
      vertex 14.5251 -117.956 -13.3648
    endloop
  endfacet
  facet normal -0.441435 -0.897293 0
    outer loop
      vertex 15.25 -118.512 -15.3648
      vertex 15.6606 -118.714 -13.3648
      vertex 15.25 -118.512 -13.3648
    endloop
  endfacet
  facet normal -0.441435 -0.897293 -0
    outer loop
      vertex 15.6606 -118.714 -13.3648
      vertex 15.25 -118.512 -15.3648
      vertex 15.6606 -118.714 -15.3648
    endloop
  endfacet
  facet normal 0.75171 0.659494 0
    outer loop
      vertex 19.7767 -113.35 -13.3648
      vertex 19.4749 -113.006 -15.3648
      vertex 19.4749 -113.006 -13.3648
    endloop
  endfacet
  facet normal 0.75171 0.659494 0
    outer loop
      vertex 19.4749 -113.006 -15.3648
      vertex 19.7767 -113.35 -13.3648
      vertex 19.7767 -113.35 -15.3648
    endloop
  endfacet
  facet normal -0.947078 0.321003 0
    outer loop
      vertex 13.6193 -114.575 -15.3648
      vertex 13.7664 -114.141 -13.3648
      vertex 13.7664 -114.141 -15.3648
    endloop
  endfacet
  facet normal -0.947078 0.321003 0
    outer loop
      vertex 13.7664 -114.141 -13.3648
      vertex 13.6193 -114.575 -15.3648
      vertex 13.6193 -114.575 -13.3648
    endloop
  endfacet
  facet normal 0.897031 -0.441968 0
    outer loop
      vertex 20.0311 -117.231 -13.3648
      vertex 20.2336 -116.82 -15.3648
      vertex 20.2336 -116.82 -13.3648
    endloop
  endfacet
  facet normal 0.897031 -0.441968 0
    outer loop
      vertex 20.2336 -116.82 -15.3648
      vertex 20.0311 -117.231 -13.3648
      vertex 20.0311 -117.231 -15.3648
    endloop
  endfacet
  facet normal 0.980748 -0.195276 0
    outer loop
      vertex 20.3807 -116.387 -13.3648
      vertex 20.4701 -115.938 -15.3648
      vertex 20.4701 -115.938 -13.3648
    endloop
  endfacet
  facet normal 0.980748 -0.195276 0
    outer loop
      vertex 20.4701 -115.938 -15.3648
      vertex 20.3807 -116.387 -13.3648
      vertex 20.3807 -116.387 -15.3648
    endloop
  endfacet
  facet normal 0.323096 -0.946366 0
    outer loop
      vertex 17.9059 -118.862 -15.3648
      vertex 18.3394 -118.714 -13.3648
      vertex 17.9059 -118.862 -13.3648
    endloop
  endfacet
  facet normal 0.323096 -0.946366 0
    outer loop
      vertex 18.3394 -118.714 -13.3648
      vertex 17.9059 -118.862 -15.3648
      vertex 18.3394 -118.714 -15.3648
    endloop
  endfacet
  facet normal 0.555003 -0.831849 0
    outer loop
      vertex 18.75 -118.512 -15.3648
      vertex 19.1307 -118.258 -13.3648
      vertex 18.75 -118.512 -13.3648
    endloop
  endfacet
  facet normal 0.555003 -0.831849 0
    outer loop
      vertex 19.1307 -118.258 -13.3648
      vertex 18.75 -118.512 -15.3648
      vertex 19.1307 -118.258 -15.3648
    endloop
  endfacet
  facet normal -0.897031 -0.441968 0
    outer loop
      vertex 13.9689 -117.231 -15.3648
      vertex 13.7664 -116.82 -13.3648
      vertex 13.7664 -116.82 -15.3648
    endloop
  endfacet
  facet normal -0.897031 -0.441968 0
    outer loop
      vertex 13.7664 -116.82 -13.3648
      vertex 13.9689 -117.231 -15.3648
      vertex 13.9689 -117.231 -13.3648
    endloop
  endfacet
  facet normal -0.830972 -0.556314 0
    outer loop
      vertex 14.2233 -117.611 -15.3648
      vertex 13.9689 -117.231 -13.3648
      vertex 13.9689 -117.231 -15.3648
    endloop
  endfacet
  facet normal -0.830972 -0.556314 0
    outer loop
      vertex 13.9689 -117.231 -13.3648
      vertex 14.2233 -117.611 -15.3648
      vertex 14.2233 -117.611 -13.3648
    endloop
  endfacet
  facet normal -0.980748 -0.195276 0
    outer loop
      vertex 13.6193 -116.387 -15.3648
      vertex 13.5299 -115.938 -13.3648
      vertex 13.5299 -115.938 -15.3648
    endloop
  endfacet
  facet normal -0.980748 -0.195276 0
    outer loop
      vertex 13.5299 -115.938 -13.3648
      vertex 13.6193 -116.387 -15.3648
      vertex 13.6193 -116.387 -13.3648
    endloop
  endfacet
  facet normal -0.659524 -0.751683 0
    outer loop
      vertex 14.5251 -117.956 -15.3648
      vertex 14.8693 -118.258 -13.3648
      vertex 14.5251 -117.956 -13.3648
    endloop
  endfacet
  facet normal -0.659524 -0.751683 -0
    outer loop
      vertex 14.8693 -118.258 -13.3648
      vertex 14.5251 -117.956 -15.3648
      vertex 14.8693 -118.258 -15.3648
    endloop
  endfacet
  facet normal -0.194394 -0.980924 0
    outer loop
      vertex 16.0941 -118.862 -15.3648
      vertex 16.5432 -118.951 -13.3648
      vertex 16.0941 -118.862 -13.3648
    endloop
  endfacet
  facet normal -0.194394 -0.980924 -0
    outer loop
      vertex 16.5432 -118.951 -13.3648
      vertex 16.0941 -118.862 -15.3648
      vertex 16.5432 -118.951 -15.3648
    endloop
  endfacet
  facet normal 0.947078 0.321003 0
    outer loop
      vertex 20.3807 -114.575 -13.3648
      vertex 20.2336 -114.141 -15.3648
      vertex 20.2336 -114.141 -13.3648
    endloop
  endfacet
  facet normal 0.947078 0.321003 0
    outer loop
      vertex 20.2336 -114.141 -15.3648
      vertex 20.3807 -114.575 -13.3648
      vertex 20.3807 -114.575 -15.3648
    endloop
  endfacet
  facet normal 0.321139 0.947032 -0
    outer loop
      vertex 18.3394 -112.247 -15.3648
      vertex 17.9059 -112.1 -13.3648
      vertex 18.3394 -112.247 -13.3648
    endloop
  endfacet
  facet normal 0.321139 0.947032 0
    outer loop
      vertex 17.9059 -112.1 -13.3648
      vertex 18.3394 -112.247 -15.3648
      vertex 17.9059 -112.1 -15.3648
    endloop
  endfacet
  facet normal 0.194394 0.980924 -0
    outer loop
      vertex 17.9059 -112.1 -15.3648
      vertex 17.4568 -112.011 -13.3648
      vertex 17.9059 -112.1 -13.3648
    endloop
  endfacet
  facet normal 0.194394 0.980924 0
    outer loop
      vertex 17.4568 -112.011 -13.3648
      vertex 17.9059 -112.1 -15.3648
      vertex 17.4568 -112.011 -15.3648
    endloop
  endfacet
  facet normal -0.555003 0.831849 0
    outer loop
      vertex 15.25 -112.45 -15.3648
      vertex 14.8693 -112.704 -13.3648
      vertex 15.25 -112.45 -13.3648
    endloop
  endfacet
  facet normal -0.555003 0.831849 0
    outer loop
      vertex 14.8693 -112.704 -13.3648
      vertex 15.25 -112.45 -15.3648
      vertex 14.8693 -112.704 -15.3648
    endloop
  endfacet
  facet normal -0.194394 0.980924 0
    outer loop
      vertex 16.5432 -112.011 -15.3648
      vertex 16.0941 -112.1 -13.3648
      vertex 16.5432 -112.011 -13.3648
    endloop
  endfacet
  facet normal -0.194394 0.980924 0
    outer loop
      vertex 16.0941 -112.1 -13.3648
      vertex 16.5432 -112.011 -15.3648
      vertex 16.0941 -112.1 -15.3648
    endloop
  endfacet
  facet normal -0.659524 0.751683 0
    outer loop
      vertex 14.8693 -112.704 -15.3648
      vertex 14.5251 -113.006 -13.3648
      vertex 14.8693 -112.704 -13.3648
    endloop
  endfacet
  facet normal -0.659524 0.751683 0
    outer loop
      vertex 14.5251 -113.006 -13.3648
      vertex 14.8693 -112.704 -15.3648
      vertex 14.5251 -113.006 -15.3648
    endloop
  endfacet
  facet normal -0.980748 0.195276 0
    outer loop
      vertex 13.5299 -115.024 -15.3648
      vertex 13.6193 -114.575 -13.3648
      vertex 13.6193 -114.575 -15.3648
    endloop
  endfacet
  facet normal -0.980748 0.195276 0
    outer loop
      vertex 13.6193 -114.575 -13.3648
      vertex 13.5299 -115.024 -15.3648
      vertex 13.5299 -115.024 -13.3648
    endloop
  endfacet
  facet normal 0.946853 -0.321668 0
    outer loop
      vertex 20.2336 -116.82 -13.3648
      vertex 20.3807 -116.387 -15.3648
      vertex 20.3807 -116.387 -13.3648
    endloop
  endfacet
  facet normal 0.946853 -0.321668 0
    outer loop
      vertex 20.3807 -116.387 -15.3648
      vertex 20.2336 -116.82 -13.3648
      vertex 20.2336 -116.82 -15.3648
    endloop
  endfacet
  facet normal 0.752658 -0.658412 0
    outer loop
      vertex 19.4749 -117.956 -13.3648
      vertex 19.7767 -117.611 -15.3648
      vertex 19.7767 -117.611 -13.3648
    endloop
  endfacet
  facet normal 0.752658 -0.658412 0
    outer loop
      vertex 19.7767 -117.611 -15.3648
      vertex 19.4749 -117.956 -13.3648
      vertex 19.4749 -117.956 -15.3648
    endloop
  endfacet
  facet normal 0.830972 -0.556314 0
    outer loop
      vertex 19.7767 -117.611 -13.3648
      vertex 20.0311 -117.231 -15.3648
      vertex 20.0311 -117.231 -13.3648
    endloop
  endfacet
  facet normal 0.830972 -0.556314 0
    outer loop
      vertex 20.0311 -117.231 -15.3648
      vertex 19.7767 -117.611 -13.3648
      vertex 19.7767 -117.611 -15.3648
    endloop
  endfacet
  facet normal 0.0655331 -0.99785 0
    outer loop
      vertex 17 -118.981 -15.3648
      vertex 17.4568 -118.951 -13.3648
      vertex 17 -118.981 -13.3648
    endloop
  endfacet
  facet normal 0.0655331 -0.99785 0
    outer loop
      vertex 17.4568 -118.951 -13.3648
      vertex 17 -118.981 -15.3648
      vertex 17.4568 -118.951 -15.3648
    endloop
  endfacet
  facet normal 0 0 1
    outer loop
      vertex 18.6 -115.481 -13.3648
      vertex 20.5 -115.481 -13.3648
      vertex 20.4701 -115.024 -13.3648
    endloop
  endfacet
  facet normal 0 0 1
    outer loop
      vertex 18.5863 -115.272 -13.3648
      vertex 20.4701 -115.024 -13.3648
      vertex 20.3807 -114.575 -13.3648
    endloop
  endfacet
  facet normal 0 0 1
    outer loop
      vertex 20.5 -115.481 -13.3648
      vertex 18.6 -115.481 -13.3648
      vertex 20.4701 -115.938 -13.3648
    endloop
  endfacet
  facet normal 0 0 1
    outer loop
      vertex 18.5455 -115.067 -13.3648
      vertex 20.3807 -114.575 -13.3648
      vertex 20.2336 -114.141 -13.3648
    endloop
  endfacet
  facet normal -0 0 1
    outer loop
      vertex 18.5863 -115.69 -13.3648
      vertex 20.4701 -115.938 -13.3648
      vertex 18.6 -115.481 -13.3648
    endloop
  endfacet
  facet normal 0 0 1
    outer loop
      vertex 18.4782 -114.868 -13.3648
      vertex 20.2336 -114.141 -13.3648
      vertex 20.0311 -113.731 -13.3648
    endloop
  endfacet
  facet normal 0 0 1
    outer loop
      vertex 20.4701 -115.938 -13.3648
      vertex 18.5863 -115.69 -13.3648
      vertex 20.3807 -116.387 -13.3648
    endloop
  endfacet
  facet normal 0 0 1
    outer loop
      vertex 18.3856 -114.681 -13.3648
      vertex 20.0311 -113.731 -13.3648
      vertex 19.7767 -113.35 -13.3648
    endloop
  endfacet
  facet normal -0 0 1
    outer loop
      vertex 18.5455 -115.895 -13.3648
      vertex 20.3807 -116.387 -13.3648
      vertex 18.5863 -115.69 -13.3648
    endloop
  endfacet
  facet normal 0 0 1
    outer loop
      vertex 18.2694 -114.507 -13.3648
      vertex 19.7767 -113.35 -13.3648
      vertex 19.4749 -113.006 -13.3648
    endloop
  endfacet
  facet normal 0 0 1
    outer loop
      vertex 20.3807 -116.387 -13.3648
      vertex 18.5455 -115.895 -13.3648
      vertex 20.2336 -116.82 -13.3648
    endloop
  endfacet
  facet normal 0 0 1
    outer loop
      vertex 18.1314 -114.349 -13.3648
      vertex 19.4749 -113.006 -13.3648
      vertex 19.1307 -112.704 -13.3648
    endloop
  endfacet
  facet normal -0 0 1
    outer loop
      vertex 18.4782 -116.093 -13.3648
      vertex 20.2336 -116.82 -13.3648
      vertex 18.5455 -115.895 -13.3648
    endloop
  endfacet
  facet normal 0 0 1
    outer loop
      vertex 17.974 -114.211 -13.3648
      vertex 19.1307 -112.704 -13.3648
      vertex 18.75 -112.45 -13.3648
    endloop
  endfacet
  facet normal 0 0 1
    outer loop
      vertex 20.2336 -116.82 -13.3648
      vertex 18.4782 -116.093 -13.3648
      vertex 20.0311 -117.231 -13.3648
    endloop
  endfacet
  facet normal -0 0 1
    outer loop
      vertex 18.3856 -116.281 -13.3648
      vertex 20.0311 -117.231 -13.3648
      vertex 18.4782 -116.093 -13.3648
    endloop
  endfacet
  facet normal 0 0 1
    outer loop
      vertex 20.4701 -115.024 -13.3648
      vertex 18.5863 -115.272 -13.3648
      vertex 18.6 -115.481 -13.3648
    endloop
  endfacet
  facet normal 0 0 1
    outer loop
      vertex 20.3807 -114.575 -13.3648
      vertex 18.5455 -115.067 -13.3648
      vertex 18.5863 -115.272 -13.3648
    endloop
  endfacet
  facet normal 0 0 1
    outer loop
      vertex 20.2336 -114.141 -13.3648
      vertex 18.4782 -114.868 -13.3648
      vertex 18.5455 -115.067 -13.3648
    endloop
  endfacet
  facet normal 0 0 1
    outer loop
      vertex 20.0311 -113.731 -13.3648
      vertex 18.3856 -114.681 -13.3648
      vertex 18.4782 -114.868 -13.3648
    endloop
  endfacet
  facet normal 0 0 1
    outer loop
      vertex 17.8 -114.095 -13.3648
      vertex 18.75 -112.45 -13.3648
      vertex 18.3394 -112.247 -13.3648
    endloop
  endfacet
  facet normal 0 0 1
    outer loop
      vertex 19.7767 -113.35 -13.3648
      vertex 18.2694 -114.507 -13.3648
      vertex 18.3856 -114.681 -13.3648
    endloop
  endfacet
  facet normal 0 0 1
    outer loop
      vertex 19.4749 -113.006 -13.3648
      vertex 18.1314 -114.349 -13.3648
      vertex 18.2694 -114.507 -13.3648
    endloop
  endfacet
  facet normal 0 0 1
    outer loop
      vertex 19.1307 -112.704 -13.3648
      vertex 17.974 -114.211 -13.3648
      vertex 18.1314 -114.349 -13.3648
    endloop
  endfacet
  facet normal 0 0 1
    outer loop
      vertex 17.6123 -114.003 -13.3648
      vertex 18.3394 -112.247 -13.3648
      vertex 17.9059 -112.1 -13.3648
    endloop
  endfacet
  facet normal 0 0 1
    outer loop
      vertex 18.75 -112.45 -13.3648
      vertex 17.8 -114.095 -13.3648
      vertex 17.974 -114.211 -13.3648
    endloop
  endfacet
  facet normal 0 0 1
    outer loop
      vertex 18.3394 -112.247 -13.3648
      vertex 17.6123 -114.003 -13.3648
      vertex 17.8 -114.095 -13.3648
    endloop
  endfacet
  facet normal 0 0 1
    outer loop
      vertex 17.4141 -113.935 -13.3648
      vertex 17.9059 -112.1 -13.3648
      vertex 17.4568 -112.011 -13.3648
    endloop
  endfacet
  facet normal 0 0 1
    outer loop
      vertex 17.9059 -112.1 -13.3648
      vertex 17.4141 -113.935 -13.3648
      vertex 17.6123 -114.003 -13.3648
    endloop
  endfacet
  facet normal 0 0 1
    outer loop
      vertex 17.4568 -112.011 -13.3648
      vertex 17.2088 -113.894 -13.3648
      vertex 17.4141 -113.935 -13.3648
    endloop
  endfacet
  facet normal 0 0 1
    outer loop
      vertex 17 -111.981 -13.3648
      vertex 17.2088 -113.894 -13.3648
      vertex 17.4568 -112.011 -13.3648
    endloop
  endfacet
  facet normal 0 0 1
    outer loop
      vertex 17 -111.981 -13.3648
      vertex 17 -113.881 -13.3648
      vertex 17.2088 -113.894 -13.3648
    endloop
  endfacet
  facet normal 0 0 1
    outer loop
      vertex 17 -111.981 -13.3648
      vertex 16.7912 -113.894 -13.3648
      vertex 17 -113.881 -13.3648
    endloop
  endfacet
  facet normal -0 0 1
    outer loop
      vertex 16.5432 -112.011 -13.3648
      vertex 16.7912 -113.894 -13.3648
      vertex 17 -111.981 -13.3648
    endloop
  endfacet
  facet normal 0 0 1
    outer loop
      vertex 16.7912 -113.894 -13.3648
      vertex 16.5432 -112.011 -13.3648
      vertex 16.5859 -113.935 -13.3648
    endloop
  endfacet
  facet normal -0 0 1
    outer loop
      vertex 16.0941 -112.1 -13.3648
      vertex 16.5859 -113.935 -13.3648
      vertex 16.5432 -112.011 -13.3648
    endloop
  endfacet
  facet normal 0 0 1
    outer loop
      vertex 16.5859 -113.935 -13.3648
      vertex 16.0941 -112.1 -13.3648
      vertex 16.3877 -114.003 -13.3648
    endloop
  endfacet
  facet normal -0 0 1
    outer loop
      vertex 15.6606 -112.247 -13.3648
      vertex 16.3877 -114.003 -13.3648
      vertex 16.0941 -112.1 -13.3648
    endloop
  endfacet
  facet normal 0 0 1
    outer loop
      vertex 16.3877 -114.003 -13.3648
      vertex 15.6606 -112.247 -13.3648
      vertex 16.2 -114.095 -13.3648
    endloop
  endfacet
  facet normal -0 0 1
    outer loop
      vertex 15.25 -112.45 -13.3648
      vertex 16.2 -114.095 -13.3648
      vertex 15.6606 -112.247 -13.3648
    endloop
  endfacet
  facet normal 0 0 1
    outer loop
      vertex 16.2 -114.095 -13.3648
      vertex 15.25 -112.45 -13.3648
      vertex 16.026 -114.211 -13.3648
    endloop
  endfacet
  facet normal -0 0 1
    outer loop
      vertex 14.8693 -112.704 -13.3648
      vertex 16.026 -114.211 -13.3648
      vertex 15.25 -112.45 -13.3648
    endloop
  endfacet
  facet normal 0 0 1
    outer loop
      vertex 16.026 -114.211 -13.3648
      vertex 14.8693 -112.704 -13.3648
      vertex 15.8686 -114.349 -13.3648
    endloop
  endfacet
  facet normal -0 0 1
    outer loop
      vertex 14.5251 -113.006 -13.3648
      vertex 15.8686 -114.349 -13.3648
      vertex 14.8693 -112.704 -13.3648
    endloop
  endfacet
  facet normal 0 0 1
    outer loop
      vertex 15.8686 -114.349 -13.3648
      vertex 14.5251 -113.006 -13.3648
      vertex 15.7306 -114.507 -13.3648
    endloop
  endfacet
  facet normal -0 0 1
    outer loop
      vertex 14.2233 -113.35 -13.3648
      vertex 15.7306 -114.507 -13.3648
      vertex 14.5251 -113.006 -13.3648
    endloop
  endfacet
  facet normal -0 0 1
    outer loop
      vertex 13.9689 -113.731 -13.3648
      vertex 15.6144 -114.681 -13.3648
      vertex 14.2233 -113.35 -13.3648
    endloop
  endfacet
  facet normal 0 0 1
    outer loop
      vertex 15.7306 -114.507 -13.3648
      vertex 14.2233 -113.35 -13.3648
      vertex 15.6144 -114.681 -13.3648
    endloop
  endfacet
  facet normal 0 0 1
    outer loop
      vertex 20.0311 -117.231 -13.3648
      vertex 18.3856 -116.281 -13.3648
      vertex 19.7767 -117.611 -13.3648
    endloop
  endfacet
  facet normal -0 0 1
    outer loop
      vertex 18.2694 -116.455 -13.3648
      vertex 19.7767 -117.611 -13.3648
      vertex 18.3856 -116.281 -13.3648
    endloop
  endfacet
  facet normal 0 0 1
    outer loop
      vertex 19.7767 -117.611 -13.3648
      vertex 18.2694 -116.455 -13.3648
      vertex 19.4749 -117.956 -13.3648
    endloop
  endfacet
  facet normal -0 0 1
    outer loop
      vertex 18.1314 -116.612 -13.3648
      vertex 19.4749 -117.956 -13.3648
      vertex 18.2694 -116.455 -13.3648
    endloop
  endfacet
  facet normal 0 0 1
    outer loop
      vertex 19.4749 -117.956 -13.3648
      vertex 18.1314 -116.612 -13.3648
      vertex 19.1307 -118.258 -13.3648
    endloop
  endfacet
  facet normal -0 0 1
    outer loop
      vertex 17.974 -116.75 -13.3648
      vertex 19.1307 -118.258 -13.3648
      vertex 18.1314 -116.612 -13.3648
    endloop
  endfacet
  facet normal 0 0 1
    outer loop
      vertex 19.1307 -118.258 -13.3648
      vertex 17.974 -116.75 -13.3648
      vertex 18.75 -118.512 -13.3648
    endloop
  endfacet
  facet normal -0 0 1
    outer loop
      vertex 17.8 -116.866 -13.3648
      vertex 18.75 -118.512 -13.3648
      vertex 17.974 -116.75 -13.3648
    endloop
  endfacet
  facet normal 0 0 1
    outer loop
      vertex 18.75 -118.512 -13.3648
      vertex 17.8 -116.866 -13.3648
      vertex 18.3394 -118.714 -13.3648
    endloop
  endfacet
  facet normal -0 0 1
    outer loop
      vertex 17.6123 -116.959 -13.3648
      vertex 18.3394 -118.714 -13.3648
      vertex 17.8 -116.866 -13.3648
    endloop
  endfacet
  facet normal 0 0 1
    outer loop
      vertex 18.3394 -118.714 -13.3648
      vertex 17.6123 -116.959 -13.3648
      vertex 17.9059 -118.862 -13.3648
    endloop
  endfacet
  facet normal -0 0 1
    outer loop
      vertex 17.4141 -117.026 -13.3648
      vertex 17.9059 -118.862 -13.3648
      vertex 17.6123 -116.959 -13.3648
    endloop
  endfacet
  facet normal 0 0 1
    outer loop
      vertex 17.9059 -118.862 -13.3648
      vertex 17.4141 -117.026 -13.3648
      vertex 17.4568 -118.951 -13.3648
    endloop
  endfacet
  facet normal -0 0 1
    outer loop
      vertex 17.2088 -117.067 -13.3648
      vertex 17.4568 -118.951 -13.3648
      vertex 17.4141 -117.026 -13.3648
    endloop
  endfacet
  facet normal -0 0 1
    outer loop
      vertex 17 -117.081 -13.3648
      vertex 17.4568 -118.951 -13.3648
      vertex 17.2088 -117.067 -13.3648
    endloop
  endfacet
  facet normal 0 0 1
    outer loop
      vertex 17 -117.081 -13.3648
      vertex 17 -118.981 -13.3648
      vertex 17.4568 -118.951 -13.3648
    endloop
  endfacet
  facet normal 0 0 1
    outer loop
      vertex 16.7912 -117.067 -13.3648
      vertex 17 -118.981 -13.3648
      vertex 17 -117.081 -13.3648
    endloop
  endfacet
  facet normal 0 0 1
    outer loop
      vertex 16.5432 -118.951 -13.3648
      vertex 16.7912 -117.067 -13.3648
      vertex 16.5859 -117.026 -13.3648
    endloop
  endfacet
  facet normal 0 0 1
    outer loop
      vertex 16.7912 -117.067 -13.3648
      vertex 16.5432 -118.951 -13.3648
      vertex 17 -118.981 -13.3648
    endloop
  endfacet
  facet normal 0 0 1
    outer loop
      vertex 16.0941 -118.862 -13.3648
      vertex 16.5859 -117.026 -13.3648
      vertex 16.3877 -116.959 -13.3648
    endloop
  endfacet
  facet normal 0 0 1
    outer loop
      vertex 15.6606 -118.714 -13.3648
      vertex 16.3877 -116.959 -13.3648
      vertex 16.2 -116.866 -13.3648
    endloop
  endfacet
  facet normal 0 0 1
    outer loop
      vertex 16.5859 -117.026 -13.3648
      vertex 16.0941 -118.862 -13.3648
      vertex 16.5432 -118.951 -13.3648
    endloop
  endfacet
  facet normal 0 0 1
    outer loop
      vertex 15.25 -118.512 -13.3648
      vertex 16.2 -116.866 -13.3648
      vertex 16.026 -116.75 -13.3648
    endloop
  endfacet
  facet normal 0 0 1
    outer loop
      vertex 14.8693 -118.258 -13.3648
      vertex 16.026 -116.75 -13.3648
      vertex 15.8686 -116.612 -13.3648
    endloop
  endfacet
  facet normal 0 0 1
    outer loop
      vertex 14.5251 -117.956 -13.3648
      vertex 15.8686 -116.612 -13.3648
      vertex 15.7306 -116.455 -13.3648
    endloop
  endfacet
  facet normal 0 0 1
    outer loop
      vertex 16.3877 -116.959 -13.3648
      vertex 15.6606 -118.714 -13.3648
      vertex 16.0941 -118.862 -13.3648
    endloop
  endfacet
  facet normal 0 0 1
    outer loop
      vertex 14.2233 -117.611 -13.3648
      vertex 15.7306 -116.455 -13.3648
      vertex 15.6144 -116.281 -13.3648
    endloop
  endfacet
  facet normal 0 0 1
    outer loop
      vertex 13.9689 -117.231 -13.3648
      vertex 15.6144 -116.281 -13.3648
      vertex 15.5218 -116.093 -13.3648
    endloop
  endfacet
  facet normal 0 0 1
    outer loop
      vertex 13.7664 -116.82 -13.3648
      vertex 15.5218 -116.093 -13.3648
      vertex 15.4545 -115.895 -13.3648
    endloop
  endfacet
  facet normal 0 0 1
    outer loop
      vertex 13.6193 -116.387 -13.3648
      vertex 15.4545 -115.895 -13.3648
      vertex 15.4137 -115.69 -13.3648
    endloop
  endfacet
  facet normal 0 0 1
    outer loop
      vertex 16.2 -116.866 -13.3648
      vertex 15.25 -118.512 -13.3648
      vertex 15.6606 -118.714 -13.3648
    endloop
  endfacet
  facet normal 0 0 1
    outer loop
      vertex 13.5299 -115.938 -13.3648
      vertex 15.4137 -115.69 -13.3648
      vertex 15.4 -115.481 -13.3648
    endloop
  endfacet
  facet normal 0 0 1
    outer loop
      vertex 15.6144 -114.681 -13.3648
      vertex 13.9689 -113.731 -13.3648
      vertex 15.5218 -114.868 -13.3648
    endloop
  endfacet
  facet normal -0 0 1
    outer loop
      vertex 13.7664 -114.141 -13.3648
      vertex 15.5218 -114.868 -13.3648
      vertex 13.9689 -113.731 -13.3648
    endloop
  endfacet
  facet normal 0 0 1
    outer loop
      vertex 16.026 -116.75 -13.3648
      vertex 14.8693 -118.258 -13.3648
      vertex 15.25 -118.512 -13.3648
    endloop
  endfacet
  facet normal 0 0 1
    outer loop
      vertex 15.5218 -114.868 -13.3648
      vertex 13.7664 -114.141 -13.3648
      vertex 15.4545 -115.067 -13.3648
    endloop
  endfacet
  facet normal 0 0 1
    outer loop
      vertex 15.8686 -116.612 -13.3648
      vertex 14.5251 -117.956 -13.3648
      vertex 14.8693 -118.258 -13.3648
    endloop
  endfacet
  facet normal -0 0 1
    outer loop
      vertex 13.6193 -114.575 -13.3648
      vertex 15.4545 -115.067 -13.3648
      vertex 13.7664 -114.141 -13.3648
    endloop
  endfacet
  facet normal 0 0 1
    outer loop
      vertex 15.7306 -116.455 -13.3648
      vertex 14.2233 -117.611 -13.3648
      vertex 14.5251 -117.956 -13.3648
    endloop
  endfacet
  facet normal 0 0 1
    outer loop
      vertex 15.4545 -115.067 -13.3648
      vertex 13.6193 -114.575 -13.3648
      vertex 15.4137 -115.272 -13.3648
    endloop
  endfacet
  facet normal 0 0 1
    outer loop
      vertex 15.6144 -116.281 -13.3648
      vertex 13.9689 -117.231 -13.3648
      vertex 14.2233 -117.611 -13.3648
    endloop
  endfacet
  facet normal -0 0 1
    outer loop
      vertex 13.5299 -115.024 -13.3648
      vertex 15.4137 -115.272 -13.3648
      vertex 13.6193 -114.575 -13.3648
    endloop
  endfacet
  facet normal 0 0 1
    outer loop
      vertex 15.5218 -116.093 -13.3648
      vertex 13.7664 -116.82 -13.3648
      vertex 13.9689 -117.231 -13.3648
    endloop
  endfacet
  facet normal 0 0 1
    outer loop
      vertex 15.4137 -115.272 -13.3648
      vertex 13.5299 -115.024 -13.3648
      vertex 15.4 -115.481 -13.3648
    endloop
  endfacet
  facet normal 0 0 1
    outer loop
      vertex 15.4545 -115.895 -13.3648
      vertex 13.6193 -116.387 -13.3648
      vertex 13.7664 -116.82 -13.3648
    endloop
  endfacet
  facet normal 0 0 1
    outer loop
      vertex 13.5 -115.481 -13.3648
      vertex 15.4 -115.481 -13.3648
      vertex 13.5299 -115.024 -13.3648
    endloop
  endfacet
  facet normal 0 0 1
    outer loop
      vertex 15.4137 -115.69 -13.3648
      vertex 13.5299 -115.938 -13.3648
      vertex 13.6193 -116.387 -13.3648
    endloop
  endfacet
  facet normal 0 0 1
    outer loop
      vertex 15.4 -115.481 -13.3648
      vertex 13.5 -115.481 -13.3648
      vertex 13.5299 -115.938 -13.3648
    endloop
  endfacet
  facet normal -0.946853 -0.321668 0
    outer loop
      vertex 13.7664 -116.82 -15.3648
      vertex 13.6193 -116.387 -13.3648
      vertex 13.6193 -116.387 -15.3648
    endloop
  endfacet
  facet normal -0.946853 -0.321668 0
    outer loop
      vertex 13.6193 -116.387 -13.3648
      vertex 13.7664 -116.82 -15.3648
      vertex 13.7664 -116.82 -13.3648
    endloop
  endfacet
  facet normal -0.997867 -0.0652871 0
    outer loop
      vertex 13.5299 -115.938 -15.3648
      vertex 13.5 -115.481 -13.3648
      vertex 13.5 -115.481 -15.3648
    endloop
  endfacet
  facet normal -0.997867 -0.0652871 0
    outer loop
      vertex 13.5 -115.481 -13.3648
      vertex 13.5299 -115.938 -15.3648
      vertex 13.5299 -115.938 -13.3648
    endloop
  endfacet
  facet normal 0.997867 0.0652871 0
    outer loop
      vertex 20.5 -115.481 -13.3648
      vertex 20.4701 -115.024 -15.3648
      vertex 20.4701 -115.024 -13.3648
    endloop
  endfacet
  facet normal 0.997867 0.0652871 0
    outer loop
      vertex 20.4701 -115.024 -15.3648
      vertex 20.5 -115.481 -13.3648
      vertex 20.5 -115.481 -15.3648
    endloop
  endfacet
  facet normal 0.555003 0.831849 -0
    outer loop
      vertex 19.1307 -112.704 -15.3648
      vertex 18.75 -112.45 -13.3648
      vertex 19.1307 -112.704 -13.3648
    endloop
  endfacet
  facet normal 0.555003 0.831849 0
    outer loop
      vertex 18.75 -112.45 -13.3648
      vertex 19.1307 -112.704 -15.3648
      vertex 18.75 -112.45 -15.3648
    endloop
  endfacet
  facet normal 0.659524 0.751683 -0
    outer loop
      vertex 19.4749 -113.006 -15.3648
      vertex 19.1307 -112.704 -13.3648
      vertex 19.4749 -113.006 -13.3648
    endloop
  endfacet
  facet normal 0.659524 0.751683 0
    outer loop
      vertex 19.1307 -112.704 -13.3648
      vertex 19.4749 -113.006 -15.3648
      vertex 19.1307 -112.704 -15.3648
    endloop
  endfacet
  facet normal 0.831647 0.555305 0
    outer loop
      vertex 20.0311 -113.731 -13.3648
      vertex 19.7767 -113.35 -15.3648
      vertex 19.7767 -113.35 -13.3648
    endloop
  endfacet
  facet normal 0.831647 0.555305 0
    outer loop
      vertex 19.7767 -113.35 -15.3648
      vertex 20.0311 -113.731 -13.3648
      vertex 20.0311 -113.731 -15.3648
    endloop
  endfacet
  facet normal 0.980748 0.195276 0
    outer loop
      vertex 20.4701 -115.024 -13.3648
      vertex 20.3807 -114.575 -15.3648
      vertex 20.3807 -114.575 -13.3648
    endloop
  endfacet
  facet normal 0.980748 0.195276 0
    outer loop
      vertex 20.3807 -114.575 -15.3648
      vertex 20.4701 -115.024 -13.3648
      vertex 20.4701 -115.024 -15.3648
    endloop
  endfacet
  facet normal -0.443192 0.896427 0
    outer loop
      vertex 15.6606 -112.247 -15.3648
      vertex 15.25 -112.45 -13.3648
      vertex 15.6606 -112.247 -13.3648
    endloop
  endfacet
  facet normal -0.443192 0.896427 0
    outer loop
      vertex 15.25 -112.45 -13.3648
      vertex 15.6606 -112.247 -15.3648
      vertex 15.25 -112.45 -15.3648
    endloop
  endfacet
  facet normal -0.321139 0.947032 0
    outer loop
      vertex 16.0941 -112.1 -15.3648
      vertex 15.6606 -112.247 -13.3648
      vertex 16.0941 -112.1 -13.3648
    endloop
  endfacet
  facet normal -0.321139 0.947032 0
    outer loop
      vertex 15.6606 -112.247 -13.3648
      vertex 16.0941 -112.1 -15.3648
      vertex 15.6606 -112.247 -15.3648
    endloop
  endfacet
  facet normal -0.0655331 0.99785 0
    outer loop
      vertex 17 -111.981 -15.3648
      vertex 16.5432 -112.011 -13.3648
      vertex 17 -111.981 -13.3648
    endloop
  endfacet
  facet normal -0.0655331 0.99785 0
    outer loop
      vertex 16.5432 -112.011 -13.3648
      vertex 17 -111.981 -15.3648
      vertex 16.5432 -112.011 -15.3648
    endloop
  endfacet
  facet normal -0.831647 0.555305 0
    outer loop
      vertex 13.9689 -113.731 -15.3648
      vertex 14.2233 -113.35 -13.3648
      vertex 14.2233 -113.35 -15.3648
    endloop
  endfacet
  facet normal -0.831647 0.555305 0
    outer loop
      vertex 14.2233 -113.35 -13.3648
      vertex 13.9689 -113.731 -15.3648
      vertex 13.9689 -113.731 -13.3648
    endloop
  endfacet
  facet normal -0.896603 0.442835 0
    outer loop
      vertex 13.7664 -114.141 -15.3648
      vertex 13.9689 -113.731 -13.3648
      vertex 13.9689 -113.731 -15.3648
    endloop
  endfacet
  facet normal -0.896603 0.442835 0
    outer loop
      vertex 13.9689 -113.731 -13.3648
      vertex 13.7664 -114.141 -15.3648
      vertex 13.7664 -114.141 -13.3648
    endloop
  endfacet
  facet normal 0.194394 -0.980924 0
    outer loop
      vertex 17.4568 -118.951 -15.3648
      vertex 17.9059 -118.862 -13.3648
      vertex 17.4568 -118.951 -13.3648
    endloop
  endfacet
  facet normal 0.194394 -0.980924 0
    outer loop
      vertex 17.9059 -118.862 -13.3648
      vertex 17.4568 -118.951 -15.3648
      vertex 17.9059 -118.862 -15.3648
    endloop
  endfacet
  facet normal 0.441435 -0.897293 0
    outer loop
      vertex 18.3394 -118.714 -15.3648
      vertex 18.75 -118.512 -13.3648
      vertex 18.3394 -118.714 -13.3648
    endloop
  endfacet
  facet normal 0.441435 -0.897293 0
    outer loop
      vertex 18.75 -118.512 -13.3648
      vertex 18.3394 -118.714 -15.3648
      vertex 18.75 -118.512 -15.3648
    endloop
  endfacet
  facet normal -0.555003 -0.831849 0
    outer loop
      vertex 14.8693 -118.258 -15.3648
      vertex 15.25 -118.512 -13.3648
      vertex 14.8693 -118.258 -13.3648
    endloop
  endfacet
  facet normal -0.555003 -0.831849 -0
    outer loop
      vertex 15.25 -118.512 -13.3648
      vertex 14.8693 -118.258 -15.3648
      vertex 15.25 -118.512 -15.3648
    endloop
  endfacet
  facet normal -0.323096 -0.946366 0
    outer loop
      vertex 15.6606 -118.714 -15.3648
      vertex 16.0941 -118.862 -13.3648
      vertex 15.6606 -118.714 -13.3648
    endloop
  endfacet
  facet normal -0.323096 -0.946366 -0
    outer loop
      vertex 16.0941 -118.862 -13.3648
      vertex 15.6606 -118.714 -15.3648
      vertex 16.0941 -118.862 -15.3648
    endloop
  endfacet
  facet normal 0.443192 0.896427 -0
    outer loop
      vertex 18.75 -112.45 -15.3648
      vertex 18.3394 -112.247 -13.3648
      vertex 18.75 -112.45 -13.3648
    endloop
  endfacet
  facet normal 0.443192 0.896427 0
    outer loop
      vertex 18.3394 -112.247 -13.3648
      vertex 18.75 -112.45 -15.3648
      vertex 18.3394 -112.247 -15.3648
    endloop
  endfacet
  facet normal 0.896603 0.442835 0
    outer loop
      vertex 20.2336 -114.141 -13.3648
      vertex 20.0311 -113.731 -15.3648
      vertex 20.0311 -113.731 -13.3648
    endloop
  endfacet
  facet normal 0.896603 0.442835 0
    outer loop
      vertex 20.0311 -113.731 -15.3648
      vertex 20.2336 -114.141 -13.3648
      vertex 20.2336 -114.141 -15.3648
    endloop
  endfacet
  facet normal 0.0655331 0.99785 -0
    outer loop
      vertex 17.4568 -112.011 -15.3648
      vertex 17 -111.981 -13.3648
      vertex 17.4568 -112.011 -13.3648
    endloop
  endfacet
  facet normal 0.0655331 0.99785 0
    outer loop
      vertex 17 -111.981 -13.3648
      vertex 17.4568 -112.011 -15.3648
      vertex 17 -111.981 -15.3648
    endloop
  endfacet
  facet normal -0.75171 0.659494 0
    outer loop
      vertex 14.2233 -113.35 -15.3648
      vertex 14.5251 -113.006 -13.3648
      vertex 14.5251 -113.006 -15.3648
    endloop
  endfacet
  facet normal -0.75171 0.659494 0
    outer loop
      vertex 14.5251 -113.006 -13.3648
      vertex 14.2233 -113.35 -15.3648
      vertex 14.2233 -113.35 -13.3648
    endloop
  endfacet
  facet normal 0.831378 -0.555708 0
    outer loop
      vertex 41.7767 -59.6114 -13.3648
      vertex 42.0311 -59.2308 -15.3648
      vertex 42.0311 -59.2308 -13.3648
    endloop
  endfacet
  facet normal 0.831378 -0.555708 0
    outer loop
      vertex 42.0311 -59.2308 -15.3648
      vertex 41.7767 -59.6114 -13.3648
      vertex 41.7767 -59.6114 -15.3648
    endloop
  endfacet
  facet normal 0.321335 -0.946966 0
    outer loop
      vertex 39.9059 -60.8615 -15.3648
      vertex 40.3394 -60.7144 -13.3648
      vertex 39.9059 -60.8615 -13.3648
    endloop
  endfacet
  facet normal 0.321335 -0.946966 0
    outer loop
      vertex 40.3394 -60.7144 -13.3648
      vertex 39.9059 -60.8615 -15.3648
      vertex 40.3394 -60.7144 -15.3648
    endloop
  endfacet
  facet normal -0.442314 -0.89686 0
    outer loop
      vertex 37.25 -60.5119 -15.3648
      vertex 37.6606 -60.7144 -13.3648
      vertex 37.25 -60.5119 -13.3648
    endloop
  endfacet
  facet normal -0.442314 -0.89686 -0
    outer loop
      vertex 37.6606 -60.7144 -13.3648
      vertex 37.25 -60.5119 -15.3648
      vertex 37.6606 -60.7144 -15.3648
    endloop
  endfacet
  facet normal -0.946988 -0.321268 0
    outer loop
      vertex 35.7664 -58.8202 -15.3648
      vertex 35.6193 -58.3866 -13.3648
      vertex 35.6193 -58.3866 -15.3648
    endloop
  endfacet
  facet normal -0.946988 -0.321268 0
    outer loop
      vertex 35.6193 -58.3866 -13.3648
      vertex 35.7664 -58.8202 -15.3648
      vertex 35.7664 -58.8202 -13.3648
    endloop
  endfacet
  facet normal 0.980748 0.195276 0
    outer loop
      vertex 42.4701 -57.0239 -13.3648
      vertex 42.3807 -56.5749 -15.3648
      vertex 42.3807 -56.5749 -13.3648
    endloop
  endfacet
  facet normal 0.980748 0.195276 0
    outer loop
      vertex 42.3807 -56.5749 -15.3648
      vertex 42.4701 -57.0239 -13.3648
      vertex 42.4701 -57.0239 -15.3648
    endloop
  endfacet
  facet normal 0.980748 -0.195276 0
    outer loop
      vertex 42.3807 -58.3866 -13.3648
      vertex 42.4701 -57.9376 -15.3648
      vertex 42.4701 -57.9376 -13.3648
    endloop
  endfacet
  facet normal 0.980748 -0.195276 0
    outer loop
      vertex 42.4701 -57.9376 -15.3648
      vertex 42.3807 -58.3866 -13.3648
      vertex 42.3807 -58.3866 -15.3648
    endloop
  endfacet
  facet normal 0.659278 -0.7519 0
    outer loop
      vertex 41.1307 -60.2575 -15.3648
      vertex 41.4749 -59.9557 -13.3648
      vertex 41.1307 -60.2575 -13.3648
    endloop
  endfacet
  facet normal 0.659278 -0.7519 0
    outer loop
      vertex 41.4749 -59.9557 -13.3648
      vertex 41.1307 -60.2575 -15.3648
      vertex 41.4749 -59.9557 -15.3648
    endloop
  endfacet
  facet normal 0.0655331 -0.99785 0
    outer loop
      vertex 39 -60.9808 -15.3648
      vertex 39.4568 -60.9508 -13.3648
      vertex 39 -60.9808 -13.3648
    endloop
  endfacet
  facet normal 0.0655331 -0.99785 0
    outer loop
      vertex 39.4568 -60.9508 -13.3648
      vertex 39 -60.9808 -15.3648
      vertex 39.4568 -60.9508 -15.3648
    endloop
  endfacet
  facet normal 0.555607 -0.831445 0
    outer loop
      vertex 40.75 -60.5119 -15.3648
      vertex 41.1307 -60.2575 -13.3648
      vertex 40.75 -60.5119 -13.3648
    endloop
  endfacet
  facet normal 0.555607 -0.831445 0
    outer loop
      vertex 41.1307 -60.2575 -13.3648
      vertex 40.75 -60.5119 -15.3648
      vertex 41.1307 -60.2575 -15.3648
    endloop
  endfacet
  facet normal 0 0 1
    outer loop
      vertex 40.6 -57.4808 -13.3648
      vertex 42.5 -57.4808 -13.3648
      vertex 42.4701 -57.0239 -13.3648
    endloop
  endfacet
  facet normal 0 0 1
    outer loop
      vertex 40.5863 -57.2719 -13.3648
      vertex 42.4701 -57.0239 -13.3648
      vertex 42.3807 -56.5749 -13.3648
    endloop
  endfacet
  facet normal 0 0 1
    outer loop
      vertex 42.5 -57.4808 -13.3648
      vertex 40.6 -57.4808 -13.3648
      vertex 42.4701 -57.9376 -13.3648
    endloop
  endfacet
  facet normal 0 0 1
    outer loop
      vertex 40.5455 -57.0667 -13.3648
      vertex 42.3807 -56.5749 -13.3648
      vertex 42.2336 -56.1414 -13.3648
    endloop
  endfacet
  facet normal -0 0 1
    outer loop
      vertex 40.5863 -57.6896 -13.3648
      vertex 42.4701 -57.9376 -13.3648
      vertex 40.6 -57.4808 -13.3648
    endloop
  endfacet
  facet normal 0 0 1
    outer loop
      vertex 40.4782 -56.8685 -13.3648
      vertex 42.2336 -56.1414 -13.3648
      vertex 42.0311 -55.7308 -13.3648
    endloop
  endfacet
  facet normal 0 0 1
    outer loop
      vertex 42.4701 -57.9376 -13.3648
      vertex 40.5863 -57.6896 -13.3648
      vertex 42.3807 -58.3866 -13.3648
    endloop
  endfacet
  facet normal 0 0 1
    outer loop
      vertex 40.3856 -56.6808 -13.3648
      vertex 42.0311 -55.7308 -13.3648
      vertex 41.7767 -55.3501 -13.3648
    endloop
  endfacet
  facet normal -0 0 1
    outer loop
      vertex 40.5455 -57.8949 -13.3648
      vertex 42.3807 -58.3866 -13.3648
      vertex 40.5863 -57.6896 -13.3648
    endloop
  endfacet
  facet normal 0 0 1
    outer loop
      vertex 40.2694 -56.5068 -13.3648
      vertex 41.7767 -55.3501 -13.3648
      vertex 41.4749 -55.0059 -13.3648
    endloop
  endfacet
  facet normal 0 0 1
    outer loop
      vertex 42.3807 -58.3866 -13.3648
      vertex 40.5455 -57.8949 -13.3648
      vertex 42.2336 -58.8202 -13.3648
    endloop
  endfacet
  facet normal 0 0 1
    outer loop
      vertex 40.1314 -56.3494 -13.3648
      vertex 41.4749 -55.0059 -13.3648
      vertex 41.1307 -54.704 -13.3648
    endloop
  endfacet
  facet normal -0 0 1
    outer loop
      vertex 40.4782 -58.0931 -13.3648
      vertex 42.2336 -58.8202 -13.3648
      vertex 40.5455 -57.8949 -13.3648
    endloop
  endfacet
  facet normal 0 0 1
    outer loop
      vertex 39.974 -56.2114 -13.3648
      vertex 41.1307 -54.704 -13.3648
      vertex 40.75 -54.4497 -13.3648
    endloop
  endfacet
  facet normal 0 0 1
    outer loop
      vertex 42.2336 -58.8202 -13.3648
      vertex 40.4782 -58.0931 -13.3648
      vertex 42.0311 -59.2308 -13.3648
    endloop
  endfacet
  facet normal -0 0 1
    outer loop
      vertex 40.3856 -58.2808 -13.3648
      vertex 42.0311 -59.2308 -13.3648
      vertex 40.4782 -58.0931 -13.3648
    endloop
  endfacet
  facet normal 0 0 1
    outer loop
      vertex 42.4701 -57.0239 -13.3648
      vertex 40.5863 -57.2719 -13.3648
      vertex 40.6 -57.4808 -13.3648
    endloop
  endfacet
  facet normal 0 0 1
    outer loop
      vertex 42.3807 -56.5749 -13.3648
      vertex 40.5455 -57.0667 -13.3648
      vertex 40.5863 -57.2719 -13.3648
    endloop
  endfacet
  facet normal 0 0 1
    outer loop
      vertex 42.2336 -56.1414 -13.3648
      vertex 40.4782 -56.8685 -13.3648
      vertex 40.5455 -57.0667 -13.3648
    endloop
  endfacet
  facet normal 0 0 1
    outer loop
      vertex 42.0311 -55.7308 -13.3648
      vertex 40.3856 -56.6808 -13.3648
      vertex 40.4782 -56.8685 -13.3648
    endloop
  endfacet
  facet normal 0 0 1
    outer loop
      vertex 39.8 -56.0951 -13.3648
      vertex 40.75 -54.4497 -13.3648
      vertex 40.3394 -54.2472 -13.3648
    endloop
  endfacet
  facet normal 0 0 1
    outer loop
      vertex 41.7767 -55.3501 -13.3648
      vertex 40.2694 -56.5068 -13.3648
      vertex 40.3856 -56.6808 -13.3648
    endloop
  endfacet
  facet normal 0 0 1
    outer loop
      vertex 41.4749 -55.0059 -13.3648
      vertex 40.1314 -56.3494 -13.3648
      vertex 40.2694 -56.5068 -13.3648
    endloop
  endfacet
  facet normal 0 0 1
    outer loop
      vertex 41.1307 -54.704 -13.3648
      vertex 39.974 -56.2114 -13.3648
      vertex 40.1314 -56.3494 -13.3648
    endloop
  endfacet
  facet normal 0 0 1
    outer loop
      vertex 39.6123 -56.0026 -13.3648
      vertex 40.3394 -54.2472 -13.3648
      vertex 39.9059 -54.1 -13.3648
    endloop
  endfacet
  facet normal 0 0 1
    outer loop
      vertex 40.75 -54.4497 -13.3648
      vertex 39.8 -56.0951 -13.3648
      vertex 39.974 -56.2114 -13.3648
    endloop
  endfacet
  facet normal 0 0 1
    outer loop
      vertex 40.3394 -54.2472 -13.3648
      vertex 39.6123 -56.0026 -13.3648
      vertex 39.8 -56.0951 -13.3648
    endloop
  endfacet
  facet normal 0 0 1
    outer loop
      vertex 39.4141 -55.9353 -13.3648
      vertex 39.9059 -54.1 -13.3648
      vertex 39.4568 -54.0107 -13.3648
    endloop
  endfacet
  facet normal 0 0 1
    outer loop
      vertex 39.9059 -54.1 -13.3648
      vertex 39.4141 -55.9353 -13.3648
      vertex 39.6123 -56.0026 -13.3648
    endloop
  endfacet
  facet normal 0 0 1
    outer loop
      vertex 39.4568 -54.0107 -13.3648
      vertex 39.2088 -55.8945 -13.3648
      vertex 39.4141 -55.9353 -13.3648
    endloop
  endfacet
  facet normal 0 0 1
    outer loop
      vertex 39 -53.9808 -13.3648
      vertex 39.2088 -55.8945 -13.3648
      vertex 39.4568 -54.0107 -13.3648
    endloop
  endfacet
  facet normal 0 0 1
    outer loop
      vertex 39 -53.9808 -13.3648
      vertex 39 -55.8808 -13.3648
      vertex 39.2088 -55.8945 -13.3648
    endloop
  endfacet
  facet normal 0 0 1
    outer loop
      vertex 39 -53.9808 -13.3648
      vertex 38.7912 -55.8945 -13.3648
      vertex 39 -55.8808 -13.3648
    endloop
  endfacet
  facet normal -0 0 1
    outer loop
      vertex 38.5432 -54.0107 -13.3648
      vertex 38.7912 -55.8945 -13.3648
      vertex 39 -53.9808 -13.3648
    endloop
  endfacet
  facet normal 0 0 1
    outer loop
      vertex 38.7912 -55.8945 -13.3648
      vertex 38.5432 -54.0107 -13.3648
      vertex 38.5859 -55.9353 -13.3648
    endloop
  endfacet
  facet normal -0 0 1
    outer loop
      vertex 38.0941 -54.1 -13.3648
      vertex 38.5859 -55.9353 -13.3648
      vertex 38.5432 -54.0107 -13.3648
    endloop
  endfacet
  facet normal 0 0 1
    outer loop
      vertex 38.5859 -55.9353 -13.3648
      vertex 38.0941 -54.1 -13.3648
      vertex 38.3877 -56.0026 -13.3648
    endloop
  endfacet
  facet normal -0 0 1
    outer loop
      vertex 37.6606 -54.2472 -13.3648
      vertex 38.3877 -56.0026 -13.3648
      vertex 38.0941 -54.1 -13.3648
    endloop
  endfacet
  facet normal 0 0 1
    outer loop
      vertex 38.3877 -56.0026 -13.3648
      vertex 37.6606 -54.2472 -13.3648
      vertex 38.2 -56.0951 -13.3648
    endloop
  endfacet
  facet normal -0 0 1
    outer loop
      vertex 37.25 -54.4497 -13.3648
      vertex 38.2 -56.0951 -13.3648
      vertex 37.6606 -54.2472 -13.3648
    endloop
  endfacet
  facet normal 0 0 1
    outer loop
      vertex 38.2 -56.0951 -13.3648
      vertex 37.25 -54.4497 -13.3648
      vertex 38.026 -56.2114 -13.3648
    endloop
  endfacet
  facet normal -0 0 1
    outer loop
      vertex 36.8693 -54.704 -13.3648
      vertex 38.026 -56.2114 -13.3648
      vertex 37.25 -54.4497 -13.3648
    endloop
  endfacet
  facet normal 0 0 1
    outer loop
      vertex 38.026 -56.2114 -13.3648
      vertex 36.8693 -54.704 -13.3648
      vertex 37.8686 -56.3494 -13.3648
    endloop
  endfacet
  facet normal -0 0 1
    outer loop
      vertex 36.5251 -55.0059 -13.3648
      vertex 37.8686 -56.3494 -13.3648
      vertex 36.8693 -54.704 -13.3648
    endloop
  endfacet
  facet normal 0 0 1
    outer loop
      vertex 37.8686 -56.3494 -13.3648
      vertex 36.5251 -55.0059 -13.3648
      vertex 37.7306 -56.5068 -13.3648
    endloop
  endfacet
  facet normal -0 0 1
    outer loop
      vertex 36.2233 -55.3501 -13.3648
      vertex 37.7306 -56.5068 -13.3648
      vertex 36.5251 -55.0059 -13.3648
    endloop
  endfacet
  facet normal -0 0 1
    outer loop
      vertex 35.9689 -55.7308 -13.3648
      vertex 37.6144 -56.6808 -13.3648
      vertex 36.2233 -55.3501 -13.3648
    endloop
  endfacet
  facet normal 0 0 1
    outer loop
      vertex 37.7306 -56.5068 -13.3648
      vertex 36.2233 -55.3501 -13.3648
      vertex 37.6144 -56.6808 -13.3648
    endloop
  endfacet
  facet normal 0 0 1
    outer loop
      vertex 42.0311 -59.2308 -13.3648
      vertex 40.3856 -58.2808 -13.3648
      vertex 41.7767 -59.6114 -13.3648
    endloop
  endfacet
  facet normal -0 0 1
    outer loop
      vertex 40.2694 -58.4548 -13.3648
      vertex 41.7767 -59.6114 -13.3648
      vertex 40.3856 -58.2808 -13.3648
    endloop
  endfacet
  facet normal 0 0 1
    outer loop
      vertex 41.7767 -59.6114 -13.3648
      vertex 40.2694 -58.4548 -13.3648
      vertex 41.4749 -59.9557 -13.3648
    endloop
  endfacet
  facet normal -0 0 1
    outer loop
      vertex 40.1314 -58.6121 -13.3648
      vertex 41.4749 -59.9557 -13.3648
      vertex 40.2694 -58.4548 -13.3648
    endloop
  endfacet
  facet normal 0 0 1
    outer loop
      vertex 41.4749 -59.9557 -13.3648
      vertex 40.1314 -58.6121 -13.3648
      vertex 41.1307 -60.2575 -13.3648
    endloop
  endfacet
  facet normal -0 0 1
    outer loop
      vertex 39.974 -58.7501 -13.3648
      vertex 41.1307 -60.2575 -13.3648
      vertex 40.1314 -58.6121 -13.3648
    endloop
  endfacet
  facet normal 0 0 1
    outer loop
      vertex 41.1307 -60.2575 -13.3648
      vertex 39.974 -58.7501 -13.3648
      vertex 40.75 -60.5119 -13.3648
    endloop
  endfacet
  facet normal -0 0 1
    outer loop
      vertex 39.8 -58.8664 -13.3648
      vertex 40.75 -60.5119 -13.3648
      vertex 39.974 -58.7501 -13.3648
    endloop
  endfacet
  facet normal 0 0 1
    outer loop
      vertex 40.75 -60.5119 -13.3648
      vertex 39.8 -58.8664 -13.3648
      vertex 40.3394 -60.7144 -13.3648
    endloop
  endfacet
  facet normal -0 0 1
    outer loop
      vertex 39.6123 -58.959 -13.3648
      vertex 40.3394 -60.7144 -13.3648
      vertex 39.8 -58.8664 -13.3648
    endloop
  endfacet
  facet normal 0 0 1
    outer loop
      vertex 40.3394 -60.7144 -13.3648
      vertex 39.6123 -58.959 -13.3648
      vertex 39.9059 -60.8615 -13.3648
    endloop
  endfacet
  facet normal -0 0 1
    outer loop
      vertex 39.4141 -59.0263 -13.3648
      vertex 39.9059 -60.8615 -13.3648
      vertex 39.6123 -58.959 -13.3648
    endloop
  endfacet
  facet normal 0 0 1
    outer loop
      vertex 39.9059 -60.8615 -13.3648
      vertex 39.4141 -59.0263 -13.3648
      vertex 39.4568 -60.9508 -13.3648
    endloop
  endfacet
  facet normal -0 0 1
    outer loop
      vertex 39.2088 -59.0671 -13.3648
      vertex 39.4568 -60.9508 -13.3648
      vertex 39.4141 -59.0263 -13.3648
    endloop
  endfacet
  facet normal -0 0 1
    outer loop
      vertex 39 -59.0808 -13.3648
      vertex 39.4568 -60.9508 -13.3648
      vertex 39.2088 -59.0671 -13.3648
    endloop
  endfacet
  facet normal 0 0 1
    outer loop
      vertex 39 -59.0808 -13.3648
      vertex 39 -60.9808 -13.3648
      vertex 39.4568 -60.9508 -13.3648
    endloop
  endfacet
  facet normal 0 0 1
    outer loop
      vertex 38.7912 -59.0671 -13.3648
      vertex 39 -60.9808 -13.3648
      vertex 39 -59.0808 -13.3648
    endloop
  endfacet
  facet normal 0 0 1
    outer loop
      vertex 38.5432 -60.9508 -13.3648
      vertex 38.7912 -59.0671 -13.3648
      vertex 38.5859 -59.0263 -13.3648
    endloop
  endfacet
  facet normal 0 0 1
    outer loop
      vertex 38.7912 -59.0671 -13.3648
      vertex 38.5432 -60.9508 -13.3648
      vertex 39 -60.9808 -13.3648
    endloop
  endfacet
  facet normal 0 0 1
    outer loop
      vertex 38.0941 -60.8615 -13.3648
      vertex 38.5859 -59.0263 -13.3648
      vertex 38.3877 -58.959 -13.3648
    endloop
  endfacet
  facet normal 0 0 1
    outer loop
      vertex 37.6606 -60.7144 -13.3648
      vertex 38.3877 -58.959 -13.3648
      vertex 38.2 -58.8664 -13.3648
    endloop
  endfacet
  facet normal 0 0 1
    outer loop
      vertex 38.5859 -59.0263 -13.3648
      vertex 38.0941 -60.8615 -13.3648
      vertex 38.5432 -60.9508 -13.3648
    endloop
  endfacet
  facet normal 0 0 1
    outer loop
      vertex 37.25 -60.5119 -13.3648
      vertex 38.2 -58.8664 -13.3648
      vertex 38.026 -58.7501 -13.3648
    endloop
  endfacet
  facet normal 0 0 1
    outer loop
      vertex 36.8693 -60.2575 -13.3648
      vertex 38.026 -58.7501 -13.3648
      vertex 37.8686 -58.6121 -13.3648
    endloop
  endfacet
  facet normal 0 0 1
    outer loop
      vertex 36.5251 -59.9557 -13.3648
      vertex 37.8686 -58.6121 -13.3648
      vertex 37.7306 -58.4548 -13.3648
    endloop
  endfacet
  facet normal 0 0 1
    outer loop
      vertex 38.3877 -58.959 -13.3648
      vertex 37.6606 -60.7144 -13.3648
      vertex 38.0941 -60.8615 -13.3648
    endloop
  endfacet
  facet normal 0 0 1
    outer loop
      vertex 36.2233 -59.6114 -13.3648
      vertex 37.7306 -58.4548 -13.3648
      vertex 37.6144 -58.2808 -13.3648
    endloop
  endfacet
  facet normal 0 0 1
    outer loop
      vertex 35.9689 -59.2308 -13.3648
      vertex 37.6144 -58.2808 -13.3648
      vertex 37.5218 -58.0931 -13.3648
    endloop
  endfacet
  facet normal 0 0 1
    outer loop
      vertex 35.7664 -58.8202 -13.3648
      vertex 37.5218 -58.0931 -13.3648
      vertex 37.4545 -57.8949 -13.3648
    endloop
  endfacet
  facet normal 0 0 1
    outer loop
      vertex 35.6193 -58.3866 -13.3648
      vertex 37.4545 -57.8949 -13.3648
      vertex 37.4137 -57.6896 -13.3648
    endloop
  endfacet
  facet normal 0 0 1
    outer loop
      vertex 38.2 -58.8664 -13.3648
      vertex 37.25 -60.5119 -13.3648
      vertex 37.6606 -60.7144 -13.3648
    endloop
  endfacet
  facet normal 0 0 1
    outer loop
      vertex 35.5299 -57.9376 -13.3648
      vertex 37.4137 -57.6896 -13.3648
      vertex 37.4 -57.4808 -13.3648
    endloop
  endfacet
  facet normal 0 0 1
    outer loop
      vertex 37.6144 -56.6808 -13.3648
      vertex 35.9689 -55.7308 -13.3648
      vertex 37.5218 -56.8685 -13.3648
    endloop
  endfacet
  facet normal -0 0 1
    outer loop
      vertex 35.7664 -56.1414 -13.3648
      vertex 37.5218 -56.8685 -13.3648
      vertex 35.9689 -55.7308 -13.3648
    endloop
  endfacet
  facet normal 0 0 1
    outer loop
      vertex 38.026 -58.7501 -13.3648
      vertex 36.8693 -60.2575 -13.3648
      vertex 37.25 -60.5119 -13.3648
    endloop
  endfacet
  facet normal 0 0 1
    outer loop
      vertex 37.5218 -56.8685 -13.3648
      vertex 35.7664 -56.1414 -13.3648
      vertex 37.4545 -57.0667 -13.3648
    endloop
  endfacet
  facet normal 0 0 1
    outer loop
      vertex 37.8686 -58.6121 -13.3648
      vertex 36.5251 -59.9557 -13.3648
      vertex 36.8693 -60.2575 -13.3648
    endloop
  endfacet
  facet normal -0 0 1
    outer loop
      vertex 35.6193 -56.5749 -13.3648
      vertex 37.4545 -57.0667 -13.3648
      vertex 35.7664 -56.1414 -13.3648
    endloop
  endfacet
  facet normal 0 0 1
    outer loop
      vertex 37.7306 -58.4548 -13.3648
      vertex 36.2233 -59.6114 -13.3648
      vertex 36.5251 -59.9557 -13.3648
    endloop
  endfacet
  facet normal 0 0 1
    outer loop
      vertex 37.4545 -57.0667 -13.3648
      vertex 35.6193 -56.5749 -13.3648
      vertex 37.4137 -57.2719 -13.3648
    endloop
  endfacet
  facet normal 0 0 1
    outer loop
      vertex 37.6144 -58.2808 -13.3648
      vertex 35.9689 -59.2308 -13.3648
      vertex 36.2233 -59.6114 -13.3648
    endloop
  endfacet
  facet normal -0 0 1
    outer loop
      vertex 35.5299 -57.0239 -13.3648
      vertex 37.4137 -57.2719 -13.3648
      vertex 35.6193 -56.5749 -13.3648
    endloop
  endfacet
  facet normal 0 0 1
    outer loop
      vertex 37.5218 -58.0931 -13.3648
      vertex 35.7664 -58.8202 -13.3648
      vertex 35.9689 -59.2308 -13.3648
    endloop
  endfacet
  facet normal 0 0 1
    outer loop
      vertex 37.4137 -57.2719 -13.3648
      vertex 35.5299 -57.0239 -13.3648
      vertex 37.4 -57.4808 -13.3648
    endloop
  endfacet
  facet normal 0 0 1
    outer loop
      vertex 37.4545 -57.8949 -13.3648
      vertex 35.6193 -58.3866 -13.3648
      vertex 35.7664 -58.8202 -13.3648
    endloop
  endfacet
  facet normal 0 0 1
    outer loop
      vertex 35.5 -57.4808 -13.3648
      vertex 37.4 -57.4808 -13.3648
      vertex 35.5299 -57.0239 -13.3648
    endloop
  endfacet
  facet normal 0 0 1
    outer loop
      vertex 37.4137 -57.6896 -13.3648
      vertex 35.5299 -57.9376 -13.3648
      vertex 35.6193 -58.3866 -13.3648
    endloop
  endfacet
  facet normal 0 0 1
    outer loop
      vertex 37.4 -57.4808 -13.3648
      vertex 35.5 -57.4808 -13.3648
      vertex 35.5299 -57.9376 -13.3648
    endloop
  endfacet
  facet normal -0.997865 -0.0653156 0
    outer loop
      vertex 35.5299 -57.9376 -15.3648
      vertex 35.5 -57.4808 -13.3648
      vertex 35.5 -57.4808 -15.3648
    endloop
  endfacet
  facet normal -0.997865 -0.0653156 0
    outer loop
      vertex 35.5 -57.4808 -13.3648
      vertex 35.5299 -57.9376 -15.3648
      vertex 35.5299 -57.9376 -13.3648
    endloop
  endfacet
  facet normal -0.831378 -0.555708 0
    outer loop
      vertex 36.2233 -59.6114 -15.3648
      vertex 35.9689 -59.2308 -13.3648
      vertex 35.9689 -59.2308 -15.3648
    endloop
  endfacet
  facet normal -0.831378 -0.555708 0
    outer loop
      vertex 35.9689 -59.2308 -13.3648
      vertex 36.2233 -59.6114 -15.3648
      vertex 36.2233 -59.6114 -13.3648
    endloop
  endfacet
  facet normal -0.195024 -0.980798 0
    outer loop
      vertex 38.0941 -60.8615 -15.3648
      vertex 38.5432 -60.9508 -13.3648
      vertex 38.0941 -60.8615 -13.3648
    endloop
  endfacet
  facet normal -0.195024 -0.980798 -0
    outer loop
      vertex 38.5432 -60.9508 -13.3648
      vertex 38.0941 -60.8615 -15.3648
      vertex 38.5432 -60.9508 -15.3648
    endloop
  endfacet
  facet normal -0.751995 -0.659169 0
    outer loop
      vertex 36.5251 -59.9557 -15.3648
      vertex 36.2233 -59.6114 -13.3648
      vertex 36.2233 -59.6114 -15.3648
    endloop
  endfacet
  facet normal -0.751995 -0.659169 0
    outer loop
      vertex 36.2233 -59.6114 -13.3648
      vertex 36.5251 -59.9557 -15.3648
      vertex 36.5251 -59.9557 -13.3648
    endloop
  endfacet
  facet normal 0.997865 -0.0653156 0
    outer loop
      vertex 42.4701 -57.9376 -13.3648
      vertex 42.5 -57.4808 -15.3648
      vertex 42.5 -57.4808 -13.3648
    endloop
  endfacet
  facet normal 0.997865 -0.0653156 0
    outer loop
      vertex 42.5 -57.4808 -15.3648
      vertex 42.4701 -57.9376 -13.3648
      vertex 42.4701 -57.9376 -15.3648
    endloop
  endfacet
  facet normal 0.555456 0.831546 -0
    outer loop
      vertex 41.1307 -54.704 -15.3648
      vertex 40.75 -54.4497 -13.3648
      vertex 41.1307 -54.704 -13.3648
    endloop
  endfacet
  facet normal 0.555456 0.831546 0
    outer loop
      vertex 40.75 -54.4497 -13.3648
      vertex 41.1307 -54.704 -15.3648
      vertex 40.75 -54.4497 -15.3648
    endloop
  endfacet
  facet normal 0.946966 0.321335 0
    outer loop
      vertex 42.3807 -56.5749 -13.3648
      vertex 42.2336 -56.1414 -15.3648
      vertex 42.2336 -56.1414 -13.3648
    endloop
  endfacet
  facet normal 0.946966 0.321335 0
    outer loop
      vertex 42.2336 -56.1414 -15.3648
      vertex 42.3807 -56.5749 -13.3648
      vertex 42.3807 -56.5749 -15.3648
    endloop
  endfacet
  facet normal 0.751995 -0.659169 0
    outer loop
      vertex 41.4749 -59.9557 -13.3648
      vertex 41.7767 -59.6114 -15.3648
      vertex 41.7767 -59.6114 -13.3648
    endloop
  endfacet
  facet normal 0.751995 -0.659169 0
    outer loop
      vertex 41.7767 -59.6114 -15.3648
      vertex 41.4749 -59.9557 -13.3648
      vertex 41.4749 -59.9557 -15.3648
    endloop
  endfacet
  facet normal -0.0655331 -0.99785 0
    outer loop
      vertex 38.5432 -60.9508 -15.3648
      vertex 39 -60.9808 -13.3648
      vertex 38.5432 -60.9508 -13.3648
    endloop
  endfacet
  facet normal -0.0655331 -0.99785 -0
    outer loop
      vertex 39 -60.9808 -13.3648
      vertex 38.5432 -60.9508 -15.3648
      vertex 39 -60.9808 -15.3648
    endloop
  endfacet
  facet normal 0.195024 -0.980798 0
    outer loop
      vertex 39.4568 -60.9508 -15.3648
      vertex 39.9059 -60.8615 -13.3648
      vertex 39.4568 -60.9508 -13.3648
    endloop
  endfacet
  facet normal 0.195024 -0.980798 0
    outer loop
      vertex 39.9059 -60.8615 -13.3648
      vertex 39.4568 -60.9508 -15.3648
      vertex 39.9059 -60.8615 -15.3648
    endloop
  endfacet
  facet normal 0.442314 -0.89686 0
    outer loop
      vertex 40.3394 -60.7144 -15.3648
      vertex 40.75 -60.5119 -13.3648
      vertex 40.3394 -60.7144 -13.3648
    endloop
  endfacet
  facet normal 0.442314 -0.89686 0
    outer loop
      vertex 40.75 -60.5119 -13.3648
      vertex 40.3394 -60.7144 -15.3648
      vertex 40.75 -60.5119 -15.3648
    endloop
  endfacet
  facet normal -0.980748 -0.195276 0
    outer loop
      vertex 35.6193 -58.3866 -15.3648
      vertex 35.5299 -57.9376 -13.3648
      vertex 35.5299 -57.9376 -15.3648
    endloop
  endfacet
  facet normal -0.980748 -0.195276 0
    outer loop
      vertex 35.5299 -57.9376 -13.3648
      vertex 35.6193 -58.3866 -15.3648
      vertex 35.6193 -58.3866 -13.3648
    endloop
  endfacet
  facet normal -0.89686 -0.442314 0
    outer loop
      vertex 35.9689 -59.2308 -15.3648
      vertex 35.7664 -58.8202 -13.3648
      vertex 35.7664 -58.8202 -15.3648
    endloop
  endfacet
  facet normal -0.89686 -0.442314 0
    outer loop
      vertex 35.7664 -58.8202 -13.3648
      vertex 35.9689 -59.2308 -15.3648
      vertex 35.9689 -59.2308 -13.3648
    endloop
  endfacet
  facet normal -0.321335 -0.946966 0
    outer loop
      vertex 37.6606 -60.7144 -15.3648
      vertex 38.0941 -60.8615 -13.3648
      vertex 37.6606 -60.7144 -13.3648
    endloop
  endfacet
  facet normal -0.321335 -0.946966 -0
    outer loop
      vertex 38.0941 -60.8615 -13.3648
      vertex 37.6606 -60.7144 -15.3648
      vertex 38.0941 -60.8615 -15.3648
    endloop
  endfacet
  facet normal -0.659278 -0.7519 0
    outer loop
      vertex 36.5251 -59.9557 -15.3648
      vertex 36.8693 -60.2575 -13.3648
      vertex 36.5251 -59.9557 -13.3648
    endloop
  endfacet
  facet normal -0.659278 -0.7519 -0
    outer loop
      vertex 36.8693 -60.2575 -13.3648
      vertex 36.5251 -59.9557 -15.3648
      vertex 36.8693 -60.2575 -15.3648
    endloop
  endfacet
  facet normal -0.555607 -0.831445 0
    outer loop
      vertex 36.8693 -60.2575 -15.3648
      vertex 37.25 -60.5119 -13.3648
      vertex 36.8693 -60.2575 -13.3648
    endloop
  endfacet
  facet normal -0.555607 -0.831445 -0
    outer loop
      vertex 37.25 -60.5119 -13.3648
      vertex 36.8693 -60.2575 -15.3648
      vertex 37.25 -60.5119 -15.3648
    endloop
  endfacet
  facet normal 0.831445 0.555607 0
    outer loop
      vertex 42.0311 -55.7308 -13.3648
      vertex 41.7767 -55.3501 -15.3648
      vertex 41.7767 -55.3501 -13.3648
    endloop
  endfacet
  facet normal 0.831445 0.555607 0
    outer loop
      vertex 41.7767 -55.3501 -15.3648
      vertex 42.0311 -55.7308 -13.3648
      vertex 42.0311 -55.7308 -15.3648
    endloop
  endfacet
  facet normal 0.0653156 0.997865 -0
    outer loop
      vertex 39.4568 -54.0107 -15.3648
      vertex 39 -53.9808 -13.3648
      vertex 39.4568 -54.0107 -13.3648
    endloop
  endfacet
  facet normal 0.0653156 0.997865 0
    outer loop
      vertex 39 -53.9808 -13.3648
      vertex 39.4568 -54.0107 -15.3648
      vertex 39 -53.9808 -15.3648
    endloop
  endfacet
  facet normal -0.831445 0.555607 0
    outer loop
      vertex 35.9689 -55.7308 -15.3648
      vertex 36.2233 -55.3501 -13.3648
      vertex 36.2233 -55.3501 -15.3648
    endloop
  endfacet
  facet normal -0.831445 0.555607 0
    outer loop
      vertex 36.2233 -55.3501 -13.3648
      vertex 35.9689 -55.7308 -15.3648
      vertex 35.9689 -55.7308 -13.3648
    endloop
  endfacet
  facet normal 0.195024 0.980798 -0
    outer loop
      vertex 39.9059 -54.1 -15.3648
      vertex 39.4568 -54.0107 -13.3648
      vertex 39.9059 -54.1 -13.3648
    endloop
  endfacet
  facet normal 0.195024 0.980798 0
    outer loop
      vertex 39.4568 -54.0107 -13.3648
      vertex 39.9059 -54.1 -15.3648
      vertex 39.4568 -54.0107 -15.3648
    endloop
  endfacet
  facet normal 0.442314 0.89686 -0
    outer loop
      vertex 40.75 -54.4497 -15.3648
      vertex 40.3394 -54.2472 -13.3648
      vertex 40.75 -54.4497 -13.3648
    endloop
  endfacet
  facet normal 0.442314 0.89686 0
    outer loop
      vertex 40.3394 -54.2472 -13.3648
      vertex 40.75 -54.4497 -15.3648
      vertex 40.3394 -54.2472 -15.3648
    endloop
  endfacet
  facet normal 0.89686 -0.442314 0
    outer loop
      vertex 42.0311 -59.2308 -13.3648
      vertex 42.2336 -58.8202 -15.3648
      vertex 42.2336 -58.8202 -13.3648
    endloop
  endfacet
  facet normal 0.89686 -0.442314 0
    outer loop
      vertex 42.2336 -58.8202 -15.3648
      vertex 42.0311 -59.2308 -13.3648
      vertex 42.0311 -59.2308 -15.3648
    endloop
  endfacet
  facet normal 0.946988 -0.321268 0
    outer loop
      vertex 42.2336 -58.8202 -13.3648
      vertex 42.3807 -58.3866 -15.3648
      vertex 42.3807 -58.3866 -13.3648
    endloop
  endfacet
  facet normal 0.946988 -0.321268 0
    outer loop
      vertex 42.3807 -58.3866 -15.3648
      vertex 42.2336 -58.8202 -13.3648
      vertex 42.2336 -58.8202 -15.3648
    endloop
  endfacet
  facet normal -0.997866 0.0653013 0
    outer loop
      vertex 35.5 -57.4808 -15.3648
      vertex 35.5299 -57.0239 -13.3648
      vertex 35.5299 -57.0239 -15.3648
    endloop
  endfacet
  facet normal -0.997866 0.0653013 0
    outer loop
      vertex 35.5299 -57.0239 -13.3648
      vertex 35.5 -57.4808 -15.3648
      vertex 35.5 -57.4808 -13.3648
    endloop
  endfacet
  facet normal 0.997866 0.0653013 0
    outer loop
      vertex 42.5 -57.4808 -13.3648
      vertex 42.4701 -57.0239 -15.3648
      vertex 42.4701 -57.0239 -13.3648
    endloop
  endfacet
  facet normal 0.997866 0.0653013 0
    outer loop
      vertex 42.4701 -57.0239 -15.3648
      vertex 42.5 -57.4808 -13.3648
      vertex 42.5 -57.4808 -15.3648
    endloop
  endfacet
  facet normal 0.7519 0.659278 0
    outer loop
      vertex 41.7767 -55.3501 -13.3648
      vertex 41.4749 -55.0059 -15.3648
      vertex 41.4749 -55.0059 -13.3648
    endloop
  endfacet
  facet normal 0.7519 0.659278 0
    outer loop
      vertex 41.4749 -55.0059 -15.3648
      vertex 41.7767 -55.3501 -13.3648
      vertex 41.7767 -55.3501 -15.3648
    endloop
  endfacet
  facet normal 0.89686 0.442314 0
    outer loop
      vertex 42.2336 -56.1414 -13.3648
      vertex 42.0311 -55.7308 -15.3648
      vertex 42.0311 -55.7308 -13.3648
    endloop
  endfacet
  facet normal 0.89686 0.442314 0
    outer loop
      vertex 42.0311 -55.7308 -15.3648
      vertex 42.2336 -56.1414 -13.3648
      vertex 42.2336 -56.1414 -15.3648
    endloop
  endfacet
  facet normal -0.89686 0.442314 0
    outer loop
      vertex 35.7664 -56.1414 -15.3648
      vertex 35.9689 -55.7308 -13.3648
      vertex 35.9689 -55.7308 -15.3648
    endloop
  endfacet
  facet normal -0.89686 0.442314 0
    outer loop
      vertex 35.9689 -55.7308 -13.3648
      vertex 35.7664 -56.1414 -15.3648
      vertex 35.7664 -56.1414 -13.3648
    endloop
  endfacet
  facet normal -0.946966 0.321335 0
    outer loop
      vertex 35.6193 -56.5749 -15.3648
      vertex 35.7664 -56.1414 -13.3648
      vertex 35.7664 -56.1414 -15.3648
    endloop
  endfacet
  facet normal -0.946966 0.321335 0
    outer loop
      vertex 35.7664 -56.1414 -13.3648
      vertex 35.6193 -56.5749 -15.3648
      vertex 35.6193 -56.5749 -13.3648
    endloop
  endfacet
  facet normal -0.980748 0.195276 0
    outer loop
      vertex 35.5299 -57.0239 -15.3648
      vertex 35.6193 -56.5749 -13.3648
      vertex 35.6193 -56.5749 -15.3648
    endloop
  endfacet
  facet normal -0.980748 0.195276 0
    outer loop
      vertex 35.6193 -56.5749 -13.3648
      vertex 35.5299 -57.0239 -15.3648
      vertex 35.5299 -57.0239 -13.3648
    endloop
  endfacet
  facet normal 0.321531 0.946899 -0
    outer loop
      vertex 40.3394 -54.2472 -15.3648
      vertex 39.9059 -54.1 -13.3648
      vertex 40.3394 -54.2472 -13.3648
    endloop
  endfacet
  facet normal 0.321531 0.946899 0
    outer loop
      vertex 39.9059 -54.1 -13.3648
      vertex 40.3394 -54.2472 -15.3648
      vertex 39.9059 -54.1 -15.3648
    endloop
  endfacet
  facet normal 0.659401 0.751791 -0
    outer loop
      vertex 41.4749 -55.0059 -15.3648
      vertex 41.1307 -54.704 -13.3648
      vertex 41.4749 -55.0059 -13.3648
    endloop
  endfacet
  facet normal 0.659401 0.751791 0
    outer loop
      vertex 41.1307 -54.704 -13.3648
      vertex 41.4749 -55.0059 -15.3648
      vertex 41.1307 -54.704 -15.3648
    endloop
  endfacet
  facet normal -0.555456 0.831546 0
    outer loop
      vertex 37.25 -54.4497 -15.3648
      vertex 36.8693 -54.704 -13.3648
      vertex 37.25 -54.4497 -13.3648
    endloop
  endfacet
  facet normal -0.555456 0.831546 0
    outer loop
      vertex 36.8693 -54.704 -13.3648
      vertex 37.25 -54.4497 -15.3648
      vertex 36.8693 -54.704 -15.3648
    endloop
  endfacet
  facet normal -0.195024 0.980798 0
    outer loop
      vertex 38.5432 -54.0107 -15.3648
      vertex 38.0941 -54.1 -13.3648
      vertex 38.5432 -54.0107 -13.3648
    endloop
  endfacet
  facet normal -0.195024 0.980798 0
    outer loop
      vertex 38.0941 -54.1 -13.3648
      vertex 38.5432 -54.0107 -15.3648
      vertex 38.0941 -54.1 -15.3648
    endloop
  endfacet
  facet normal -0.0653156 0.997865 0
    outer loop
      vertex 39 -53.9808 -15.3648
      vertex 38.5432 -54.0107 -13.3648
      vertex 39 -53.9808 -13.3648
    endloop
  endfacet
  facet normal -0.0653156 0.997865 0
    outer loop
      vertex 38.5432 -54.0107 -13.3648
      vertex 39 -53.9808 -15.3648
      vertex 38.5432 -54.0107 -15.3648
    endloop
  endfacet
  facet normal -0.7519 0.659278 0
    outer loop
      vertex 36.2233 -55.3501 -15.3648
      vertex 36.5251 -55.0059 -13.3648
      vertex 36.5251 -55.0059 -15.3648
    endloop
  endfacet
  facet normal -0.7519 0.659278 0
    outer loop
      vertex 36.5251 -55.0059 -13.3648
      vertex 36.2233 -55.3501 -15.3648
      vertex 36.2233 -55.3501 -13.3648
    endloop
  endfacet
  facet normal -0.659401 0.751791 0
    outer loop
      vertex 36.8693 -54.704 -15.3648
      vertex 36.5251 -55.0059 -13.3648
      vertex 36.8693 -54.704 -13.3648
    endloop
  endfacet
  facet normal -0.659401 0.751791 0
    outer loop
      vertex 36.5251 -55.0059 -13.3648
      vertex 36.8693 -54.704 -15.3648
      vertex 36.5251 -55.0059 -15.3648
    endloop
  endfacet
  facet normal -0.442314 0.89686 0
    outer loop
      vertex 37.6606 -54.2472 -15.3648
      vertex 37.25 -54.4497 -13.3648
      vertex 37.6606 -54.2472 -13.3648
    endloop
  endfacet
  facet normal -0.442314 0.89686 0
    outer loop
      vertex 37.25 -54.4497 -13.3648
      vertex 37.6606 -54.2472 -15.3648
      vertex 37.25 -54.4497 -15.3648
    endloop
  endfacet
  facet normal -0.321531 0.946899 0
    outer loop
      vertex 38.0941 -54.1 -15.3648
      vertex 37.6606 -54.2472 -13.3648
      vertex 38.0941 -54.1 -13.3648
    endloop
  endfacet
  facet normal -0.321531 0.946899 0
    outer loop
      vertex 37.6606 -54.2472 -13.3648
      vertex 38.0941 -54.1 -15.3648
      vertex 37.6606 -54.2472 -15.3648
    endloop
  endfacet
  facet normal 0.831378 -0.555708 0
    outer loop
      vertex 41.7767 -10.6114 -13.3648
      vertex 42.0311 -10.2308 -15.3648
      vertex 42.0311 -10.2308 -13.3648
    endloop
  endfacet
  facet normal 0.831378 -0.555708 0
    outer loop
      vertex 42.0311 -10.2308 -15.3648
      vertex 41.7767 -10.6114 -13.3648
      vertex 41.7767 -10.6114 -15.3648
    endloop
  endfacet
  facet normal 0.195024 -0.980798 0
    outer loop
      vertex 39.4568 -11.9508 -15.3648
      vertex 39.9059 -11.8615 -13.3648
      vertex 39.4568 -11.9508 -13.3648
    endloop
  endfacet
  facet normal 0.195024 -0.980798 0
    outer loop
      vertex 39.9059 -11.8615 -13.3648
      vertex 39.4568 -11.9508 -15.3648
      vertex 39.9059 -11.8615 -15.3648
    endloop
  endfacet
  facet normal 0.321335 -0.946966 0
    outer loop
      vertex 39.9059 -11.8615 -15.3648
      vertex 40.3394 -11.7144 -13.3648
      vertex 39.9059 -11.8615 -13.3648
    endloop
  endfacet
  facet normal 0.321335 -0.946966 0
    outer loop
      vertex 40.3394 -11.7144 -13.3648
      vertex 39.9059 -11.8615 -15.3648
      vertex 40.3394 -11.7144 -15.3648
    endloop
  endfacet
  facet normal -0.442314 -0.89686 0
    outer loop
      vertex 37.25 -11.5119 -15.3648
      vertex 37.6606 -11.7144 -13.3648
      vertex 37.25 -11.5119 -13.3648
    endloop
  endfacet
  facet normal -0.442314 -0.89686 -0
    outer loop
      vertex 37.6606 -11.7144 -13.3648
      vertex 37.25 -11.5119 -15.3648
      vertex 37.6606 -11.7144 -15.3648
    endloop
  endfacet
  facet normal -0.946972 -0.321315 0
    outer loop
      vertex 35.7664 -9.82017 -15.3648
      vertex 35.6193 -9.38664 -13.3648
      vertex 35.6193 -9.38664 -15.3648
    endloop
  endfacet
  facet normal -0.946972 -0.321315 0
    outer loop
      vertex 35.6193 -9.38664 -13.3648
      vertex 35.7664 -9.82017 -15.3648
      vertex 35.7664 -9.82017 -13.3648
    endloop
  endfacet
  facet normal 0.98075 0.195268 0
    outer loop
      vertex 42.4701 -8.02393 -13.3648
      vertex 42.3807 -7.57491 -15.3648
      vertex 42.3807 -7.57491 -13.3648
    endloop
  endfacet
  facet normal 0.98075 0.195268 0
    outer loop
      vertex 42.3807 -7.57491 -15.3648
      vertex 42.4701 -8.02393 -13.3648
      vertex 42.4701 -8.02393 -15.3648
    endloop
  endfacet
  facet normal 0.98075 -0.195268 0
    outer loop
      vertex 42.3807 -9.38664 -13.3648
      vertex 42.4701 -8.93762 -15.3648
      vertex 42.4701 -8.93762 -13.3648
    endloop
  endfacet
  facet normal 0.98075 -0.195268 0
    outer loop
      vertex 42.4701 -8.93762 -15.3648
      vertex 42.3807 -9.38664 -13.3648
      vertex 42.3807 -9.38664 -15.3648
    endloop
  endfacet
  facet normal 0.659401 -0.751791 0
    outer loop
      vertex 41.1307 -11.2575 -15.3648
      vertex 41.4749 -10.9556 -13.3648
      vertex 41.1307 -11.2575 -13.3648
    endloop
  endfacet
  facet normal 0.659401 -0.751791 0
    outer loop
      vertex 41.4749 -10.9556 -13.3648
      vertex 41.1307 -11.2575 -15.3648
      vertex 41.4749 -10.9556 -15.3648
    endloop
  endfacet
  facet normal 0.0655331 -0.99785 0
    outer loop
      vertex 39 -11.9808 -15.3648
      vertex 39.4568 -11.9508 -13.3648
      vertex 39 -11.9808 -13.3648
    endloop
  endfacet
  facet normal 0.0655331 -0.99785 0
    outer loop
      vertex 39.4568 -11.9508 -13.3648
      vertex 39 -11.9808 -15.3648
      vertex 39.4568 -11.9508 -15.3648
    endloop
  endfacet
  facet normal 0.555607 -0.831445 0
    outer loop
      vertex 40.75 -11.5119 -15.3648
      vertex 41.1307 -11.2575 -13.3648
      vertex 40.75 -11.5119 -13.3648
    endloop
  endfacet
  facet normal 0.555607 -0.831445 0
    outer loop
      vertex 41.1307 -11.2575 -13.3648
      vertex 40.75 -11.5119 -15.3648
      vertex 41.1307 -11.2575 -15.3648
    endloop
  endfacet
  facet normal 0 0 1
    outer loop
      vertex 40.6 -8.48077 -13.3648
      vertex 42.5 -8.48077 -13.3648
      vertex 42.4701 -8.02393 -13.3648
    endloop
  endfacet
  facet normal 0 0 1
    outer loop
      vertex 40.5863 -8.27193 -13.3648
      vertex 42.4701 -8.02393 -13.3648
      vertex 42.3807 -7.57491 -13.3648
    endloop
  endfacet
  facet normal 0 0 1
    outer loop
      vertex 42.5 -8.48077 -13.3648
      vertex 40.6 -8.48077 -13.3648
      vertex 42.4701 -8.93762 -13.3648
    endloop
  endfacet
  facet normal 0 0 1
    outer loop
      vertex 40.5455 -8.06666 -13.3648
      vertex 42.3807 -7.57491 -13.3648
      vertex 42.2336 -7.14138 -13.3648
    endloop
  endfacet
  facet normal -0 0 1
    outer loop
      vertex 40.5863 -8.68962 -13.3648
      vertex 42.4701 -8.93762 -13.3648
      vertex 40.6 -8.48077 -13.3648
    endloop
  endfacet
  facet normal 0 0 1
    outer loop
      vertex 40.4782 -7.86848 -13.3648
      vertex 42.2336 -7.14138 -13.3648
      vertex 42.0311 -6.73078 -13.3648
    endloop
  endfacet
  facet normal 0 0 1
    outer loop
      vertex 42.4701 -8.93762 -13.3648
      vertex 40.5863 -8.68962 -13.3648
      vertex 42.3807 -9.38664 -13.3648
    endloop
  endfacet
  facet normal 0 0 1
    outer loop
      vertex 40.3856 -7.68078 -13.3648
      vertex 42.0311 -6.73078 -13.3648
      vertex 41.7767 -6.35011 -13.3648
    endloop
  endfacet
  facet normal -0 0 1
    outer loop
      vertex 40.5455 -8.89489 -13.3648
      vertex 42.3807 -9.38664 -13.3648
      vertex 40.5863 -8.68962 -13.3648
    endloop
  endfacet
  facet normal 0 0 1
    outer loop
      vertex 40.2694 -7.50676 -13.3648
      vertex 41.7767 -6.35011 -13.3648
      vertex 41.4749 -6.0059 -13.3648
    endloop
  endfacet
  facet normal 0 0 1
    outer loop
      vertex 42.3807 -9.38664 -13.3648
      vertex 40.5455 -8.89489 -13.3648
      vertex 42.2336 -9.82017 -13.3648
    endloop
  endfacet
  facet normal 0 0 1
    outer loop
      vertex 40.1314 -7.3494 -13.3648
      vertex 41.4749 -6.0059 -13.3648
      vertex 41.1307 -5.70404 -13.3648
    endloop
  endfacet
  facet normal -0 0 1
    outer loop
      vertex 40.4782 -9.09307 -13.3648
      vertex 42.2336 -9.82017 -13.3648
      vertex 40.5455 -8.89489 -13.3648
    endloop
  endfacet
  facet normal 0 0 1
    outer loop
      vertex 39.974 -7.21141 -13.3648
      vertex 41.1307 -5.70404 -13.3648
      vertex 40.75 -5.44969 -13.3648
    endloop
  endfacet
  facet normal 0 0 1
    outer loop
      vertex 42.2336 -9.82017 -13.3648
      vertex 40.4782 -9.09307 -13.3648
      vertex 42.0311 -10.2308 -13.3648
    endloop
  endfacet
  facet normal -0 0 1
    outer loop
      vertex 40.3856 -9.28078 -13.3648
      vertex 42.0311 -10.2308 -13.3648
      vertex 40.4782 -9.09307 -13.3648
    endloop
  endfacet
  facet normal 0 0 1
    outer loop
      vertex 42.4701 -8.02393 -13.3648
      vertex 40.5863 -8.27193 -13.3648
      vertex 40.6 -8.48077 -13.3648
    endloop
  endfacet
  facet normal 0 0 1
    outer loop
      vertex 42.3807 -7.57491 -13.3648
      vertex 40.5455 -8.06666 -13.3648
      vertex 40.5863 -8.27193 -13.3648
    endloop
  endfacet
  facet normal 0 0 1
    outer loop
      vertex 42.2336 -7.14138 -13.3648
      vertex 40.4782 -7.86848 -13.3648
      vertex 40.5455 -8.06666 -13.3648
    endloop
  endfacet
  facet normal 0 0 1
    outer loop
      vertex 42.0311 -6.73078 -13.3648
      vertex 40.3856 -7.68078 -13.3648
      vertex 40.4782 -7.86848 -13.3648
    endloop
  endfacet
  facet normal 0 0 1
    outer loop
      vertex 39.8 -7.09514 -13.3648
      vertex 40.75 -5.44969 -13.3648
      vertex 40.3394 -5.2472 -13.3648
    endloop
  endfacet
  facet normal 0 0 1
    outer loop
      vertex 41.7767 -6.35011 -13.3648
      vertex 40.2694 -7.50676 -13.3648
      vertex 40.3856 -7.68078 -13.3648
    endloop
  endfacet
  facet normal 0 0 1
    outer loop
      vertex 41.4749 -6.0059 -13.3648
      vertex 40.1314 -7.3494 -13.3648
      vertex 40.2694 -7.50676 -13.3648
    endloop
  endfacet
  facet normal 0 0 1
    outer loop
      vertex 41.1307 -5.70404 -13.3648
      vertex 39.974 -7.21141 -13.3648
      vertex 40.1314 -7.3494 -13.3648
    endloop
  endfacet
  facet normal 0 0 1
    outer loop
      vertex 39.6123 -7.00257 -13.3648
      vertex 40.3394 -5.2472 -13.3648
      vertex 39.9059 -5.10004 -13.3648
    endloop
  endfacet
  facet normal 0 0 1
    outer loop
      vertex 40.75 -5.44969 -13.3648
      vertex 39.8 -7.09514 -13.3648
      vertex 39.974 -7.21141 -13.3648
    endloop
  endfacet
  facet normal 0 0 1
    outer loop
      vertex 40.3394 -5.2472 -13.3648
      vertex 39.6123 -7.00257 -13.3648
      vertex 39.8 -7.09514 -13.3648
    endloop
  endfacet
  facet normal 0 0 1
    outer loop
      vertex 39.4141 -6.93529 -13.3648
      vertex 39.9059 -5.10004 -13.3648
      vertex 39.4568 -5.01072 -13.3648
    endloop
  endfacet
  facet normal 0 0 1
    outer loop
      vertex 39.9059 -5.10004 -13.3648
      vertex 39.4141 -6.93529 -13.3648
      vertex 39.6123 -7.00257 -13.3648
    endloop
  endfacet
  facet normal 0 0 1
    outer loop
      vertex 39.4568 -5.01072 -13.3648
      vertex 39.2088 -6.89446 -13.3648
      vertex 39.4141 -6.93529 -13.3648
    endloop
  endfacet
  facet normal 0 0 1
    outer loop
      vertex 39 -4.98078 -13.3648
      vertex 39.2088 -6.89446 -13.3648
      vertex 39.4568 -5.01072 -13.3648
    endloop
  endfacet
  facet normal 0 0 1
    outer loop
      vertex 39 -4.98078 -13.3648
      vertex 39 -6.88078 -13.3648
      vertex 39.2088 -6.89446 -13.3648
    endloop
  endfacet
  facet normal 0 0 1
    outer loop
      vertex 39 -4.98078 -13.3648
      vertex 38.7912 -6.89446 -13.3648
      vertex 39 -6.88078 -13.3648
    endloop
  endfacet
  facet normal -0 0 1
    outer loop
      vertex 38.5432 -5.01072 -13.3648
      vertex 38.7912 -6.89446 -13.3648
      vertex 39 -4.98078 -13.3648
    endloop
  endfacet
  facet normal 0 0 1
    outer loop
      vertex 38.7912 -6.89446 -13.3648
      vertex 38.5432 -5.01072 -13.3648
      vertex 38.5859 -6.93529 -13.3648
    endloop
  endfacet
  facet normal -0 0 1
    outer loop
      vertex 38.0941 -5.10004 -13.3648
      vertex 38.5859 -6.93529 -13.3648
      vertex 38.5432 -5.01072 -13.3648
    endloop
  endfacet
  facet normal 0 0 1
    outer loop
      vertex 38.5859 -6.93529 -13.3648
      vertex 38.0941 -5.10004 -13.3648
      vertex 38.3877 -7.00257 -13.3648
    endloop
  endfacet
  facet normal -0 0 1
    outer loop
      vertex 37.6606 -5.2472 -13.3648
      vertex 38.3877 -7.00257 -13.3648
      vertex 38.0941 -5.10004 -13.3648
    endloop
  endfacet
  facet normal 0 0 1
    outer loop
      vertex 38.3877 -7.00257 -13.3648
      vertex 37.6606 -5.2472 -13.3648
      vertex 38.2 -7.09514 -13.3648
    endloop
  endfacet
  facet normal -0 0 1
    outer loop
      vertex 37.25 -5.44969 -13.3648
      vertex 38.2 -7.09514 -13.3648
      vertex 37.6606 -5.2472 -13.3648
    endloop
  endfacet
  facet normal 0 0 1
    outer loop
      vertex 38.2 -7.09514 -13.3648
      vertex 37.25 -5.44969 -13.3648
      vertex 38.026 -7.21141 -13.3648
    endloop
  endfacet
  facet normal -0 0 1
    outer loop
      vertex 36.8693 -5.70404 -13.3648
      vertex 38.026 -7.21141 -13.3648
      vertex 37.25 -5.44969 -13.3648
    endloop
  endfacet
  facet normal 0 0 1
    outer loop
      vertex 38.026 -7.21141 -13.3648
      vertex 36.8693 -5.70404 -13.3648
      vertex 37.8686 -7.3494 -13.3648
    endloop
  endfacet
  facet normal -0 0 1
    outer loop
      vertex 36.5251 -6.0059 -13.3648
      vertex 37.8686 -7.3494 -13.3648
      vertex 36.8693 -5.70404 -13.3648
    endloop
  endfacet
  facet normal 0 0 1
    outer loop
      vertex 37.8686 -7.3494 -13.3648
      vertex 36.5251 -6.0059 -13.3648
      vertex 37.7306 -7.50676 -13.3648
    endloop
  endfacet
  facet normal -0 0 1
    outer loop
      vertex 36.2233 -6.35011 -13.3648
      vertex 37.7306 -7.50676 -13.3648
      vertex 36.5251 -6.0059 -13.3648
    endloop
  endfacet
  facet normal -0 0 1
    outer loop
      vertex 35.9689 -6.73078 -13.3648
      vertex 37.6144 -7.68078 -13.3648
      vertex 36.2233 -6.35011 -13.3648
    endloop
  endfacet
  facet normal 0 0 1
    outer loop
      vertex 37.7306 -7.50676 -13.3648
      vertex 36.2233 -6.35011 -13.3648
      vertex 37.6144 -7.68078 -13.3648
    endloop
  endfacet
  facet normal 0 0 1
    outer loop
      vertex 42.0311 -10.2308 -13.3648
      vertex 40.3856 -9.28078 -13.3648
      vertex 41.7767 -10.6114 -13.3648
    endloop
  endfacet
  facet normal -0 0 1
    outer loop
      vertex 40.2694 -9.45479 -13.3648
      vertex 41.7767 -10.6114 -13.3648
      vertex 40.3856 -9.28078 -13.3648
    endloop
  endfacet
  facet normal 0 0 1
    outer loop
      vertex 41.7767 -10.6114 -13.3648
      vertex 40.2694 -9.45479 -13.3648
      vertex 41.4749 -10.9556 -13.3648
    endloop
  endfacet
  facet normal -0 0 1
    outer loop
      vertex 40.1314 -9.61215 -13.3648
      vertex 41.4749 -10.9556 -13.3648
      vertex 40.2694 -9.45479 -13.3648
    endloop
  endfacet
  facet normal 0 0 1
    outer loop
      vertex 41.4749 -10.9556 -13.3648
      vertex 40.1314 -9.61215 -13.3648
      vertex 41.1307 -11.2575 -13.3648
    endloop
  endfacet
  facet normal -0 0 1
    outer loop
      vertex 39.974 -9.75014 -13.3648
      vertex 41.1307 -11.2575 -13.3648
      vertex 40.1314 -9.61215 -13.3648
    endloop
  endfacet
  facet normal 0 0 1
    outer loop
      vertex 41.1307 -11.2575 -13.3648
      vertex 39.974 -9.75014 -13.3648
      vertex 40.75 -11.5119 -13.3648
    endloop
  endfacet
  facet normal -0 0 1
    outer loop
      vertex 39.8 -9.86642 -13.3648
      vertex 40.75 -11.5119 -13.3648
      vertex 39.974 -9.75014 -13.3648
    endloop
  endfacet
  facet normal 0 0 1
    outer loop
      vertex 40.75 -11.5119 -13.3648
      vertex 39.8 -9.86642 -13.3648
      vertex 40.3394 -11.7144 -13.3648
    endloop
  endfacet
  facet normal -0 0 1
    outer loop
      vertex 39.6123 -9.95898 -13.3648
      vertex 40.3394 -11.7144 -13.3648
      vertex 39.8 -9.86642 -13.3648
    endloop
  endfacet
  facet normal 0 0 1
    outer loop
      vertex 40.3394 -11.7144 -13.3648
      vertex 39.6123 -9.95898 -13.3648
      vertex 39.9059 -11.8615 -13.3648
    endloop
  endfacet
  facet normal -0 0 1
    outer loop
      vertex 39.4141 -10.0263 -13.3648
      vertex 39.9059 -11.8615 -13.3648
      vertex 39.6123 -9.95898 -13.3648
    endloop
  endfacet
  facet normal 0 0 1
    outer loop
      vertex 39.9059 -11.8615 -13.3648
      vertex 39.4141 -10.0263 -13.3648
      vertex 39.4568 -11.9508 -13.3648
    endloop
  endfacet
  facet normal -0 0 1
    outer loop
      vertex 39.2088 -10.0671 -13.3648
      vertex 39.4568 -11.9508 -13.3648
      vertex 39.4141 -10.0263 -13.3648
    endloop
  endfacet
  facet normal -0 0 1
    outer loop
      vertex 39 -10.0808 -13.3648
      vertex 39.4568 -11.9508 -13.3648
      vertex 39.2088 -10.0671 -13.3648
    endloop
  endfacet
  facet normal 0 0 1
    outer loop
      vertex 39 -10.0808 -13.3648
      vertex 39 -11.9808 -13.3648
      vertex 39.4568 -11.9508 -13.3648
    endloop
  endfacet
  facet normal 0 0 1
    outer loop
      vertex 38.7912 -10.0671 -13.3648
      vertex 39 -11.9808 -13.3648
      vertex 39 -10.0808 -13.3648
    endloop
  endfacet
  facet normal 0 0 1
    outer loop
      vertex 38.5432 -11.9508 -13.3648
      vertex 38.7912 -10.0671 -13.3648
      vertex 38.5859 -10.0263 -13.3648
    endloop
  endfacet
  facet normal 0 0 1
    outer loop
      vertex 38.7912 -10.0671 -13.3648
      vertex 38.5432 -11.9508 -13.3648
      vertex 39 -11.9808 -13.3648
    endloop
  endfacet
  facet normal 0 0 1
    outer loop
      vertex 38.0941 -11.8615 -13.3648
      vertex 38.5859 -10.0263 -13.3648
      vertex 38.3877 -9.95898 -13.3648
    endloop
  endfacet
  facet normal 0 0 1
    outer loop
      vertex 37.6606 -11.7144 -13.3648
      vertex 38.3877 -9.95898 -13.3648
      vertex 38.2 -9.86642 -13.3648
    endloop
  endfacet
  facet normal 0 0 1
    outer loop
      vertex 38.5859 -10.0263 -13.3648
      vertex 38.0941 -11.8615 -13.3648
      vertex 38.5432 -11.9508 -13.3648
    endloop
  endfacet
  facet normal 0 0 1
    outer loop
      vertex 37.25 -11.5119 -13.3648
      vertex 38.2 -9.86642 -13.3648
      vertex 38.026 -9.75014 -13.3648
    endloop
  endfacet
  facet normal 0 0 1
    outer loop
      vertex 36.8693 -11.2575 -13.3648
      vertex 38.026 -9.75014 -13.3648
      vertex 37.8686 -9.61215 -13.3648
    endloop
  endfacet
  facet normal 0 0 1
    outer loop
      vertex 36.5251 -10.9556 -13.3648
      vertex 37.8686 -9.61215 -13.3648
      vertex 37.7306 -9.45479 -13.3648
    endloop
  endfacet
  facet normal 0 0 1
    outer loop
      vertex 38.3877 -9.95898 -13.3648
      vertex 37.6606 -11.7144 -13.3648
      vertex 38.0941 -11.8615 -13.3648
    endloop
  endfacet
  facet normal 0 0 1
    outer loop
      vertex 36.2233 -10.6114 -13.3648
      vertex 37.7306 -9.45479 -13.3648
      vertex 37.6144 -9.28078 -13.3648
    endloop
  endfacet
  facet normal 0 0 1
    outer loop
      vertex 35.9689 -10.2308 -13.3648
      vertex 37.6144 -9.28078 -13.3648
      vertex 37.5218 -9.09307 -13.3648
    endloop
  endfacet
  facet normal 0 0 1
    outer loop
      vertex 35.7664 -9.82017 -13.3648
      vertex 37.5218 -9.09307 -13.3648
      vertex 37.4545 -8.89489 -13.3648
    endloop
  endfacet
  facet normal 0 0 1
    outer loop
      vertex 35.6193 -9.38664 -13.3648
      vertex 37.4545 -8.89489 -13.3648
      vertex 37.4137 -8.68962 -13.3648
    endloop
  endfacet
  facet normal 0 0 1
    outer loop
      vertex 38.2 -9.86642 -13.3648
      vertex 37.25 -11.5119 -13.3648
      vertex 37.6606 -11.7144 -13.3648
    endloop
  endfacet
  facet normal 0 0 1
    outer loop
      vertex 35.5299 -8.93762 -13.3648
      vertex 37.4137 -8.68962 -13.3648
      vertex 37.4 -8.48077 -13.3648
    endloop
  endfacet
  facet normal 0 0 1
    outer loop
      vertex 37.6144 -7.68078 -13.3648
      vertex 35.9689 -6.73078 -13.3648
      vertex 37.5218 -7.86848 -13.3648
    endloop
  endfacet
  facet normal -0 0 1
    outer loop
      vertex 35.7664 -7.14138 -13.3648
      vertex 37.5218 -7.86848 -13.3648
      vertex 35.9689 -6.73078 -13.3648
    endloop
  endfacet
  facet normal 0 0 1
    outer loop
      vertex 38.026 -9.75014 -13.3648
      vertex 36.8693 -11.2575 -13.3648
      vertex 37.25 -11.5119 -13.3648
    endloop
  endfacet
  facet normal 0 0 1
    outer loop
      vertex 37.5218 -7.86848 -13.3648
      vertex 35.7664 -7.14138 -13.3648
      vertex 37.4545 -8.06666 -13.3648
    endloop
  endfacet
  facet normal 0 0 1
    outer loop
      vertex 37.8686 -9.61215 -13.3648
      vertex 36.5251 -10.9556 -13.3648
      vertex 36.8693 -11.2575 -13.3648
    endloop
  endfacet
  facet normal -0 0 1
    outer loop
      vertex 35.6193 -7.57491 -13.3648
      vertex 37.4545 -8.06666 -13.3648
      vertex 35.7664 -7.14138 -13.3648
    endloop
  endfacet
  facet normal 0 0 1
    outer loop
      vertex 37.7306 -9.45479 -13.3648
      vertex 36.2233 -10.6114 -13.3648
      vertex 36.5251 -10.9556 -13.3648
    endloop
  endfacet
  facet normal 0 0 1
    outer loop
      vertex 37.4545 -8.06666 -13.3648
      vertex 35.6193 -7.57491 -13.3648
      vertex 37.4137 -8.27193 -13.3648
    endloop
  endfacet
  facet normal 0 0 1
    outer loop
      vertex 37.6144 -9.28078 -13.3648
      vertex 35.9689 -10.2308 -13.3648
      vertex 36.2233 -10.6114 -13.3648
    endloop
  endfacet
  facet normal -0 0 1
    outer loop
      vertex 35.5299 -8.02393 -13.3648
      vertex 37.4137 -8.27193 -13.3648
      vertex 35.6193 -7.57491 -13.3648
    endloop
  endfacet
  facet normal 0 0 1
    outer loop
      vertex 37.5218 -9.09307 -13.3648
      vertex 35.7664 -9.82017 -13.3648
      vertex 35.9689 -10.2308 -13.3648
    endloop
  endfacet
  facet normal 0 0 1
    outer loop
      vertex 37.4137 -8.27193 -13.3648
      vertex 35.5299 -8.02393 -13.3648
      vertex 37.4 -8.48077 -13.3648
    endloop
  endfacet
  facet normal 0 0 1
    outer loop
      vertex 37.4545 -8.89489 -13.3648
      vertex 35.6193 -9.38664 -13.3648
      vertex 35.7664 -9.82017 -13.3648
    endloop
  endfacet
  facet normal 0 0 1
    outer loop
      vertex 35.5 -8.48077 -13.3648
      vertex 37.4 -8.48077 -13.3648
      vertex 35.5299 -8.02393 -13.3648
    endloop
  endfacet
  facet normal 0 0 1
    outer loop
      vertex 37.4137 -8.68962 -13.3648
      vertex 35.5299 -8.93762 -13.3648
      vertex 35.6193 -9.38664 -13.3648
    endloop
  endfacet
  facet normal 0 0 1
    outer loop
      vertex 37.4 -8.48077 -13.3648
      vertex 35.5 -8.48077 -13.3648
      vertex 35.5299 -8.93762 -13.3648
    endloop
  endfacet
  facet normal -0.997865 -0.0653085 0
    outer loop
      vertex 35.5299 -8.93762 -15.3648
      vertex 35.5 -8.48077 -13.3648
      vertex 35.5 -8.48077 -15.3648
    endloop
  endfacet
  facet normal -0.997865 -0.0653085 0
    outer loop
      vertex 35.5 -8.48077 -13.3648
      vertex 35.5299 -8.93762 -15.3648
      vertex 35.5299 -8.93762 -13.3648
    endloop
  endfacet
  facet normal -0.831378 -0.555708 0
    outer loop
      vertex 36.2233 -10.6114 -15.3648
      vertex 35.9689 -10.2308 -13.3648
      vertex 35.9689 -10.2308 -15.3648
    endloop
  endfacet
  facet normal -0.831378 -0.555708 0
    outer loop
      vertex 35.9689 -10.2308 -13.3648
      vertex 36.2233 -10.6114 -15.3648
      vertex 36.2233 -10.6114 -13.3648
    endloop
  endfacet
  facet normal -0.195024 -0.980798 0
    outer loop
      vertex 38.0941 -11.8615 -15.3648
      vertex 38.5432 -11.9508 -13.3648
      vertex 38.0941 -11.8615 -13.3648
    endloop
  endfacet
  facet normal -0.195024 -0.980798 -0
    outer loop
      vertex 38.5432 -11.9508 -13.3648
      vertex 38.0941 -11.8615 -15.3648
      vertex 38.5432 -11.9508 -15.3648
    endloop
  endfacet
  facet normal -0.7519 -0.659278 0
    outer loop
      vertex 36.5251 -10.9556 -15.3648
      vertex 36.2233 -10.6114 -13.3648
      vertex 36.2233 -10.6114 -15.3648
    endloop
  endfacet
  facet normal -0.7519 -0.659278 0
    outer loop
      vertex 36.2233 -10.6114 -13.3648
      vertex 36.5251 -10.9556 -15.3648
      vertex 36.5251 -10.9556 -13.3648
    endloop
  endfacet
  facet normal 0.997865 -0.0653085 0
    outer loop
      vertex 42.4701 -8.93762 -13.3648
      vertex 42.5 -8.48077 -15.3648
      vertex 42.5 -8.48077 -13.3648
    endloop
  endfacet
  facet normal 0.997865 -0.0653085 0
    outer loop
      vertex 42.5 -8.48077 -15.3648
      vertex 42.4701 -8.93762 -13.3648
      vertex 42.4701 -8.93762 -15.3648
    endloop
  endfacet
  facet normal 0.555532 0.831495 -0
    outer loop
      vertex 41.1307 -5.70404 -15.3648
      vertex 40.75 -5.44969 -13.3648
      vertex 41.1307 -5.70404 -13.3648
    endloop
  endfacet
  facet normal 0.555532 0.831495 0
    outer loop
      vertex 40.75 -5.44969 -13.3648
      vertex 41.1307 -5.70404 -15.3648
      vertex 40.75 -5.44969 -15.3648
    endloop
  endfacet
  facet normal 0.946972 0.321315 0
    outer loop
      vertex 42.3807 -7.57491 -13.3648
      vertex 42.2336 -7.14138 -15.3648
      vertex 42.2336 -7.14138 -13.3648
    endloop
  endfacet
  facet normal 0.946972 0.321315 0
    outer loop
      vertex 42.2336 -7.14138 -15.3648
      vertex 42.3807 -7.57491 -13.3648
      vertex 42.3807 -7.57491 -15.3648
    endloop
  endfacet
  facet normal 0.7519 -0.659278 0
    outer loop
      vertex 41.4749 -10.9556 -13.3648
      vertex 41.7767 -10.6114 -15.3648
      vertex 41.7767 -10.6114 -13.3648
    endloop
  endfacet
  facet normal 0.7519 -0.659278 0
    outer loop
      vertex 41.7767 -10.6114 -15.3648
      vertex 41.4749 -10.9556 -13.3648
      vertex 41.4749 -10.9556 -15.3648
    endloop
  endfacet
  facet normal -0.0655331 -0.99785 0
    outer loop
      vertex 38.5432 -11.9508 -15.3648
      vertex 39 -11.9808 -13.3648
      vertex 38.5432 -11.9508 -13.3648
    endloop
  endfacet
  facet normal -0.0655331 -0.99785 -0
    outer loop
      vertex 39 -11.9808 -13.3648
      vertex 38.5432 -11.9508 -15.3648
      vertex 39 -11.9808 -15.3648
    endloop
  endfacet
  facet normal 0.442314 -0.89686 0
    outer loop
      vertex 40.3394 -11.7144 -15.3648
      vertex 40.75 -11.5119 -13.3648
      vertex 40.3394 -11.7144 -13.3648
    endloop
  endfacet
  facet normal 0.442314 -0.89686 0
    outer loop
      vertex 40.75 -11.5119 -13.3648
      vertex 40.3394 -11.7144 -15.3648
      vertex 40.75 -11.5119 -15.3648
    endloop
  endfacet
  facet normal -0.997865 0.0653099 0
    outer loop
      vertex 35.5 -8.48077 -15.3648
      vertex 35.5299 -8.02393 -13.3648
      vertex 35.5299 -8.02393 -15.3648
    endloop
  endfacet
  facet normal -0.997865 0.0653099 0
    outer loop
      vertex 35.5299 -8.02393 -13.3648
      vertex 35.5 -8.48077 -15.3648
      vertex 35.5 -8.48077 -13.3648
    endloop
  endfacet
  facet normal -0.98075 -0.195268 0
    outer loop
      vertex 35.6193 -9.38664 -15.3648
      vertex 35.5299 -8.93762 -13.3648
      vertex 35.5299 -8.93762 -15.3648
    endloop
  endfacet
  facet normal -0.98075 -0.195268 0
    outer loop
      vertex 35.5299 -8.93762 -13.3648
      vertex 35.6193 -9.38664 -15.3648
      vertex 35.6193 -9.38664 -13.3648
    endloop
  endfacet
  facet normal -0.896873 -0.442288 0
    outer loop
      vertex 35.9689 -10.2308 -15.3648
      vertex 35.7664 -9.82017 -13.3648
      vertex 35.7664 -9.82017 -15.3648
    endloop
  endfacet
  facet normal -0.896873 -0.442288 0
    outer loop
      vertex 35.7664 -9.82017 -13.3648
      vertex 35.9689 -10.2308 -15.3648
      vertex 35.9689 -10.2308 -13.3648
    endloop
  endfacet
  facet normal -0.321335 -0.946966 0
    outer loop
      vertex 37.6606 -11.7144 -15.3648
      vertex 38.0941 -11.8615 -13.3648
      vertex 37.6606 -11.7144 -13.3648
    endloop
  endfacet
  facet normal -0.321335 -0.946966 -0
    outer loop
      vertex 38.0941 -11.8615 -13.3648
      vertex 37.6606 -11.7144 -15.3648
      vertex 38.0941 -11.8615 -15.3648
    endloop
  endfacet
  facet normal -0.659401 -0.751791 0
    outer loop
      vertex 36.5251 -10.9556 -15.3648
      vertex 36.8693 -11.2575 -13.3648
      vertex 36.5251 -10.9556 -13.3648
    endloop
  endfacet
  facet normal -0.659401 -0.751791 -0
    outer loop
      vertex 36.8693 -11.2575 -13.3648
      vertex 36.5251 -10.9556 -15.3648
      vertex 36.8693 -11.2575 -15.3648
    endloop
  endfacet
  facet normal -0.555607 -0.831445 0
    outer loop
      vertex 36.8693 -11.2575 -15.3648
      vertex 37.25 -11.5119 -13.3648
      vertex 36.8693 -11.2575 -13.3648
    endloop
  endfacet
  facet normal -0.555607 -0.831445 -0
    outer loop
      vertex 37.25 -11.5119 -13.3648
      vertex 36.8693 -11.2575 -15.3648
      vertex 37.25 -11.5119 -15.3648
    endloop
  endfacet
  facet normal 0.997865 0.0653099 0
    outer loop
      vertex 42.5 -8.48077 -13.3648
      vertex 42.4701 -8.02393 -15.3648
      vertex 42.4701 -8.02393 -13.3648
    endloop
  endfacet
  facet normal 0.997865 0.0653099 0
    outer loop
      vertex 42.4701 -8.02393 -15.3648
      vertex 42.5 -8.48077 -13.3648
      vertex 42.5 -8.48077 -15.3648
    endloop
  endfacet
  facet normal 0.831425 0.555637 0
    outer loop
      vertex 42.0311 -6.73078 -13.3648
      vertex 41.7767 -6.35011 -15.3648
      vertex 41.7767 -6.35011 -13.3648
    endloop
  endfacet
  facet normal 0.831425 0.555637 0
    outer loop
      vertex 41.7767 -6.35011 -15.3648
      vertex 42.0311 -6.73078 -13.3648
      vertex 42.0311 -6.73078 -15.3648
    endloop
  endfacet
  facet normal 0.0654026 0.997859 -0
    outer loop
      vertex 39.4568 -5.01072 -15.3648
      vertex 39 -4.98078 -13.3648
      vertex 39.4568 -5.01072 -13.3648
    endloop
  endfacet
  facet normal 0.0654026 0.997859 0
    outer loop
      vertex 39 -4.98078 -13.3648
      vertex 39.4568 -5.01072 -15.3648
      vertex 39 -4.98078 -15.3648
    endloop
  endfacet
  facet normal -0.98075 0.195268 0
    outer loop
      vertex 35.5299 -8.02393 -15.3648
      vertex 35.6193 -7.57491 -13.3648
      vertex 35.6193 -7.57491 -15.3648
    endloop
  endfacet
  facet normal -0.98075 0.195268 0
    outer loop
      vertex 35.6193 -7.57491 -13.3648
      vertex 35.5299 -8.02393 -15.3648
      vertex 35.5299 -8.02393 -13.3648
    endloop
  endfacet
  facet normal -0.831425 0.555637 0
    outer loop
      vertex 35.9689 -6.73078 -15.3648
      vertex 36.2233 -6.35011 -13.3648
      vertex 36.2233 -6.35011 -15.3648
    endloop
  endfacet
  facet normal -0.831425 0.555637 0
    outer loop
      vertex 36.2233 -6.35011 -13.3648
      vertex 35.9689 -6.73078 -15.3648
      vertex 35.9689 -6.73078 -13.3648
    endloop
  endfacet
  facet normal 0.195066 0.98079 -0
    outer loop
      vertex 39.9059 -5.10004 -15.3648
      vertex 39.4568 -5.01072 -13.3648
      vertex 39.9059 -5.10004 -13.3648
    endloop
  endfacet
  facet normal 0.195066 0.98079 0
    outer loop
      vertex 39.4568 -5.01072 -13.3648
      vertex 39.9059 -5.10004 -15.3648
      vertex 39.4568 -5.01072 -15.3648
    endloop
  endfacet
  facet normal 0.896873 -0.442288 0
    outer loop
      vertex 42.0311 -10.2308 -13.3648
      vertex 42.2336 -9.82017 -15.3648
      vertex 42.2336 -9.82017 -13.3648
    endloop
  endfacet
  facet normal 0.896873 -0.442288 0
    outer loop
      vertex 42.2336 -9.82017 -15.3648
      vertex 42.0311 -10.2308 -13.3648
      vertex 42.0311 -10.2308 -15.3648
    endloop
  endfacet
  facet normal 0.946972 -0.321315 0
    outer loop
      vertex 42.2336 -9.82017 -13.3648
      vertex 42.3807 -9.38664 -15.3648
      vertex 42.3807 -9.38664 -13.3648
    endloop
  endfacet
  facet normal 0.946972 -0.321315 0
    outer loop
      vertex 42.3807 -9.38664 -15.3648
      vertex 42.2336 -9.82017 -13.3648
      vertex 42.2336 -9.82017 -15.3648
    endloop
  endfacet
  facet normal 0.751909 0.659267 0
    outer loop
      vertex 41.7767 -6.35011 -13.3648
      vertex 41.4749 -6.0059 -15.3648
      vertex 41.4749 -6.0059 -13.3648
    endloop
  endfacet
  facet normal 0.751909 0.659267 0
    outer loop
      vertex 41.4749 -6.0059 -15.3648
      vertex 41.7767 -6.35011 -13.3648
      vertex 41.7767 -6.35011 -15.3648
    endloop
  endfacet
  facet normal 0.89686 0.442314 0
    outer loop
      vertex 42.2336 -7.14138 -13.3648
      vertex 42.0311 -6.73078 -15.3648
      vertex 42.0311 -6.73078 -13.3648
    endloop
  endfacet
  facet normal 0.89686 0.442314 0
    outer loop
      vertex 42.0311 -6.73078 -15.3648
      vertex 42.2336 -7.14138 -13.3648
      vertex 42.2336 -7.14138 -15.3648
    endloop
  endfacet
  facet normal -0.89686 0.442314 0
    outer loop
      vertex 35.7664 -7.14138 -15.3648
      vertex 35.9689 -6.73078 -13.3648
      vertex 35.9689 -6.73078 -15.3648
    endloop
  endfacet
  facet normal -0.89686 0.442314 0
    outer loop
      vertex 35.9689 -6.73078 -13.3648
      vertex 35.7664 -7.14138 -15.3648
      vertex 35.7664 -7.14138 -13.3648
    endloop
  endfacet
  facet normal -0.946972 0.321315 0
    outer loop
      vertex 35.6193 -7.57491 -15.3648
      vertex 35.7664 -7.14138 -13.3648
      vertex 35.7664 -7.14138 -15.3648
    endloop
  endfacet
  facet normal -0.946972 0.321315 0
    outer loop
      vertex 35.7664 -7.14138 -13.3648
      vertex 35.6193 -7.57491 -15.3648
      vertex 35.6193 -7.57491 -13.3648
    endloop
  endfacet
  facet normal 0.442297 0.896869 -0
    outer loop
      vertex 40.75 -5.44969 -15.3648
      vertex 40.3394 -5.2472 -13.3648
      vertex 40.75 -5.44969 -13.3648
    endloop
  endfacet
  facet normal 0.442297 0.896869 0
    outer loop
      vertex 40.3394 -5.2472 -13.3648
      vertex 40.75 -5.44969 -15.3648
      vertex 40.3394 -5.2472 -15.3648
    endloop
  endfacet
  facet normal 0.321452 0.946926 -0
    outer loop
      vertex 40.3394 -5.2472 -15.3648
      vertex 39.9059 -5.10004 -13.3648
      vertex 40.3394 -5.2472 -13.3648
    endloop
  endfacet
  facet normal 0.321452 0.946926 0
    outer loop
      vertex 39.9059 -5.10004 -13.3648
      vertex 40.3394 -5.2472 -15.3648
      vertex 39.9059 -5.10004 -15.3648
    endloop
  endfacet
  facet normal 0.659352 0.751835 -0
    outer loop
      vertex 41.4749 -6.0059 -15.3648
      vertex 41.1307 -5.70404 -13.3648
      vertex 41.4749 -6.0059 -13.3648
    endloop
  endfacet
  facet normal 0.659352 0.751835 0
    outer loop
      vertex 41.1307 -5.70404 -13.3648
      vertex 41.4749 -6.0059 -15.3648
      vertex 41.1307 -5.70404 -15.3648
    endloop
  endfacet
  facet normal -0.555532 0.831495 0
    outer loop
      vertex 37.25 -5.44969 -15.3648
      vertex 36.8693 -5.70404 -13.3648
      vertex 37.25 -5.44969 -13.3648
    endloop
  endfacet
  facet normal -0.555532 0.831495 0
    outer loop
      vertex 36.8693 -5.70404 -13.3648
      vertex 37.25 -5.44969 -15.3648
      vertex 36.8693 -5.70404 -15.3648
    endloop
  endfacet
  facet normal -0.321452 0.946926 0
    outer loop
      vertex 38.0941 -5.10004 -15.3648
      vertex 37.6606 -5.2472 -13.3648
      vertex 38.0941 -5.10004 -13.3648
    endloop
  endfacet
  facet normal -0.321452 0.946926 0
    outer loop
      vertex 37.6606 -5.2472 -13.3648
      vertex 38.0941 -5.10004 -15.3648
      vertex 37.6606 -5.2472 -15.3648
    endloop
  endfacet
  facet normal -0.195066 0.98079 0
    outer loop
      vertex 38.5432 -5.01072 -15.3648
      vertex 38.0941 -5.10004 -13.3648
      vertex 38.5432 -5.01072 -13.3648
    endloop
  endfacet
  facet normal -0.195066 0.98079 0
    outer loop
      vertex 38.0941 -5.10004 -13.3648
      vertex 38.5432 -5.01072 -15.3648
      vertex 38.0941 -5.10004 -15.3648
    endloop
  endfacet
  facet normal -0.0654026 0.997859 0
    outer loop
      vertex 39 -4.98078 -15.3648
      vertex 38.5432 -5.01072 -13.3648
      vertex 39 -4.98078 -13.3648
    endloop
  endfacet
  facet normal -0.0654026 0.997859 0
    outer loop
      vertex 38.5432 -5.01072 -13.3648
      vertex 39 -4.98078 -15.3648
      vertex 38.5432 -5.01072 -15.3648
    endloop
  endfacet
  facet normal -0.751909 0.659267 0
    outer loop
      vertex 36.2233 -6.35011 -15.3648
      vertex 36.5251 -6.0059 -13.3648
      vertex 36.5251 -6.0059 -15.3648
    endloop
  endfacet
  facet normal -0.751909 0.659267 0
    outer loop
      vertex 36.5251 -6.0059 -13.3648
      vertex 36.2233 -6.35011 -15.3648
      vertex 36.2233 -6.35011 -13.3648
    endloop
  endfacet
  facet normal -0.659352 0.751835 0
    outer loop
      vertex 36.8693 -5.70404 -15.3648
      vertex 36.5251 -6.0059 -13.3648
      vertex 36.8693 -5.70404 -13.3648
    endloop
  endfacet
  facet normal -0.659352 0.751835 0
    outer loop
      vertex 36.5251 -6.0059 -13.3648
      vertex 36.8693 -5.70404 -15.3648
      vertex 36.5251 -6.0059 -15.3648
    endloop
  endfacet
  facet normal -0.442297 0.896869 0
    outer loop
      vertex 37.6606 -5.2472 -15.3648
      vertex 37.25 -5.44969 -13.3648
      vertex 37.6606 -5.2472 -13.3648
    endloop
  endfacet
  facet normal -0.442297 0.896869 0
    outer loop
      vertex 37.25 -5.44969 -13.3648
      vertex 37.6606 -5.2472 -15.3648
      vertex 37.25 -5.44969 -15.3648
    endloop
  endfacet
  facet normal 0.997865 -0.0653156 0
    outer loop
      vertex -15.5299 -57.9376 -13.3648
      vertex -15.5 -57.4808 -15.3648
      vertex -15.5 -57.4808 -13.3648
    endloop
  endfacet
  facet normal 0.997865 -0.0653156 0
    outer loop
      vertex -15.5 -57.4808 -15.3648
      vertex -15.5299 -57.9376 -13.3648
      vertex -15.5299 -57.9376 -15.3648
    endloop
  endfacet
  facet normal -0.997865 -0.0653156 0
    outer loop
      vertex -22.4701 -57.9376 -15.3648
      vertex -22.5 -57.4808 -13.3648
      vertex -22.5 -57.4808 -15.3648
    endloop
  endfacet
  facet normal -0.997865 -0.0653156 0
    outer loop
      vertex -22.5 -57.4808 -13.3648
      vertex -22.4701 -57.9376 -15.3648
      vertex -22.4701 -57.9376 -13.3648
    endloop
  endfacet
  facet normal -0.0655331 -0.99785 0
    outer loop
      vertex -19.4568 -60.9508 -15.3648
      vertex -19 -60.9808 -13.3648
      vertex -19.4568 -60.9508 -13.3648
    endloop
  endfacet
  facet normal -0.0655331 -0.99785 -0
    outer loop
      vertex -19 -60.9808 -13.3648
      vertex -19.4568 -60.9508 -15.3648
      vertex -19 -60.9808 -15.3648
    endloop
  endfacet
  facet normal 0.659278 -0.7519 0
    outer loop
      vertex -16.8693 -60.2575 -15.3648
      vertex -16.5251 -59.9557 -13.3648
      vertex -16.8693 -60.2575 -13.3648
    endloop
  endfacet
  facet normal 0.659278 -0.7519 0
    outer loop
      vertex -16.5251 -59.9557 -13.3648
      vertex -16.8693 -60.2575 -15.3648
      vertex -16.5251 -59.9557 -15.3648
    endloop
  endfacet
  facet normal -0.659278 -0.7519 0
    outer loop
      vertex -21.4749 -59.9557 -15.3648
      vertex -21.1307 -60.2575 -13.3648
      vertex -21.4749 -59.9557 -13.3648
    endloop
  endfacet
  facet normal -0.659278 -0.7519 -0
    outer loop
      vertex -21.1307 -60.2575 -13.3648
      vertex -21.4749 -59.9557 -15.3648
      vertex -21.1307 -60.2575 -15.3648
    endloop
  endfacet
  facet normal -0.442314 -0.89686 0
    outer loop
      vertex -20.75 -60.5119 -15.3648
      vertex -20.3394 -60.7144 -13.3648
      vertex -20.75 -60.5119 -13.3648
    endloop
  endfacet
  facet normal -0.442314 -0.89686 -0
    outer loop
      vertex -20.3394 -60.7144 -13.3648
      vertex -20.75 -60.5119 -15.3648
      vertex -20.3394 -60.7144 -15.3648
    endloop
  endfacet
  facet normal 0.89686 -0.442314 0
    outer loop
      vertex -15.9689 -59.2308 -13.3648
      vertex -15.7664 -58.8202 -15.3648
      vertex -15.7664 -58.8202 -13.3648
    endloop
  endfacet
  facet normal 0.89686 -0.442314 0
    outer loop
      vertex -15.7664 -58.8202 -15.3648
      vertex -15.9689 -59.2308 -13.3648
      vertex -15.9689 -59.2308 -15.3648
    endloop
  endfacet
  facet normal 0.980748 -0.195276 0
    outer loop
      vertex -15.6193 -58.3866 -13.3648
      vertex -15.5299 -57.9376 -15.3648
      vertex -15.5299 -57.9376 -13.3648
    endloop
  endfacet
  facet normal 0.980748 -0.195276 0
    outer loop
      vertex -15.5299 -57.9376 -15.3648
      vertex -15.6193 -58.3866 -13.3648
      vertex -15.6193 -58.3866 -15.3648
    endloop
  endfacet
  facet normal 0.321335 -0.946966 0
    outer loop
      vertex -18.0941 -60.8615 -15.3648
      vertex -17.6606 -60.7144 -13.3648
      vertex -18.0941 -60.8615 -13.3648
    endloop
  endfacet
  facet normal 0.321335 -0.946966 0
    outer loop
      vertex -17.6606 -60.7144 -13.3648
      vertex -18.0941 -60.8615 -15.3648
      vertex -17.6606 -60.7144 -15.3648
    endloop
  endfacet
  facet normal 0.195024 -0.980798 0
    outer loop
      vertex -18.5432 -60.9508 -15.3648
      vertex -18.0941 -60.8615 -13.3648
      vertex -18.5432 -60.9508 -13.3648
    endloop
  endfacet
  facet normal 0.195024 -0.980798 0
    outer loop
      vertex -18.0941 -60.8615 -13.3648
      vertex -18.5432 -60.9508 -15.3648
      vertex -18.0941 -60.8615 -15.3648
    endloop
  endfacet
  facet normal 0.555607 -0.831445 0
    outer loop
      vertex -17.25 -60.5119 -15.3648
      vertex -16.8693 -60.2575 -13.3648
      vertex -17.25 -60.5119 -13.3648
    endloop
  endfacet
  facet normal 0.555607 -0.831445 0
    outer loop
      vertex -16.8693 -60.2575 -13.3648
      vertex -17.25 -60.5119 -15.3648
      vertex -16.8693 -60.2575 -15.3648
    endloop
  endfacet
  facet normal -0.89686 -0.442314 0
    outer loop
      vertex -22.0311 -59.2308 -15.3648
      vertex -22.2336 -58.8202 -13.3648
      vertex -22.2336 -58.8202 -15.3648
    endloop
  endfacet
  facet normal -0.89686 -0.442314 0
    outer loop
      vertex -22.2336 -58.8202 -13.3648
      vertex -22.0311 -59.2308 -15.3648
      vertex -22.0311 -59.2308 -13.3648
    endloop
  endfacet
  facet normal -0.831378 -0.555708 0
    outer loop
      vertex -21.7767 -59.6114 -15.3648
      vertex -22.0311 -59.2308 -13.3648
      vertex -22.0311 -59.2308 -15.3648
    endloop
  endfacet
  facet normal -0.831378 -0.555708 0
    outer loop
      vertex -22.0311 -59.2308 -13.3648
      vertex -21.7767 -59.6114 -15.3648
      vertex -21.7767 -59.6114 -13.3648
    endloop
  endfacet
  facet normal -0.946988 -0.321268 0
    outer loop
      vertex -22.2336 -58.8202 -15.3648
      vertex -22.3807 -58.3866 -13.3648
      vertex -22.3807 -58.3866 -15.3648
    endloop
  endfacet
  facet normal -0.946988 -0.321268 0
    outer loop
      vertex -22.3807 -58.3866 -13.3648
      vertex -22.2336 -58.8202 -15.3648
      vertex -22.2336 -58.8202 -13.3648
    endloop
  endfacet
  facet normal -0.555607 -0.831445 0
    outer loop
      vertex -21.1307 -60.2575 -15.3648
      vertex -20.75 -60.5119 -13.3648
      vertex -21.1307 -60.2575 -13.3648
    endloop
  endfacet
  facet normal -0.555607 -0.831445 -0
    outer loop
      vertex -20.75 -60.5119 -13.3648
      vertex -21.1307 -60.2575 -15.3648
      vertex -20.75 -60.5119 -15.3648
    endloop
  endfacet
  facet normal -0.195024 -0.980798 0
    outer loop
      vertex -19.9059 -60.8615 -15.3648
      vertex -19.4568 -60.9508 -13.3648
      vertex -19.9059 -60.8615 -13.3648
    endloop
  endfacet
  facet normal -0.195024 -0.980798 -0
    outer loop
      vertex -19.4568 -60.9508 -13.3648
      vertex -19.9059 -60.8615 -15.3648
      vertex -19.4568 -60.9508 -15.3648
    endloop
  endfacet
  facet normal 0.89686 0.442314 0
    outer loop
      vertex -15.7664 -56.1414 -13.3648
      vertex -15.9689 -55.7308 -15.3648
      vertex -15.9689 -55.7308 -13.3648
    endloop
  endfacet
  facet normal 0.89686 0.442314 0
    outer loop
      vertex -15.9689 -55.7308 -15.3648
      vertex -15.7664 -56.1414 -13.3648
      vertex -15.7664 -56.1414 -15.3648
    endloop
  endfacet
  facet normal 0.659401 0.751791 -0
    outer loop
      vertex -16.5251 -55.0059 -15.3648
      vertex -16.8693 -54.704 -13.3648
      vertex -16.5251 -55.0059 -13.3648
    endloop
  endfacet
  facet normal 0.659401 0.751791 0
    outer loop
      vertex -16.8693 -54.704 -13.3648
      vertex -16.5251 -55.0059 -15.3648
      vertex -16.8693 -54.704 -15.3648
    endloop
  endfacet
  facet normal 0.442314 0.89686 -0
    outer loop
      vertex -17.25 -54.4497 -15.3648
      vertex -17.6606 -54.2472 -13.3648
      vertex -17.25 -54.4497 -13.3648
    endloop
  endfacet
  facet normal 0.442314 0.89686 0
    outer loop
      vertex -17.6606 -54.2472 -13.3648
      vertex -17.25 -54.4497 -15.3648
      vertex -17.6606 -54.2472 -15.3648
    endloop
  endfacet
  facet normal 0.980748 0.195276 0
    outer loop
      vertex -15.5299 -57.0239 -13.3648
      vertex -15.6193 -56.5749 -15.3648
      vertex -15.6193 -56.5749 -13.3648
    endloop
  endfacet
  facet normal 0.980748 0.195276 0
    outer loop
      vertex -15.6193 -56.5749 -15.3648
      vertex -15.5299 -57.0239 -13.3648
      vertex -15.5299 -57.0239 -15.3648
    endloop
  endfacet
  facet normal -0.442314 0.89686 0
    outer loop
      vertex -20.3394 -54.2472 -15.3648
      vertex -20.75 -54.4497 -13.3648
      vertex -20.3394 -54.2472 -13.3648
    endloop
  endfacet
  facet normal -0.442314 0.89686 0
    outer loop
      vertex -20.75 -54.4497 -13.3648
      vertex -20.3394 -54.2472 -15.3648
      vertex -20.75 -54.4497 -15.3648
    endloop
  endfacet
  facet normal -0.321531 0.946899 0
    outer loop
      vertex -19.9059 -54.1 -15.3648
      vertex -20.3394 -54.2472 -13.3648
      vertex -19.9059 -54.1 -13.3648
    endloop
  endfacet
  facet normal -0.321531 0.946899 0
    outer loop
      vertex -20.3394 -54.2472 -13.3648
      vertex -19.9059 -54.1 -15.3648
      vertex -20.3394 -54.2472 -15.3648
    endloop
  endfacet
  facet normal -0.89686 0.442314 0
    outer loop
      vertex -22.2336 -56.1414 -15.3648
      vertex -22.0311 -55.7308 -13.3648
      vertex -22.0311 -55.7308 -15.3648
    endloop
  endfacet
  facet normal -0.89686 0.442314 0
    outer loop
      vertex -22.0311 -55.7308 -13.3648
      vertex -22.2336 -56.1414 -15.3648
      vertex -22.2336 -56.1414 -13.3648
    endloop
  endfacet
  facet normal -0.831445 0.555607 0
    outer loop
      vertex -22.0311 -55.7308 -15.3648
      vertex -21.7767 -55.3501 -13.3648
      vertex -21.7767 -55.3501 -15.3648
    endloop
  endfacet
  facet normal -0.831445 0.555607 0
    outer loop
      vertex -21.7767 -55.3501 -13.3648
      vertex -22.0311 -55.7308 -15.3648
      vertex -22.0311 -55.7308 -13.3648
    endloop
  endfacet
  facet normal 0 0 1
    outer loop
      vertex -17.4 -57.4808 -13.3648
      vertex -15.5 -57.4808 -13.3648
      vertex -15.5299 -57.0239 -13.3648
    endloop
  endfacet
  facet normal 0 0 1
    outer loop
      vertex -17.4137 -57.2719 -13.3648
      vertex -15.5299 -57.0239 -13.3648
      vertex -15.6193 -56.5749 -13.3648
    endloop
  endfacet
  facet normal 0 0 1
    outer loop
      vertex -15.5 -57.4808 -13.3648
      vertex -17.4 -57.4808 -13.3648
      vertex -15.5299 -57.9376 -13.3648
    endloop
  endfacet
  facet normal 0 0 1
    outer loop
      vertex -17.4545 -57.0667 -13.3648
      vertex -15.6193 -56.5749 -13.3648
      vertex -15.7664 -56.1414 -13.3648
    endloop
  endfacet
  facet normal -0 0 1
    outer loop
      vertex -17.4137 -57.6896 -13.3648
      vertex -15.5299 -57.9376 -13.3648
      vertex -17.4 -57.4808 -13.3648
    endloop
  endfacet
  facet normal 0 0 1
    outer loop
      vertex -17.5218 -56.8685 -13.3648
      vertex -15.7664 -56.1414 -13.3648
      vertex -15.9689 -55.7308 -13.3648
    endloop
  endfacet
  facet normal 0 0 1
    outer loop
      vertex -15.5299 -57.9376 -13.3648
      vertex -17.4137 -57.6896 -13.3648
      vertex -15.6193 -58.3866 -13.3648
    endloop
  endfacet
  facet normal 0 0 1
    outer loop
      vertex -17.6144 -56.6808 -13.3648
      vertex -15.9689 -55.7308 -13.3648
      vertex -16.2233 -55.3501 -13.3648
    endloop
  endfacet
  facet normal -0 0 1
    outer loop
      vertex -17.4545 -57.8949 -13.3648
      vertex -15.6193 -58.3866 -13.3648
      vertex -17.4137 -57.6896 -13.3648
    endloop
  endfacet
  facet normal 0 0 1
    outer loop
      vertex -17.7306 -56.5068 -13.3648
      vertex -16.2233 -55.3501 -13.3648
      vertex -16.5251 -55.0059 -13.3648
    endloop
  endfacet
  facet normal 0 0 1
    outer loop
      vertex -15.6193 -58.3866 -13.3648
      vertex -17.4545 -57.8949 -13.3648
      vertex -15.7664 -58.8202 -13.3648
    endloop
  endfacet
  facet normal 0 0 1
    outer loop
      vertex -17.8686 -56.3494 -13.3648
      vertex -16.5251 -55.0059 -13.3648
      vertex -16.8693 -54.704 -13.3648
    endloop
  endfacet
  facet normal -0 0 1
    outer loop
      vertex -17.5218 -58.0931 -13.3648
      vertex -15.7664 -58.8202 -13.3648
      vertex -17.4545 -57.8949 -13.3648
    endloop
  endfacet
  facet normal 0 0 1
    outer loop
      vertex -18.026 -56.2114 -13.3648
      vertex -16.8693 -54.704 -13.3648
      vertex -17.25 -54.4497 -13.3648
    endloop
  endfacet
  facet normal 0 0 1
    outer loop
      vertex -15.7664 -58.8202 -13.3648
      vertex -17.5218 -58.0931 -13.3648
      vertex -15.9689 -59.2308 -13.3648
    endloop
  endfacet
  facet normal -0 0 1
    outer loop
      vertex -17.6144 -58.2808 -13.3648
      vertex -15.9689 -59.2308 -13.3648
      vertex -17.5218 -58.0931 -13.3648
    endloop
  endfacet
  facet normal 0 0 1
    outer loop
      vertex -15.5299 -57.0239 -13.3648
      vertex -17.4137 -57.2719 -13.3648
      vertex -17.4 -57.4808 -13.3648
    endloop
  endfacet
  facet normal 0 0 1
    outer loop
      vertex -15.6193 -56.5749 -13.3648
      vertex -17.4545 -57.0667 -13.3648
      vertex -17.4137 -57.2719 -13.3648
    endloop
  endfacet
  facet normal 0 0 1
    outer loop
      vertex -15.7664 -56.1414 -13.3648
      vertex -17.5218 -56.8685 -13.3648
      vertex -17.4545 -57.0667 -13.3648
    endloop
  endfacet
  facet normal 0 0 1
    outer loop
      vertex -15.9689 -55.7308 -13.3648
      vertex -17.6144 -56.6808 -13.3648
      vertex -17.5218 -56.8685 -13.3648
    endloop
  endfacet
  facet normal 0 0 1
    outer loop
      vertex -18.2 -56.0951 -13.3648
      vertex -17.25 -54.4497 -13.3648
      vertex -17.6606 -54.2472 -13.3648
    endloop
  endfacet
  facet normal 0 0 1
    outer loop
      vertex -16.2233 -55.3501 -13.3648
      vertex -17.7306 -56.5068 -13.3648
      vertex -17.6144 -56.6808 -13.3648
    endloop
  endfacet
  facet normal 0 0 1
    outer loop
      vertex -16.5251 -55.0059 -13.3648
      vertex -17.8686 -56.3494 -13.3648
      vertex -17.7306 -56.5068 -13.3648
    endloop
  endfacet
  facet normal 0 0 1
    outer loop
      vertex -16.8693 -54.704 -13.3648
      vertex -18.026 -56.2114 -13.3648
      vertex -17.8686 -56.3494 -13.3648
    endloop
  endfacet
  facet normal 0 0 1
    outer loop
      vertex -18.3877 -56.0026 -13.3648
      vertex -17.6606 -54.2472 -13.3648
      vertex -18.0941 -54.1 -13.3648
    endloop
  endfacet
  facet normal 0 0 1
    outer loop
      vertex -17.25 -54.4497 -13.3648
      vertex -18.2 -56.0951 -13.3648
      vertex -18.026 -56.2114 -13.3648
    endloop
  endfacet
  facet normal 0 0 1
    outer loop
      vertex -17.6606 -54.2472 -13.3648
      vertex -18.3877 -56.0026 -13.3648
      vertex -18.2 -56.0951 -13.3648
    endloop
  endfacet
  facet normal 0 0 1
    outer loop
      vertex -18.5859 -55.9353 -13.3648
      vertex -18.0941 -54.1 -13.3648
      vertex -18.5432 -54.0107 -13.3648
    endloop
  endfacet
  facet normal 0 0 1
    outer loop
      vertex -18.0941 -54.1 -13.3648
      vertex -18.5859 -55.9353 -13.3648
      vertex -18.3877 -56.0026 -13.3648
    endloop
  endfacet
  facet normal 0 0 1
    outer loop
      vertex -18.5432 -54.0107 -13.3648
      vertex -18.7912 -55.8945 -13.3648
      vertex -18.5859 -55.9353 -13.3648
    endloop
  endfacet
  facet normal 0 0 1
    outer loop
      vertex -19 -53.9808 -13.3648
      vertex -18.7912 -55.8945 -13.3648
      vertex -18.5432 -54.0107 -13.3648
    endloop
  endfacet
  facet normal 0 0 1
    outer loop
      vertex -19 -53.9808 -13.3648
      vertex -19 -55.8808 -13.3648
      vertex -18.7912 -55.8945 -13.3648
    endloop
  endfacet
  facet normal 0 0 1
    outer loop
      vertex -19 -53.9808 -13.3648
      vertex -19.2088 -55.8945 -13.3648
      vertex -19 -55.8808 -13.3648
    endloop
  endfacet
  facet normal -0 0 1
    outer loop
      vertex -19.4568 -54.0107 -13.3648
      vertex -19.2088 -55.8945 -13.3648
      vertex -19 -53.9808 -13.3648
    endloop
  endfacet
  facet normal 0 0 1
    outer loop
      vertex -19.2088 -55.8945 -13.3648
      vertex -19.4568 -54.0107 -13.3648
      vertex -19.4141 -55.9353 -13.3648
    endloop
  endfacet
  facet normal -0 0 1
    outer loop
      vertex -19.9059 -54.1 -13.3648
      vertex -19.4141 -55.9353 -13.3648
      vertex -19.4568 -54.0107 -13.3648
    endloop
  endfacet
  facet normal 0 0 1
    outer loop
      vertex -19.4141 -55.9353 -13.3648
      vertex -19.9059 -54.1 -13.3648
      vertex -19.6123 -56.0026 -13.3648
    endloop
  endfacet
  facet normal -0 0 1
    outer loop
      vertex -20.3394 -54.2472 -13.3648
      vertex -19.6123 -56.0026 -13.3648
      vertex -19.9059 -54.1 -13.3648
    endloop
  endfacet
  facet normal 0 0 1
    outer loop
      vertex -19.6123 -56.0026 -13.3648
      vertex -20.3394 -54.2472 -13.3648
      vertex -19.8 -56.0951 -13.3648
    endloop
  endfacet
  facet normal -0 0 1
    outer loop
      vertex -20.75 -54.4497 -13.3648
      vertex -19.8 -56.0951 -13.3648
      vertex -20.3394 -54.2472 -13.3648
    endloop
  endfacet
  facet normal 0 0 1
    outer loop
      vertex -19.8 -56.0951 -13.3648
      vertex -20.75 -54.4497 -13.3648
      vertex -19.974 -56.2114 -13.3648
    endloop
  endfacet
  facet normal -0 0 1
    outer loop
      vertex -21.1307 -54.704 -13.3648
      vertex -19.974 -56.2114 -13.3648
      vertex -20.75 -54.4497 -13.3648
    endloop
  endfacet
  facet normal 0 0 1
    outer loop
      vertex -19.974 -56.2114 -13.3648
      vertex -21.1307 -54.704 -13.3648
      vertex -20.1314 -56.3494 -13.3648
    endloop
  endfacet
  facet normal -0 0 1
    outer loop
      vertex -21.4749 -55.0059 -13.3648
      vertex -20.1314 -56.3494 -13.3648
      vertex -21.1307 -54.704 -13.3648
    endloop
  endfacet
  facet normal 0 0 1
    outer loop
      vertex -20.1314 -56.3494 -13.3648
      vertex -21.4749 -55.0059 -13.3648
      vertex -20.2694 -56.5068 -13.3648
    endloop
  endfacet
  facet normal -0 0 1
    outer loop
      vertex -21.7767 -55.3501 -13.3648
      vertex -20.2694 -56.5068 -13.3648
      vertex -21.4749 -55.0059 -13.3648
    endloop
  endfacet
  facet normal -0 0 1
    outer loop
      vertex -22.0311 -55.7308 -13.3648
      vertex -20.3856 -56.6808 -13.3648
      vertex -21.7767 -55.3501 -13.3648
    endloop
  endfacet
  facet normal 0 0 1
    outer loop
      vertex -20.2694 -56.5068 -13.3648
      vertex -21.7767 -55.3501 -13.3648
      vertex -20.3856 -56.6808 -13.3648
    endloop
  endfacet
  facet normal 0 0 1
    outer loop
      vertex -15.9689 -59.2308 -13.3648
      vertex -17.6144 -58.2808 -13.3648
      vertex -16.2233 -59.6114 -13.3648
    endloop
  endfacet
  facet normal -0 0 1
    outer loop
      vertex -17.7306 -58.4548 -13.3648
      vertex -16.2233 -59.6114 -13.3648
      vertex -17.6144 -58.2808 -13.3648
    endloop
  endfacet
  facet normal 0 0 1
    outer loop
      vertex -16.2233 -59.6114 -13.3648
      vertex -17.7306 -58.4548 -13.3648
      vertex -16.5251 -59.9557 -13.3648
    endloop
  endfacet
  facet normal -0 0 1
    outer loop
      vertex -17.8686 -58.6121 -13.3648
      vertex -16.5251 -59.9557 -13.3648
      vertex -17.7306 -58.4548 -13.3648
    endloop
  endfacet
  facet normal 0 0 1
    outer loop
      vertex -16.5251 -59.9557 -13.3648
      vertex -17.8686 -58.6121 -13.3648
      vertex -16.8693 -60.2575 -13.3648
    endloop
  endfacet
  facet normal -0 0 1
    outer loop
      vertex -18.026 -58.7501 -13.3648
      vertex -16.8693 -60.2575 -13.3648
      vertex -17.8686 -58.6121 -13.3648
    endloop
  endfacet
  facet normal 0 0 1
    outer loop
      vertex -16.8693 -60.2575 -13.3648
      vertex -18.026 -58.7501 -13.3648
      vertex -17.25 -60.5119 -13.3648
    endloop
  endfacet
  facet normal -0 0 1
    outer loop
      vertex -18.2 -58.8664 -13.3648
      vertex -17.25 -60.5119 -13.3648
      vertex -18.026 -58.7501 -13.3648
    endloop
  endfacet
  facet normal 0 0 1
    outer loop
      vertex -17.25 -60.5119 -13.3648
      vertex -18.2 -58.8664 -13.3648
      vertex -17.6606 -60.7144 -13.3648
    endloop
  endfacet
  facet normal -0 0 1
    outer loop
      vertex -18.3877 -58.959 -13.3648
      vertex -17.6606 -60.7144 -13.3648
      vertex -18.2 -58.8664 -13.3648
    endloop
  endfacet
  facet normal 0 0 1
    outer loop
      vertex -17.6606 -60.7144 -13.3648
      vertex -18.3877 -58.959 -13.3648
      vertex -18.0941 -60.8615 -13.3648
    endloop
  endfacet
  facet normal -0 0 1
    outer loop
      vertex -18.5859 -59.0263 -13.3648
      vertex -18.0941 -60.8615 -13.3648
      vertex -18.3877 -58.959 -13.3648
    endloop
  endfacet
  facet normal 0 0 1
    outer loop
      vertex -18.0941 -60.8615 -13.3648
      vertex -18.5859 -59.0263 -13.3648
      vertex -18.5432 -60.9508 -13.3648
    endloop
  endfacet
  facet normal -0 0 1
    outer loop
      vertex -18.7912 -59.0671 -13.3648
      vertex -18.5432 -60.9508 -13.3648
      vertex -18.5859 -59.0263 -13.3648
    endloop
  endfacet
  facet normal -0 0 1
    outer loop
      vertex -19 -59.0808 -13.3648
      vertex -18.5432 -60.9508 -13.3648
      vertex -18.7912 -59.0671 -13.3648
    endloop
  endfacet
  facet normal 0 0 1
    outer loop
      vertex -19 -59.0808 -13.3648
      vertex -19 -60.9808 -13.3648
      vertex -18.5432 -60.9508 -13.3648
    endloop
  endfacet
  facet normal 0 0 1
    outer loop
      vertex -19.2088 -59.0671 -13.3648
      vertex -19 -60.9808 -13.3648
      vertex -19 -59.0808 -13.3648
    endloop
  endfacet
  facet normal 0 0 1
    outer loop
      vertex -19.4568 -60.9508 -13.3648
      vertex -19.2088 -59.0671 -13.3648
      vertex -19.4141 -59.0263 -13.3648
    endloop
  endfacet
  facet normal 0 0 1
    outer loop
      vertex -19.2088 -59.0671 -13.3648
      vertex -19.4568 -60.9508 -13.3648
      vertex -19 -60.9808 -13.3648
    endloop
  endfacet
  facet normal 0 0 1
    outer loop
      vertex -19.9059 -60.8615 -13.3648
      vertex -19.4141 -59.0263 -13.3648
      vertex -19.6123 -58.959 -13.3648
    endloop
  endfacet
  facet normal 0 0 1
    outer loop
      vertex -20.3394 -60.7144 -13.3648
      vertex -19.6123 -58.959 -13.3648
      vertex -19.8 -58.8664 -13.3648
    endloop
  endfacet
  facet normal 0 0 1
    outer loop
      vertex -19.4141 -59.0263 -13.3648
      vertex -19.9059 -60.8615 -13.3648
      vertex -19.4568 -60.9508 -13.3648
    endloop
  endfacet
  facet normal 0 0 1
    outer loop
      vertex -20.75 -60.5119 -13.3648
      vertex -19.8 -58.8664 -13.3648
      vertex -19.974 -58.7501 -13.3648
    endloop
  endfacet
  facet normal 0 0 1
    outer loop
      vertex -21.1307 -60.2575 -13.3648
      vertex -19.974 -58.7501 -13.3648
      vertex -20.1314 -58.6121 -13.3648
    endloop
  endfacet
  facet normal 0 0 1
    outer loop
      vertex -21.4749 -59.9557 -13.3648
      vertex -20.1314 -58.6121 -13.3648
      vertex -20.2694 -58.4548 -13.3648
    endloop
  endfacet
  facet normal 0 0 1
    outer loop
      vertex -19.6123 -58.959 -13.3648
      vertex -20.3394 -60.7144 -13.3648
      vertex -19.9059 -60.8615 -13.3648
    endloop
  endfacet
  facet normal 0 0 1
    outer loop
      vertex -21.7767 -59.6114 -13.3648
      vertex -20.2694 -58.4548 -13.3648
      vertex -20.3856 -58.2808 -13.3648
    endloop
  endfacet
  facet normal 0 0 1
    outer loop
      vertex -22.0311 -59.2308 -13.3648
      vertex -20.3856 -58.2808 -13.3648
      vertex -20.4782 -58.0931 -13.3648
    endloop
  endfacet
  facet normal 0 0 1
    outer loop
      vertex -22.2336 -58.8202 -13.3648
      vertex -20.4782 -58.0931 -13.3648
      vertex -20.5455 -57.8949 -13.3648
    endloop
  endfacet
  facet normal 0 0 1
    outer loop
      vertex -22.3807 -58.3866 -13.3648
      vertex -20.5455 -57.8949 -13.3648
      vertex -20.5863 -57.6896 -13.3648
    endloop
  endfacet
  facet normal 0 0 1
    outer loop
      vertex -19.8 -58.8664 -13.3648
      vertex -20.75 -60.5119 -13.3648
      vertex -20.3394 -60.7144 -13.3648
    endloop
  endfacet
  facet normal 0 0 1
    outer loop
      vertex -22.4701 -57.9376 -13.3648
      vertex -20.5863 -57.6896 -13.3648
      vertex -20.6 -57.4808 -13.3648
    endloop
  endfacet
  facet normal 0 0 1
    outer loop
      vertex -20.3856 -56.6808 -13.3648
      vertex -22.0311 -55.7308 -13.3648
      vertex -20.4782 -56.8685 -13.3648
    endloop
  endfacet
  facet normal -0 0 1
    outer loop
      vertex -22.2336 -56.1414 -13.3648
      vertex -20.4782 -56.8685 -13.3648
      vertex -22.0311 -55.7308 -13.3648
    endloop
  endfacet
  facet normal 0 0 1
    outer loop
      vertex -19.974 -58.7501 -13.3648
      vertex -21.1307 -60.2575 -13.3648
      vertex -20.75 -60.5119 -13.3648
    endloop
  endfacet
  facet normal 0 0 1
    outer loop
      vertex -20.4782 -56.8685 -13.3648
      vertex -22.2336 -56.1414 -13.3648
      vertex -20.5455 -57.0667 -13.3648
    endloop
  endfacet
  facet normal 0 0 1
    outer loop
      vertex -20.1314 -58.6121 -13.3648
      vertex -21.4749 -59.9557 -13.3648
      vertex -21.1307 -60.2575 -13.3648
    endloop
  endfacet
  facet normal -0 0 1
    outer loop
      vertex -22.3807 -56.5749 -13.3648
      vertex -20.5455 -57.0667 -13.3648
      vertex -22.2336 -56.1414 -13.3648
    endloop
  endfacet
  facet normal 0 0 1
    outer loop
      vertex -20.2694 -58.4548 -13.3648
      vertex -21.7767 -59.6114 -13.3648
      vertex -21.4749 -59.9557 -13.3648
    endloop
  endfacet
  facet normal 0 0 1
    outer loop
      vertex -20.5455 -57.0667 -13.3648
      vertex -22.3807 -56.5749 -13.3648
      vertex -20.5863 -57.2719 -13.3648
    endloop
  endfacet
  facet normal 0 0 1
    outer loop
      vertex -20.3856 -58.2808 -13.3648
      vertex -22.0311 -59.2308 -13.3648
      vertex -21.7767 -59.6114 -13.3648
    endloop
  endfacet
  facet normal -0 0 1
    outer loop
      vertex -22.4701 -57.0239 -13.3648
      vertex -20.5863 -57.2719 -13.3648
      vertex -22.3807 -56.5749 -13.3648
    endloop
  endfacet
  facet normal 0 0 1
    outer loop
      vertex -20.4782 -58.0931 -13.3648
      vertex -22.2336 -58.8202 -13.3648
      vertex -22.0311 -59.2308 -13.3648
    endloop
  endfacet
  facet normal 0 0 1
    outer loop
      vertex -20.5863 -57.2719 -13.3648
      vertex -22.4701 -57.0239 -13.3648
      vertex -20.6 -57.4808 -13.3648
    endloop
  endfacet
  facet normal 0 0 1
    outer loop
      vertex -20.5455 -57.8949 -13.3648
      vertex -22.3807 -58.3866 -13.3648
      vertex -22.2336 -58.8202 -13.3648
    endloop
  endfacet
  facet normal 0 0 1
    outer loop
      vertex -22.5 -57.4808 -13.3648
      vertex -20.6 -57.4808 -13.3648
      vertex -22.4701 -57.0239 -13.3648
    endloop
  endfacet
  facet normal 0 0 1
    outer loop
      vertex -20.5863 -57.6896 -13.3648
      vertex -22.4701 -57.9376 -13.3648
      vertex -22.3807 -58.3866 -13.3648
    endloop
  endfacet
  facet normal 0 0 1
    outer loop
      vertex -20.6 -57.4808 -13.3648
      vertex -22.5 -57.4808 -13.3648
      vertex -22.4701 -57.9376 -13.3648
    endloop
  endfacet
  facet normal 0.946988 -0.321268 0
    outer loop
      vertex -15.7664 -58.8202 -13.3648
      vertex -15.6193 -58.3866 -15.3648
      vertex -15.6193 -58.3866 -13.3648
    endloop
  endfacet
  facet normal 0.946988 -0.321268 0
    outer loop
      vertex -15.6193 -58.3866 -15.3648
      vertex -15.7664 -58.8202 -13.3648
      vertex -15.7664 -58.8202 -15.3648
    endloop
  endfacet
  facet normal 0.751995 -0.659169 0
    outer loop
      vertex -16.5251 -59.9557 -13.3648
      vertex -16.2233 -59.6114 -15.3648
      vertex -16.2233 -59.6114 -13.3648
    endloop
  endfacet
  facet normal 0.751995 -0.659169 0
    outer loop
      vertex -16.2233 -59.6114 -15.3648
      vertex -16.5251 -59.9557 -13.3648
      vertex -16.5251 -59.9557 -15.3648
    endloop
  endfacet
  facet normal 0.831378 -0.555708 0
    outer loop
      vertex -16.2233 -59.6114 -13.3648
      vertex -15.9689 -59.2308 -15.3648
      vertex -15.9689 -59.2308 -13.3648
    endloop
  endfacet
  facet normal 0.831378 -0.555708 0
    outer loop
      vertex -15.9689 -59.2308 -15.3648
      vertex -16.2233 -59.6114 -13.3648
      vertex -16.2233 -59.6114 -15.3648
    endloop
  endfacet
  facet normal 0.0655331 -0.99785 0
    outer loop
      vertex -19 -60.9808 -15.3648
      vertex -18.5432 -60.9508 -13.3648
      vertex -19 -60.9808 -13.3648
    endloop
  endfacet
  facet normal 0.0655331 -0.99785 0
    outer loop
      vertex -18.5432 -60.9508 -13.3648
      vertex -19 -60.9808 -15.3648
      vertex -18.5432 -60.9508 -15.3648
    endloop
  endfacet
  facet normal 0.442314 -0.89686 0
    outer loop
      vertex -17.6606 -60.7144 -15.3648
      vertex -17.25 -60.5119 -13.3648
      vertex -17.6606 -60.7144 -13.3648
    endloop
  endfacet
  facet normal 0.442314 -0.89686 0
    outer loop
      vertex -17.25 -60.5119 -13.3648
      vertex -17.6606 -60.7144 -15.3648
      vertex -17.25 -60.5119 -15.3648
    endloop
  endfacet
  facet normal -0.751995 -0.659169 0
    outer loop
      vertex -21.4749 -59.9557 -15.3648
      vertex -21.7767 -59.6114 -13.3648
      vertex -21.7767 -59.6114 -15.3648
    endloop
  endfacet
  facet normal -0.751995 -0.659169 0
    outer loop
      vertex -21.7767 -59.6114 -13.3648
      vertex -21.4749 -59.9557 -15.3648
      vertex -21.4749 -59.9557 -13.3648
    endloop
  endfacet
  facet normal -0.980748 -0.195276 0
    outer loop
      vertex -22.3807 -58.3866 -15.3648
      vertex -22.4701 -57.9376 -13.3648
      vertex -22.4701 -57.9376 -15.3648
    endloop
  endfacet
  facet normal -0.980748 -0.195276 0
    outer loop
      vertex -22.4701 -57.9376 -13.3648
      vertex -22.3807 -58.3866 -15.3648
      vertex -22.3807 -58.3866 -13.3648
    endloop
  endfacet
  facet normal -0.321335 -0.946966 0
    outer loop
      vertex -20.3394 -60.7144 -15.3648
      vertex -19.9059 -60.8615 -13.3648
      vertex -20.3394 -60.7144 -13.3648
    endloop
  endfacet
  facet normal -0.321335 -0.946966 -0
    outer loop
      vertex -19.9059 -60.8615 -13.3648
      vertex -20.3394 -60.7144 -15.3648
      vertex -19.9059 -60.8615 -15.3648
    endloop
  endfacet
  facet normal 0.0653156 0.997865 -0
    outer loop
      vertex -18.5432 -54.0107 -15.3648
      vertex -19 -53.9808 -13.3648
      vertex -18.5432 -54.0107 -13.3648
    endloop
  endfacet
  facet normal 0.0653156 0.997865 0
    outer loop
      vertex -19 -53.9808 -13.3648
      vertex -18.5432 -54.0107 -15.3648
      vertex -19 -53.9808 -15.3648
    endloop
  endfacet
  facet normal 0.321531 0.946899 -0
    outer loop
      vertex -17.6606 -54.2472 -15.3648
      vertex -18.0941 -54.1 -13.3648
      vertex -17.6606 -54.2472 -13.3648
    endloop
  endfacet
  facet normal 0.321531 0.946899 0
    outer loop
      vertex -18.0941 -54.1 -13.3648
      vertex -17.6606 -54.2472 -15.3648
      vertex -18.0941 -54.1 -15.3648
    endloop
  endfacet
  facet normal 0.555456 0.831546 -0
    outer loop
      vertex -16.8693 -54.704 -15.3648
      vertex -17.25 -54.4497 -13.3648
      vertex -16.8693 -54.704 -13.3648
    endloop
  endfacet
  facet normal 0.555456 0.831546 0
    outer loop
      vertex -17.25 -54.4497 -13.3648
      vertex -16.8693 -54.704 -15.3648
      vertex -17.25 -54.4497 -15.3648
    endloop
  endfacet
  facet normal 0.7519 0.659278 0
    outer loop
      vertex -16.2233 -55.3501 -13.3648
      vertex -16.5251 -55.0059 -15.3648
      vertex -16.5251 -55.0059 -13.3648
    endloop
  endfacet
  facet normal 0.7519 0.659278 0
    outer loop
      vertex -16.5251 -55.0059 -15.3648
      vertex -16.2233 -55.3501 -13.3648
      vertex -16.2233 -55.3501 -15.3648
    endloop
  endfacet
  facet normal 0.831445 0.555607 0
    outer loop
      vertex -15.9689 -55.7308 -13.3648
      vertex -16.2233 -55.3501 -15.3648
      vertex -16.2233 -55.3501 -13.3648
    endloop
  endfacet
  facet normal 0.831445 0.555607 0
    outer loop
      vertex -16.2233 -55.3501 -15.3648
      vertex -15.9689 -55.7308 -13.3648
      vertex -15.9689 -55.7308 -15.3648
    endloop
  endfacet
  facet normal 0.997866 0.0653013 0
    outer loop
      vertex -15.5 -57.4808 -13.3648
      vertex -15.5299 -57.0239 -15.3648
      vertex -15.5299 -57.0239 -13.3648
    endloop
  endfacet
  facet normal 0.997866 0.0653013 0
    outer loop
      vertex -15.5299 -57.0239 -15.3648
      vertex -15.5 -57.4808 -13.3648
      vertex -15.5 -57.4808 -15.3648
    endloop
  endfacet
  facet normal -0.659401 0.751791 0
    outer loop
      vertex -21.1307 -54.704 -15.3648
      vertex -21.4749 -55.0059 -13.3648
      vertex -21.1307 -54.704 -13.3648
    endloop
  endfacet
  facet normal -0.659401 0.751791 0
    outer loop
      vertex -21.4749 -55.0059 -13.3648
      vertex -21.1307 -54.704 -15.3648
      vertex -21.4749 -55.0059 -15.3648
    endloop
  endfacet
  facet normal -0.555456 0.831546 0
    outer loop
      vertex -20.75 -54.4497 -15.3648
      vertex -21.1307 -54.704 -13.3648
      vertex -20.75 -54.4497 -13.3648
    endloop
  endfacet
  facet normal -0.555456 0.831546 0
    outer loop
      vertex -21.1307 -54.704 -13.3648
      vertex -20.75 -54.4497 -15.3648
      vertex -21.1307 -54.704 -15.3648
    endloop
  endfacet
  facet normal -0.195024 0.980798 0
    outer loop
      vertex -19.4568 -54.0107 -15.3648
      vertex -19.9059 -54.1 -13.3648
      vertex -19.4568 -54.0107 -13.3648
    endloop
  endfacet
  facet normal -0.195024 0.980798 0
    outer loop
      vertex -19.9059 -54.1 -13.3648
      vertex -19.4568 -54.0107 -15.3648
      vertex -19.9059 -54.1 -15.3648
    endloop
  endfacet
  facet normal -0.7519 0.659278 0
    outer loop
      vertex -21.7767 -55.3501 -15.3648
      vertex -21.4749 -55.0059 -13.3648
      vertex -21.4749 -55.0059 -15.3648
    endloop
  endfacet
  facet normal -0.7519 0.659278 0
    outer loop
      vertex -21.4749 -55.0059 -13.3648
      vertex -21.7767 -55.3501 -15.3648
      vertex -21.7767 -55.3501 -13.3648
    endloop
  endfacet
  facet normal -0.946966 0.321335 0
    outer loop
      vertex -22.3807 -56.5749 -15.3648
      vertex -22.2336 -56.1414 -13.3648
      vertex -22.2336 -56.1414 -15.3648
    endloop
  endfacet
  facet normal -0.946966 0.321335 0
    outer loop
      vertex -22.2336 -56.1414 -13.3648
      vertex -22.3807 -56.5749 -15.3648
      vertex -22.3807 -56.5749 -13.3648
    endloop
  endfacet
  facet normal -0.997866 0.0653013 0
    outer loop
      vertex -22.5 -57.4808 -15.3648
      vertex -22.4701 -57.0239 -13.3648
      vertex -22.4701 -57.0239 -15.3648
    endloop
  endfacet
  facet normal -0.997866 0.0653013 0
    outer loop
      vertex -22.4701 -57.0239 -13.3648
      vertex -22.5 -57.4808 -15.3648
      vertex -22.5 -57.4808 -13.3648
    endloop
  endfacet
  facet normal 0.195024 0.980798 -0
    outer loop
      vertex -18.0941 -54.1 -15.3648
      vertex -18.5432 -54.0107 -13.3648
      vertex -18.0941 -54.1 -13.3648
    endloop
  endfacet
  facet normal 0.195024 0.980798 0
    outer loop
      vertex -18.5432 -54.0107 -13.3648
      vertex -18.0941 -54.1 -15.3648
      vertex -18.5432 -54.0107 -15.3648
    endloop
  endfacet
  facet normal 0.946966 0.321335 0
    outer loop
      vertex -15.6193 -56.5749 -13.3648
      vertex -15.7664 -56.1414 -15.3648
      vertex -15.7664 -56.1414 -13.3648
    endloop
  endfacet
  facet normal 0.946966 0.321335 0
    outer loop
      vertex -15.7664 -56.1414 -15.3648
      vertex -15.6193 -56.5749 -13.3648
      vertex -15.6193 -56.5749 -15.3648
    endloop
  endfacet
  facet normal -0.0653156 0.997865 0
    outer loop
      vertex -19 -53.9808 -15.3648
      vertex -19.4568 -54.0107 -13.3648
      vertex -19 -53.9808 -13.3648
    endloop
  endfacet
  facet normal -0.0653156 0.997865 0
    outer loop
      vertex -19.4568 -54.0107 -13.3648
      vertex -19 -53.9808 -15.3648
      vertex -19.4568 -54.0107 -15.3648
    endloop
  endfacet
  facet normal -0.980748 0.195276 0
    outer loop
      vertex -22.4701 -57.0239 -15.3648
      vertex -22.3807 -56.5749 -13.3648
      vertex -22.3807 -56.5749 -15.3648
    endloop
  endfacet
  facet normal -0.980748 0.195276 0
    outer loop
      vertex -22.3807 -56.5749 -13.3648
      vertex -22.4701 -57.0239 -15.3648
      vertex -22.4701 -57.0239 -13.3648
    endloop
  endfacet
  facet normal 0.997865 -0.0653085 0
    outer loop
      vertex -15.5299 -8.93762 -13.3648
      vertex -15.5 -8.48077 -15.3648
      vertex -15.5 -8.48077 -13.3648
    endloop
  endfacet
  facet normal 0.997865 -0.0653085 0
    outer loop
      vertex -15.5 -8.48077 -15.3648
      vertex -15.5299 -8.93762 -13.3648
      vertex -15.5299 -8.93762 -15.3648
    endloop
  endfacet
  facet normal -0.997865 -0.0653085 0
    outer loop
      vertex -22.4701 -8.93762 -15.3648
      vertex -22.5 -8.48077 -13.3648
      vertex -22.5 -8.48077 -15.3648
    endloop
  endfacet
  facet normal -0.997865 -0.0653085 0
    outer loop
      vertex -22.5 -8.48077 -13.3648
      vertex -22.4701 -8.93762 -15.3648
      vertex -22.4701 -8.93762 -13.3648
    endloop
  endfacet
  facet normal -0.0655331 -0.99785 0
    outer loop
      vertex -19.4568 -11.9508 -15.3648
      vertex -19 -11.9808 -13.3648
      vertex -19.4568 -11.9508 -13.3648
    endloop
  endfacet
  facet normal -0.0655331 -0.99785 -0
    outer loop
      vertex -19 -11.9808 -13.3648
      vertex -19.4568 -11.9508 -15.3648
      vertex -19 -11.9808 -15.3648
    endloop
  endfacet
  facet normal 0.659401 -0.751791 0
    outer loop
      vertex -16.8693 -11.2575 -15.3648
      vertex -16.5251 -10.9556 -13.3648
      vertex -16.8693 -11.2575 -13.3648
    endloop
  endfacet
  facet normal 0.659401 -0.751791 0
    outer loop
      vertex -16.5251 -10.9556 -13.3648
      vertex -16.8693 -11.2575 -15.3648
      vertex -16.5251 -10.9556 -15.3648
    endloop
  endfacet
  facet normal -0.659401 -0.751791 0
    outer loop
      vertex -21.4749 -10.9556 -15.3648
      vertex -21.1307 -11.2575 -13.3648
      vertex -21.4749 -10.9556 -13.3648
    endloop
  endfacet
  facet normal -0.659401 -0.751791 -0
    outer loop
      vertex -21.1307 -11.2575 -13.3648
      vertex -21.4749 -10.9556 -15.3648
      vertex -21.1307 -11.2575 -15.3648
    endloop
  endfacet
  facet normal -0.442314 -0.89686 0
    outer loop
      vertex -20.75 -11.5119 -15.3648
      vertex -20.3394 -11.7144 -13.3648
      vertex -20.75 -11.5119 -13.3648
    endloop
  endfacet
  facet normal -0.442314 -0.89686 -0
    outer loop
      vertex -20.3394 -11.7144 -13.3648
      vertex -20.75 -11.5119 -15.3648
      vertex -20.3394 -11.7144 -15.3648
    endloop
  endfacet
  facet normal -0.831425 0.555637 0
    outer loop
      vertex -22.0311 -6.73078 -15.3648
      vertex -21.7767 -6.35011 -13.3648
      vertex -21.7767 -6.35011 -15.3648
    endloop
  endfacet
  facet normal -0.831425 0.555637 0
    outer loop
      vertex -21.7767 -6.35011 -13.3648
      vertex -22.0311 -6.73078 -15.3648
      vertex -22.0311 -6.73078 -13.3648
    endloop
  endfacet
  facet normal 0.946972 -0.321315 0
    outer loop
      vertex -15.7664 -9.82017 -13.3648
      vertex -15.6193 -9.38664 -15.3648
      vertex -15.6193 -9.38664 -13.3648
    endloop
  endfacet
  facet normal 0.946972 -0.321315 0
    outer loop
      vertex -15.6193 -9.38664 -15.3648
      vertex -15.7664 -9.82017 -13.3648
      vertex -15.7664 -9.82017 -15.3648
    endloop
  endfacet
  facet normal 0.98075 -0.195268 0
    outer loop
      vertex -15.6193 -9.38664 -13.3648
      vertex -15.5299 -8.93762 -15.3648
      vertex -15.5299 -8.93762 -13.3648
    endloop
  endfacet
  facet normal 0.98075 -0.195268 0
    outer loop
      vertex -15.5299 -8.93762 -15.3648
      vertex -15.6193 -9.38664 -13.3648
      vertex -15.6193 -9.38664 -15.3648
    endloop
  endfacet
  facet normal 0.321335 -0.946966 0
    outer loop
      vertex -18.0941 -11.8615 -15.3648
      vertex -17.6606 -11.7144 -13.3648
      vertex -18.0941 -11.8615 -13.3648
    endloop
  endfacet
  facet normal 0.321335 -0.946966 0
    outer loop
      vertex -17.6606 -11.7144 -13.3648
      vertex -18.0941 -11.8615 -15.3648
      vertex -17.6606 -11.7144 -15.3648
    endloop
  endfacet
  facet normal 0.195024 -0.980798 0
    outer loop
      vertex -18.5432 -11.9508 -15.3648
      vertex -18.0941 -11.8615 -13.3648
      vertex -18.5432 -11.9508 -13.3648
    endloop
  endfacet
  facet normal 0.195024 -0.980798 0
    outer loop
      vertex -18.0941 -11.8615 -13.3648
      vertex -18.5432 -11.9508 -15.3648
      vertex -18.0941 -11.8615 -15.3648
    endloop
  endfacet
  facet normal 0.555607 -0.831445 0
    outer loop
      vertex -17.25 -11.5119 -15.3648
      vertex -16.8693 -11.2575 -13.3648
      vertex -17.25 -11.5119 -13.3648
    endloop
  endfacet
  facet normal 0.555607 -0.831445 0
    outer loop
      vertex -16.8693 -11.2575 -13.3648
      vertex -17.25 -11.5119 -15.3648
      vertex -16.8693 -11.2575 -15.3648
    endloop
  endfacet
  facet normal -0.896873 -0.442288 0
    outer loop
      vertex -22.0311 -10.2308 -15.3648
      vertex -22.2336 -9.82017 -13.3648
      vertex -22.2336 -9.82017 -15.3648
    endloop
  endfacet
  facet normal -0.896873 -0.442288 0
    outer loop
      vertex -22.2336 -9.82017 -13.3648
      vertex -22.0311 -10.2308 -15.3648
      vertex -22.0311 -10.2308 -13.3648
    endloop
  endfacet
  facet normal -0.831378 -0.555708 0
    outer loop
      vertex -21.7767 -10.6114 -15.3648
      vertex -22.0311 -10.2308 -13.3648
      vertex -22.0311 -10.2308 -15.3648
    endloop
  endfacet
  facet normal -0.831378 -0.555708 0
    outer loop
      vertex -22.0311 -10.2308 -13.3648
      vertex -21.7767 -10.6114 -15.3648
      vertex -21.7767 -10.6114 -13.3648
    endloop
  endfacet
  facet normal -0.946972 -0.321315 0
    outer loop
      vertex -22.2336 -9.82017 -15.3648
      vertex -22.3807 -9.38664 -13.3648
      vertex -22.3807 -9.38664 -15.3648
    endloop
  endfacet
  facet normal -0.946972 -0.321315 0
    outer loop
      vertex -22.3807 -9.38664 -13.3648
      vertex -22.2336 -9.82017 -15.3648
      vertex -22.2336 -9.82017 -13.3648
    endloop
  endfacet
  facet normal -0.555607 -0.831445 0
    outer loop
      vertex -21.1307 -11.2575 -15.3648
      vertex -20.75 -11.5119 -13.3648
      vertex -21.1307 -11.2575 -13.3648
    endloop
  endfacet
  facet normal -0.555607 -0.831445 -0
    outer loop
      vertex -20.75 -11.5119 -13.3648
      vertex -21.1307 -11.2575 -15.3648
      vertex -20.75 -11.5119 -15.3648
    endloop
  endfacet
  facet normal -0.195024 -0.980798 0
    outer loop
      vertex -19.9059 -11.8615 -15.3648
      vertex -19.4568 -11.9508 -13.3648
      vertex -19.9059 -11.8615 -13.3648
    endloop
  endfacet
  facet normal -0.195024 -0.980798 -0
    outer loop
      vertex -19.4568 -11.9508 -13.3648
      vertex -19.9059 -11.8615 -15.3648
      vertex -19.4568 -11.9508 -15.3648
    endloop
  endfacet
  facet normal 0.89686 0.442314 0
    outer loop
      vertex -15.7664 -7.14138 -13.3648
      vertex -15.9689 -6.73078 -15.3648
      vertex -15.9689 -6.73078 -13.3648
    endloop
  endfacet
  facet normal 0.89686 0.442314 0
    outer loop
      vertex -15.9689 -6.73078 -15.3648
      vertex -15.7664 -7.14138 -13.3648
      vertex -15.7664 -7.14138 -15.3648
    endloop
  endfacet
  facet normal 0.659352 0.751835 -0
    outer loop
      vertex -16.5251 -6.0059 -15.3648
      vertex -16.8693 -5.70404 -13.3648
      vertex -16.5251 -6.0059 -13.3648
    endloop
  endfacet
  facet normal 0.659352 0.751835 0
    outer loop
      vertex -16.8693 -5.70404 -13.3648
      vertex -16.5251 -6.0059 -15.3648
      vertex -16.8693 -5.70404 -15.3648
    endloop
  endfacet
  facet normal 0.442297 0.896869 -0
    outer loop
      vertex -17.25 -5.44969 -15.3648
      vertex -17.6606 -5.2472 -13.3648
      vertex -17.25 -5.44969 -13.3648
    endloop
  endfacet
  facet normal 0.442297 0.896869 0
    outer loop
      vertex -17.6606 -5.2472 -13.3648
      vertex -17.25 -5.44969 -15.3648
      vertex -17.6606 -5.2472 -15.3648
    endloop
  endfacet
  facet normal 0.98075 0.195268 0
    outer loop
      vertex -15.5299 -8.02393 -13.3648
      vertex -15.6193 -7.57491 -15.3648
      vertex -15.6193 -7.57491 -13.3648
    endloop
  endfacet
  facet normal 0.98075 0.195268 0
    outer loop
      vertex -15.6193 -7.57491 -15.3648
      vertex -15.5299 -8.02393 -13.3648
      vertex -15.5299 -8.02393 -15.3648
    endloop
  endfacet
  facet normal -0.321452 0.946926 0
    outer loop
      vertex -19.9059 -5.10004 -15.3648
      vertex -20.3394 -5.2472 -13.3648
      vertex -19.9059 -5.10004 -13.3648
    endloop
  endfacet
  facet normal -0.321452 0.946926 0
    outer loop
      vertex -20.3394 -5.2472 -13.3648
      vertex -19.9059 -5.10004 -15.3648
      vertex -20.3394 -5.2472 -15.3648
    endloop
  endfacet
  facet normal -0.442297 0.896869 0
    outer loop
      vertex -20.3394 -5.2472 -15.3648
      vertex -20.75 -5.44969 -13.3648
      vertex -20.3394 -5.2472 -13.3648
    endloop
  endfacet
  facet normal -0.442297 0.896869 0
    outer loop
      vertex -20.75 -5.44969 -13.3648
      vertex -20.3394 -5.2472 -15.3648
      vertex -20.75 -5.44969 -15.3648
    endloop
  endfacet
  facet normal -0.89686 0.442314 0
    outer loop
      vertex -22.2336 -7.14138 -15.3648
      vertex -22.0311 -6.73078 -13.3648
      vertex -22.0311 -6.73078 -15.3648
    endloop
  endfacet
  facet normal -0.89686 0.442314 0
    outer loop
      vertex -22.0311 -6.73078 -13.3648
      vertex -22.2336 -7.14138 -15.3648
      vertex -22.2336 -7.14138 -13.3648
    endloop
  endfacet
  facet normal 0 0 1
    outer loop
      vertex -17.4 -8.48077 -13.3648
      vertex -15.5 -8.48077 -13.3648
      vertex -15.5299 -8.02393 -13.3648
    endloop
  endfacet
  facet normal 0 0 1
    outer loop
      vertex -17.4137 -8.27193 -13.3648
      vertex -15.5299 -8.02393 -13.3648
      vertex -15.6193 -7.57491 -13.3648
    endloop
  endfacet
  facet normal 0 0 1
    outer loop
      vertex -15.5 -8.48077 -13.3648
      vertex -17.4 -8.48077 -13.3648
      vertex -15.5299 -8.93762 -13.3648
    endloop
  endfacet
  facet normal 0 0 1
    outer loop
      vertex -17.4545 -8.06666 -13.3648
      vertex -15.6193 -7.57491 -13.3648
      vertex -15.7664 -7.14138 -13.3648
    endloop
  endfacet
  facet normal -0 0 1
    outer loop
      vertex -17.4137 -8.68962 -13.3648
      vertex -15.5299 -8.93762 -13.3648
      vertex -17.4 -8.48077 -13.3648
    endloop
  endfacet
  facet normal 0 0 1
    outer loop
      vertex -17.5218 -7.86848 -13.3648
      vertex -15.7664 -7.14138 -13.3648
      vertex -15.9689 -6.73078 -13.3648
    endloop
  endfacet
  facet normal 0 0 1
    outer loop
      vertex -15.5299 -8.93762 -13.3648
      vertex -17.4137 -8.68962 -13.3648
      vertex -15.6193 -9.38664 -13.3648
    endloop
  endfacet
  facet normal 0 0 1
    outer loop
      vertex -17.6144 -7.68078 -13.3648
      vertex -15.9689 -6.73078 -13.3648
      vertex -16.2233 -6.35011 -13.3648
    endloop
  endfacet
  facet normal -0 0 1
    outer loop
      vertex -17.4545 -8.89489 -13.3648
      vertex -15.6193 -9.38664 -13.3648
      vertex -17.4137 -8.68962 -13.3648
    endloop
  endfacet
  facet normal 0 0 1
    outer loop
      vertex -17.7306 -7.50676 -13.3648
      vertex -16.2233 -6.35011 -13.3648
      vertex -16.5251 -6.0059 -13.3648
    endloop
  endfacet
  facet normal 0 0 1
    outer loop
      vertex -15.6193 -9.38664 -13.3648
      vertex -17.4545 -8.89489 -13.3648
      vertex -15.7664 -9.82017 -13.3648
    endloop
  endfacet
  facet normal 0 0 1
    outer loop
      vertex -17.8686 -7.3494 -13.3648
      vertex -16.5251 -6.0059 -13.3648
      vertex -16.8693 -5.70404 -13.3648
    endloop
  endfacet
  facet normal -0 0 1
    outer loop
      vertex -17.5218 -9.09307 -13.3648
      vertex -15.7664 -9.82017 -13.3648
      vertex -17.4545 -8.89489 -13.3648
    endloop
  endfacet
  facet normal 0 0 1
    outer loop
      vertex -18.026 -7.21141 -13.3648
      vertex -16.8693 -5.70404 -13.3648
      vertex -17.25 -5.44969 -13.3648
    endloop
  endfacet
  facet normal 0 0 1
    outer loop
      vertex -15.7664 -9.82017 -13.3648
      vertex -17.5218 -9.09307 -13.3648
      vertex -15.9689 -10.2308 -13.3648
    endloop
  endfacet
  facet normal -0 0 1
    outer loop
      vertex -17.6144 -9.28078 -13.3648
      vertex -15.9689 -10.2308 -13.3648
      vertex -17.5218 -9.09307 -13.3648
    endloop
  endfacet
  facet normal 0 0 1
    outer loop
      vertex -15.5299 -8.02393 -13.3648
      vertex -17.4137 -8.27193 -13.3648
      vertex -17.4 -8.48077 -13.3648
    endloop
  endfacet
  facet normal 0 0 1
    outer loop
      vertex -15.6193 -7.57491 -13.3648
      vertex -17.4545 -8.06666 -13.3648
      vertex -17.4137 -8.27193 -13.3648
    endloop
  endfacet
  facet normal 0 0 1
    outer loop
      vertex -15.7664 -7.14138 -13.3648
      vertex -17.5218 -7.86848 -13.3648
      vertex -17.4545 -8.06666 -13.3648
    endloop
  endfacet
  facet normal 0 0 1
    outer loop
      vertex -15.9689 -6.73078 -13.3648
      vertex -17.6144 -7.68078 -13.3648
      vertex -17.5218 -7.86848 -13.3648
    endloop
  endfacet
  facet normal 0 0 1
    outer loop
      vertex -18.2 -7.09514 -13.3648
      vertex -17.25 -5.44969 -13.3648
      vertex -17.6606 -5.2472 -13.3648
    endloop
  endfacet
  facet normal 0 0 1
    outer loop
      vertex -16.2233 -6.35011 -13.3648
      vertex -17.7306 -7.50676 -13.3648
      vertex -17.6144 -7.68078 -13.3648
    endloop
  endfacet
  facet normal 0 0 1
    outer loop
      vertex -16.5251 -6.0059 -13.3648
      vertex -17.8686 -7.3494 -13.3648
      vertex -17.7306 -7.50676 -13.3648
    endloop
  endfacet
  facet normal 0 0 1
    outer loop
      vertex -16.8693 -5.70404 -13.3648
      vertex -18.026 -7.21141 -13.3648
      vertex -17.8686 -7.3494 -13.3648
    endloop
  endfacet
  facet normal 0 0 1
    outer loop
      vertex -18.3877 -7.00257 -13.3648
      vertex -17.6606 -5.2472 -13.3648
      vertex -18.0941 -5.10004 -13.3648
    endloop
  endfacet
  facet normal 0 0 1
    outer loop
      vertex -17.25 -5.44969 -13.3648
      vertex -18.2 -7.09514 -13.3648
      vertex -18.026 -7.21141 -13.3648
    endloop
  endfacet
  facet normal 0 0 1
    outer loop
      vertex -17.6606 -5.2472 -13.3648
      vertex -18.3877 -7.00257 -13.3648
      vertex -18.2 -7.09514 -13.3648
    endloop
  endfacet
  facet normal 0 0 1
    outer loop
      vertex -18.5859 -6.93529 -13.3648
      vertex -18.0941 -5.10004 -13.3648
      vertex -18.5432 -5.01072 -13.3648
    endloop
  endfacet
  facet normal 0 0 1
    outer loop
      vertex -18.0941 -5.10004 -13.3648
      vertex -18.5859 -6.93529 -13.3648
      vertex -18.3877 -7.00257 -13.3648
    endloop
  endfacet
  facet normal 0 0 1
    outer loop
      vertex -18.5432 -5.01072 -13.3648
      vertex -18.7912 -6.89446 -13.3648
      vertex -18.5859 -6.93529 -13.3648
    endloop
  endfacet
  facet normal 0 0 1
    outer loop
      vertex -19 -4.98078 -13.3648
      vertex -18.7912 -6.89446 -13.3648
      vertex -18.5432 -5.01072 -13.3648
    endloop
  endfacet
  facet normal 0 0 1
    outer loop
      vertex -19 -4.98078 -13.3648
      vertex -19 -6.88078 -13.3648
      vertex -18.7912 -6.89446 -13.3648
    endloop
  endfacet
  facet normal 0 0 1
    outer loop
      vertex -19 -4.98078 -13.3648
      vertex -19.2088 -6.89446 -13.3648
      vertex -19 -6.88078 -13.3648
    endloop
  endfacet
  facet normal -0 0 1
    outer loop
      vertex -19.4568 -5.01072 -13.3648
      vertex -19.2088 -6.89446 -13.3648
      vertex -19 -4.98078 -13.3648
    endloop
  endfacet
  facet normal 0 0 1
    outer loop
      vertex -19.2088 -6.89446 -13.3648
      vertex -19.4568 -5.01072 -13.3648
      vertex -19.4141 -6.93529 -13.3648
    endloop
  endfacet
  facet normal -0 0 1
    outer loop
      vertex -19.9059 -5.10004 -13.3648
      vertex -19.4141 -6.93529 -13.3648
      vertex -19.4568 -5.01072 -13.3648
    endloop
  endfacet
  facet normal 0 0 1
    outer loop
      vertex -19.4141 -6.93529 -13.3648
      vertex -19.9059 -5.10004 -13.3648
      vertex -19.6123 -7.00257 -13.3648
    endloop
  endfacet
  facet normal -0 0 1
    outer loop
      vertex -20.3394 -5.2472 -13.3648
      vertex -19.6123 -7.00257 -13.3648
      vertex -19.9059 -5.10004 -13.3648
    endloop
  endfacet
  facet normal 0 0 1
    outer loop
      vertex -19.6123 -7.00257 -13.3648
      vertex -20.3394 -5.2472 -13.3648
      vertex -19.8 -7.09514 -13.3648
    endloop
  endfacet
  facet normal -0 0 1
    outer loop
      vertex -20.75 -5.44969 -13.3648
      vertex -19.8 -7.09514 -13.3648
      vertex -20.3394 -5.2472 -13.3648
    endloop
  endfacet
  facet normal 0 0 1
    outer loop
      vertex -19.8 -7.09514 -13.3648
      vertex -20.75 -5.44969 -13.3648
      vertex -19.974 -7.21141 -13.3648
    endloop
  endfacet
  facet normal -0 0 1
    outer loop
      vertex -21.1307 -5.70404 -13.3648
      vertex -19.974 -7.21141 -13.3648
      vertex -20.75 -5.44969 -13.3648
    endloop
  endfacet
  facet normal 0 0 1
    outer loop
      vertex -19.974 -7.21141 -13.3648
      vertex -21.1307 -5.70404 -13.3648
      vertex -20.1314 -7.3494 -13.3648
    endloop
  endfacet
  facet normal -0 0 1
    outer loop
      vertex -21.4749 -6.0059 -13.3648
      vertex -20.1314 -7.3494 -13.3648
      vertex -21.1307 -5.70404 -13.3648
    endloop
  endfacet
  facet normal 0 0 1
    outer loop
      vertex -20.1314 -7.3494 -13.3648
      vertex -21.4749 -6.0059 -13.3648
      vertex -20.2694 -7.50676 -13.3648
    endloop
  endfacet
  facet normal -0 0 1
    outer loop
      vertex -21.7767 -6.35011 -13.3648
      vertex -20.2694 -7.50676 -13.3648
      vertex -21.4749 -6.0059 -13.3648
    endloop
  endfacet
  facet normal -0 0 1
    outer loop
      vertex -22.0311 -6.73078 -13.3648
      vertex -20.3856 -7.68078 -13.3648
      vertex -21.7767 -6.35011 -13.3648
    endloop
  endfacet
  facet normal 0 0 1
    outer loop
      vertex -20.2694 -7.50676 -13.3648
      vertex -21.7767 -6.35011 -13.3648
      vertex -20.3856 -7.68078 -13.3648
    endloop
  endfacet
  facet normal 0 0 1
    outer loop
      vertex -15.9689 -10.2308 -13.3648
      vertex -17.6144 -9.28078 -13.3648
      vertex -16.2233 -10.6114 -13.3648
    endloop
  endfacet
  facet normal -0 0 1
    outer loop
      vertex -17.7306 -9.45479 -13.3648
      vertex -16.2233 -10.6114 -13.3648
      vertex -17.6144 -9.28078 -13.3648
    endloop
  endfacet
  facet normal 0 0 1
    outer loop
      vertex -16.2233 -10.6114 -13.3648
      vertex -17.7306 -9.45479 -13.3648
      vertex -16.5251 -10.9556 -13.3648
    endloop
  endfacet
  facet normal -0 0 1
    outer loop
      vertex -17.8686 -9.61215 -13.3648
      vertex -16.5251 -10.9556 -13.3648
      vertex -17.7306 -9.45479 -13.3648
    endloop
  endfacet
  facet normal 0 0 1
    outer loop
      vertex -16.5251 -10.9556 -13.3648
      vertex -17.8686 -9.61215 -13.3648
      vertex -16.8693 -11.2575 -13.3648
    endloop
  endfacet
  facet normal -0 0 1
    outer loop
      vertex -18.026 -9.75014 -13.3648
      vertex -16.8693 -11.2575 -13.3648
      vertex -17.8686 -9.61215 -13.3648
    endloop
  endfacet
  facet normal 0 0 1
    outer loop
      vertex -16.8693 -11.2575 -13.3648
      vertex -18.026 -9.75014 -13.3648
      vertex -17.25 -11.5119 -13.3648
    endloop
  endfacet
  facet normal -0 0 1
    outer loop
      vertex -18.2 -9.86642 -13.3648
      vertex -17.25 -11.5119 -13.3648
      vertex -18.026 -9.75014 -13.3648
    endloop
  endfacet
  facet normal 0 0 1
    outer loop
      vertex -17.25 -11.5119 -13.3648
      vertex -18.2 -9.86642 -13.3648
      vertex -17.6606 -11.7144 -13.3648
    endloop
  endfacet
  facet normal -0 0 1
    outer loop
      vertex -18.3877 -9.95898 -13.3648
      vertex -17.6606 -11.7144 -13.3648
      vertex -18.2 -9.86642 -13.3648
    endloop
  endfacet
  facet normal 0 0 1
    outer loop
      vertex -17.6606 -11.7144 -13.3648
      vertex -18.3877 -9.95898 -13.3648
      vertex -18.0941 -11.8615 -13.3648
    endloop
  endfacet
  facet normal -0 0 1
    outer loop
      vertex -18.5859 -10.0263 -13.3648
      vertex -18.0941 -11.8615 -13.3648
      vertex -18.3877 -9.95898 -13.3648
    endloop
  endfacet
  facet normal 0 0 1
    outer loop
      vertex -18.0941 -11.8615 -13.3648
      vertex -18.5859 -10.0263 -13.3648
      vertex -18.5432 -11.9508 -13.3648
    endloop
  endfacet
  facet normal -0 0 1
    outer loop
      vertex -18.7912 -10.0671 -13.3648
      vertex -18.5432 -11.9508 -13.3648
      vertex -18.5859 -10.0263 -13.3648
    endloop
  endfacet
  facet normal -0 0 1
    outer loop
      vertex -19 -10.0808 -13.3648
      vertex -18.5432 -11.9508 -13.3648
      vertex -18.7912 -10.0671 -13.3648
    endloop
  endfacet
  facet normal 0 0 1
    outer loop
      vertex -19 -10.0808 -13.3648
      vertex -19 -11.9808 -13.3648
      vertex -18.5432 -11.9508 -13.3648
    endloop
  endfacet
  facet normal 0 0 1
    outer loop
      vertex -19.2088 -10.0671 -13.3648
      vertex -19 -11.9808 -13.3648
      vertex -19 -10.0808 -13.3648
    endloop
  endfacet
  facet normal 0 0 1
    outer loop
      vertex -19.4568 -11.9508 -13.3648
      vertex -19.2088 -10.0671 -13.3648
      vertex -19.4141 -10.0263 -13.3648
    endloop
  endfacet
  facet normal 0 0 1
    outer loop
      vertex -19.2088 -10.0671 -13.3648
      vertex -19.4568 -11.9508 -13.3648
      vertex -19 -11.9808 -13.3648
    endloop
  endfacet
  facet normal 0 0 1
    outer loop
      vertex -19.9059 -11.8615 -13.3648
      vertex -19.4141 -10.0263 -13.3648
      vertex -19.6123 -9.95898 -13.3648
    endloop
  endfacet
  facet normal 0 0 1
    outer loop
      vertex -20.3394 -11.7144 -13.3648
      vertex -19.6123 -9.95898 -13.3648
      vertex -19.8 -9.86642 -13.3648
    endloop
  endfacet
  facet normal 0 0 1
    outer loop
      vertex -19.4141 -10.0263 -13.3648
      vertex -19.9059 -11.8615 -13.3648
      vertex -19.4568 -11.9508 -13.3648
    endloop
  endfacet
  facet normal 0 0 1
    outer loop
      vertex -20.75 -11.5119 -13.3648
      vertex -19.8 -9.86642 -13.3648
      vertex -19.974 -9.75014 -13.3648
    endloop
  endfacet
  facet normal 0 0 1
    outer loop
      vertex -21.1307 -11.2575 -13.3648
      vertex -19.974 -9.75014 -13.3648
      vertex -20.1314 -9.61215 -13.3648
    endloop
  endfacet
  facet normal 0 0 1
    outer loop
      vertex -21.4749 -10.9556 -13.3648
      vertex -20.1314 -9.61215 -13.3648
      vertex -20.2694 -9.45479 -13.3648
    endloop
  endfacet
  facet normal 0 0 1
    outer loop
      vertex -19.6123 -9.95898 -13.3648
      vertex -20.3394 -11.7144 -13.3648
      vertex -19.9059 -11.8615 -13.3648
    endloop
  endfacet
  facet normal 0 0 1
    outer loop
      vertex -21.7767 -10.6114 -13.3648
      vertex -20.2694 -9.45479 -13.3648
      vertex -20.3856 -9.28078 -13.3648
    endloop
  endfacet
  facet normal 0 0 1
    outer loop
      vertex -22.0311 -10.2308 -13.3648
      vertex -20.3856 -9.28078 -13.3648
      vertex -20.4782 -9.09307 -13.3648
    endloop
  endfacet
  facet normal 0 0 1
    outer loop
      vertex -22.2336 -9.82017 -13.3648
      vertex -20.4782 -9.09307 -13.3648
      vertex -20.5455 -8.89489 -13.3648
    endloop
  endfacet
  facet normal 0 0 1
    outer loop
      vertex -22.3807 -9.38664 -13.3648
      vertex -20.5455 -8.89489 -13.3648
      vertex -20.5863 -8.68962 -13.3648
    endloop
  endfacet
  facet normal 0 0 1
    outer loop
      vertex -19.8 -9.86642 -13.3648
      vertex -20.75 -11.5119 -13.3648
      vertex -20.3394 -11.7144 -13.3648
    endloop
  endfacet
  facet normal 0 0 1
    outer loop
      vertex -22.4701 -8.93762 -13.3648
      vertex -20.5863 -8.68962 -13.3648
      vertex -20.6 -8.48077 -13.3648
    endloop
  endfacet
  facet normal 0 0 1
    outer loop
      vertex -20.3856 -7.68078 -13.3648
      vertex -22.0311 -6.73078 -13.3648
      vertex -20.4782 -7.86848 -13.3648
    endloop
  endfacet
  facet normal -0 0 1
    outer loop
      vertex -22.2336 -7.14138 -13.3648
      vertex -20.4782 -7.86848 -13.3648
      vertex -22.0311 -6.73078 -13.3648
    endloop
  endfacet
  facet normal 0 0 1
    outer loop
      vertex -19.974 -9.75014 -13.3648
      vertex -21.1307 -11.2575 -13.3648
      vertex -20.75 -11.5119 -13.3648
    endloop
  endfacet
  facet normal 0 0 1
    outer loop
      vertex -20.4782 -7.86848 -13.3648
      vertex -22.2336 -7.14138 -13.3648
      vertex -20.5455 -8.06666 -13.3648
    endloop
  endfacet
  facet normal 0 0 1
    outer loop
      vertex -20.1314 -9.61215 -13.3648
      vertex -21.4749 -10.9556 -13.3648
      vertex -21.1307 -11.2575 -13.3648
    endloop
  endfacet
  facet normal -0 0 1
    outer loop
      vertex -22.3807 -7.57491 -13.3648
      vertex -20.5455 -8.06666 -13.3648
      vertex -22.2336 -7.14138 -13.3648
    endloop
  endfacet
  facet normal 0 0 1
    outer loop
      vertex -20.2694 -9.45479 -13.3648
      vertex -21.7767 -10.6114 -13.3648
      vertex -21.4749 -10.9556 -13.3648
    endloop
  endfacet
  facet normal 0 0 1
    outer loop
      vertex -20.5455 -8.06666 -13.3648
      vertex -22.3807 -7.57491 -13.3648
      vertex -20.5863 -8.27193 -13.3648
    endloop
  endfacet
  facet normal 0 0 1
    outer loop
      vertex -20.3856 -9.28078 -13.3648
      vertex -22.0311 -10.2308 -13.3648
      vertex -21.7767 -10.6114 -13.3648
    endloop
  endfacet
  facet normal -0 0 1
    outer loop
      vertex -22.4701 -8.02393 -13.3648
      vertex -20.5863 -8.27193 -13.3648
      vertex -22.3807 -7.57491 -13.3648
    endloop
  endfacet
  facet normal 0 0 1
    outer loop
      vertex -20.4782 -9.09307 -13.3648
      vertex -22.2336 -9.82017 -13.3648
      vertex -22.0311 -10.2308 -13.3648
    endloop
  endfacet
  facet normal 0 0 1
    outer loop
      vertex -20.5863 -8.27193 -13.3648
      vertex -22.4701 -8.02393 -13.3648
      vertex -20.6 -8.48077 -13.3648
    endloop
  endfacet
  facet normal 0 0 1
    outer loop
      vertex -20.5455 -8.89489 -13.3648
      vertex -22.3807 -9.38664 -13.3648
      vertex -22.2336 -9.82017 -13.3648
    endloop
  endfacet
  facet normal 0 0 1
    outer loop
      vertex -22.5 -8.48077 -13.3648
      vertex -20.6 -8.48077 -13.3648
      vertex -22.4701 -8.02393 -13.3648
    endloop
  endfacet
  facet normal 0 0 1
    outer loop
      vertex -20.5863 -8.68962 -13.3648
      vertex -22.4701 -8.93762 -13.3648
      vertex -22.3807 -9.38664 -13.3648
    endloop
  endfacet
  facet normal 0 0 1
    outer loop
      vertex -20.6 -8.48077 -13.3648
      vertex -22.5 -8.48077 -13.3648
      vertex -22.4701 -8.93762 -13.3648
    endloop
  endfacet
  facet normal -0.946972 0.321315 0
    outer loop
      vertex -22.3807 -7.57491 -15.3648
      vertex -22.2336 -7.14138 -13.3648
      vertex -22.2336 -7.14138 -15.3648
    endloop
  endfacet
  facet normal -0.946972 0.321315 0
    outer loop
      vertex -22.2336 -7.14138 -13.3648
      vertex -22.3807 -7.57491 -15.3648
      vertex -22.3807 -7.57491 -13.3648
    endloop
  endfacet
  facet normal 0.896873 -0.442288 0
    outer loop
      vertex -15.9689 -10.2308 -13.3648
      vertex -15.7664 -9.82017 -15.3648
      vertex -15.7664 -9.82017 -13.3648
    endloop
  endfacet
  facet normal 0.896873 -0.442288 0
    outer loop
      vertex -15.7664 -9.82017 -15.3648
      vertex -15.9689 -10.2308 -13.3648
      vertex -15.9689 -10.2308 -15.3648
    endloop
  endfacet
  facet normal 0.831378 -0.555708 0
    outer loop
      vertex -16.2233 -10.6114 -13.3648
      vertex -15.9689 -10.2308 -15.3648
      vertex -15.9689 -10.2308 -13.3648
    endloop
  endfacet
  facet normal 0.831378 -0.555708 0
    outer loop
      vertex -15.9689 -10.2308 -15.3648
      vertex -16.2233 -10.6114 -13.3648
      vertex -16.2233 -10.6114 -15.3648
    endloop
  endfacet
  facet normal 0.7519 -0.659278 0
    outer loop
      vertex -16.5251 -10.9556 -13.3648
      vertex -16.2233 -10.6114 -15.3648
      vertex -16.2233 -10.6114 -13.3648
    endloop
  endfacet
  facet normal 0.7519 -0.659278 0
    outer loop
      vertex -16.2233 -10.6114 -15.3648
      vertex -16.5251 -10.9556 -13.3648
      vertex -16.5251 -10.9556 -15.3648
    endloop
  endfacet
  facet normal 0.442314 -0.89686 0
    outer loop
      vertex -17.6606 -11.7144 -15.3648
      vertex -17.25 -11.5119 -13.3648
      vertex -17.6606 -11.7144 -13.3648
    endloop
  endfacet
  facet normal 0.442314 -0.89686 0
    outer loop
      vertex -17.25 -11.5119 -13.3648
      vertex -17.6606 -11.7144 -15.3648
      vertex -17.25 -11.5119 -15.3648
    endloop
  endfacet
  facet normal -0.7519 -0.659278 0
    outer loop
      vertex -21.4749 -10.9556 -15.3648
      vertex -21.7767 -10.6114 -13.3648
      vertex -21.7767 -10.6114 -15.3648
    endloop
  endfacet
  facet normal -0.7519 -0.659278 0
    outer loop
      vertex -21.7767 -10.6114 -13.3648
      vertex -21.4749 -10.9556 -15.3648
      vertex -21.4749 -10.9556 -13.3648
    endloop
  endfacet
  facet normal 0.997865 0.0653099 0
    outer loop
      vertex -15.5 -8.48077 -13.3648
      vertex -15.5299 -8.02393 -15.3648
      vertex -15.5299 -8.02393 -13.3648
    endloop
  endfacet
  facet normal 0.997865 0.0653099 0
    outer loop
      vertex -15.5299 -8.02393 -15.3648
      vertex -15.5 -8.48077 -13.3648
      vertex -15.5 -8.48077 -15.3648
    endloop
  endfacet
  facet normal 0.321452 0.946926 -0
    outer loop
      vertex -17.6606 -5.2472 -15.3648
      vertex -18.0941 -5.10004 -13.3648
      vertex -17.6606 -5.2472 -13.3648
    endloop
  endfacet
  facet normal 0.321452 0.946926 0
    outer loop
      vertex -18.0941 -5.10004 -13.3648
      vertex -17.6606 -5.2472 -15.3648
      vertex -18.0941 -5.10004 -15.3648
    endloop
  endfacet
  facet normal 0.0654026 0.997859 -0
    outer loop
      vertex -18.5432 -5.01072 -15.3648
      vertex -19 -4.98078 -13.3648
      vertex -18.5432 -5.01072 -13.3648
    endloop
  endfacet
  facet normal 0.0654026 0.997859 0
    outer loop
      vertex -19 -4.98078 -13.3648
      vertex -18.5432 -5.01072 -15.3648
      vertex -19 -4.98078 -15.3648
    endloop
  endfacet
  facet normal 0.195066 0.98079 -0
    outer loop
      vertex -18.0941 -5.10004 -15.3648
      vertex -18.5432 -5.01072 -13.3648
      vertex -18.0941 -5.10004 -13.3648
    endloop
  endfacet
  facet normal 0.195066 0.98079 0
    outer loop
      vertex -18.5432 -5.01072 -13.3648
      vertex -18.0941 -5.10004 -15.3648
      vertex -18.5432 -5.01072 -15.3648
    endloop
  endfacet
  facet normal 0.555532 0.831495 -0
    outer loop
      vertex -16.8693 -5.70404 -15.3648
      vertex -17.25 -5.44969 -13.3648
      vertex -16.8693 -5.70404 -13.3648
    endloop
  endfacet
  facet normal 0.555532 0.831495 0
    outer loop
      vertex -17.25 -5.44969 -13.3648
      vertex -16.8693 -5.70404 -15.3648
      vertex -17.25 -5.44969 -15.3648
    endloop
  endfacet
  facet normal 0.751909 0.659267 0
    outer loop
      vertex -16.2233 -6.35011 -13.3648
      vertex -16.5251 -6.0059 -15.3648
      vertex -16.5251 -6.0059 -13.3648
    endloop
  endfacet
  facet normal 0.751909 0.659267 0
    outer loop
      vertex -16.5251 -6.0059 -15.3648
      vertex -16.2233 -6.35011 -13.3648
      vertex -16.2233 -6.35011 -15.3648
    endloop
  endfacet
  facet normal 0.831425 0.555637 0
    outer loop
      vertex -15.9689 -6.73078 -13.3648
      vertex -16.2233 -6.35011 -15.3648
      vertex -16.2233 -6.35011 -13.3648
    endloop
  endfacet
  facet normal 0.831425 0.555637 0
    outer loop
      vertex -16.2233 -6.35011 -15.3648
      vertex -15.9689 -6.73078 -13.3648
      vertex -15.9689 -6.73078 -15.3648
    endloop
  endfacet
  facet normal -0.195066 0.98079 0
    outer loop
      vertex -19.4568 -5.01072 -15.3648
      vertex -19.9059 -5.10004 -13.3648
      vertex -19.4568 -5.01072 -13.3648
    endloop
  endfacet
  facet normal -0.195066 0.98079 0
    outer loop
      vertex -19.9059 -5.10004 -13.3648
      vertex -19.4568 -5.01072 -15.3648
      vertex -19.9059 -5.10004 -15.3648
    endloop
  endfacet
  facet normal -0.659352 0.751835 0
    outer loop
      vertex -21.1307 -5.70404 -15.3648
      vertex -21.4749 -6.0059 -13.3648
      vertex -21.1307 -5.70404 -13.3648
    endloop
  endfacet
  facet normal -0.659352 0.751835 0
    outer loop
      vertex -21.4749 -6.0059 -13.3648
      vertex -21.1307 -5.70404 -15.3648
      vertex -21.4749 -6.0059 -15.3648
    endloop
  endfacet
  facet normal -0.0654026 0.997859 0
    outer loop
      vertex -19 -4.98078 -15.3648
      vertex -19.4568 -5.01072 -13.3648
      vertex -19 -4.98078 -13.3648
    endloop
  endfacet
  facet normal -0.0654026 0.997859 0
    outer loop
      vertex -19.4568 -5.01072 -13.3648
      vertex -19 -4.98078 -15.3648
      vertex -19.4568 -5.01072 -15.3648
    endloop
  endfacet
  facet normal -0.555532 0.831495 0
    outer loop
      vertex -20.75 -5.44969 -15.3648
      vertex -21.1307 -5.70404 -13.3648
      vertex -20.75 -5.44969 -13.3648
    endloop
  endfacet
  facet normal -0.555532 0.831495 0
    outer loop
      vertex -21.1307 -5.70404 -13.3648
      vertex -20.75 -5.44969 -15.3648
      vertex -21.1307 -5.70404 -15.3648
    endloop
  endfacet
  facet normal -0.751909 0.659267 0
    outer loop
      vertex -21.7767 -6.35011 -15.3648
      vertex -21.4749 -6.0059 -13.3648
      vertex -21.4749 -6.0059 -15.3648
    endloop
  endfacet
  facet normal -0.751909 0.659267 0
    outer loop
      vertex -21.4749 -6.0059 -13.3648
      vertex -21.7767 -6.35011 -15.3648
      vertex -21.7767 -6.35011 -13.3648
    endloop
  endfacet
  facet normal -0.997865 0.0653099 0
    outer loop
      vertex -22.5 -8.48077 -15.3648
      vertex -22.4701 -8.02393 -13.3648
      vertex -22.4701 -8.02393 -15.3648
    endloop
  endfacet
  facet normal -0.997865 0.0653099 0
    outer loop
      vertex -22.4701 -8.02393 -13.3648
      vertex -22.5 -8.48077 -15.3648
      vertex -22.5 -8.48077 -13.3648
    endloop
  endfacet
  facet normal 0.0655331 -0.99785 0
    outer loop
      vertex -19 -11.9808 -15.3648
      vertex -18.5432 -11.9508 -13.3648
      vertex -19 -11.9808 -13.3648
    endloop
  endfacet
  facet normal 0.0655331 -0.99785 0
    outer loop
      vertex -18.5432 -11.9508 -13.3648
      vertex -19 -11.9808 -15.3648
      vertex -18.5432 -11.9508 -15.3648
    endloop
  endfacet
  facet normal -0.98075 -0.195268 0
    outer loop
      vertex -22.3807 -9.38664 -15.3648
      vertex -22.4701 -8.93762 -13.3648
      vertex -22.4701 -8.93762 -15.3648
    endloop
  endfacet
  facet normal -0.98075 -0.195268 0
    outer loop
      vertex -22.4701 -8.93762 -13.3648
      vertex -22.3807 -9.38664 -15.3648
      vertex -22.3807 -9.38664 -13.3648
    endloop
  endfacet
  facet normal -0.321335 -0.946966 0
    outer loop
      vertex -20.3394 -11.7144 -15.3648
      vertex -19.9059 -11.8615 -13.3648
      vertex -20.3394 -11.7144 -13.3648
    endloop
  endfacet
  facet normal -0.321335 -0.946966 -0
    outer loop
      vertex -19.9059 -11.8615 -13.3648
      vertex -20.3394 -11.7144 -15.3648
      vertex -19.9059 -11.8615 -15.3648
    endloop
  endfacet
  facet normal 0.946972 0.321315 0
    outer loop
      vertex -15.6193 -7.57491 -13.3648
      vertex -15.7664 -7.14138 -15.3648
      vertex -15.7664 -7.14138 -13.3648
    endloop
  endfacet
  facet normal 0.946972 0.321315 0
    outer loop
      vertex -15.7664 -7.14138 -15.3648
      vertex -15.6193 -7.57491 -13.3648
      vertex -15.6193 -7.57491 -15.3648
    endloop
  endfacet
  facet normal -0.98075 0.195268 0
    outer loop
      vertex -22.4701 -8.02393 -15.3648
      vertex -22.3807 -7.57491 -13.3648
      vertex -22.3807 -7.57491 -15.3648
    endloop
  endfacet
  facet normal -0.98075 0.195268 0
    outer loop
      vertex -22.3807 -7.57491 -13.3648
      vertex -22.4701 -8.02393 -15.3648
      vertex -22.4701 -8.02393 -13.3648
    endloop
  endfacet
  facet normal -1 0 0
    outer loop
      vertex -47.5 -120.981 -19.3648
      vertex -47.5 -3.38333 -15.3648
      vertex -47.5 -2.67802 -19.3648
    endloop
  endfacet
  facet normal -1 -0 0
    outer loop
      vertex -47.5 -3.38333 -15.3648
      vertex -47.5 -120.981 -19.3648
      vertex -47.5 -120.981 -15.3648
    endloop
  endfacet
  facet normal 0 0 -0
    outer loop
      vertex -47.5 -2.67802 -19.3648
      vertex -47.5 1.03103 -19.3648
      vertex -47.5 -120.981 -19.3648
    endloop
  endfacet
  facet normal 0 0 -1
    outer loop
      vertex -17.6144 -56.6808 -19.3648
      vertex 37.6144 -56.6808 -19.3648
      vertex -17.5218 -56.8685 -19.3648
    endloop
  endfacet
  facet normal 0 0 -1
    outer loop
      vertex 37.7306 -9.45479 -19.3648
      vertex -17.4137 -8.68962 -19.3648
      vertex -17.4 -8.48077 -19.3648
    endloop
  endfacet
  facet normal 0 0 -1
    outer loop
      vertex 37.6144 -56.6808 -19.3648
      vertex -17.6144 -56.6808 -19.3648
      vertex 37.7306 -56.5068 -19.3648
    endloop
  endfacet
  facet normal 0 0 -1
    outer loop
      vertex 37.7306 -9.45479 -19.3648
      vertex -17.4545 -8.89489 -19.3648
      vertex -17.4137 -8.68962 -19.3648
    endloop
  endfacet
  facet normal 0 0 -1
    outer loop
      vertex -17.7306 -56.5068 -19.3648
      vertex 37.7306 -56.5068 -19.3648
      vertex -17.6144 -56.6808 -19.3648
    endloop
  endfacet
  facet normal 0 0 -1
    outer loop
      vertex 37.7306 -9.45479 -19.3648
      vertex -17.5218 -9.09307 -19.3648
      vertex -17.4545 -8.89489 -19.3648
    endloop
  endfacet
  facet normal 0 0 -1
    outer loop
      vertex 37.7306 -56.5068 -19.3648
      vertex -17.7306 -56.5068 -19.3648
      vertex 37.7306 -9.45479 -19.3648
    endloop
  endfacet
  facet normal 0 0 -1
    outer loop
      vertex 37.7306 -9.45479 -19.3648
      vertex -17.6144 -9.28078 -19.3648
      vertex -17.5218 -9.09307 -19.3648
    endloop
  endfacet
  facet normal 0 0 -1
    outer loop
      vertex -17.7306 -9.45479 -19.3648
      vertex 37.7306 -9.45479 -19.3648
      vertex -17.7306 -56.5068 -19.3648
    endloop
  endfacet
  facet normal 0 0 -1
    outer loop
      vertex 37.7306 -9.45479 -19.3648
      vertex -17.7306 -9.45479 -19.3648
      vertex -17.6144 -9.28078 -19.3648
    endloop
  endfacet
  facet normal 0 0 -1
    outer loop
      vertex -17.8686 -56.3494 -19.3648
      vertex -17.7306 -9.45479 -19.3648
      vertex -17.7306 -56.5068 -19.3648
    endloop
  endfacet
  facet normal 0 0 -1
    outer loop
      vertex -17.8686 -56.3494 -19.3648
      vertex -17.8686 -9.61215 -19.3648
      vertex -17.7306 -9.45479 -19.3648
    endloop
  endfacet
  facet normal 0 0 -1
    outer loop
      vertex -18.026 -56.2114 -19.3648
      vertex -17.8686 -9.61215 -19.3648
      vertex -17.8686 -56.3494 -19.3648
    endloop
  endfacet
  facet normal 0 0 -1
    outer loop
      vertex -18.026 -56.2114 -19.3648
      vertex -18.026 -9.75014 -19.3648
      vertex -17.8686 -9.61215 -19.3648
    endloop
  endfacet
  facet normal 0 0 -1
    outer loop
      vertex -18.2 -56.0951 -19.3648
      vertex -18.026 -9.75014 -19.3648
      vertex -18.026 -56.2114 -19.3648
    endloop
  endfacet
  facet normal 0 0 -1
    outer loop
      vertex -18.2 -56.0951 -19.3648
      vertex -18.2 -9.86642 -19.3648
      vertex -18.026 -9.75014 -19.3648
    endloop
  endfacet
  facet normal 0 0 -1
    outer loop
      vertex -18.3877 -56.0026 -19.3648
      vertex -18.2 -9.86642 -19.3648
      vertex -18.2 -56.0951 -19.3648
    endloop
  endfacet
  facet normal 0 0 -1
    outer loop
      vertex -18.3877 -56.0026 -19.3648
      vertex -18.3877 -9.95898 -19.3648
      vertex -18.2 -9.86642 -19.3648
    endloop
  endfacet
  facet normal 0 0 -1
    outer loop
      vertex -18.5859 -55.9353 -19.3648
      vertex -18.3877 -9.95898 -19.3648
      vertex -18.3877 -56.0026 -19.3648
    endloop
  endfacet
  facet normal 0 0 -1
    outer loop
      vertex -18.5859 -55.9353 -19.3648
      vertex -18.5859 -10.0263 -19.3648
      vertex -18.3877 -9.95898 -19.3648
    endloop
  endfacet
  facet normal 0 0 -1
    outer loop
      vertex -18.7912 -55.8945 -19.3648
      vertex -18.5859 -10.0263 -19.3648
      vertex -18.5859 -55.9353 -19.3648
    endloop
  endfacet
  facet normal 0 0 -1
    outer loop
      vertex -18.7912 -55.8945 -19.3648
      vertex -18.7912 -10.0671 -19.3648
      vertex -18.5859 -10.0263 -19.3648
    endloop
  endfacet
  facet normal 0 0 -1
    outer loop
      vertex -19 -55.8808 -19.3648
      vertex -18.7912 -10.0671 -19.3648
      vertex -18.7912 -55.8945 -19.3648
    endloop
  endfacet
  facet normal 0 0 -1
    outer loop
      vertex -19 -55.8808 -19.3648
      vertex -19 -10.0808 -19.3648
      vertex -18.7912 -10.0671 -19.3648
    endloop
  endfacet
  facet normal 0 0 -1
    outer loop
      vertex -19.2088 -55.8945 -19.3648
      vertex -19 -10.0808 -19.3648
      vertex -19 -55.8808 -19.3648
    endloop
  endfacet
  facet normal 0 0 -1
    outer loop
      vertex -19.2088 -55.8945 -19.3648
      vertex -19.2088 -10.0671 -19.3648
      vertex -19 -10.0808 -19.3648
    endloop
  endfacet
  facet normal 0 0 -1
    outer loop
      vertex -19.4141 -55.9353 -19.3648
      vertex -19.2088 -10.0671 -19.3648
      vertex -19.2088 -55.8945 -19.3648
    endloop
  endfacet
  facet normal 0 0 -1
    outer loop
      vertex -19.4141 -55.9353 -19.3648
      vertex -19.4141 -10.0263 -19.3648
      vertex -19.2088 -10.0671 -19.3648
    endloop
  endfacet
  facet normal 0 0 -1
    outer loop
      vertex -19.6123 -56.0026 -19.3648
      vertex -19.4141 -10.0263 -19.3648
      vertex -19.4141 -55.9353 -19.3648
    endloop
  endfacet
  facet normal 0 0 -1
    outer loop
      vertex -19.6123 -56.0026 -19.3648
      vertex -19.6123 -9.95898 -19.3648
      vertex -19.4141 -10.0263 -19.3648
    endloop
  endfacet
  facet normal 0 0 -1
    outer loop
      vertex -19.8 -56.0951 -19.3648
      vertex -19.6123 -9.95898 -19.3648
      vertex -19.6123 -56.0026 -19.3648
    endloop
  endfacet
  facet normal 0 0 -1
    outer loop
      vertex -19.8 -56.0951 -19.3648
      vertex -19.8 -9.86642 -19.3648
      vertex -19.6123 -9.95898 -19.3648
    endloop
  endfacet
  facet normal 0 0 -1
    outer loop
      vertex -19.974 -56.2114 -19.3648
      vertex -19.8 -9.86642 -19.3648
      vertex -19.8 -56.0951 -19.3648
    endloop
  endfacet
  facet normal 0 0 -1
    outer loop
      vertex -19.974 -56.2114 -19.3648
      vertex -19.974 -9.75014 -19.3648
      vertex -19.8 -9.86642 -19.3648
    endloop
  endfacet
  facet normal 0 0 -1
    outer loop
      vertex -20.1314 -56.3494 -19.3648
      vertex -19.974 -9.75014 -19.3648
      vertex -19.974 -56.2114 -19.3648
    endloop
  endfacet
  facet normal 0 0 -1
    outer loop
      vertex -20.1314 -56.3494 -19.3648
      vertex -20.1314 -9.61215 -19.3648
      vertex -19.974 -9.75014 -19.3648
    endloop
  endfacet
  facet normal 0 0 -1
    outer loop
      vertex -47.5 1.03103 -19.3648
      vertex -20.1314 -56.3494 -19.3648
      vertex -20.2694 -56.5068 -19.3648
    endloop
  endfacet
  facet normal 0 0 -1
    outer loop
      vertex -20.1314 -56.3494 -19.3648
      vertex -47.5 1.03103 -19.3648
      vertex -20.1314 -9.61215 -19.3648
    endloop
  endfacet
  facet normal 0 0 -1
    outer loop
      vertex -47.5 1.03103 -19.3648
      vertex -20.2694 -56.5068 -19.3648
      vertex -20.3856 -56.6808 -19.3648
    endloop
  endfacet
  facet normal 0 0 -1
    outer loop
      vertex -20.1314 -9.61215 -19.3648
      vertex -47.5 1.03103 -19.3648
      vertex -20.2694 -9.45479 -19.3648
    endloop
  endfacet
  facet normal 0 0 -1
    outer loop
      vertex -47.5 1.03103 -19.3648
      vertex -20.3856 -56.6808 -19.3648
      vertex -20.4782 -56.8685 -19.3648
    endloop
  endfacet
  facet normal 0 0 -1
    outer loop
      vertex -20.2694 -9.45479 -19.3648
      vertex -47.5 1.03103 -19.3648
      vertex -20.3856 -9.28078 -19.3648
    endloop
  endfacet
  facet normal 0 0 -1
    outer loop
      vertex -47.5 1.03103 -19.3648
      vertex -20.4782 -56.8685 -19.3648
      vertex -20.5455 -57.0667 -19.3648
    endloop
  endfacet
  facet normal 0 0 -1
    outer loop
      vertex -20.3856 -9.28078 -19.3648
      vertex -47.5 1.03103 -19.3648
      vertex -20.4782 -9.09307 -19.3648
    endloop
  endfacet
  facet normal 0 0 -1
    outer loop
      vertex -47.5 1.03103 -19.3648
      vertex -20.5455 -57.0667 -19.3648
      vertex -20.5863 -57.2719 -19.3648
    endloop
  endfacet
  facet normal 0 0 -1
    outer loop
      vertex -20.4782 -9.09307 -19.3648
      vertex -47.5 1.03103 -19.3648
      vertex -20.5455 -8.89489 -19.3648
    endloop
  endfacet
  facet normal 0 0 -1
    outer loop
      vertex -47.5 1.03103 -19.3648
      vertex -20.5863 -57.2719 -19.3648
      vertex -20.6 -57.4808 -19.3648
    endloop
  endfacet
  facet normal 0 0 -1
    outer loop
      vertex -20.5455 -8.89489 -19.3648
      vertex -47.5 1.03103 -19.3648
      vertex -20.5863 -8.68962 -19.3648
    endloop
  endfacet
  facet normal 0 0 -1
    outer loop
      vertex 16.2 -80.0951 -19.3648
      vertex -17.4137 -57.6896 -19.3648
      vertex -17.4 -57.4808 -19.3648
    endloop
  endfacet
  facet normal 0 0 -1
    outer loop
      vertex -19 -59.0808 -19.3648
      vertex -17.2088 -79.8945 -19.3648
      vertex -17.4141 -79.9353 -19.3648
    endloop
  endfacet
  facet normal 0 0 -1
    outer loop
      vertex -17 -79.8808 -19.3648
      vertex -17.4545 -57.8949 -19.3648
      vertex -17.4137 -57.6896 -19.3648
    endloop
  endfacet
  facet normal 0 0 -1
    outer loop
      vertex -17 -79.8808 -19.3648
      vertex -17.5218 -58.0931 -19.3648
      vertex -17.4545 -57.8949 -19.3648
    endloop
  endfacet
  facet normal 0 0 -1
    outer loop
      vertex -19.2088 -59.0671 -19.3648
      vertex -17.4141 -79.9353 -19.3648
      vertex -17.6123 -80.0026 -19.3648
    endloop
  endfacet
  facet normal 0 0 -1
    outer loop
      vertex -17 -79.8808 -19.3648
      vertex -17.6144 -58.2808 -19.3648
      vertex -17.5218 -58.0931 -19.3648
    endloop
  endfacet
  facet normal 0 0 -1
    outer loop
      vertex -17 -79.8808 -19.3648
      vertex -17.7306 -58.4548 -19.3648
      vertex -17.6144 -58.2808 -19.3648
    endloop
  endfacet
  facet normal 0 0 -1
    outer loop
      vertex -19.4141 -59.0263 -19.3648
      vertex -17.6123 -80.0026 -19.3648
      vertex -17.8 -80.0951 -19.3648
    endloop
  endfacet
  facet normal 0 0 -1
    outer loop
      vertex -17 -79.8808 -19.3648
      vertex -17.8686 -58.6121 -19.3648
      vertex -17.7306 -58.4548 -19.3648
    endloop
  endfacet
  facet normal 0 0 -1
    outer loop
      vertex -19.6123 -58.959 -19.3648
      vertex -17.8 -80.0951 -19.3648
      vertex -17.974 -80.2114 -19.3648
    endloop
  endfacet
  facet normal 0 0 -1
    outer loop
      vertex -17 -79.8808 -19.3648
      vertex -18.026 -58.7501 -19.3648
      vertex -17.8686 -58.6121 -19.3648
    endloop
  endfacet
  facet normal 0 0 -1
    outer loop
      vertex -19.8 -58.8664 -19.3648
      vertex -17.974 -80.2114 -19.3648
      vertex -18.1314 -80.3494 -19.3648
    endloop
  endfacet
  facet normal 0 0 -1
    outer loop
      vertex -17 -79.8808 -19.3648
      vertex -18.2 -58.8664 -19.3648
      vertex -18.026 -58.7501 -19.3648
    endloop
  endfacet
  facet normal 0 0 -1
    outer loop
      vertex -19.974 -58.7501 -19.3648
      vertex -18.1314 -80.3494 -19.3648
      vertex -18.2694 -80.5068 -19.3648
    endloop
  endfacet
  facet normal 0 0 -1
    outer loop
      vertex -20.1314 -58.6121 -19.3648
      vertex -18.2694 -80.5068 -19.3648
      vertex -18.3856 -80.6808 -19.3648
    endloop
  endfacet
  facet normal 0 0 -1
    outer loop
      vertex -17 -79.8808 -19.3648
      vertex -18.3877 -58.959 -19.3648
      vertex -18.2 -58.8664 -19.3648
    endloop
  endfacet
  facet normal 0 0 -1
    outer loop
      vertex -20.2694 -58.4548 -19.3648
      vertex -18.3856 -80.6808 -19.3648
      vertex -18.4782 -80.8685 -19.3648
    endloop
  endfacet
  facet normal 0 0 -1
    outer loop
      vertex -20.3856 -58.2808 -19.3648
      vertex -18.4782 -80.8685 -19.3648
      vertex -18.5455 -81.0667 -19.3648
    endloop
  endfacet
  facet normal 0 0 -1
    outer loop
      vertex -17 -79.8808 -19.3648
      vertex -18.5859 -59.0263 -19.3648
      vertex -18.3877 -58.959 -19.3648
    endloop
  endfacet
  facet normal 0 0 -1
    outer loop
      vertex -20.4782 -58.0931 -19.3648
      vertex -18.5455 -81.0667 -19.3648
      vertex -18.5863 -81.2719 -19.3648
    endloop
  endfacet
  facet normal 0 0 -1
    outer loop
      vertex -47.5 -120.981 -19.3648
      vertex -18.5863 -81.2719 -19.3648
      vertex -18.6 -81.4808 -19.3648
    endloop
  endfacet
  facet normal 0 0 -1
    outer loop
      vertex -17 -79.8808 -19.3648
      vertex -18.7912 -59.0671 -19.3648
      vertex -18.5859 -59.0263 -19.3648
    endloop
  endfacet
  facet normal 0 0 -1
    outer loop
      vertex 15.6144 -114.681 -19.3648
      vertex -15.6144 -114.681 -19.3648
      vertex 15.7306 -114.507 -19.3648
    endloop
  endfacet
  facet normal 0 0 -1
    outer loop
      vertex 15.8686 -82.6121 -19.3648
      vertex -15.4137 -81.6896 -19.3648
      vertex -15.4 -81.4808 -19.3648
    endloop
  endfacet
  facet normal 0 0 -1
    outer loop
      vertex -15.7306 -114.507 -19.3648
      vertex 15.7306 -114.507 -19.3648
      vertex -15.6144 -114.681 -19.3648
    endloop
  endfacet
  facet normal 0 0 -1
    outer loop
      vertex 15.8686 -82.6121 -19.3648
      vertex -15.4545 -81.8949 -19.3648
      vertex -15.4137 -81.6896 -19.3648
    endloop
  endfacet
  facet normal 0 0 -1
    outer loop
      vertex 15.7306 -114.507 -19.3648
      vertex -15.7306 -114.507 -19.3648
      vertex 15.8686 -114.349 -19.3648
    endloop
  endfacet
  facet normal 0 0 -1
    outer loop
      vertex 15.8686 -82.6121 -19.3648
      vertex -15.5218 -82.0931 -19.3648
      vertex -15.4545 -81.8949 -19.3648
    endloop
  endfacet
  facet normal 0 0 -1
    outer loop
      vertex -15.8686 -114.349 -19.3648
      vertex 15.8686 -114.349 -19.3648
      vertex -15.7306 -114.507 -19.3648
    endloop
  endfacet
  facet normal 0 0 -1
    outer loop
      vertex 15.8686 -82.6121 -19.3648
      vertex -15.6144 -82.2808 -19.3648
      vertex -15.5218 -82.0931 -19.3648
    endloop
  endfacet
  facet normal 0 0 -1
    outer loop
      vertex 15.8686 -114.349 -19.3648
      vertex -15.8686 -114.349 -19.3648
      vertex 15.8686 -82.6121 -19.3648
    endloop
  endfacet
  facet normal 0 0 -1
    outer loop
      vertex 15.8686 -82.6121 -19.3648
      vertex -15.7306 -82.4548 -19.3648
      vertex -15.6144 -82.2808 -19.3648
    endloop
  endfacet
  facet normal 0 0 -1
    outer loop
      vertex -15.8686 -82.6121 -19.3648
      vertex 15.8686 -82.6121 -19.3648
      vertex -15.8686 -114.349 -19.3648
    endloop
  endfacet
  facet normal 0 0 -1
    outer loop
      vertex 15.8686 -82.6121 -19.3648
      vertex -15.8686 -82.6121 -19.3648
      vertex -15.7306 -82.4548 -19.3648
    endloop
  endfacet
  facet normal 0 0 -1
    outer loop
      vertex -16.026 -114.211 -19.3648
      vertex -15.8686 -82.6121 -19.3648
      vertex -15.8686 -114.349 -19.3648
    endloop
  endfacet
  facet normal 0 0 -1
    outer loop
      vertex -16.026 -114.211 -19.3648
      vertex -16.026 -82.7501 -19.3648
      vertex -15.8686 -82.6121 -19.3648
    endloop
  endfacet
  facet normal 0 0 -1
    outer loop
      vertex -16.2 -114.095 -19.3648
      vertex -16.026 -82.7501 -19.3648
      vertex -16.026 -114.211 -19.3648
    endloop
  endfacet
  facet normal 0 0 -1
    outer loop
      vertex -16.2 -114.095 -19.3648
      vertex -16.2 -82.8664 -19.3648
      vertex -16.026 -82.7501 -19.3648
    endloop
  endfacet
  facet normal 0 0 -1
    outer loop
      vertex -16.3877 -114.003 -19.3648
      vertex -16.2 -82.8664 -19.3648
      vertex -16.2 -114.095 -19.3648
    endloop
  endfacet
  facet normal 0 0 -1
    outer loop
      vertex -16.3877 -114.003 -19.3648
      vertex -16.3877 -82.959 -19.3648
      vertex -16.2 -82.8664 -19.3648
    endloop
  endfacet
  facet normal 0 0 -1
    outer loop
      vertex -16.5859 -113.935 -19.3648
      vertex -16.3877 -82.959 -19.3648
      vertex -16.3877 -114.003 -19.3648
    endloop
  endfacet
  facet normal 0 0 -1
    outer loop
      vertex -16.5859 -113.935 -19.3648
      vertex -16.5859 -83.0263 -19.3648
      vertex -16.3877 -82.959 -19.3648
    endloop
  endfacet
  facet normal 0 0 -1
    outer loop
      vertex -16.7912 -113.894 -19.3648
      vertex -16.5859 -83.0263 -19.3648
      vertex -16.5859 -113.935 -19.3648
    endloop
  endfacet
  facet normal 0 0 -1
    outer loop
      vertex -16.7912 -113.894 -19.3648
      vertex -16.7912 -83.0671 -19.3648
      vertex -16.5859 -83.0263 -19.3648
    endloop
  endfacet
  facet normal 0 0 -1
    outer loop
      vertex -17 -113.881 -19.3648
      vertex -16.7912 -83.0671 -19.3648
      vertex -16.7912 -113.894 -19.3648
    endloop
  endfacet
  facet normal 0 0 -1
    outer loop
      vertex -17 -113.881 -19.3648
      vertex -17 -83.0808 -19.3648
      vertex -16.7912 -83.0671 -19.3648
    endloop
  endfacet
  facet normal 0 0 -1
    outer loop
      vertex -17.2088 -113.894 -19.3648
      vertex -17 -83.0808 -19.3648
      vertex -17 -113.881 -19.3648
    endloop
  endfacet
  facet normal 0 0 -1
    outer loop
      vertex -17.2088 -113.894 -19.3648
      vertex -17.2088 -83.0671 -19.3648
      vertex -17 -83.0808 -19.3648
    endloop
  endfacet
  facet normal 0 0 -1
    outer loop
      vertex -17.4141 -113.935 -19.3648
      vertex -17.2088 -83.0671 -19.3648
      vertex -17.2088 -113.894 -19.3648
    endloop
  endfacet
  facet normal 0 0 -1
    outer loop
      vertex -17.4141 -113.935 -19.3648
      vertex -17.4141 -83.0263 -19.3648
      vertex -17.2088 -83.0671 -19.3648
    endloop
  endfacet
  facet normal 0 0 -1
    outer loop
      vertex -17.6123 -114.003 -19.3648
      vertex -17.4141 -83.0263 -19.3648
      vertex -17.4141 -113.935 -19.3648
    endloop
  endfacet
  facet normal 0 0 -1
    outer loop
      vertex -17.6123 -114.003 -19.3648
      vertex -17.6123 -82.959 -19.3648
      vertex -17.4141 -83.0263 -19.3648
    endloop
  endfacet
  facet normal 0 0 -1
    outer loop
      vertex -17.8 -114.095 -19.3648
      vertex -17.6123 -82.959 -19.3648
      vertex -17.6123 -114.003 -19.3648
    endloop
  endfacet
  facet normal 0 0 -1
    outer loop
      vertex -17.8 -114.095 -19.3648
      vertex -17.8 -82.8664 -19.3648
      vertex -17.6123 -82.959 -19.3648
    endloop
  endfacet
  facet normal 0 0 -1
    outer loop
      vertex -17.974 -114.211 -19.3648
      vertex -17.8 -82.8664 -19.3648
      vertex -17.8 -114.095 -19.3648
    endloop
  endfacet
  facet normal 0 0 -1
    outer loop
      vertex -17.974 -114.211 -19.3648
      vertex -17.974 -82.7501 -19.3648
      vertex -17.8 -82.8664 -19.3648
    endloop
  endfacet
  facet normal 0 0 -1
    outer loop
      vertex -18.1314 -114.349 -19.3648
      vertex -17.974 -82.7501 -19.3648
      vertex -17.974 -114.211 -19.3648
    endloop
  endfacet
  facet normal 0 0 -1
    outer loop
      vertex -18.1314 -114.349 -19.3648
      vertex -18.1314 -82.6121 -19.3648
      vertex -17.974 -82.7501 -19.3648
    endloop
  endfacet
  facet normal 0 0 -1
    outer loop
      vertex -18.2694 -114.507 -19.3648
      vertex -18.1314 -82.6121 -19.3648
      vertex -18.1314 -114.349 -19.3648
    endloop
  endfacet
  facet normal 0 0 -1
    outer loop
      vertex -18.2694 -114.507 -19.3648
      vertex -18.2694 -82.4548 -19.3648
      vertex -18.1314 -82.6121 -19.3648
    endloop
  endfacet
  facet normal 0 0 -1
    outer loop
      vertex -47.5 -120.981 -19.3648
      vertex -18.2694 -114.507 -19.3648
      vertex -18.3856 -114.681 -19.3648
    endloop
  endfacet
  facet normal -0 0 -1
    outer loop
      vertex -18.2694 -114.507 -19.3648
      vertex -47.5 -120.981 -19.3648
      vertex -18.2694 -82.4548 -19.3648
    endloop
  endfacet
  facet normal 0 0 -1
    outer loop
      vertex -47.5 -120.981 -19.3648
      vertex -18.3856 -114.681 -19.3648
      vertex -18.4782 -114.868 -19.3648
    endloop
  endfacet
  facet normal -0 0 -1
    outer loop
      vertex -18.2694 -82.4548 -19.3648
      vertex -47.5 -120.981 -19.3648
      vertex -18.3856 -82.2808 -19.3648
    endloop
  endfacet
  facet normal 0 0 -1
    outer loop
      vertex -47.5 -120.981 -19.3648
      vertex -18.4782 -114.868 -19.3648
      vertex -18.5455 -115.067 -19.3648
    endloop
  endfacet
  facet normal -0 0 -1
    outer loop
      vertex -18.3856 -82.2808 -19.3648
      vertex -47.5 -120.981 -19.3648
      vertex -18.4782 -82.0931 -19.3648
    endloop
  endfacet
  facet normal 0 0 -1
    outer loop
      vertex -47.5 -120.981 -19.3648
      vertex -18.5455 -115.067 -19.3648
      vertex -18.5863 -115.272 -19.3648
    endloop
  endfacet
  facet normal -0 0 -1
    outer loop
      vertex -18.4782 -82.0931 -19.3648
      vertex -47.5 -120.981 -19.3648
      vertex -18.5455 -81.8949 -19.3648
    endloop
  endfacet
  facet normal 0 0 -1
    outer loop
      vertex -47.5 -120.981 -19.3648
      vertex -18.5863 -115.272 -19.3648
      vertex -18.6 -115.481 -19.3648
    endloop
  endfacet
  facet normal -0 0 -1
    outer loop
      vertex -18.5455 -81.8949 -19.3648
      vertex -47.5 -120.981 -19.3648
      vertex -18.5863 -81.6896 -19.3648
    endloop
  endfacet
  facet normal 0 0 -1
    outer loop
      vertex 18.5455 -115.067 -19.3648
      vertex 47.5 -120.981 -19.3648
      vertex 18.5863 -115.272 -19.3648
    endloop
  endfacet
  facet normal 0 0 -1
    outer loop
      vertex 47.5 -120.981 -19.3648
      vertex 18.5863 -81.6896 -19.3648
      vertex 18.6 -81.4808 -19.3648
    endloop
  endfacet
  facet normal 0 0 -1
    outer loop
      vertex 18.4782 -114.868 -19.3648
      vertex 47.5 -120.981 -19.3648
      vertex 18.5455 -115.067 -19.3648
    endloop
  endfacet
  facet normal 0 0 -1
    outer loop
      vertex 47.5 -120.981 -19.3648
      vertex 18.5455 -81.8949 -19.3648
      vertex 18.5863 -81.6896 -19.3648
    endloop
  endfacet
  facet normal 0 0 -1
    outer loop
      vertex 18.3856 -114.681 -19.3648
      vertex 47.5 -120.981 -19.3648
      vertex 18.4782 -114.868 -19.3648
    endloop
  endfacet
  facet normal 0 0 -1
    outer loop
      vertex 47.5 -120.981 -19.3648
      vertex 18.4782 -82.0931 -19.3648
      vertex 18.5455 -81.8949 -19.3648
    endloop
  endfacet
  facet normal 0 0 -1
    outer loop
      vertex 18.2694 -114.507 -19.3648
      vertex 47.5 -120.981 -19.3648
      vertex 18.3856 -114.681 -19.3648
    endloop
  endfacet
  facet normal 0 0 -1
    outer loop
      vertex 47.5 -120.981 -19.3648
      vertex 18.3856 -82.2808 -19.3648
      vertex 18.4782 -82.0931 -19.3648
    endloop
  endfacet
  facet normal 0 0 -1
    outer loop
      vertex 18.2694 -82.4548 -19.3648
      vertex 47.5 -120.981 -19.3648
      vertex 18.2694 -114.507 -19.3648
    endloop
  endfacet
  facet normal 0 0 -1
    outer loop
      vertex 47.5 -120.981 -19.3648
      vertex 18.2694 -82.4548 -19.3648
      vertex 18.3856 -82.2808 -19.3648
    endloop
  endfacet
  facet normal 0 0 -1
    outer loop
      vertex 18.1314 -114.349 -19.3648
      vertex 18.2694 -82.4548 -19.3648
      vertex 18.2694 -114.507 -19.3648
    endloop
  endfacet
  facet normal 0 0 -1
    outer loop
      vertex 18.1314 -114.349 -19.3648
      vertex 18.1314 -82.6121 -19.3648
      vertex 18.2694 -82.4548 -19.3648
    endloop
  endfacet
  facet normal 0 0 -1
    outer loop
      vertex 17.974 -114.211 -19.3648
      vertex 18.1314 -82.6121 -19.3648
      vertex 18.1314 -114.349 -19.3648
    endloop
  endfacet
  facet normal 0 0 -1
    outer loop
      vertex 17.974 -114.211 -19.3648
      vertex 17.974 -82.7501 -19.3648
      vertex 18.1314 -82.6121 -19.3648
    endloop
  endfacet
  facet normal 0 0 -1
    outer loop
      vertex 17.8 -114.095 -19.3648
      vertex 17.974 -82.7501 -19.3648
      vertex 17.974 -114.211 -19.3648
    endloop
  endfacet
  facet normal 0 0 -1
    outer loop
      vertex 17.8 -114.095 -19.3648
      vertex 17.8 -82.8664 -19.3648
      vertex 17.974 -82.7501 -19.3648
    endloop
  endfacet
  facet normal 0 0 -1
    outer loop
      vertex 17.6123 -114.003 -19.3648
      vertex 17.8 -82.8664 -19.3648
      vertex 17.8 -114.095 -19.3648
    endloop
  endfacet
  facet normal 0 0 -1
    outer loop
      vertex 17.6123 -114.003 -19.3648
      vertex 17.6123 -82.959 -19.3648
      vertex 17.8 -82.8664 -19.3648
    endloop
  endfacet
  facet normal 0 0 -1
    outer loop
      vertex 17.4141 -113.935 -19.3648
      vertex 17.6123 -82.959 -19.3648
      vertex 17.6123 -114.003 -19.3648
    endloop
  endfacet
  facet normal 0 0 -1
    outer loop
      vertex 17.4141 -113.935 -19.3648
      vertex 17.4141 -83.0263 -19.3648
      vertex 17.6123 -82.959 -19.3648
    endloop
  endfacet
  facet normal 0 0 -1
    outer loop
      vertex 17.2088 -113.894 -19.3648
      vertex 17.4141 -83.0263 -19.3648
      vertex 17.4141 -113.935 -19.3648
    endloop
  endfacet
  facet normal 0 0 -1
    outer loop
      vertex 17.2088 -113.894 -19.3648
      vertex 17.2088 -83.0671 -19.3648
      vertex 17.4141 -83.0263 -19.3648
    endloop
  endfacet
  facet normal 0 0 -1
    outer loop
      vertex 17 -113.881 -19.3648
      vertex 17.2088 -83.0671 -19.3648
      vertex 17.2088 -113.894 -19.3648
    endloop
  endfacet
  facet normal 0 0 -1
    outer loop
      vertex 17 -113.881 -19.3648
      vertex 17 -83.0808 -19.3648
      vertex 17.2088 -83.0671 -19.3648
    endloop
  endfacet
  facet normal 0 0 -1
    outer loop
      vertex 16.7912 -113.894 -19.3648
      vertex 17 -83.0808 -19.3648
      vertex 17 -113.881 -19.3648
    endloop
  endfacet
  facet normal 0 0 -1
    outer loop
      vertex 16.7912 -113.894 -19.3648
      vertex 16.7912 -83.0671 -19.3648
      vertex 17 -83.0808 -19.3648
    endloop
  endfacet
  facet normal 0 0 -1
    outer loop
      vertex 16.5859 -113.935 -19.3648
      vertex 16.7912 -83.0671 -19.3648
      vertex 16.7912 -113.894 -19.3648
    endloop
  endfacet
  facet normal 0 0 -1
    outer loop
      vertex 16.5859 -113.935 -19.3648
      vertex 16.5859 -83.0263 -19.3648
      vertex 16.7912 -83.0671 -19.3648
    endloop
  endfacet
  facet normal 0 0 -1
    outer loop
      vertex 16.3877 -114.003 -19.3648
      vertex 16.5859 -83.0263 -19.3648
      vertex 16.5859 -113.935 -19.3648
    endloop
  endfacet
  facet normal 0 0 -1
    outer loop
      vertex 16.3877 -114.003 -19.3648
      vertex 16.3877 -82.959 -19.3648
      vertex 16.5859 -83.0263 -19.3648
    endloop
  endfacet
  facet normal 0 0 -1
    outer loop
      vertex 16.2 -114.095 -19.3648
      vertex 16.3877 -82.959 -19.3648
      vertex 16.3877 -114.003 -19.3648
    endloop
  endfacet
  facet normal 0 0 -1
    outer loop
      vertex 16.2 -114.095 -19.3648
      vertex 16.2 -82.8664 -19.3648
      vertex 16.3877 -82.959 -19.3648
    endloop
  endfacet
  facet normal 0 0 -1
    outer loop
      vertex 16.026 -114.211 -19.3648
      vertex 16.2 -82.8664 -19.3648
      vertex 16.2 -114.095 -19.3648
    endloop
  endfacet
  facet normal 0 0 -1
    outer loop
      vertex 16.026 -114.211 -19.3648
      vertex 16.026 -82.7501 -19.3648
      vertex 16.2 -82.8664 -19.3648
    endloop
  endfacet
  facet normal 0 0 -1
    outer loop
      vertex 15.8686 -114.349 -19.3648
      vertex 16.026 -82.7501 -19.3648
      vertex 16.026 -114.211 -19.3648
    endloop
  endfacet
  facet normal 0 0 -1
    outer loop
      vertex 15.8686 -114.349 -19.3648
      vertex 15.8686 -82.6121 -19.3648
      vertex 16.026 -82.7501 -19.3648
    endloop
  endfacet
  facet normal 0 0 -1
    outer loop
      vertex -15.5218 -114.868 -19.3648
      vertex 15.5218 -114.868 -19.3648
      vertex -15.4545 -115.067 -19.3648
    endloop
  endfacet
  facet normal 0 0 -1
    outer loop
      vertex 15.5218 -114.868 -19.3648
      vertex -15.5218 -114.868 -19.3648
      vertex 15.6144 -114.681 -19.3648
    endloop
  endfacet
  facet normal 0 0 -1
    outer loop
      vertex 15.4545 -115.067 -19.3648
      vertex -15.4545 -115.067 -19.3648
      vertex 15.5218 -114.868 -19.3648
    endloop
  endfacet
  facet normal 0 0 -1
    outer loop
      vertex -15.6144 -114.681 -19.3648
      vertex 15.6144 -114.681 -19.3648
      vertex -15.5218 -114.868 -19.3648
    endloop
  endfacet
  facet normal 0 0 -1
    outer loop
      vertex -15.4545 -115.067 -19.3648
      vertex 15.4545 -115.067 -19.3648
      vertex -15.4137 -115.272 -19.3648
    endloop
  endfacet
  facet normal 0 0 -1
    outer loop
      vertex 15.8686 -82.6121 -19.3648
      vertex -15.4 -81.4808 -19.3648
      vertex 15.7306 -82.4548 -19.3648
    endloop
  endfacet
  facet normal 0 0 -1
    outer loop
      vertex 15.4137 -115.272 -19.3648
      vertex -15.4137 -115.272 -19.3648
      vertex 15.4545 -115.067 -19.3648
    endloop
  endfacet
  facet normal 0 0 -1
    outer loop
      vertex 15.7306 -82.4548 -19.3648
      vertex -15.4 -81.4808 -19.3648
      vertex 15.6144 -82.2808 -19.3648
    endloop
  endfacet
  facet normal 0 0 -1
    outer loop
      vertex -15.4137 -115.272 -19.3648
      vertex 15.4137 -115.272 -19.3648
      vertex -15.4 -115.481 -19.3648
    endloop
  endfacet
  facet normal 0 0 -1
    outer loop
      vertex 15.6144 -82.2808 -19.3648
      vertex -15.4 -81.4808 -19.3648
      vertex 15.5218 -82.0931 -19.3648
    endloop
  endfacet
  facet normal 0 0 -1
    outer loop
      vertex -15.4 -115.481 -19.3648
      vertex 15.4137 -115.272 -19.3648
      vertex 15.4 -115.481 -19.3648
    endloop
  endfacet
  facet normal 0 0 -1
    outer loop
      vertex 15.5218 -82.0931 -19.3648
      vertex -15.4 -81.4808 -19.3648
      vertex 15.4545 -81.8949 -19.3648
    endloop
  endfacet
  facet normal 0 0 -1
    outer loop
      vertex 40.5455 -57.0667 -19.3648
      vertex 47.5 1.03103 -19.3648
      vertex 40.5863 -57.2719 -19.3648
    endloop
  endfacet
  facet normal 0 0 -1
    outer loop
      vertex 47.5 1.03103 -19.3648
      vertex 40.5863 -8.68962 -19.3648
      vertex 40.6 -8.48077 -19.3648
    endloop
  endfacet
  facet normal 0 0 -1
    outer loop
      vertex 40.4782 -56.8685 -19.3648
      vertex 47.5 1.03103 -19.3648
      vertex 40.5455 -57.0667 -19.3648
    endloop
  endfacet
  facet normal 0 0 -1
    outer loop
      vertex 47.5 1.03103 -19.3648
      vertex 40.5455 -8.89489 -19.3648
      vertex 40.5863 -8.68962 -19.3648
    endloop
  endfacet
  facet normal 0 0 -1
    outer loop
      vertex 40.3856 -56.6808 -19.3648
      vertex 47.5 1.03103 -19.3648
      vertex 40.4782 -56.8685 -19.3648
    endloop
  endfacet
  facet normal 0 0 -1
    outer loop
      vertex 47.5 1.03103 -19.3648
      vertex 40.4782 -9.09307 -19.3648
      vertex 40.5455 -8.89489 -19.3648
    endloop
  endfacet
  facet normal 0 0 -1
    outer loop
      vertex 40.3856 -9.28078 -19.3648
      vertex 47.5 1.03103 -19.3648
      vertex 40.3856 -56.6808 -19.3648
    endloop
  endfacet
  facet normal 0 0 -1
    outer loop
      vertex 47.5 1.03103 -19.3648
      vertex 40.3856 -9.28078 -19.3648
      vertex 40.4782 -9.09307 -19.3648
    endloop
  endfacet
  facet normal 0 0 -1
    outer loop
      vertex 40.2694 -56.5068 -19.3648
      vertex 40.3856 -9.28078 -19.3648
      vertex 40.3856 -56.6808 -19.3648
    endloop
  endfacet
  facet normal 0 0 -1
    outer loop
      vertex 40.2694 -56.5068 -19.3648
      vertex 40.2694 -9.45479 -19.3648
      vertex 40.3856 -9.28078 -19.3648
    endloop
  endfacet
  facet normal 0 0 -1
    outer loop
      vertex 40.1314 -56.3494 -19.3648
      vertex 40.2694 -9.45479 -19.3648
      vertex 40.2694 -56.5068 -19.3648
    endloop
  endfacet
  facet normal 0 0 -1
    outer loop
      vertex 40.1314 -56.3494 -19.3648
      vertex 40.1314 -9.61215 -19.3648
      vertex 40.2694 -9.45479 -19.3648
    endloop
  endfacet
  facet normal 0 0 -1
    outer loop
      vertex 39.974 -56.2114 -19.3648
      vertex 40.1314 -9.61215 -19.3648
      vertex 40.1314 -56.3494 -19.3648
    endloop
  endfacet
  facet normal 0 0 -1
    outer loop
      vertex 39.974 -56.2114 -19.3648
      vertex 39.974 -9.75014 -19.3648
      vertex 40.1314 -9.61215 -19.3648
    endloop
  endfacet
  facet normal 0 0 -1
    outer loop
      vertex 39.8 -56.0951 -19.3648
      vertex 39.974 -9.75014 -19.3648
      vertex 39.974 -56.2114 -19.3648
    endloop
  endfacet
  facet normal 0 0 -1
    outer loop
      vertex 39.8 -56.0951 -19.3648
      vertex 39.8 -9.86642 -19.3648
      vertex 39.974 -9.75014 -19.3648
    endloop
  endfacet
  facet normal 0 0 -1
    outer loop
      vertex 39.6123 -56.0026 -19.3648
      vertex 39.8 -9.86642 -19.3648
      vertex 39.8 -56.0951 -19.3648
    endloop
  endfacet
  facet normal 0 0 -1
    outer loop
      vertex 39.6123 -56.0026 -19.3648
      vertex 39.6123 -9.95898 -19.3648
      vertex 39.8 -9.86642 -19.3648
    endloop
  endfacet
  facet normal 0 0 -1
    outer loop
      vertex 39.4141 -55.9353 -19.3648
      vertex 39.6123 -9.95898 -19.3648
      vertex 39.6123 -56.0026 -19.3648
    endloop
  endfacet
  facet normal 0 0 -1
    outer loop
      vertex 39.4141 -55.9353 -19.3648
      vertex 39.4141 -10.0263 -19.3648
      vertex 39.6123 -9.95898 -19.3648
    endloop
  endfacet
  facet normal 0 0 -1
    outer loop
      vertex 39.2088 -55.8945 -19.3648
      vertex 39.4141 -10.0263 -19.3648
      vertex 39.4141 -55.9353 -19.3648
    endloop
  endfacet
  facet normal 0 0 -1
    outer loop
      vertex 39.2088 -55.8945 -19.3648
      vertex 39.2088 -10.0671 -19.3648
      vertex 39.4141 -10.0263 -19.3648
    endloop
  endfacet
  facet normal 0 0 -1
    outer loop
      vertex 39 -55.8808 -19.3648
      vertex 39.2088 -10.0671 -19.3648
      vertex 39.2088 -55.8945 -19.3648
    endloop
  endfacet
  facet normal 0 0 -1
    outer loop
      vertex 39 -55.8808 -19.3648
      vertex 39 -10.0808 -19.3648
      vertex 39.2088 -10.0671 -19.3648
    endloop
  endfacet
  facet normal 0 0 -1
    outer loop
      vertex 38.7912 -55.8945 -19.3648
      vertex 39 -10.0808 -19.3648
      vertex 39 -55.8808 -19.3648
    endloop
  endfacet
  facet normal 0 0 -1
    outer loop
      vertex 38.7912 -55.8945 -19.3648
      vertex 38.7912 -10.0671 -19.3648
      vertex 39 -10.0808 -19.3648
    endloop
  endfacet
  facet normal 0 0 -1
    outer loop
      vertex 38.5859 -55.9353 -19.3648
      vertex 38.7912 -10.0671 -19.3648
      vertex 38.7912 -55.8945 -19.3648
    endloop
  endfacet
  facet normal 0 0 -1
    outer loop
      vertex 38.5859 -55.9353 -19.3648
      vertex 38.5859 -10.0263 -19.3648
      vertex 38.7912 -10.0671 -19.3648
    endloop
  endfacet
  facet normal 0 0 -1
    outer loop
      vertex 38.3877 -56.0026 -19.3648
      vertex 38.5859 -10.0263 -19.3648
      vertex 38.5859 -55.9353 -19.3648
    endloop
  endfacet
  facet normal 0 0 -1
    outer loop
      vertex 38.3877 -56.0026 -19.3648
      vertex 38.3877 -9.95898 -19.3648
      vertex 38.5859 -10.0263 -19.3648
    endloop
  endfacet
  facet normal 0 0 -1
    outer loop
      vertex 38.2 -56.0951 -19.3648
      vertex 38.3877 -9.95898 -19.3648
      vertex 38.3877 -56.0026 -19.3648
    endloop
  endfacet
  facet normal 0 0 -1
    outer loop
      vertex 38.2 -56.0951 -19.3648
      vertex 38.2 -9.86642 -19.3648
      vertex 38.3877 -9.95898 -19.3648
    endloop
  endfacet
  facet normal 0 0 -1
    outer loop
      vertex 38.026 -56.2114 -19.3648
      vertex 38.2 -9.86642 -19.3648
      vertex 38.2 -56.0951 -19.3648
    endloop
  endfacet
  facet normal 0 0 -1
    outer loop
      vertex 38.026 -56.2114 -19.3648
      vertex 38.026 -9.75014 -19.3648
      vertex 38.2 -9.86642 -19.3648
    endloop
  endfacet
  facet normal 0 0 -1
    outer loop
      vertex 37.8686 -56.3494 -19.3648
      vertex 38.026 -9.75014 -19.3648
      vertex 38.026 -56.2114 -19.3648
    endloop
  endfacet
  facet normal 0 0 -1
    outer loop
      vertex 37.8686 -56.3494 -19.3648
      vertex 37.8686 -9.61215 -19.3648
      vertex 38.026 -9.75014 -19.3648
    endloop
  endfacet
  facet normal 0 0 -1
    outer loop
      vertex 37.7306 -56.5068 -19.3648
      vertex 37.8686 -9.61215 -19.3648
      vertex 37.8686 -56.3494 -19.3648
    endloop
  endfacet
  facet normal 0 0 -1
    outer loop
      vertex 37.7306 -56.5068 -19.3648
      vertex 37.7306 -9.45479 -19.3648
      vertex 37.8686 -9.61215 -19.3648
    endloop
  endfacet
  facet normal 0 0 -1
    outer loop
      vertex 37.4545 -57.0667 -19.3648
      vertex -17.4545 -57.0667 -19.3648
      vertex 37.5218 -56.8685 -19.3648
    endloop
  endfacet
  facet normal 0 0 -1
    outer loop
      vertex -17.5218 -56.8685 -19.3648
      vertex 37.5218 -56.8685 -19.3648
      vertex -17.4545 -57.0667 -19.3648
    endloop
  endfacet
  facet normal 0 0 -1
    outer loop
      vertex -17.4545 -57.0667 -19.3648
      vertex 37.4545 -57.0667 -19.3648
      vertex -17.4137 -57.2719 -19.3648
    endloop
  endfacet
  facet normal 0 0 -1
    outer loop
      vertex 37.5218 -56.8685 -19.3648
      vertex -17.5218 -56.8685 -19.3648
      vertex 37.6144 -56.6808 -19.3648
    endloop
  endfacet
  facet normal 0 0 -1
    outer loop
      vertex 37.4137 -57.2719 -19.3648
      vertex -17.4137 -57.2719 -19.3648
      vertex 37.4545 -57.0667 -19.3648
    endloop
  endfacet
  facet normal 0 0 -1
    outer loop
      vertex 37.7306 -9.45479 -19.3648
      vertex -17.4 -8.48077 -19.3648
      vertex 37.6144 -9.28078 -19.3648
    endloop
  endfacet
  facet normal 0 0 -1
    outer loop
      vertex 16.5859 -79.9353 -19.3648
      vertex -17.4137 -57.2719 -19.3648
      vertex 37.4137 -57.2719 -19.3648
    endloop
  endfacet
  facet normal 0 0 -1
    outer loop
      vertex 37.6144 -9.28078 -19.3648
      vertex -17.4 -8.48077 -19.3648
      vertex 37.5218 -9.09307 -19.3648
    endloop
  endfacet
  facet normal 0 0 -1
    outer loop
      vertex 16.7912 -79.8945 -19.3648
      vertex 37.4137 -57.2719 -19.3648
      vertex 37.4 -57.4808 -19.3648
    endloop
  endfacet
  facet normal 0 0 -1
    outer loop
      vertex 37.5218 -9.09307 -19.3648
      vertex -17.4 -8.48077 -19.3648
      vertex 37.4545 -8.89489 -19.3648
    endloop
  endfacet
  facet normal 0 0 -1
    outer loop
      vertex 47.5 -120.981 -19.3648
      vertex 40.6 -57.4808 -19.3648
      vertex 47.5 1.03103 -19.3648
    endloop
  endfacet
  facet normal 0 0 -1
    outer loop
      vertex 47.5 -120.981 -19.3648
      vertex 40.5863 -57.6896 -19.3648
      vertex 40.6 -57.4808 -19.3648
    endloop
  endfacet
  facet normal 0 0 -1
    outer loop
      vertex 47.5 -120.981 -19.3648
      vertex 40.5455 -57.8949 -19.3648
      vertex 40.5863 -57.6896 -19.3648
    endloop
  endfacet
  facet normal 0 0 -1
    outer loop
      vertex 47.5 -120.981 -19.3648
      vertex 40.4782 -58.0931 -19.3648
      vertex 40.5455 -57.8949 -19.3648
    endloop
  endfacet
  facet normal 0 0 -1
    outer loop
      vertex 47.5 -120.981 -19.3648
      vertex 40.3856 -58.2808 -19.3648
      vertex 40.4782 -58.0931 -19.3648
    endloop
  endfacet
  facet normal 0 0 -1
    outer loop
      vertex 47.5 -120.981 -19.3648
      vertex 40.2694 -58.4548 -19.3648
      vertex 40.3856 -58.2808 -19.3648
    endloop
  endfacet
  facet normal 0 0 -1
    outer loop
      vertex 47.5 -120.981 -19.3648
      vertex 40.1314 -58.6121 -19.3648
      vertex 40.2694 -58.4548 -19.3648
    endloop
  endfacet
  facet normal 0 0 -1
    outer loop
      vertex 47.5 -120.981 -19.3648
      vertex 39.974 -58.7501 -19.3648
      vertex 40.1314 -58.6121 -19.3648
    endloop
  endfacet
  facet normal 0 0 -1
    outer loop
      vertex 47.5 -120.981 -19.3648
      vertex 39.8 -58.8664 -19.3648
      vertex 39.974 -58.7501 -19.3648
    endloop
  endfacet
  facet normal 0 0 -1
    outer loop
      vertex 47.5 -120.981 -19.3648
      vertex 39.6123 -58.959 -19.3648
      vertex 39.8 -58.8664 -19.3648
    endloop
  endfacet
  facet normal 0 0 -1
    outer loop
      vertex 47.5 -120.981 -19.3648
      vertex 39.4141 -59.0263 -19.3648
      vertex 39.6123 -58.959 -19.3648
    endloop
  endfacet
  facet normal 0 0 -1
    outer loop
      vertex 18.6 -81.4808 -19.3648
      vertex 39.4141 -59.0263 -19.3648
      vertex 47.5 -120.981 -19.3648
    endloop
  endfacet
  facet normal 0 0 -1
    outer loop
      vertex 39.4141 -59.0263 -19.3648
      vertex 18.6 -81.4808 -19.3648
      vertex 39.2088 -59.0671 -19.3648
    endloop
  endfacet
  facet normal 0 0 -1
    outer loop
      vertex 39.2088 -59.0671 -19.3648
      vertex 18.6 -81.4808 -19.3648
      vertex 39 -59.0808 -19.3648
    endloop
  endfacet
  facet normal 0 0 -1
    outer loop
      vertex 18.5863 -81.2719 -19.3648
      vertex 39 -59.0808 -19.3648
      vertex 18.6 -81.4808 -19.3648
    endloop
  endfacet
  facet normal -0 0 -1
    outer loop
      vertex 39 -59.0808 -19.3648
      vertex 18.5863 -81.2719 -19.3648
      vertex 38.7912 -59.0671 -19.3648
    endloop
  endfacet
  facet normal 0 0 -1
    outer loop
      vertex 18.5455 -81.0667 -19.3648
      vertex 38.7912 -59.0671 -19.3648
      vertex 18.5863 -81.2719 -19.3648
    endloop
  endfacet
  facet normal -0 0 -1
    outer loop
      vertex 38.7912 -59.0671 -19.3648
      vertex 18.5455 -81.0667 -19.3648
      vertex 38.5859 -59.0263 -19.3648
    endloop
  endfacet
  facet normal 0 0 -1
    outer loop
      vertex 18.4782 -80.8685 -19.3648
      vertex 38.5859 -59.0263 -19.3648
      vertex 18.5455 -81.0667 -19.3648
    endloop
  endfacet
  facet normal -0 0 -1
    outer loop
      vertex 38.5859 -59.0263 -19.3648
      vertex 18.4782 -80.8685 -19.3648
      vertex 38.3877 -58.959 -19.3648
    endloop
  endfacet
  facet normal 0 0 -1
    outer loop
      vertex 18.3856 -80.6808 -19.3648
      vertex 38.3877 -58.959 -19.3648
      vertex 18.4782 -80.8685 -19.3648
    endloop
  endfacet
  facet normal -0 0 -1
    outer loop
      vertex 38.3877 -58.959 -19.3648
      vertex 18.3856 -80.6808 -19.3648
      vertex 38.2 -58.8664 -19.3648
    endloop
  endfacet
  facet normal 0 0 -1
    outer loop
      vertex 18.2694 -80.5068 -19.3648
      vertex 38.2 -58.8664 -19.3648
      vertex 18.3856 -80.6808 -19.3648
    endloop
  endfacet
  facet normal -0 0 -1
    outer loop
      vertex 38.2 -58.8664 -19.3648
      vertex 18.2694 -80.5068 -19.3648
      vertex 38.026 -58.7501 -19.3648
    endloop
  endfacet
  facet normal -0 0 -1
    outer loop
      vertex 38.026 -58.7501 -19.3648
      vertex 18.1314 -80.3494 -19.3648
      vertex 37.8686 -58.6121 -19.3648
    endloop
  endfacet
  facet normal 0 0 -1
    outer loop
      vertex 18.1314 -80.3494 -19.3648
      vertex 38.026 -58.7501 -19.3648
      vertex 18.2694 -80.5068 -19.3648
    endloop
  endfacet
  facet normal 0 0 -1
    outer loop
      vertex 18.5863 -115.272 -19.3648
      vertex 47.5 -120.981 -19.3648
      vertex 18.6 -115.481 -19.3648
    endloop
  endfacet
  facet normal 0 0 -1
    outer loop
      vertex 47.5 -120.981 -19.3648
      vertex 18.5863 -115.69 -19.3648
      vertex 18.6 -115.481 -19.3648
    endloop
  endfacet
  facet normal 0 0 -1
    outer loop
      vertex 47.5 -120.981 -19.3648
      vertex 18.5455 -115.895 -19.3648
      vertex 18.5863 -115.69 -19.3648
    endloop
  endfacet
  facet normal 0 0 -1
    outer loop
      vertex 47.5 -120.981 -19.3648
      vertex 18.4782 -116.093 -19.3648
      vertex 18.5455 -115.895 -19.3648
    endloop
  endfacet
  facet normal 0 0 -1
    outer loop
      vertex 47.5 -120.981 -19.3648
      vertex 18.3856 -116.281 -19.3648
      vertex 18.4782 -116.093 -19.3648
    endloop
  endfacet
  facet normal 0 0 -1
    outer loop
      vertex 47.5 -120.981 -19.3648
      vertex 18.2694 -116.455 -19.3648
      vertex 18.3856 -116.281 -19.3648
    endloop
  endfacet
  facet normal 0 0 -1
    outer loop
      vertex 47.5 -120.981 -19.3648
      vertex 18.1314 -116.612 -19.3648
      vertex 18.2694 -116.455 -19.3648
    endloop
  endfacet
  facet normal 0 0 -1
    outer loop
      vertex 47.5 -120.981 -19.3648
      vertex 17.974 -116.75 -19.3648
      vertex 18.1314 -116.612 -19.3648
    endloop
  endfacet
  facet normal 0 0 -1
    outer loop
      vertex 47.5 -120.981 -19.3648
      vertex 17.8 -116.866 -19.3648
      vertex 17.974 -116.75 -19.3648
    endloop
  endfacet
  facet normal 0 0 -1
    outer loop
      vertex 47.5 -120.981 -19.3648
      vertex 17.6123 -116.959 -19.3648
      vertex 17.8 -116.866 -19.3648
    endloop
  endfacet
  facet normal 0 0 -1
    outer loop
      vertex 47.5 -120.981 -19.3648
      vertex 17.4141 -117.026 -19.3648
      vertex 17.6123 -116.959 -19.3648
    endloop
  endfacet
  facet normal 0 0 -1
    outer loop
      vertex 47.5 -120.981 -19.3648
      vertex 17.2088 -117.067 -19.3648
      vertex 17.4141 -117.026 -19.3648
    endloop
  endfacet
  facet normal 0 0 -1
    outer loop
      vertex 47.5 -120.981 -19.3648
      vertex 17 -117.081 -19.3648
      vertex 17.2088 -117.067 -19.3648
    endloop
  endfacet
  facet normal 0 0 -1
    outer loop
      vertex 47.5 -120.981 -19.3648
      vertex 16.7912 -117.067 -19.3648
      vertex 17 -117.081 -19.3648
    endloop
  endfacet
  facet normal 0 0 -1
    outer loop
      vertex 15.4545 -81.8949 -19.3648
      vertex -15.4 -81.4808 -19.3648
      vertex 15.4137 -81.6896 -19.3648
    endloop
  endfacet
  facet normal 0 0 -1
    outer loop
      vertex 15.4137 -115.69 -19.3648
      vertex -15.4 -115.481 -19.3648
      vertex 15.4 -115.481 -19.3648
    endloop
  endfacet
  facet normal 0 0 -1
    outer loop
      vertex -15.4137 -115.69 -19.3648
      vertex 15.4137 -115.69 -19.3648
      vertex 15.4545 -115.895 -19.3648
    endloop
  endfacet
  facet normal 0 0 -1
    outer loop
      vertex -15.4545 -115.895 -19.3648
      vertex 15.4545 -115.895 -19.3648
      vertex 15.5218 -116.093 -19.3648
    endloop
  endfacet
  facet normal 0 0 -1
    outer loop
      vertex -15.5218 -116.093 -19.3648
      vertex 15.5218 -116.093 -19.3648
      vertex 15.6144 -116.281 -19.3648
    endloop
  endfacet
  facet normal 0 0 -1
    outer loop
      vertex -15.6144 -116.281 -19.3648
      vertex 15.6144 -116.281 -19.3648
      vertex 15.7306 -116.455 -19.3648
    endloop
  endfacet
  facet normal 0 0 -1
    outer loop
      vertex -15.7306 -116.455 -19.3648
      vertex 15.7306 -116.455 -19.3648
      vertex 15.8686 -116.612 -19.3648
    endloop
  endfacet
  facet normal 0 0 -1
    outer loop
      vertex -15.8686 -116.612 -19.3648
      vertex 15.8686 -116.612 -19.3648
      vertex 16.026 -116.75 -19.3648
    endloop
  endfacet
  facet normal 0 0 -1
    outer loop
      vertex -16.026 -116.75 -19.3648
      vertex 16.026 -116.75 -19.3648
      vertex 16.2 -116.866 -19.3648
    endloop
  endfacet
  facet normal 0 0 -1
    outer loop
      vertex -16.2 -116.866 -19.3648
      vertex 16.2 -116.866 -19.3648
      vertex 16.3877 -116.959 -19.3648
    endloop
  endfacet
  facet normal 0 0 -1
    outer loop
      vertex -16.3877 -116.959 -19.3648
      vertex 16.3877 -116.959 -19.3648
      vertex 16.5859 -117.026 -19.3648
    endloop
  endfacet
  facet normal 0 0 -1
    outer loop
      vertex -16.5859 -117.026 -19.3648
      vertex 16.5859 -117.026 -19.3648
      vertex 16.7912 -117.067 -19.3648
    endloop
  endfacet
  facet normal 0 0 -1
    outer loop
      vertex -16.7912 -117.067 -19.3648
      vertex 16.7912 -117.067 -19.3648
      vertex 47.5 -120.981 -19.3648
    endloop
  endfacet
  facet normal 0 0 -1
    outer loop
      vertex 15.4137 -115.69 -19.3648
      vertex -15.4137 -115.69 -19.3648
      vertex -15.4 -115.481 -19.3648
    endloop
  endfacet
  facet normal 0 0 -1
    outer loop
      vertex 15.4545 -115.895 -19.3648
      vertex -15.4545 -115.895 -19.3648
      vertex -15.4137 -115.69 -19.3648
    endloop
  endfacet
  facet normal 0 0 -1
    outer loop
      vertex 15.5218 -116.093 -19.3648
      vertex -15.5218 -116.093 -19.3648
      vertex -15.4545 -115.895 -19.3648
    endloop
  endfacet
  facet normal 0 0 -1
    outer loop
      vertex 15.6144 -116.281 -19.3648
      vertex -15.6144 -116.281 -19.3648
      vertex -15.5218 -116.093 -19.3648
    endloop
  endfacet
  facet normal 0 0 -1
    outer loop
      vertex 15.7306 -116.455 -19.3648
      vertex -15.7306 -116.455 -19.3648
      vertex -15.6144 -116.281 -19.3648
    endloop
  endfacet
  facet normal 0 0 -1
    outer loop
      vertex 15.8686 -116.612 -19.3648
      vertex -15.8686 -116.612 -19.3648
      vertex -15.7306 -116.455 -19.3648
    endloop
  endfacet
  facet normal 0 0 -1
    outer loop
      vertex 16.026 -116.75 -19.3648
      vertex -16.026 -116.75 -19.3648
      vertex -15.8686 -116.612 -19.3648
    endloop
  endfacet
  facet normal 0 0 -1
    outer loop
      vertex 16.2 -116.866 -19.3648
      vertex -16.2 -116.866 -19.3648
      vertex -16.026 -116.75 -19.3648
    endloop
  endfacet
  facet normal 0 0 -1
    outer loop
      vertex 16.3877 -116.959 -19.3648
      vertex -16.3877 -116.959 -19.3648
      vertex -16.2 -116.866 -19.3648
    endloop
  endfacet
  facet normal 0 0 -1
    outer loop
      vertex 16.5859 -117.026 -19.3648
      vertex -16.5859 -117.026 -19.3648
      vertex -16.3877 -116.959 -19.3648
    endloop
  endfacet
  facet normal 0 0 -1
    outer loop
      vertex 16.7912 -117.067 -19.3648
      vertex -16.7912 -117.067 -19.3648
      vertex -16.5859 -117.026 -19.3648
    endloop
  endfacet
  facet normal 0 0 -1
    outer loop
      vertex 47.5 -120.981 -19.3648
      vertex -17 -117.081 -19.3648
      vertex -16.7912 -117.067 -19.3648
    endloop
  endfacet
  facet normal -0 0 -1
    outer loop
      vertex -18.5863 -81.6896 -19.3648
      vertex -47.5 -120.981 -19.3648
      vertex -18.6 -81.4808 -19.3648
    endloop
  endfacet
  facet normal 0 0 -1
    outer loop
      vertex -17.2088 -79.8945 -19.3648
      vertex -19 -59.0808 -19.3648
      vertex -18.7912 -59.0671 -19.3648
    endloop
  endfacet
  facet normal 0 0 -1
    outer loop
      vertex -17.4141 -79.9353 -19.3648
      vertex -19.2088 -59.0671 -19.3648
      vertex -19 -59.0808 -19.3648
    endloop
  endfacet
  facet normal 0 0 -1
    outer loop
      vertex -17.6123 -80.0026 -19.3648
      vertex -19.4141 -59.0263 -19.3648
      vertex -19.2088 -59.0671 -19.3648
    endloop
  endfacet
  facet normal 0 0 -1
    outer loop
      vertex -17.8 -80.0951 -19.3648
      vertex -19.6123 -58.959 -19.3648
      vertex -19.4141 -59.0263 -19.3648
    endloop
  endfacet
  facet normal 0 0 -1
    outer loop
      vertex -17.974 -80.2114 -19.3648
      vertex -19.8 -58.8664 -19.3648
      vertex -19.6123 -58.959 -19.3648
    endloop
  endfacet
  facet normal 0 0 -1
    outer loop
      vertex -18.1314 -80.3494 -19.3648
      vertex -19.974 -58.7501 -19.3648
      vertex -19.8 -58.8664 -19.3648
    endloop
  endfacet
  facet normal -0 0 -1
    outer loop
      vertex -18.5863 -81.2719 -19.3648
      vertex -47.5 -120.981 -19.3648
      vertex -20.5455 -57.8949 -19.3648
    endloop
  endfacet
  facet normal 0 0 -1
    outer loop
      vertex -18.2694 -80.5068 -19.3648
      vertex -20.1314 -58.6121 -19.3648
      vertex -19.974 -58.7501 -19.3648
    endloop
  endfacet
  facet normal 0 0 -1
    outer loop
      vertex -18.3856 -80.6808 -19.3648
      vertex -20.2694 -58.4548 -19.3648
      vertex -20.1314 -58.6121 -19.3648
    endloop
  endfacet
  facet normal 0 0 -1
    outer loop
      vertex -18.4782 -80.8685 -19.3648
      vertex -20.3856 -58.2808 -19.3648
      vertex -20.2694 -58.4548 -19.3648
    endloop
  endfacet
  facet normal 0 0 -1
    outer loop
      vertex -18.5455 -81.0667 -19.3648
      vertex -20.4782 -58.0931 -19.3648
      vertex -20.3856 -58.2808 -19.3648
    endloop
  endfacet
  facet normal 0 0 -1
    outer loop
      vertex -18.5863 -81.2719 -19.3648
      vertex -20.5455 -57.8949 -19.3648
      vertex -20.4782 -58.0931 -19.3648
    endloop
  endfacet
  facet normal -0 0 -1
    outer loop
      vertex -20.5455 -57.8949 -19.3648
      vertex -47.5 -120.981 -19.3648
      vertex -20.5863 -57.6896 -19.3648
    endloop
  endfacet
  facet normal 0 0 -1
    outer loop
      vertex -47.5 1.03103 -19.3648
      vertex -20.6 -57.4808 -19.3648
      vertex -47.5 -120.981 -19.3648
    endloop
  endfacet
  facet normal -0 0 -1
    outer loop
      vertex -20.5863 -57.6896 -19.3648
      vertex -47.5 -120.981 -19.3648
      vertex -20.6 -57.4808 -19.3648
    endloop
  endfacet
  facet normal -0 0 -1
    outer loop
      vertex -18.5863 -115.69 -19.3648
      vertex -47.5 -120.981 -19.3648
      vertex -18.6 -115.481 -19.3648
    endloop
  endfacet
  facet normal -0 0 -1
    outer loop
      vertex -18.5455 -115.895 -19.3648
      vertex -47.5 -120.981 -19.3648
      vertex -18.5863 -115.69 -19.3648
    endloop
  endfacet
  facet normal -0 0 -1
    outer loop
      vertex -18.4782 -116.093 -19.3648
      vertex -47.5 -120.981 -19.3648
      vertex -18.5455 -115.895 -19.3648
    endloop
  endfacet
  facet normal -0 0 -1
    outer loop
      vertex -18.3856 -116.281 -19.3648
      vertex -47.5 -120.981 -19.3648
      vertex -18.4782 -116.093 -19.3648
    endloop
  endfacet
  facet normal -0 0 -1
    outer loop
      vertex -18.2694 -116.455 -19.3648
      vertex -47.5 -120.981 -19.3648
      vertex -18.3856 -116.281 -19.3648
    endloop
  endfacet
  facet normal -0 0 -1
    outer loop
      vertex -18.1314 -116.612 -19.3648
      vertex -47.5 -120.981 -19.3648
      vertex -18.2694 -116.455 -19.3648
    endloop
  endfacet
  facet normal -0 0 -1
    outer loop
      vertex -17.974 -116.75 -19.3648
      vertex -47.5 -120.981 -19.3648
      vertex -18.1314 -116.612 -19.3648
    endloop
  endfacet
  facet normal -0 0 -1
    outer loop
      vertex -17.8 -116.866 -19.3648
      vertex -47.5 -120.981 -19.3648
      vertex -17.974 -116.75 -19.3648
    endloop
  endfacet
  facet normal -0 0 -1
    outer loop
      vertex -17.6123 -116.959 -19.3648
      vertex -47.5 -120.981 -19.3648
      vertex -17.8 -116.866 -19.3648
    endloop
  endfacet
  facet normal -0 0 -1
    outer loop
      vertex -17.4141 -117.026 -19.3648
      vertex -47.5 -120.981 -19.3648
      vertex -17.6123 -116.959 -19.3648
    endloop
  endfacet
  facet normal -0 0 -1
    outer loop
      vertex -17.2088 -117.067 -19.3648
      vertex -47.5 -120.981 -19.3648
      vertex -17.4141 -117.026 -19.3648
    endloop
  endfacet
  facet normal -0 0 -1
    outer loop
      vertex -17 -117.081 -19.3648
      vertex -47.5 -120.981 -19.3648
      vertex -17.2088 -117.067 -19.3648
    endloop
  endfacet
  facet normal 0 0 -1
    outer loop
      vertex -47.5 -120.981 -19.3648
      vertex -17 -117.081 -19.3648
      vertex 47.5 -120.981 -19.3648
    endloop
  endfacet
  facet normal 0 0 -1
    outer loop
      vertex 40.5863 -57.2719 -19.3648
      vertex 47.5 1.03103 -19.3648
      vertex 40.6 -57.4808 -19.3648
    endloop
  endfacet
  facet normal 0 0 -1
    outer loop
      vertex 40.5863 -8.27193 -19.3648
      vertex 47.5 1.03103 -19.3648
      vertex 40.6 -8.48077 -19.3648
    endloop
  endfacet
  facet normal 0 0 -1
    outer loop
      vertex 40.5455 -8.06666 -19.3648
      vertex 47.5 1.03103 -19.3648
      vertex 40.5863 -8.27193 -19.3648
    endloop
  endfacet
  facet normal 0 0 -1
    outer loop
      vertex 40.4782 -7.86848 -19.3648
      vertex 47.5 1.03103 -19.3648
      vertex 40.5455 -8.06666 -19.3648
    endloop
  endfacet
  facet normal 0 0 -1
    outer loop
      vertex 40.3856 -7.68078 -19.3648
      vertex 47.5 1.03103 -19.3648
      vertex 40.4782 -7.86848 -19.3648
    endloop
  endfacet
  facet normal 0 0 -1
    outer loop
      vertex 40.2694 -7.50676 -19.3648
      vertex 47.5 1.03103 -19.3648
      vertex 40.3856 -7.68078 -19.3648
    endloop
  endfacet
  facet normal 0 0 -1
    outer loop
      vertex 40.1314 -7.3494 -19.3648
      vertex 47.5 1.03103 -19.3648
      vertex 40.2694 -7.50676 -19.3648
    endloop
  endfacet
  facet normal 0 0 -1
    outer loop
      vertex 39.974 -7.21141 -19.3648
      vertex 47.5 1.03103 -19.3648
      vertex 40.1314 -7.3494 -19.3648
    endloop
  endfacet
  facet normal 0 0 -1
    outer loop
      vertex 39.8 -7.09514 -19.3648
      vertex 47.5 1.03103 -19.3648
      vertex 39.974 -7.21141 -19.3648
    endloop
  endfacet
  facet normal 0 0 -1
    outer loop
      vertex 39.6123 -7.00257 -19.3648
      vertex 47.5 1.03103 -19.3648
      vertex 39.8 -7.09514 -19.3648
    endloop
  endfacet
  facet normal 0 0 -1
    outer loop
      vertex 39.4141 -6.93529 -19.3648
      vertex 47.5 1.03103 -19.3648
      vertex 39.6123 -7.00257 -19.3648
    endloop
  endfacet
  facet normal 0 0 -1
    outer loop
      vertex 39.2088 -6.89446 -19.3648
      vertex 47.5 1.03103 -19.3648
      vertex 39.4141 -6.93529 -19.3648
    endloop
  endfacet
  facet normal 0 0 -1
    outer loop
      vertex 39 -6.88078 -19.3648
      vertex 47.5 1.03103 -19.3648
      vertex 39.2088 -6.89446 -19.3648
    endloop
  endfacet
  facet normal 0 0 -1
    outer loop
      vertex 38.7912 -6.89446 -19.3648
      vertex 47.5 1.03103 -19.3648
      vertex 39 -6.88078 -19.3648
    endloop
  endfacet
  facet normal 0 0 -1
    outer loop
      vertex 38.5859 -6.93529 -19.3648
      vertex 47.5 1.03103 -19.3648
      vertex 38.7912 -6.89446 -19.3648
    endloop
  endfacet
  facet normal 0 0 -1
    outer loop
      vertex 38.3877 -7.00257 -19.3648
      vertex 47.5 1.03103 -19.3648
      vertex 38.5859 -6.93529 -19.3648
    endloop
  endfacet
  facet normal 0 0 -1
    outer loop
      vertex 38.2 -7.09514 -19.3648
      vertex 47.5 1.03103 -19.3648
      vertex 38.3877 -7.00257 -19.3648
    endloop
  endfacet
  facet normal 0 0 -1
    outer loop
      vertex 38.026 -7.21141 -19.3648
      vertex 47.5 1.03103 -19.3648
      vertex 38.2 -7.09514 -19.3648
    endloop
  endfacet
  facet normal 0 0 -1
    outer loop
      vertex 17.974 -80.2114 -19.3648
      vertex 37.8686 -58.6121 -19.3648
      vertex 18.1314 -80.3494 -19.3648
    endloop
  endfacet
  facet normal -0 0 -1
    outer loop
      vertex 37.8686 -58.6121 -19.3648
      vertex 17.974 -80.2114 -19.3648
      vertex 37.7306 -58.4548 -19.3648
    endloop
  endfacet
  facet normal 0 0 -1
    outer loop
      vertex 17.8 -80.0951 -19.3648
      vertex 37.7306 -58.4548 -19.3648
      vertex 17.974 -80.2114 -19.3648
    endloop
  endfacet
  facet normal -0 0 -1
    outer loop
      vertex 37.7306 -58.4548 -19.3648
      vertex 17.8 -80.0951 -19.3648
      vertex 37.6144 -58.2808 -19.3648
    endloop
  endfacet
  facet normal 0 0 -1
    outer loop
      vertex 17.6123 -80.0026 -19.3648
      vertex 37.6144 -58.2808 -19.3648
      vertex 17.8 -80.0951 -19.3648
    endloop
  endfacet
  facet normal -0 0 -1
    outer loop
      vertex 37.6144 -58.2808 -19.3648
      vertex 17.6123 -80.0026 -19.3648
      vertex 37.5218 -58.0931 -19.3648
    endloop
  endfacet
  facet normal 0 0 -1
    outer loop
      vertex 17.4141 -79.9353 -19.3648
      vertex 37.5218 -58.0931 -19.3648
      vertex 17.6123 -80.0026 -19.3648
    endloop
  endfacet
  facet normal -0 0 -1
    outer loop
      vertex 37.5218 -58.0931 -19.3648
      vertex 17.4141 -79.9353 -19.3648
      vertex 37.4545 -57.8949 -19.3648
    endloop
  endfacet
  facet normal 0 0 -1
    outer loop
      vertex 17.2088 -79.8945 -19.3648
      vertex 37.4545 -57.8949 -19.3648
      vertex 17.4141 -79.9353 -19.3648
    endloop
  endfacet
  facet normal -0 0 -1
    outer loop
      vertex 37.4545 -57.8949 -19.3648
      vertex 17.2088 -79.8945 -19.3648
      vertex 37.4137 -57.6896 -19.3648
    endloop
  endfacet
  facet normal 0 0 -1
    outer loop
      vertex 17 -79.8808 -19.3648
      vertex 37.4137 -57.6896 -19.3648
      vertex 17.2088 -79.8945 -19.3648
    endloop
  endfacet
  facet normal -0 0 -1
    outer loop
      vertex 37.4137 -57.6896 -19.3648
      vertex 17 -79.8808 -19.3648
      vertex 37.4 -57.4808 -19.3648
    endloop
  endfacet
  facet normal 0 0 -1
    outer loop
      vertex 16.7912 -79.8945 -19.3648
      vertex 37.4 -57.4808 -19.3648
      vertex 17 -79.8808 -19.3648
    endloop
  endfacet
  facet normal 0 0 -1
    outer loop
      vertex 37.4545 -8.89489 -19.3648
      vertex -17.4 -8.48077 -19.3648
      vertex 37.4137 -8.68962 -19.3648
    endloop
  endfacet
  facet normal 0 0 -1
    outer loop
      vertex 37.4137 -8.68962 -19.3648
      vertex -17.4 -8.48077 -19.3648
      vertex 37.4 -8.48077 -19.3648
    endloop
  endfacet
  facet normal 0 0 -1
    outer loop
      vertex 37.4137 -57.2719 -19.3648
      vertex 16.7912 -79.8945 -19.3648
      vertex 16.5859 -79.9353 -19.3648
    endloop
  endfacet
  facet normal 0 0 -1
    outer loop
      vertex -17.4137 -57.2719 -19.3648
      vertex 16.5859 -79.9353 -19.3648
      vertex -17.4 -57.4808 -19.3648
    endloop
  endfacet
  facet normal 0 0 -1
    outer loop
      vertex -17.4 -57.4808 -19.3648
      vertex 16.5859 -79.9353 -19.3648
      vertex 16.3877 -80.0026 -19.3648
    endloop
  endfacet
  facet normal 0 0 -1
    outer loop
      vertex -17.4 -57.4808 -19.3648
      vertex 16.3877 -80.0026 -19.3648
      vertex 16.2 -80.0951 -19.3648
    endloop
  endfacet
  facet normal 0 0 -1
    outer loop
      vertex -17.4137 -57.6896 -19.3648
      vertex 16.2 -80.0951 -19.3648
      vertex 16.026 -80.2114 -19.3648
    endloop
  endfacet
  facet normal 0 0 -1
    outer loop
      vertex -17.4137 -57.6896 -19.3648
      vertex 16.026 -80.2114 -19.3648
      vertex 15.8686 -80.3494 -19.3648
    endloop
  endfacet
  facet normal 0 0 -1
    outer loop
      vertex -17.4137 -57.6896 -19.3648
      vertex 15.8686 -80.3494 -19.3648
      vertex 15.7306 -80.5068 -19.3648
    endloop
  endfacet
  facet normal 0 0 -1
    outer loop
      vertex -15.7306 -80.5068 -19.3648
      vertex 15.7306 -80.5068 -19.3648
      vertex 15.6144 -80.6808 -19.3648
    endloop
  endfacet
  facet normal 0 0 -1
    outer loop
      vertex -15.6144 -80.6808 -19.3648
      vertex 15.6144 -80.6808 -19.3648
      vertex 15.5218 -80.8685 -19.3648
    endloop
  endfacet
  facet normal 0 0 -1
    outer loop
      vertex -15.5218 -80.8685 -19.3648
      vertex 15.5218 -80.8685 -19.3648
      vertex 15.4545 -81.0667 -19.3648
    endloop
  endfacet
  facet normal 0 0 -1
    outer loop
      vertex 15.4137 -81.6896 -19.3648
      vertex -15.4 -81.4808 -19.3648
      vertex 15.4 -81.4808 -19.3648
    endloop
  endfacet
  facet normal 0 0 -1
    outer loop
      vertex 15.4 -81.4808 -19.3648
      vertex -15.4 -81.4808 -19.3648
      vertex 15.4137 -81.2719 -19.3648
    endloop
  endfacet
  facet normal 0 0 -1
    outer loop
      vertex -15.4137 -81.2719 -19.3648
      vertex 15.4137 -81.2719 -19.3648
      vertex -15.4 -81.4808 -19.3648
    endloop
  endfacet
  facet normal 0 0 -1
    outer loop
      vertex 15.4137 -81.2719 -19.3648
      vertex -15.4137 -81.2719 -19.3648
      vertex 15.4545 -81.0667 -19.3648
    endloop
  endfacet
  facet normal 0 0 -1
    outer loop
      vertex -15.4545 -81.0667 -19.3648
      vertex 15.4545 -81.0667 -19.3648
      vertex -15.4137 -81.2719 -19.3648
    endloop
  endfacet
  facet normal 0 0 -1
    outer loop
      vertex -15.5218 -80.8685 -19.3648
      vertex 15.4545 -81.0667 -19.3648
      vertex -15.4545 -81.0667 -19.3648
    endloop
  endfacet
  facet normal 0 0 -1
    outer loop
      vertex 37.4 -8.48077 -19.3648
      vertex -17.4 -8.48077 -19.3648
      vertex 37.4137 -8.27193 -19.3648
    endloop
  endfacet
  facet normal 0 0 -1
    outer loop
      vertex -17.4137 -8.27193 -19.3648
      vertex 37.4137 -8.27193 -19.3648
      vertex -17.4 -8.48077 -19.3648
    endloop
  endfacet
  facet normal 0 0 -1
    outer loop
      vertex 37.4137 -8.27193 -19.3648
      vertex -17.4137 -8.27193 -19.3648
      vertex 37.4545 -8.06666 -19.3648
    endloop
  endfacet
  facet normal 0 0 -1
    outer loop
      vertex 15.5218 -80.8685 -19.3648
      vertex -15.5218 -80.8685 -19.3648
      vertex -15.6144 -80.6808 -19.3648
    endloop
  endfacet
  facet normal 0 0 -1
    outer loop
      vertex 15.6144 -80.6808 -19.3648
      vertex -15.6144 -80.6808 -19.3648
      vertex -15.7306 -80.5068 -19.3648
    endloop
  endfacet
  facet normal 0 0 -1
    outer loop
      vertex -17.4137 -57.6896 -19.3648
      vertex 15.7306 -80.5068 -19.3648
      vertex -15.7306 -80.5068 -19.3648
    endloop
  endfacet
  facet normal 0 0 -1
    outer loop
      vertex -17.4137 -57.6896 -19.3648
      vertex -15.7306 -80.5068 -19.3648
      vertex -15.8686 -80.3494 -19.3648
    endloop
  endfacet
  facet normal 0 0 -1
    outer loop
      vertex -17.4137 -57.6896 -19.3648
      vertex -15.8686 -80.3494 -19.3648
      vertex -16.026 -80.2114 -19.3648
    endloop
  endfacet
  facet normal 0 0 -1
    outer loop
      vertex -17.4137 -57.6896 -19.3648
      vertex -16.026 -80.2114 -19.3648
      vertex -16.2 -80.0951 -19.3648
    endloop
  endfacet
  facet normal 0 0 -1
    outer loop
      vertex -17.4137 -57.6896 -19.3648
      vertex -16.2 -80.0951 -19.3648
      vertex -16.3877 -80.0026 -19.3648
    endloop
  endfacet
  facet normal 0 0 -1
    outer loop
      vertex -17.4137 -57.6896 -19.3648
      vertex -16.3877 -80.0026 -19.3648
      vertex -16.5859 -79.9353 -19.3648
    endloop
  endfacet
  facet normal 0 0 -1
    outer loop
      vertex -17.4137 -57.6896 -19.3648
      vertex -16.5859 -79.9353 -19.3648
      vertex -16.7912 -79.8945 -19.3648
    endloop
  endfacet
  facet normal 0 0 -1
    outer loop
      vertex -17.4137 -57.6896 -19.3648
      vertex -16.7912 -79.8945 -19.3648
      vertex -17 -79.8808 -19.3648
    endloop
  endfacet
  facet normal 0 0 -1
    outer loop
      vertex -18.7912 -59.0671 -19.3648
      vertex -17 -79.8808 -19.3648
      vertex -17.2088 -79.8945 -19.3648
    endloop
  endfacet
  facet normal 0 0 -1
    outer loop
      vertex -17.4545 -8.06666 -19.3648
      vertex 37.4545 -8.06666 -19.3648
      vertex -17.4137 -8.27193 -19.3648
    endloop
  endfacet
  facet normal 0 0 -1
    outer loop
      vertex 37.4545 -8.06666 -19.3648
      vertex -17.4545 -8.06666 -19.3648
      vertex 37.5218 -7.86848 -19.3648
    endloop
  endfacet
  facet normal 0 0 -1
    outer loop
      vertex -17.5218 -7.86848 -19.3648
      vertex 37.5218 -7.86848 -19.3648
      vertex -17.4545 -8.06666 -19.3648
    endloop
  endfacet
  facet normal 0 0 -1
    outer loop
      vertex 37.5218 -7.86848 -19.3648
      vertex -17.5218 -7.86848 -19.3648
      vertex 37.6144 -7.68078 -19.3648
    endloop
  endfacet
  facet normal 0 0 -1
    outer loop
      vertex -17.6144 -7.68078 -19.3648
      vertex 37.6144 -7.68078 -19.3648
      vertex -17.5218 -7.86848 -19.3648
    endloop
  endfacet
  facet normal 0 0 -1
    outer loop
      vertex 37.6144 -7.68078 -19.3648
      vertex -17.6144 -7.68078 -19.3648
      vertex 37.7306 -7.50676 -19.3648
    endloop
  endfacet
  facet normal 0 0 -1
    outer loop
      vertex -17.7306 -7.50676 -19.3648
      vertex 37.7306 -7.50676 -19.3648
      vertex -17.6144 -7.68078 -19.3648
    endloop
  endfacet
  facet normal 0 0 -1
    outer loop
      vertex 37.7306 -7.50676 -19.3648
      vertex -17.7306 -7.50676 -19.3648
      vertex 37.8686 -7.3494 -19.3648
    endloop
  endfacet
  facet normal 0 0 -1
    outer loop
      vertex -17.8686 -7.3494 -19.3648
      vertex 37.8686 -7.3494 -19.3648
      vertex -17.7306 -7.50676 -19.3648
    endloop
  endfacet
  facet normal 0 0 -1
    outer loop
      vertex 37.8686 -7.3494 -19.3648
      vertex -17.8686 -7.3494 -19.3648
      vertex 38.026 -7.21141 -19.3648
    endloop
  endfacet
  facet normal 0 0 -1
    outer loop
      vertex -18.026 -7.21141 -19.3648
      vertex 38.026 -7.21141 -19.3648
      vertex -17.8686 -7.3494 -19.3648
    endloop
  endfacet
  facet normal 0 0 -1
    outer loop
      vertex 38.026 -7.21141 -19.3648
      vertex -18.026 -7.21141 -19.3648
      vertex 47.5 1.03103 -19.3648
    endloop
  endfacet
  facet normal 0 0 -1
    outer loop
      vertex -18.2 -7.09514 -19.3648
      vertex 47.5 1.03103 -19.3648
      vertex -18.026 -7.21141 -19.3648
    endloop
  endfacet
  facet normal 0 0 -1
    outer loop
      vertex -18.3877 -7.00257 -19.3648
      vertex 47.5 1.03103 -19.3648
      vertex -18.2 -7.09514 -19.3648
    endloop
  endfacet
  facet normal 0 0 -1
    outer loop
      vertex -18.5859 -6.93529 -19.3648
      vertex 47.5 1.03103 -19.3648
      vertex -18.3877 -7.00257 -19.3648
    endloop
  endfacet
  facet normal 0 0 -1
    outer loop
      vertex -18.7912 -6.89446 -19.3648
      vertex 47.5 1.03103 -19.3648
      vertex -18.5859 -6.93529 -19.3648
    endloop
  endfacet
  facet normal 0 0 -1
    outer loop
      vertex -47.5 1.03103 -19.3648
      vertex -18.7912 -6.89446 -19.3648
      vertex -19 -6.88078 -19.3648
    endloop
  endfacet
  facet normal 0 0 -1
    outer loop
      vertex -47.5 1.03103 -19.3648
      vertex -19 -6.88078 -19.3648
      vertex -19.2088 -6.89446 -19.3648
    endloop
  endfacet
  facet normal 0 0 -1
    outer loop
      vertex -20.5863 -8.68962 -19.3648
      vertex -47.5 1.03103 -19.3648
      vertex -20.6 -8.48077 -19.3648
    endloop
  endfacet
  facet normal 0 0 -1
    outer loop
      vertex -20.6 -8.48077 -19.3648
      vertex -47.5 1.03103 -19.3648
      vertex -20.5863 -8.27193 -19.3648
    endloop
  endfacet
  facet normal 0 0 -1
    outer loop
      vertex -18.7912 -6.89446 -19.3648
      vertex -47.5 1.03103 -19.3648
      vertex 47.5 1.03103 -19.3648
    endloop
  endfacet
  facet normal 0 0 -1
    outer loop
      vertex -19.4141 -6.93529 -19.3648
      vertex -47.5 1.03103 -19.3648
      vertex -19.2088 -6.89446 -19.3648
    endloop
  endfacet
  facet normal 0 0 -1
    outer loop
      vertex -19.6123 -7.00257 -19.3648
      vertex -47.5 1.03103 -19.3648
      vertex -19.4141 -6.93529 -19.3648
    endloop
  endfacet
  facet normal 0 0 -1
    outer loop
      vertex -19.8 -7.09514 -19.3648
      vertex -47.5 1.03103 -19.3648
      vertex -19.6123 -7.00257 -19.3648
    endloop
  endfacet
  facet normal 0 0 -1
    outer loop
      vertex -19.974 -7.21141 -19.3648
      vertex -47.5 1.03103 -19.3648
      vertex -19.8 -7.09514 -19.3648
    endloop
  endfacet
  facet normal 0 0 -1
    outer loop
      vertex -20.1314 -7.3494 -19.3648
      vertex -47.5 1.03103 -19.3648
      vertex -19.974 -7.21141 -19.3648
    endloop
  endfacet
  facet normal 0 0 -1
    outer loop
      vertex -20.2694 -7.50676 -19.3648
      vertex -47.5 1.03103 -19.3648
      vertex -20.1314 -7.3494 -19.3648
    endloop
  endfacet
  facet normal 0 0 -1
    outer loop
      vertex -20.3856 -7.68078 -19.3648
      vertex -47.5 1.03103 -19.3648
      vertex -20.2694 -7.50676 -19.3648
    endloop
  endfacet
  facet normal 0 0 -1
    outer loop
      vertex -20.4782 -7.86848 -19.3648
      vertex -47.5 1.03103 -19.3648
      vertex -20.3856 -7.68078 -19.3648
    endloop
  endfacet
  facet normal 0 0 -1
    outer loop
      vertex -20.5455 -8.06666 -19.3648
      vertex -47.5 1.03103 -19.3648
      vertex -20.4782 -7.86848 -19.3648
    endloop
  endfacet
  facet normal 0 0 -1
    outer loop
      vertex -20.5863 -8.27193 -19.3648
      vertex -47.5 1.03103 -19.3648
      vertex -20.5455 -8.06666 -19.3648
    endloop
  endfacet
  facet normal 1 0 0
    outer loop
      vertex 47.5 -120.981 -19.3648
      vertex 47.5 -3.38333 -15.3648
      vertex 47.5 -120.981 -15.3648
    endloop
  endfacet
  facet normal 1 0 0
    outer loop
      vertex 47.5 -3.38333 -15.3648
      vertex 47.5 -120.981 -19.3648
      vertex 47.5 -2.67802 -19.3648
    endloop
  endfacet
  facet normal 0 0 0
    outer loop
      vertex 47.5 -120.981 -19.3648
      vertex 47.5 1.03103 -19.3648
      vertex 47.5 -2.67802 -19.3648
    endloop
  endfacet
  facet normal 0 0 1
    outer loop
      vertex -15.9689 -10.2308 -15.3648
      vertex 35.9689 -10.2308 -15.3648
      vertex -15.7664 -9.82017 -15.3648
    endloop
  endfacet
  facet normal 0 0 1
    outer loop
      vertex 36.2233 -55.3501 -15.3648
      vertex -15.5299 -57.0239 -15.3648
      vertex -15.5 -57.4808 -15.3648
    endloop
  endfacet
  facet normal 0 0 1
    outer loop
      vertex 35.9689 -10.2308 -15.3648
      vertex -15.9689 -10.2308 -15.3648
      vertex 36.2233 -10.6114 -15.3648
    endloop
  endfacet
  facet normal 0 0 1
    outer loop
      vertex 36.2233 -55.3501 -15.3648
      vertex -15.6193 -56.5749 -15.3648
      vertex -15.5299 -57.0239 -15.3648
    endloop
  endfacet
  facet normal 0 0 1
    outer loop
      vertex -16.2233 -10.6114 -15.3648
      vertex 36.2233 -10.6114 -15.3648
      vertex -15.9689 -10.2308 -15.3648
    endloop
  endfacet
  facet normal 0 0 1
    outer loop
      vertex 36.2233 -55.3501 -15.3648
      vertex -15.7664 -56.1414 -15.3648
      vertex -15.6193 -56.5749 -15.3648
    endloop
  endfacet
  facet normal 0 0 1
    outer loop
      vertex 36.2233 -10.6114 -15.3648
      vertex -16.2233 -10.6114 -15.3648
      vertex 36.2233 -55.3501 -15.3648
    endloop
  endfacet
  facet normal 0 0 1
    outer loop
      vertex 36.2233 -55.3501 -15.3648
      vertex -15.9689 -55.7308 -15.3648
      vertex -15.7664 -56.1414 -15.3648
    endloop
  endfacet
  facet normal 0 0 1
    outer loop
      vertex -16.2233 -55.3501 -15.3648
      vertex 36.2233 -55.3501 -15.3648
      vertex -16.2233 -10.6114 -15.3648
    endloop
  endfacet
  facet normal 0 0 1
    outer loop
      vertex 36.2233 -55.3501 -15.3648
      vertex -16.2233 -55.3501 -15.3648
      vertex -15.9689 -55.7308 -15.3648
    endloop
  endfacet
  facet normal -0 0 1
    outer loop
      vertex -16.5251 -10.9556 -15.3648
      vertex -16.2233 -55.3501 -15.3648
      vertex -16.2233 -10.6114 -15.3648
    endloop
  endfacet
  facet normal 0 0 1
    outer loop
      vertex -16.5251 -10.9556 -15.3648
      vertex -16.5251 -55.0059 -15.3648
      vertex -16.2233 -55.3501 -15.3648
    endloop
  endfacet
  facet normal -0 0 1
    outer loop
      vertex -16.8693 -11.2575 -15.3648
      vertex -16.5251 -55.0059 -15.3648
      vertex -16.5251 -10.9556 -15.3648
    endloop
  endfacet
  facet normal 0 0 1
    outer loop
      vertex -16.8693 -11.2575 -15.3648
      vertex -16.8693 -54.704 -15.3648
      vertex -16.5251 -55.0059 -15.3648
    endloop
  endfacet
  facet normal -0 0 1
    outer loop
      vertex -17.25 -11.5119 -15.3648
      vertex -16.8693 -54.704 -15.3648
      vertex -16.8693 -11.2575 -15.3648
    endloop
  endfacet
  facet normal 0 0 1
    outer loop
      vertex -17.25 -11.5119 -15.3648
      vertex -17.25 -54.4497 -15.3648
      vertex -16.8693 -54.704 -15.3648
    endloop
  endfacet
  facet normal -0 0 1
    outer loop
      vertex -17.6606 -11.7144 -15.3648
      vertex -17.25 -54.4497 -15.3648
      vertex -17.25 -11.5119 -15.3648
    endloop
  endfacet
  facet normal 0 0 1
    outer loop
      vertex -17.6606 -11.7144 -15.3648
      vertex -17.6606 -54.2472 -15.3648
      vertex -17.25 -54.4497 -15.3648
    endloop
  endfacet
  facet normal -0 0 1
    outer loop
      vertex -18.0941 -11.8615 -15.3648
      vertex -17.6606 -54.2472 -15.3648
      vertex -17.6606 -11.7144 -15.3648
    endloop
  endfacet
  facet normal 0 0 1
    outer loop
      vertex -18.0941 -11.8615 -15.3648
      vertex -18.0941 -54.1 -15.3648
      vertex -17.6606 -54.2472 -15.3648
    endloop
  endfacet
  facet normal -0 0 1
    outer loop
      vertex -18.5432 -11.9508 -15.3648
      vertex -18.0941 -54.1 -15.3648
      vertex -18.0941 -11.8615 -15.3648
    endloop
  endfacet
  facet normal 0 0 1
    outer loop
      vertex -18.5432 -11.9508 -15.3648
      vertex -18.5432 -54.0107 -15.3648
      vertex -18.0941 -54.1 -15.3648
    endloop
  endfacet
  facet normal -0 0 1
    outer loop
      vertex -19 -11.9808 -15.3648
      vertex -18.5432 -54.0107 -15.3648
      vertex -18.5432 -11.9508 -15.3648
    endloop
  endfacet
  facet normal 0 0 1
    outer loop
      vertex -19 -11.9808 -15.3648
      vertex -19 -53.9808 -15.3648
      vertex -18.5432 -54.0107 -15.3648
    endloop
  endfacet
  facet normal 0 0 1
    outer loop
      vertex -19.4568 -11.9508 -15.3648
      vertex -19 -53.9808 -15.3648
      vertex -19 -11.9808 -15.3648
    endloop
  endfacet
  facet normal 0 0 1
    outer loop
      vertex -19.4568 -11.9508 -15.3648
      vertex -19.4568 -54.0107 -15.3648
      vertex -19 -53.9808 -15.3648
    endloop
  endfacet
  facet normal 0 0 1
    outer loop
      vertex -19.9059 -11.8615 -15.3648
      vertex -19.4568 -54.0107 -15.3648
      vertex -19.4568 -11.9508 -15.3648
    endloop
  endfacet
  facet normal 0 0 1
    outer loop
      vertex -19.9059 -11.8615 -15.3648
      vertex -19.9059 -54.1 -15.3648
      vertex -19.4568 -54.0107 -15.3648
    endloop
  endfacet
  facet normal 0 0 1
    outer loop
      vertex -20.3394 -11.7144 -15.3648
      vertex -19.9059 -54.1 -15.3648
      vertex -19.9059 -11.8615 -15.3648
    endloop
  endfacet
  facet normal 0 0 1
    outer loop
      vertex -20.3394 -11.7144 -15.3648
      vertex -20.3394 -54.2472 -15.3648
      vertex -19.9059 -54.1 -15.3648
    endloop
  endfacet
  facet normal 0 0 1
    outer loop
      vertex -20.75 -11.5119 -15.3648
      vertex -20.3394 -54.2472 -15.3648
      vertex -20.3394 -11.7144 -15.3648
    endloop
  endfacet
  facet normal 0 0 1
    outer loop
      vertex -20.75 -11.5119 -15.3648
      vertex -20.75 -54.4497 -15.3648
      vertex -20.3394 -54.2472 -15.3648
    endloop
  endfacet
  facet normal 0 0 1
    outer loop
      vertex -21.1307 -11.2575 -15.3648
      vertex -20.75 -54.4497 -15.3648
      vertex -20.75 -11.5119 -15.3648
    endloop
  endfacet
  facet normal 0 0 1
    outer loop
      vertex -21.1307 -11.2575 -15.3648
      vertex -21.1307 -54.704 -15.3648
      vertex -20.75 -54.4497 -15.3648
    endloop
  endfacet
  facet normal 0 0 1
    outer loop
      vertex -21.4749 -10.9556 -15.3648
      vertex -21.1307 -54.704 -15.3648
      vertex -21.1307 -11.2575 -15.3648
    endloop
  endfacet
  facet normal 0 0 1
    outer loop
      vertex -21.4749 -10.9556 -15.3648
      vertex -21.4749 -55.0059 -15.3648
      vertex -21.1307 -54.704 -15.3648
    endloop
  endfacet
  facet normal 0 0 1
    outer loop
      vertex -47.5 -3.38333 -15.3648
      vertex -21.4749 -10.9556 -15.3648
      vertex -21.7767 -10.6114 -15.3648
    endloop
  endfacet
  facet normal 0 0 1
    outer loop
      vertex -21.4749 -10.9556 -15.3648
      vertex -47.5 -3.38333 -15.3648
      vertex -21.4749 -55.0059 -15.3648
    endloop
  endfacet
  facet normal 0 0 1
    outer loop
      vertex -47.5 -3.38333 -15.3648
      vertex -21.7767 -10.6114 -15.3648
      vertex -22.0311 -10.2308 -15.3648
    endloop
  endfacet
  facet normal 0 0 1
    outer loop
      vertex -21.4749 -55.0059 -15.3648
      vertex -47.5 -3.38333 -15.3648
      vertex -21.7767 -55.3501 -15.3648
    endloop
  endfacet
  facet normal 0 0 1
    outer loop
      vertex -47.5 -3.38333 -15.3648
      vertex -22.0311 -10.2308 -15.3648
      vertex -22.2336 -9.82017 -15.3648
    endloop
  endfacet
  facet normal 0 0 1
    outer loop
      vertex -21.7767 -55.3501 -15.3648
      vertex -47.5 -3.38333 -15.3648
      vertex -22.0311 -55.7308 -15.3648
    endloop
  endfacet
  facet normal 0 0 1
    outer loop
      vertex -47.5 -3.38333 -15.3648
      vertex -22.2336 -9.82017 -15.3648
      vertex -22.3807 -9.38664 -15.3648
    endloop
  endfacet
  facet normal 0 0 1
    outer loop
      vertex -22.0311 -55.7308 -15.3648
      vertex -47.5 -3.38333 -15.3648
      vertex -22.2336 -56.1414 -15.3648
    endloop
  endfacet
  facet normal 0 0 1
    outer loop
      vertex -47.5 -3.38333 -15.3648
      vertex -22.3807 -9.38664 -15.3648
      vertex -22.4701 -8.93762 -15.3648
    endloop
  endfacet
  facet normal 0 0 1
    outer loop
      vertex -22.2336 -56.1414 -15.3648
      vertex -47.5 -3.38333 -15.3648
      vertex -22.3807 -56.5749 -15.3648
    endloop
  endfacet
  facet normal 0 0 1
    outer loop
      vertex -47.5 -3.38333 -15.3648
      vertex -22.4701 -8.93762 -15.3648
      vertex -22.5 -8.48077 -15.3648
    endloop
  endfacet
  facet normal 0 0 1
    outer loop
      vertex -22.3807 -56.5749 -15.3648
      vertex -47.5 -3.38333 -15.3648
      vertex -22.4701 -57.0239 -15.3648
    endloop
  endfacet
  facet normal 0 0 1
    outer loop
      vertex 13.9689 -83.2308 -15.3648
      vertex -13.9689 -83.2308 -15.3648
      vertex 14.2233 -83.6114 -15.3648
    endloop
  endfacet
  facet normal 0 0 1
    outer loop
      vertex 14.5251 -113.006 -15.3648
      vertex -13.5299 -115.024 -15.3648
      vertex -13.5 -115.481 -15.3648
    endloop
  endfacet
  facet normal 0 0 1
    outer loop
      vertex -14.2233 -83.6114 -15.3648
      vertex 14.2233 -83.6114 -15.3648
      vertex -13.9689 -83.2308 -15.3648
    endloop
  endfacet
  facet normal 0 0 1
    outer loop
      vertex 14.5251 -113.006 -15.3648
      vertex -13.6193 -114.575 -15.3648
      vertex -13.5299 -115.024 -15.3648
    endloop
  endfacet
  facet normal 0 0 1
    outer loop
      vertex 14.2233 -83.6114 -15.3648
      vertex -14.2233 -83.6114 -15.3648
      vertex 14.5251 -83.9557 -15.3648
    endloop
  endfacet
  facet normal 0 0 1
    outer loop
      vertex 14.5251 -113.006 -15.3648
      vertex -13.7664 -114.141 -15.3648
      vertex -13.6193 -114.575 -15.3648
    endloop
  endfacet
  facet normal 0 0 1
    outer loop
      vertex -14.5251 -83.9557 -15.3648
      vertex 14.5251 -83.9557 -15.3648
      vertex -14.2233 -83.6114 -15.3648
    endloop
  endfacet
  facet normal 0 0 1
    outer loop
      vertex 14.5251 -113.006 -15.3648
      vertex -13.9689 -113.731 -15.3648
      vertex -13.7664 -114.141 -15.3648
    endloop
  endfacet
  facet normal 0 0 1
    outer loop
      vertex 14.5251 -83.9557 -15.3648
      vertex -14.5251 -83.9557 -15.3648
      vertex 14.5251 -113.006 -15.3648
    endloop
  endfacet
  facet normal 0 0 1
    outer loop
      vertex 14.5251 -113.006 -15.3648
      vertex -14.2233 -113.35 -15.3648
      vertex -13.9689 -113.731 -15.3648
    endloop
  endfacet
  facet normal 0 0 1
    outer loop
      vertex -14.5251 -113.006 -15.3648
      vertex 14.5251 -113.006 -15.3648
      vertex -14.5251 -83.9557 -15.3648
    endloop
  endfacet
  facet normal 0 0 1
    outer loop
      vertex 14.5251 -113.006 -15.3648
      vertex -14.5251 -113.006 -15.3648
      vertex -14.2233 -113.35 -15.3648
    endloop
  endfacet
  facet normal -0 0 1
    outer loop
      vertex -14.8693 -84.2575 -15.3648
      vertex -14.5251 -113.006 -15.3648
      vertex -14.5251 -83.9557 -15.3648
    endloop
  endfacet
  facet normal 0 0 1
    outer loop
      vertex -14.8693 -84.2575 -15.3648
      vertex -14.8693 -112.704 -15.3648
      vertex -14.5251 -113.006 -15.3648
    endloop
  endfacet
  facet normal -0 0 1
    outer loop
      vertex -15.25 -84.5119 -15.3648
      vertex -14.8693 -112.704 -15.3648
      vertex -14.8693 -84.2575 -15.3648
    endloop
  endfacet
  facet normal 0 0 1
    outer loop
      vertex -15.25 -84.5119 -15.3648
      vertex -15.25 -112.45 -15.3648
      vertex -14.8693 -112.704 -15.3648
    endloop
  endfacet
  facet normal -0 0 1
    outer loop
      vertex -15.6606 -84.7144 -15.3648
      vertex -15.25 -112.45 -15.3648
      vertex -15.25 -84.5119 -15.3648
    endloop
  endfacet
  facet normal 0 0 1
    outer loop
      vertex -15.6606 -84.7144 -15.3648
      vertex -15.6606 -112.247 -15.3648
      vertex -15.25 -112.45 -15.3648
    endloop
  endfacet
  facet normal -0 0 1
    outer loop
      vertex -16.0941 -84.8615 -15.3648
      vertex -15.6606 -112.247 -15.3648
      vertex -15.6606 -84.7144 -15.3648
    endloop
  endfacet
  facet normal 0 0 1
    outer loop
      vertex -16.0941 -84.8615 -15.3648
      vertex -16.0941 -112.1 -15.3648
      vertex -15.6606 -112.247 -15.3648
    endloop
  endfacet
  facet normal -0 0 1
    outer loop
      vertex -16.5432 -84.9508 -15.3648
      vertex -16.0941 -112.1 -15.3648
      vertex -16.0941 -84.8615 -15.3648
    endloop
  endfacet
  facet normal 0 0 1
    outer loop
      vertex -16.5432 -84.9508 -15.3648
      vertex -16.5432 -112.011 -15.3648
      vertex -16.0941 -112.1 -15.3648
    endloop
  endfacet
  facet normal -0 0 1
    outer loop
      vertex -17 -84.9808 -15.3648
      vertex -16.5432 -112.011 -15.3648
      vertex -16.5432 -84.9508 -15.3648
    endloop
  endfacet
  facet normal 0 0 1
    outer loop
      vertex -17 -84.9808 -15.3648
      vertex -17 -111.981 -15.3648
      vertex -16.5432 -112.011 -15.3648
    endloop
  endfacet
  facet normal 0 0 1
    outer loop
      vertex -17.4568 -84.9508 -15.3648
      vertex -17 -111.981 -15.3648
      vertex -17 -84.9808 -15.3648
    endloop
  endfacet
  facet normal 0 0 1
    outer loop
      vertex -17.4568 -84.9508 -15.3648
      vertex -17.4568 -112.011 -15.3648
      vertex -17 -111.981 -15.3648
    endloop
  endfacet
  facet normal 0 0 1
    outer loop
      vertex -17.9059 -84.8615 -15.3648
      vertex -17.4568 -112.011 -15.3648
      vertex -17.4568 -84.9508 -15.3648
    endloop
  endfacet
  facet normal 0 0 1
    outer loop
      vertex -17.9059 -84.8615 -15.3648
      vertex -17.9059 -112.1 -15.3648
      vertex -17.4568 -112.011 -15.3648
    endloop
  endfacet
  facet normal 0 0 1
    outer loop
      vertex -18.3394 -84.7144 -15.3648
      vertex -17.9059 -112.1 -15.3648
      vertex -17.9059 -84.8615 -15.3648
    endloop
  endfacet
  facet normal 0 0 1
    outer loop
      vertex -18.3394 -84.7144 -15.3648
      vertex -18.3394 -112.247 -15.3648
      vertex -17.9059 -112.1 -15.3648
    endloop
  endfacet
  facet normal 0 0 1
    outer loop
      vertex -18.75 -84.5119 -15.3648
      vertex -18.3394 -112.247 -15.3648
      vertex -18.3394 -84.7144 -15.3648
    endloop
  endfacet
  facet normal 0 0 1
    outer loop
      vertex -18.75 -84.5119 -15.3648
      vertex -18.75 -112.45 -15.3648
      vertex -18.3394 -112.247 -15.3648
    endloop
  endfacet
  facet normal 0 0 1
    outer loop
      vertex -19.1307 -84.2575 -15.3648
      vertex -18.75 -112.45 -15.3648
      vertex -18.75 -84.5119 -15.3648
    endloop
  endfacet
  facet normal 0 0 1
    outer loop
      vertex -19.1307 -84.2575 -15.3648
      vertex -19.1307 -112.704 -15.3648
      vertex -18.75 -112.45 -15.3648
    endloop
  endfacet
  facet normal 0 0 1
    outer loop
      vertex -19.4749 -83.9557 -15.3648
      vertex -19.1307 -112.704 -15.3648
      vertex -19.1307 -84.2575 -15.3648
    endloop
  endfacet
  facet normal 0 0 1
    outer loop
      vertex -19.4749 -83.9557 -15.3648
      vertex -19.4749 -113.006 -15.3648
      vertex -19.1307 -112.704 -15.3648
    endloop
  endfacet
  facet normal 0 0 1
    outer loop
      vertex -19.7767 -83.6114 -15.3648
      vertex -19.4749 -113.006 -15.3648
      vertex -19.4749 -83.9557 -15.3648
    endloop
  endfacet
  facet normal 0 0 1
    outer loop
      vertex -19.7767 -83.6114 -15.3648
      vertex -19.7767 -113.35 -15.3648
      vertex -19.4749 -113.006 -15.3648
    endloop
  endfacet
  facet normal 0 0 1
    outer loop
      vertex -47.5 -120.981 -15.3648
      vertex -19.7767 -83.6114 -15.3648
      vertex -20.0311 -83.2308 -15.3648
    endloop
  endfacet
  facet normal 0 0 1
    outer loop
      vertex -19.7767 -83.6114 -15.3648
      vertex -47.5 -120.981 -15.3648
      vertex -19.7767 -113.35 -15.3648
    endloop
  endfacet
  facet normal 0 0 1
    outer loop
      vertex -47.5 -120.981 -15.3648
      vertex -20.0311 -83.2308 -15.3648
      vertex -20.2336 -82.8202 -15.3648
    endloop
  endfacet
  facet normal 0 0 1
    outer loop
      vertex -19.7767 -113.35 -15.3648
      vertex -47.5 -120.981 -15.3648
      vertex -20.0311 -113.731 -15.3648
    endloop
  endfacet
  facet normal 0 0 1
    outer loop
      vertex -47.5 -120.981 -15.3648
      vertex -20.2336 -82.8202 -15.3648
      vertex -20.3807 -82.3866 -15.3648
    endloop
  endfacet
  facet normal 0 0 1
    outer loop
      vertex -20.0311 -113.731 -15.3648
      vertex -47.5 -120.981 -15.3648
      vertex -20.2336 -114.141 -15.3648
    endloop
  endfacet
  facet normal 0 0 1
    outer loop
      vertex -47.5 -120.981 -15.3648
      vertex -20.3807 -82.3866 -15.3648
      vertex -20.4701 -81.9376 -15.3648
    endloop
  endfacet
  facet normal 0 0 1
    outer loop
      vertex -20.2336 -114.141 -15.3648
      vertex -47.5 -120.981 -15.3648
      vertex -20.3807 -114.575 -15.3648
    endloop
  endfacet
  facet normal 0 0 1
    outer loop
      vertex -47.5 -120.981 -15.3648
      vertex -20.4701 -81.9376 -15.3648
      vertex -20.5 -81.4808 -15.3648
    endloop
  endfacet
  facet normal 0 0 1
    outer loop
      vertex -20.3807 -114.575 -15.3648
      vertex -47.5 -120.981 -15.3648
      vertex -20.4701 -115.024 -15.3648
    endloop
  endfacet
  facet normal 0 0 1
    outer loop
      vertex 29.4561 -99.7847 -15.3648
      vertex 18.75 -84.5119 -15.3648
      vertex 29.2363 -99.9784 -15.3648
    endloop
  endfacet
  facet normal 0 0 1
    outer loop
      vertex 28.4979 -101.625 -15.3648
      vertex 20.4701 -115.024 -15.3648
      vertex 20.5 -115.481 -15.3648
    endloop
  endfacet
  facet normal -0 0 1
    outer loop
      vertex 18.3394 -84.7144 -15.3648
      vertex 29.2363 -99.9784 -15.3648
      vertex 18.75 -84.5119 -15.3648
    endloop
  endfacet
  facet normal 0 0 1
    outer loop
      vertex 28.4979 -101.625 -15.3648
      vertex 20.3807 -114.575 -15.3648
      vertex 20.4701 -115.024 -15.3648
    endloop
  endfacet
  facet normal 0 0 1
    outer loop
      vertex 29.2363 -99.9784 -15.3648
      vertex 18.3394 -84.7144 -15.3648
      vertex 29.0441 -100.195 -15.3648
    endloop
  endfacet
  facet normal 0 0 1
    outer loop
      vertex 28.4979 -101.625 -15.3648
      vertex 20.2336 -114.141 -15.3648
      vertex 20.3807 -114.575 -15.3648
    endloop
  endfacet
  facet normal -0 0 1
    outer loop
      vertex 17.9059 -84.8615 -15.3648
      vertex 29.0441 -100.195 -15.3648
      vertex 18.3394 -84.7144 -15.3648
    endloop
  endfacet
  facet normal 0 0 1
    outer loop
      vertex 28.4979 -101.625 -15.3648
      vertex 20.0311 -113.731 -15.3648
      vertex 20.2336 -114.141 -15.3648
    endloop
  endfacet
  facet normal 0 0 1
    outer loop
      vertex 29.0441 -100.195 -15.3648
      vertex 17.9059 -84.8615 -15.3648
      vertex 28.8796 -100.435 -15.3648
    endloop
  endfacet
  facet normal 0 0 1
    outer loop
      vertex 28.4979 -101.625 -15.3648
      vertex 19.7767 -113.35 -15.3648
      vertex 20.0311 -113.731 -15.3648
    endloop
  endfacet
  facet normal -0 0 1
    outer loop
      vertex 17.4568 -84.9508 -15.3648
      vertex 28.8796 -100.435 -15.3648
      vertex 17.9059 -84.8615 -15.3648
    endloop
  endfacet
  facet normal 0 0 1
    outer loop
      vertex 28.4979 -101.625 -15.3648
      vertex 19.4749 -113.006 -15.3648
      vertex 19.7767 -113.35 -15.3648
    endloop
  endfacet
  facet normal 0 0 1
    outer loop
      vertex 28.8796 -100.435 -15.3648
      vertex 17.4568 -84.9508 -15.3648
      vertex 28.7427 -100.698 -15.3648
    endloop
  endfacet
  facet normal 0 0 1
    outer loop
      vertex 28.4979 -101.625 -15.3648
      vertex 19.1307 -112.704 -15.3648
      vertex 19.4749 -113.006 -15.3648
    endloop
  endfacet
  facet normal -0 0 1
    outer loop
      vertex 17 -84.9808 -15.3648
      vertex 28.7427 -100.698 -15.3648
      vertex 17.4568 -84.9508 -15.3648
    endloop
  endfacet
  facet normal 0 0 1
    outer loop
      vertex 28.4979 -101.625 -15.3648
      vertex 18.75 -112.45 -15.3648
      vertex 19.1307 -112.704 -15.3648
    endloop
  endfacet
  facet normal 0 0 1
    outer loop
      vertex 28.7427 -100.698 -15.3648
      vertex 17 -84.9808 -15.3648
      vertex 28.6334 -100.984 -15.3648
    endloop
  endfacet
  facet normal 0 0 1
    outer loop
      vertex 28.4979 -101.625 -15.3648
      vertex 18.3394 -112.247 -15.3648
      vertex 18.75 -112.45 -15.3648
    endloop
  endfacet
  facet normal 0 0 1
    outer loop
      vertex 28.6334 -100.984 -15.3648
      vertex 17 -84.9808 -15.3648
      vertex 28.5518 -101.293 -15.3648
    endloop
  endfacet
  facet normal 0 0 1
    outer loop
      vertex 28.4979 -101.625 -15.3648
      vertex 17.9059 -112.1 -15.3648
      vertex 18.3394 -112.247 -15.3648
    endloop
  endfacet
  facet normal 0 0 1
    outer loop
      vertex 16.5432 -84.9508 -15.3648
      vertex 28.5518 -101.293 -15.3648
      vertex 17 -84.9808 -15.3648
    endloop
  endfacet
  facet normal 0 0 1
    outer loop
      vertex 28.4979 -101.625 -15.3648
      vertex 17.4568 -112.011 -15.3648
      vertex 17.9059 -112.1 -15.3648
    endloop
  endfacet
  facet normal 0 0 1
    outer loop
      vertex 16.5432 -112.011 -15.3648
      vertex 28.5518 -101.293 -15.3648
      vertex 16.5432 -84.9508 -15.3648
    endloop
  endfacet
  facet normal 0 0 1
    outer loop
      vertex 28.4979 -101.625 -15.3648
      vertex 17 -111.981 -15.3648
      vertex 17.4568 -112.011 -15.3648
    endloop
  endfacet
  facet normal 0 -0 1
    outer loop
      vertex 17 -111.981 -15.3648
      vertex 28.5518 -101.293 -15.3648
      vertex 16.5432 -112.011 -15.3648
    endloop
  endfacet
  facet normal 0 0 1
    outer loop
      vertex 28.5518 -101.293 -15.3648
      vertex 17 -111.981 -15.3648
      vertex 28.4979 -101.625 -15.3648
    endloop
  endfacet
  facet normal 0 0 1
    outer loop
      vertex 16.0941 -84.8615 -15.3648
      vertex 16.5432 -112.011 -15.3648
      vertex 16.5432 -84.9508 -15.3648
    endloop
  endfacet
  facet normal 0 0 1
    outer loop
      vertex 16.0941 -84.8615 -15.3648
      vertex 16.0941 -112.1 -15.3648
      vertex 16.5432 -112.011 -15.3648
    endloop
  endfacet
  facet normal 0 0 1
    outer loop
      vertex 15.6606 -84.7144 -15.3648
      vertex 16.0941 -112.1 -15.3648
      vertex 16.0941 -84.8615 -15.3648
    endloop
  endfacet
  facet normal 0 0 1
    outer loop
      vertex 15.6606 -84.7144 -15.3648
      vertex 15.6606 -112.247 -15.3648
      vertex 16.0941 -112.1 -15.3648
    endloop
  endfacet
  facet normal 0 0 1
    outer loop
      vertex 15.25 -84.5119 -15.3648
      vertex 15.6606 -112.247 -15.3648
      vertex 15.6606 -84.7144 -15.3648
    endloop
  endfacet
  facet normal 0 0 1
    outer loop
      vertex 15.25 -84.5119 -15.3648
      vertex 15.25 -112.45 -15.3648
      vertex 15.6606 -112.247 -15.3648
    endloop
  endfacet
  facet normal 0 0 1
    outer loop
      vertex 14.8693 -84.2575 -15.3648
      vertex 15.25 -112.45 -15.3648
      vertex 15.25 -84.5119 -15.3648
    endloop
  endfacet
  facet normal 0 0 1
    outer loop
      vertex 14.8693 -84.2575 -15.3648
      vertex 14.8693 -112.704 -15.3648
      vertex 15.25 -112.45 -15.3648
    endloop
  endfacet
  facet normal 0 0 1
    outer loop
      vertex 14.5251 -83.9557 -15.3648
      vertex 14.8693 -112.704 -15.3648
      vertex 14.8693 -84.2575 -15.3648
    endloop
  endfacet
  facet normal 0 0 1
    outer loop
      vertex 14.5251 -83.9557 -15.3648
      vertex 14.5251 -113.006 -15.3648
      vertex 14.8693 -112.704 -15.3648
    endloop
  endfacet
  facet normal 0 0 1
    outer loop
      vertex -13.7664 -82.8202 -15.3648
      vertex 13.7664 -82.8202 -15.3648
      vertex -13.6193 -82.3866 -15.3648
    endloop
  endfacet
  facet normal 0 0 1
    outer loop
      vertex 13.7664 -82.8202 -15.3648
      vertex -13.7664 -82.8202 -15.3648
      vertex 13.9689 -83.2308 -15.3648
    endloop
  endfacet
  facet normal 0 0 1
    outer loop
      vertex 13.6193 -82.3866 -15.3648
      vertex -13.6193 -82.3866 -15.3648
      vertex 13.7664 -82.8202 -15.3648
    endloop
  endfacet
  facet normal 0 0 1
    outer loop
      vertex -13.9689 -83.2308 -15.3648
      vertex 13.9689 -83.2308 -15.3648
      vertex -13.7664 -82.8202 -15.3648
    endloop
  endfacet
  facet normal 0 0 1
    outer loop
      vertex -13.6193 -82.3866 -15.3648
      vertex 13.6193 -82.3866 -15.3648
      vertex -13.5299 -81.9376 -15.3648
    endloop
  endfacet
  facet normal 0 0 1
    outer loop
      vertex 14.5251 -113.006 -15.3648
      vertex -13.5 -115.481 -15.3648
      vertex 14.2233 -113.35 -15.3648
    endloop
  endfacet
  facet normal 0 0 1
    outer loop
      vertex 13.5299 -81.9376 -15.3648
      vertex -13.5299 -81.9376 -15.3648
      vertex 13.6193 -82.3866 -15.3648
    endloop
  endfacet
  facet normal 0 -0 1
    outer loop
      vertex -5 -120.349 -15.3648
      vertex 14.2233 -113.35 -15.3648
      vertex -13.5 -115.481 -15.3648
    endloop
  endfacet
  facet normal 0 0 1
    outer loop
      vertex -13.5299 -81.9376 -15.3648
      vertex 13.5299 -81.9376 -15.3648
      vertex -13.5 -81.4808 -15.3648
    endloop
  endfacet
  facet normal 0 0 1
    outer loop
      vertex 14.2233 -113.35 -15.3648
      vertex -5 -120.349 -15.3648
      vertex 13.9689 -113.731 -15.3648
    endloop
  endfacet
  facet normal -0 0 1
    outer loop
      vertex -13.5 -81.4808 -15.3648
      vertex 13.5299 -81.9376 -15.3648
      vertex 13.5 -81.4808 -15.3648
    endloop
  endfacet
  facet normal 0 -0 1
    outer loop
      vertex 5 -120.349 -15.3648
      vertex 13.9689 -113.731 -15.3648
      vertex -5 -120.349 -15.3648
    endloop
  endfacet
  facet normal -0 0 1
    outer loop
      vertex -13.5299 -115.938 -15.3648
      vertex -5 -120.349 -15.3648
      vertex -13.5 -115.481 -15.3648
    endloop
  endfacet
  facet normal -0 0 1
    outer loop
      vertex -13.6193 -116.387 -15.3648
      vertex -5 -120.349 -15.3648
      vertex -13.5299 -115.938 -15.3648
    endloop
  endfacet
  facet normal -0 0 1
    outer loop
      vertex -13.7664 -116.82 -15.3648
      vertex -5 -120.349 -15.3648
      vertex -13.6193 -116.387 -15.3648
    endloop
  endfacet
  facet normal -0 0 1
    outer loop
      vertex -13.9689 -117.231 -15.3648
      vertex -5 -120.349 -15.3648
      vertex -13.7664 -116.82 -15.3648
    endloop
  endfacet
  facet normal -0 0 1
    outer loop
      vertex -14.2233 -117.611 -15.3648
      vertex -5 -120.349 -15.3648
      vertex -13.9689 -117.231 -15.3648
    endloop
  endfacet
  facet normal 0 0 1
    outer loop
      vertex -5 -120.349 -15.3648
      vertex -14.2233 -117.611 -15.3648
      vertex -5 -120.981 -15.3648
    endloop
  endfacet
  facet normal -0 0 1
    outer loop
      vertex -14.5251 -117.956 -15.3648
      vertex -5 -120.981 -15.3648
      vertex -14.2233 -117.611 -15.3648
    endloop
  endfacet
  facet normal -0 0 1
    outer loop
      vertex -14.8693 -118.258 -15.3648
      vertex -5 -120.981 -15.3648
      vertex -14.5251 -117.956 -15.3648
    endloop
  endfacet
  facet normal -0 0 1
    outer loop
      vertex -15.25 -118.512 -15.3648
      vertex -5 -120.981 -15.3648
      vertex -14.8693 -118.258 -15.3648
    endloop
  endfacet
  facet normal -0 0 1
    outer loop
      vertex -15.6606 -118.714 -15.3648
      vertex -5 -120.981 -15.3648
      vertex -15.25 -118.512 -15.3648
    endloop
  endfacet
  facet normal -0 0 1
    outer loop
      vertex -16.0941 -118.862 -15.3648
      vertex -5 -120.981 -15.3648
      vertex -15.6606 -118.714 -15.3648
    endloop
  endfacet
  facet normal -0 0 1
    outer loop
      vertex -16.5432 -118.951 -15.3648
      vertex -5 -120.981 -15.3648
      vertex -16.0941 -118.862 -15.3648
    endloop
  endfacet
  facet normal -0 0 1
    outer loop
      vertex -17 -118.981 -15.3648
      vertex -5 -120.981 -15.3648
      vertex -16.5432 -118.951 -15.3648
    endloop
  endfacet
  facet normal 0 0 1
    outer loop
      vertex -17.4568 -118.951 -15.3648
      vertex -5 -120.981 -15.3648
      vertex -17 -118.981 -15.3648
    endloop
  endfacet
  facet normal 0 0 1
    outer loop
      vertex -20.2336 -80.1414 -15.3648
      vertex -22.0311 -59.2308 -15.3648
      vertex -20.3807 -80.5749 -15.3648
    endloop
  endfacet
  facet normal 0 0 1
    outer loop
      vertex -22.2336 -58.8202 -15.3648
      vertex -20.3807 -80.5749 -15.3648
      vertex -22.0311 -59.2308 -15.3648
    endloop
  endfacet
  facet normal 0 0 1
    outer loop
      vertex -20.3807 -80.5749 -15.3648
      vertex -22.2336 -58.8202 -15.3648
      vertex -20.4701 -81.0239 -15.3648
    endloop
  endfacet
  facet normal 0 0 1
    outer loop
      vertex -22.3807 -58.3866 -15.3648
      vertex -20.4701 -81.0239 -15.3648
      vertex -22.2336 -58.8202 -15.3648
    endloop
  endfacet
  facet normal 0 0 1
    outer loop
      vertex -47.5 -120.981 -15.3648
      vertex -20.4701 -81.0239 -15.3648
      vertex -22.3807 -58.3866 -15.3648
    endloop
  endfacet
  facet normal 0 0 1
    outer loop
      vertex -20.4701 -81.0239 -15.3648
      vertex -47.5 -120.981 -15.3648
      vertex -20.5 -81.4808 -15.3648
    endloop
  endfacet
  facet normal 0 0 1
    outer loop
      vertex -47.5 -120.981 -15.3648
      vertex -22.3807 -58.3866 -15.3648
      vertex -22.4701 -57.9376 -15.3648
    endloop
  endfacet
  facet normal 0 0 1
    outer loop
      vertex -47.5 -120.981 -15.3648
      vertex -22.4701 -57.9376 -15.3648
      vertex -22.5 -57.4808 -15.3648
    endloop
  endfacet
  facet normal 0 0 1
    outer loop
      vertex -47.5 -120.981 -15.3648
      vertex -22.5 -57.4808 -15.3648
      vertex -47.5 -3.38333 -15.3648
    endloop
  endfacet
  facet normal 0 0 1
    outer loop
      vertex -20.4701 -115.024 -15.3648
      vertex -47.5 -120.981 -15.3648
      vertex -20.5 -115.481 -15.3648
    endloop
  endfacet
  facet normal 0 0 1
    outer loop
      vertex -20.5 -115.481 -15.3648
      vertex -47.5 -120.981 -15.3648
      vertex -20.4701 -115.938 -15.3648
    endloop
  endfacet
  facet normal 0 0 1
    outer loop
      vertex -17.4568 -118.951 -15.3648
      vertex -47.5 -120.981 -15.3648
      vertex -5 -120.981 -15.3648
    endloop
  endfacet
  facet normal 0 0 1
    outer loop
      vertex -17.9059 -118.862 -15.3648
      vertex -47.5 -120.981 -15.3648
      vertex -17.4568 -118.951 -15.3648
    endloop
  endfacet
  facet normal 0 0 1
    outer loop
      vertex -18.3394 -118.714 -15.3648
      vertex -47.5 -120.981 -15.3648
      vertex -17.9059 -118.862 -15.3648
    endloop
  endfacet
  facet normal 0 0 1
    outer loop
      vertex -18.75 -118.512 -15.3648
      vertex -47.5 -120.981 -15.3648
      vertex -18.3394 -118.714 -15.3648
    endloop
  endfacet
  facet normal 0 0 1
    outer loop
      vertex -19.1307 -118.258 -15.3648
      vertex -47.5 -120.981 -15.3648
      vertex -18.75 -118.512 -15.3648
    endloop
  endfacet
  facet normal 0 0 1
    outer loop
      vertex -19.4749 -117.956 -15.3648
      vertex -47.5 -120.981 -15.3648
      vertex -19.1307 -118.258 -15.3648
    endloop
  endfacet
  facet normal 0 0 1
    outer loop
      vertex -19.7767 -117.611 -15.3648
      vertex -47.5 -120.981 -15.3648
      vertex -19.4749 -117.956 -15.3648
    endloop
  endfacet
  facet normal 0 0 1
    outer loop
      vertex -20.0311 -117.231 -15.3648
      vertex -47.5 -120.981 -15.3648
      vertex -19.7767 -117.611 -15.3648
    endloop
  endfacet
  facet normal 0 0 1
    outer loop
      vertex -20.2336 -116.82 -15.3648
      vertex -47.5 -120.981 -15.3648
      vertex -20.0311 -117.231 -15.3648
    endloop
  endfacet
  facet normal 0 0 1
    outer loop
      vertex -20.3807 -116.387 -15.3648
      vertex -47.5 -120.981 -15.3648
      vertex -20.2336 -116.82 -15.3648
    endloop
  endfacet
  facet normal 0 0 1
    outer loop
      vertex -20.4701 -115.938 -15.3648
      vertex -47.5 -120.981 -15.3648
      vertex -20.3807 -116.387 -15.3648
    endloop
  endfacet
  facet normal -0 0 1
    outer loop
      vertex -15.9689 -59.2308 -15.3648
      vertex 14.2233 -79.3501 -15.3648
      vertex -15.7664 -58.8202 -15.3648
    endloop
  endfacet
  facet normal 0 0 1
    outer loop
      vertex 14.2233 -79.3501 -15.3648
      vertex -15.9689 -59.2308 -15.3648
      vertex -14.2233 -79.3501 -15.3648
    endloop
  endfacet
  facet normal 0 0 1
    outer loop
      vertex -14.2233 -79.3501 -15.3648
      vertex -15.9689 -59.2308 -15.3648
      vertex -14.5251 -79.0059 -15.3648
    endloop
  endfacet
  facet normal -0 0 1
    outer loop
      vertex -16.2233 -59.6114 -15.3648
      vertex -14.5251 -79.0059 -15.3648
      vertex -15.9689 -59.2308 -15.3648
    endloop
  endfacet
  facet normal 0 0 1
    outer loop
      vertex -14.5251 -79.0059 -15.3648
      vertex -16.2233 -59.6114 -15.3648
      vertex -14.8693 -78.704 -15.3648
    endloop
  endfacet
  facet normal -0 0 1
    outer loop
      vertex -16.5251 -59.9557 -15.3648
      vertex -14.8693 -78.704 -15.3648
      vertex -16.2233 -59.6114 -15.3648
    endloop
  endfacet
  facet normal 0 0 1
    outer loop
      vertex -14.8693 -78.704 -15.3648
      vertex -16.5251 -59.9557 -15.3648
      vertex -15.25 -78.4497 -15.3648
    endloop
  endfacet
  facet normal -0 0 1
    outer loop
      vertex -16.8693 -60.2575 -15.3648
      vertex -15.25 -78.4497 -15.3648
      vertex -16.5251 -59.9557 -15.3648
    endloop
  endfacet
  facet normal 0 0 1
    outer loop
      vertex -15.25 -78.4497 -15.3648
      vertex -16.8693 -60.2575 -15.3648
      vertex -15.6606 -78.2472 -15.3648
    endloop
  endfacet
  facet normal -0 0 1
    outer loop
      vertex -17.25 -60.5119 -15.3648
      vertex -15.6606 -78.2472 -15.3648
      vertex -16.8693 -60.2575 -15.3648
    endloop
  endfacet
  facet normal 0 0 1
    outer loop
      vertex -15.6606 -78.2472 -15.3648
      vertex -17.25 -60.5119 -15.3648
      vertex -16.0941 -78.1 -15.3648
    endloop
  endfacet
  facet normal -0 0 1
    outer loop
      vertex -17.6606 -60.7144 -15.3648
      vertex -16.0941 -78.1 -15.3648
      vertex -17.25 -60.5119 -15.3648
    endloop
  endfacet
  facet normal 0 0 1
    outer loop
      vertex -16.0941 -78.1 -15.3648
      vertex -17.6606 -60.7144 -15.3648
      vertex -16.5432 -78.0107 -15.3648
    endloop
  endfacet
  facet normal -0 0 1
    outer loop
      vertex -18.0941 -60.8615 -15.3648
      vertex -16.5432 -78.0107 -15.3648
      vertex -17.6606 -60.7144 -15.3648
    endloop
  endfacet
  facet normal 0 0 1
    outer loop
      vertex -16.5432 -78.0107 -15.3648
      vertex -18.0941 -60.8615 -15.3648
      vertex -17 -77.9808 -15.3648
    endloop
  endfacet
  facet normal -0 0 1
    outer loop
      vertex -18.5432 -60.9508 -15.3648
      vertex -17 -77.9808 -15.3648
      vertex -18.0941 -60.8615 -15.3648
    endloop
  endfacet
  facet normal 0 0 1
    outer loop
      vertex -17 -77.9808 -15.3648
      vertex -18.5432 -60.9508 -15.3648
      vertex -17.4568 -78.0107 -15.3648
    endloop
  endfacet
  facet normal -0 0 1
    outer loop
      vertex -19 -60.9808 -15.3648
      vertex -17.4568 -78.0107 -15.3648
      vertex -18.5432 -60.9508 -15.3648
    endloop
  endfacet
  facet normal 0 0 1
    outer loop
      vertex -17.4568 -78.0107 -15.3648
      vertex -19 -60.9808 -15.3648
      vertex -17.9059 -78.1 -15.3648
    endloop
  endfacet
  facet normal 0 0 1
    outer loop
      vertex -19.4568 -60.9508 -15.3648
      vertex -17.9059 -78.1 -15.3648
      vertex -19 -60.9808 -15.3648
    endloop
  endfacet
  facet normal 0 0 1
    outer loop
      vertex -17.9059 -78.1 -15.3648
      vertex -19.4568 -60.9508 -15.3648
      vertex -18.3394 -78.2472 -15.3648
    endloop
  endfacet
  facet normal 0 0 1
    outer loop
      vertex -19.9059 -60.8615 -15.3648
      vertex -18.3394 -78.2472 -15.3648
      vertex -19.4568 -60.9508 -15.3648
    endloop
  endfacet
  facet normal 0 0 1
    outer loop
      vertex -18.3394 -78.2472 -15.3648
      vertex -19.9059 -60.8615 -15.3648
      vertex -18.75 -78.4497 -15.3648
    endloop
  endfacet
  facet normal 0 0 1
    outer loop
      vertex -20.3394 -60.7144 -15.3648
      vertex -18.75 -78.4497 -15.3648
      vertex -19.9059 -60.8615 -15.3648
    endloop
  endfacet
  facet normal 0 0 1
    outer loop
      vertex -18.75 -78.4497 -15.3648
      vertex -20.3394 -60.7144 -15.3648
      vertex -19.1307 -78.704 -15.3648
    endloop
  endfacet
  facet normal 0 0 1
    outer loop
      vertex -20.75 -60.5119 -15.3648
      vertex -19.1307 -78.704 -15.3648
      vertex -20.3394 -60.7144 -15.3648
    endloop
  endfacet
  facet normal 0 0 1
    outer loop
      vertex -19.1307 -78.704 -15.3648
      vertex -20.75 -60.5119 -15.3648
      vertex -19.4749 -79.0059 -15.3648
    endloop
  endfacet
  facet normal 0 0 1
    outer loop
      vertex -21.1307 -60.2575 -15.3648
      vertex -19.4749 -79.0059 -15.3648
      vertex -20.75 -60.5119 -15.3648
    endloop
  endfacet
  facet normal 0 0 1
    outer loop
      vertex -19.4749 -79.0059 -15.3648
      vertex -21.1307 -60.2575 -15.3648
      vertex -19.7767 -79.3501 -15.3648
    endloop
  endfacet
  facet normal 0 0 1
    outer loop
      vertex -21.4749 -59.9557 -15.3648
      vertex -19.7767 -79.3501 -15.3648
      vertex -21.1307 -60.2575 -15.3648
    endloop
  endfacet
  facet normal 0 0 1
    outer loop
      vertex -19.7767 -79.3501 -15.3648
      vertex -21.4749 -59.9557 -15.3648
      vertex -20.0311 -79.7308 -15.3648
    endloop
  endfacet
  facet normal 0 0 1
    outer loop
      vertex -21.7767 -59.6114 -15.3648
      vertex -20.0311 -79.7308 -15.3648
      vertex -21.4749 -59.9557 -15.3648
    endloop
  endfacet
  facet normal 0 0 1
    outer loop
      vertex -22.0311 -59.2308 -15.3648
      vertex -20.2336 -80.1414 -15.3648
      vertex -21.7767 -59.6114 -15.3648
    endloop
  endfacet
  facet normal 0 0 1
    outer loop
      vertex -20.0311 -79.7308 -15.3648
      vertex -21.7767 -59.6114 -15.3648
      vertex -20.2336 -80.1414 -15.3648
    endloop
  endfacet
  facet normal 0 0 1
    outer loop
      vertex 32.1085 -102.862 -15.3648
      vertex 32.9532 -101.777 -15.3648
      vertex 32.9462 -101.604 -15.3648
    endloop
  endfacet
  facet normal 0 0 1
    outer loop
      vertex 31.983 -100.563 -15.3648
      vertex 32.9462 -101.604 -15.3648
      vertex 32.9253 -101.445 -15.3648
    endloop
  endfacet
  facet normal 0 0 1
    outer loop
      vertex 32.9532 -101.777 -15.3648
      vertex 32.2682 -102.806 -15.3648
      vertex 32.9447 -101.936 -15.3648
    endloop
  endfacet
  facet normal 0 0 1
    outer loop
      vertex 32.268 -100.638 -15.3648
      vertex 32.9253 -101.445 -15.3648
      vertex 32.8904 -101.298 -15.3648
    endloop
  endfacet
  facet normal 0 -0 1
    outer loop
      vertex 32.4114 -102.737 -15.3648
      vertex 32.9447 -101.936 -15.3648
      vertex 32.2682 -102.806 -15.3648
    endloop
  endfacet
  facet normal 0 0 1
    outer loop
      vertex 32.3937 -100.694 -15.3648
      vertex 32.8904 -101.298 -15.3648
      vertex 32.8416 -101.165 -15.3648
    endloop
  endfacet
  facet normal 0 0 1
    outer loop
      vertex 32.9447 -101.936 -15.3648
      vertex 32.4114 -102.737 -15.3648
      vertex 32.9193 -102.083 -15.3648
    endloop
  endfacet
  facet normal 0 0 1
    outer loop
      vertex 32.5081 -100.763 -15.3648
      vertex 32.8416 -101.165 -15.3648
      vertex 32.7788 -101.044 -15.3648
    endloop
  endfacet
  facet normal 0 0 1
    outer loop
      vertex 32.9193 -102.083 -15.3648
      vertex 32.5382 -102.656 -15.3648
      vertex 32.877 -102.22 -15.3648
    endloop
  endfacet
  facet normal 0 0 1
    outer loop
      vertex 32.5081 -100.763 -15.3648
      vertex 32.7788 -101.044 -15.3648
      vertex 32.702 -100.937 -15.3648
    endloop
  endfacet
  facet normal 0 0 1
    outer loop
      vertex 32.877 -102.22 -15.3648
      vertex 32.5382 -102.656 -15.3648
      vertex 32.8177 -102.345 -15.3648
    endloop
  endfacet
  facet normal 0 0 1
    outer loop
      vertex 32.5081 -100.763 -15.3648
      vertex 32.702 -100.937 -15.3648
      vertex 32.6114 -100.844 -15.3648
    endloop
  endfacet
  facet normal 0 0 1
    outer loop
      vertex 32.7414 -102.46 -15.3648
      vertex 32.5382 -102.656 -15.3648
      vertex 32.6483 -102.564 -15.3648
    endloop
  endfacet
  facet normal 0 0 1
    outer loop
      vertex 32.8416 -101.165 -15.3648
      vertex 32.5081 -100.763 -15.3648
      vertex 32.3937 -100.694 -15.3648
    endloop
  endfacet
  facet normal 0 0 1
    outer loop
      vertex 32.8177 -102.345 -15.3648
      vertex 32.5382 -102.656 -15.3648
      vertex 32.7414 -102.46 -15.3648
    endloop
  endfacet
  facet normal 0 0 1
    outer loop
      vertex 32.8904 -101.298 -15.3648
      vertex 32.3937 -100.694 -15.3648
      vertex 32.268 -100.638 -15.3648
    endloop
  endfacet
  facet normal 0 0 1
    outer loop
      vertex 32.9253 -101.445 -15.3648
      vertex 32.268 -100.638 -15.3648
      vertex 32.1311 -100.595 -15.3648
    endloop
  endfacet
  facet normal 0 -0 1
    outer loop
      vertex 32.5382 -102.656 -15.3648
      vertex 32.9193 -102.083 -15.3648
      vertex 32.4114 -102.737 -15.3648
    endloop
  endfacet
  facet normal 0 0 1
    outer loop
      vertex 32.9253 -101.445 -15.3648
      vertex 32.1311 -100.595 -15.3648
      vertex 31.983 -100.563 -15.3648
    endloop
  endfacet
  facet normal 0 0 1
    outer loop
      vertex 32.9462 -101.604 -15.3648
      vertex 31.983 -100.563 -15.3648
      vertex 32.1085 -102.862 -15.3648
    endloop
  endfacet
  facet normal 0 0 1
    outer loop
      vertex 32.9532 -101.777 -15.3648
      vertex 32.1085 -102.862 -15.3648
      vertex 32.2682 -102.806 -15.3648
    endloop
  endfacet
  facet normal 0 0 1
    outer loop
      vertex 31.8237 -100.545 -15.3648
      vertex 32.1085 -102.862 -15.3648
      vertex 31.983 -100.563 -15.3648
    endloop
  endfacet
  facet normal 0 0 1
    outer loop
      vertex 32.1085 -102.862 -15.3648
      vertex 31.8237 -100.545 -15.3648
      vertex 31.9324 -102.905 -15.3648
    endloop
  endfacet
  facet normal 0 0 1
    outer loop
      vertex 31.6532 -100.539 -15.3648
      vertex 31.9324 -102.905 -15.3648
      vertex 31.8237 -100.545 -15.3648
    endloop
  endfacet
  facet normal 0 0 1
    outer loop
      vertex 31.9324 -102.905 -15.3648
      vertex 31.6532 -100.539 -15.3648
      vertex 31.7398 -102.937 -15.3648
    endloop
  endfacet
  facet normal -0 0 1
    outer loop
      vertex 31.3195 -100.564 -15.3648
      vertex 31.7398 -102.937 -15.3648
      vertex 31.6532 -100.539 -15.3648
    endloop
  endfacet
  facet normal 0 0 1
    outer loop
      vertex 31.7398 -102.937 -15.3648
      vertex 31.3195 -100.564 -15.3648
      vertex 31.5308 -102.955 -15.3648
    endloop
  endfacet
  facet normal -0 0 1
    outer loop
      vertex 31.03 -100.64 -15.3648
      vertex 31.5308 -102.955 -15.3648
      vertex 31.3195 -100.564 -15.3648
    endloop
  endfacet
  facet normal -0 0 1
    outer loop
      vertex 30.3126 -101.449 -15.3648
      vertex 31.5308 -102.955 -15.3648
      vertex 31.03 -100.64 -15.3648
    endloop
  endfacet
  facet normal 0 0 1
    outer loop
      vertex 30.4258 -101.171 -15.3648
      vertex 31.03 -100.64 -15.3648
      vertex 30.7845 -100.766 -15.3648
    endloop
  endfacet
  facet normal 0 0 1
    outer loop
      vertex 31.5308 -102.955 -15.3648
      vertex 30.3126 -101.449 -15.3648
      vertex 31.3054 -102.961 -15.3648
    endloop
  endfacet
  facet normal 0 0 1
    outer loop
      vertex 28.6444 -105.647 -15.3648
      vertex 30.7072 -104.347 -15.3648
      vertex 30.7072 -102.961 -15.3648
    endloop
  endfacet
  facet normal 0 0 1
    outer loop
      vertex 30.4258 -101.171 -15.3648
      vertex 30.7845 -100.766 -15.3648
      vertex 30.5831 -100.943 -15.3648
    endloop
  endfacet
  facet normal -0 0 1
    outer loop
      vertex 30.2435 -101.777 -15.3648
      vertex 31.3054 -102.961 -15.3648
      vertex 30.3126 -101.449 -15.3648
    endloop
  endfacet
  facet normal 0 0 1
    outer loop
      vertex 30.7072 -104.347 -15.3648
      vertex 30.3594 -105.525 -15.3648
      vertex 30.6471 -106.266 -15.3648
    endloop
  endfacet
  facet normal -0 -0 1
    outer loop
      vertex 30.379 -105.673 -15.3648
      vertex 30.6471 -106.266 -15.3648
      vertex 30.3594 -105.525 -15.3648
    endloop
  endfacet
  facet normal -0 -0 1
    outer loop
      vertex 30.41 -105.812 -15.3648
      vertex 30.6471 -106.266 -15.3648
      vertex 30.379 -105.673 -15.3648
    endloop
  endfacet
  facet normal 0 0 1
    outer loop
      vertex 31.03 -100.64 -15.3648
      vertex 30.4258 -101.171 -15.3648
      vertex 30.3126 -101.449 -15.3648
    endloop
  endfacet
  facet normal 0 0 1
    outer loop
      vertex 30.6471 -106.266 -15.3648
      vertex 30.41 -105.812 -15.3648
      vertex 30.5708 -106.167 -15.3648
    endloop
  endfacet
  facet normal 0 0 1
    outer loop
      vertex 30.5059 -106.059 -15.3648
      vertex 30.41 -105.812 -15.3648
      vertex 30.4522 -105.94 -15.3648
    endloop
  endfacet
  facet normal 0 0 1
    outer loop
      vertex 30.5708 -106.167 -15.3648
      vertex 30.41 -105.812 -15.3648
      vertex 30.5059 -106.059 -15.3648
    endloop
  endfacet
  facet normal 0 0 1
    outer loop
      vertex 31.3054 -102.961 -15.3648
      vertex 30.2435 -101.777 -15.3648
      vertex 30.7072 -102.961 -15.3648
    endloop
  endfacet
  facet normal 0 0 1
    outer loop
      vertex 28.4979 -101.625 -15.3648
      vertex 30.7072 -102.961 -15.3648
      vertex 30.2435 -101.777 -15.3648
    endloop
  endfacet
  facet normal 0 0 1
    outer loop
      vertex 30.7072 -104.347 -15.3648
      vertex 28.6444 -105.647 -15.3648
      vertex 30.3594 -105.525 -15.3648
    endloop
  endfacet
  facet normal 0 0 1
    outer loop
      vertex 30.7072 -102.961 -15.3648
      vertex 28.4979 -101.625 -15.3648
      vertex 28.6444 -105.647 -15.3648
    endloop
  endfacet
  facet normal 0 0 1
    outer loop
      vertex 31.9931 -104.445 -15.3648
      vertex 32.7518 -105.513 -15.3648
      vertex 32.7442 -105.357 -15.3648
    endloop
  endfacet
  facet normal 0 0 1
    outer loop
      vertex 32.7518 -105.513 -15.3648
      vertex 31.7488 -106.642 -15.3648
      vertex 32.7458 -105.66 -15.3648
    endloop
  endfacet
  facet normal 0 0 1
    outer loop
      vertex 32.1369 -104.501 -15.3648
      vertex 32.7442 -105.357 -15.3648
      vertex 32.7215 -105.213 -15.3648
    endloop
  endfacet
  facet normal 0 0 1
    outer loop
      vertex 32.7458 -105.66 -15.3648
      vertex 31.7488 -106.642 -15.3648
      vertex 32.7277 -105.797 -15.3648
    endloop
  endfacet
  facet normal 0 0 1
    outer loop
      vertex 32.2657 -104.569 -15.3648
      vertex 32.7215 -105.213 -15.3648
      vertex 32.6835 -105.079 -15.3648
    endloop
  endfacet
  facet normal 0 -0 1
    outer loop
      vertex 31.8944 -106.623 -15.3648
      vertex 32.7277 -105.797 -15.3648
      vertex 31.7488 -106.642 -15.3648
    endloop
  endfacet
  facet normal 0 0 1
    outer loop
      vertex 32.2657 -104.569 -15.3648
      vertex 32.6835 -105.079 -15.3648
      vertex 32.6303 -104.956 -15.3648
    endloop
  endfacet
  facet normal 0 0 1
    outer loop
      vertex 32.7277 -105.797 -15.3648
      vertex 31.8944 -106.623 -15.3648
      vertex 32.6975 -105.926 -15.3648
    endloop
  endfacet
  facet normal 0 0 1
    outer loop
      vertex 32.2657 -104.569 -15.3648
      vertex 32.6303 -104.956 -15.3648
      vertex 32.5619 -104.843 -15.3648
    endloop
  endfacet
  facet normal 0 0 1
    outer loop
      vertex 32.6975 -105.926 -15.3648
      vertex 32.0288 -106.592 -15.3648
      vertex 32.6552 -106.045 -15.3648
    endloop
  endfacet
  facet normal 0 0 1
    outer loop
      vertex 32.2657 -104.569 -15.3648
      vertex 32.5619 -104.843 -15.3648
      vertex 32.4783 -104.741 -15.3648
    endloop
  endfacet
  facet normal 0 0 1
    outer loop
      vertex 32.6552 -106.045 -15.3648
      vertex 32.0288 -106.592 -15.3648
      vertex 32.6008 -106.154 -15.3648
    endloop
  endfacet
  facet normal 0 0 1
    outer loop
      vertex 32.2657 -104.569 -15.3648
      vertex 32.4783 -104.741 -15.3648
      vertex 32.3795 -104.649 -15.3648
    endloop
  endfacet
  facet normal 0 -0 1
    outer loop
      vertex 32.1522 -106.549 -15.3648
      vertex 32.6008 -106.154 -15.3648
      vertex 32.0288 -106.592 -15.3648
    endloop
  endfacet
  facet normal 0 0 1
    outer loop
      vertex 32.7215 -105.213 -15.3648
      vertex 32.2657 -104.569 -15.3648
      vertex 32.1369 -104.501 -15.3648
    endloop
  endfacet
  facet normal 0 0 1
    outer loop
      vertex 32.5344 -106.255 -15.3648
      vertex 32.1522 -106.549 -15.3648
      vertex 32.4558 -106.346 -15.3648
    endloop
  endfacet
  facet normal 0 0 1
    outer loop
      vertex 32.3657 -106.426 -15.3648
      vertex 32.1522 -106.549 -15.3648
      vertex 32.2645 -106.494 -15.3648
    endloop
  endfacet
  facet normal 0 0 1
    outer loop
      vertex 32.7442 -105.357 -15.3648
      vertex 32.1369 -104.501 -15.3648
      vertex 31.9931 -104.445 -15.3648
    endloop
  endfacet
  facet normal 0 0 1
    outer loop
      vertex 32.4558 -106.346 -15.3648
      vertex 32.1522 -106.549 -15.3648
      vertex 32.3657 -106.426 -15.3648
    endloop
  endfacet
  facet normal 0 0 1
    outer loop
      vertex 32.7518 -105.513 -15.3648
      vertex 31.9931 -104.445 -15.3648
      vertex 31.7488 -106.642 -15.3648
    endloop
  endfacet
  facet normal 0 0 1
    outer loop
      vertex 32.6008 -106.154 -15.3648
      vertex 32.1522 -106.549 -15.3648
      vertex 32.5344 -106.255 -15.3648
    endloop
  endfacet
  facet normal 0 0 1
    outer loop
      vertex 31.7488 -106.642 -15.3648
      vertex 31.9931 -104.445 -15.3648
      vertex 31.8344 -104.402 -15.3648
    endloop
  endfacet
  facet normal 0 -0 1
    outer loop
      vertex 32.0288 -106.592 -15.3648
      vertex 32.6975 -105.926 -15.3648
      vertex 31.8944 -106.623 -15.3648
    endloop
  endfacet
  facet normal 0 0 1
    outer loop
      vertex 31.4447 -106.642 -15.3648
      vertex 31.8344 -104.402 -15.3648
      vertex 31.6608 -104.372 -15.3648
    endloop
  endfacet
  facet normal 0 0 1
    outer loop
      vertex 31.8344 -104.402 -15.3648
      vertex 31.5922 -106.648 -15.3648
      vertex 31.7488 -106.642 -15.3648
    endloop
  endfacet
  facet normal 0 0 1
    outer loop
      vertex 30.6471 -106.266 -15.3648
      vertex 31.6608 -104.372 -15.3648
      vertex 31.4722 -104.353 -15.3648
    endloop
  endfacet
  facet normal 0 0 1
    outer loop
      vertex 31.8344 -104.402 -15.3648
      vertex 31.4447 -106.642 -15.3648
      vertex 31.5922 -106.648 -15.3648
    endloop
  endfacet
  facet normal 0 0 1
    outer loop
      vertex 31.6608 -104.372 -15.3648
      vertex 31.3055 -106.624 -15.3648
      vertex 31.4447 -106.642 -15.3648
    endloop
  endfacet
  facet normal 0 0 1
    outer loop
      vertex 30.6471 -106.266 -15.3648
      vertex 31.4722 -104.353 -15.3648
      vertex 31.2687 -104.347 -15.3648
    endloop
  endfacet
  facet normal 0 0 1
    outer loop
      vertex 31.6608 -104.372 -15.3648
      vertex 31.1746 -106.594 -15.3648
      vertex 31.3055 -106.624 -15.3648
    endloop
  endfacet
  facet normal 0 0 1
    outer loop
      vertex 31.6608 -104.372 -15.3648
      vertex 30.6471 -106.266 -15.3648
      vertex 31.1746 -106.594 -15.3648
    endloop
  endfacet
  facet normal 0 0 1
    outer loop
      vertex 31.1746 -106.594 -15.3648
      vertex 30.6471 -106.266 -15.3648
      vertex 31.0521 -106.552 -15.3648
    endloop
  endfacet
  facet normal 0 0 1
    outer loop
      vertex 31.0521 -106.552 -15.3648
      vertex 30.6471 -106.266 -15.3648
      vertex 30.9379 -106.498 -15.3648
    endloop
  endfacet
  facet normal 0 0 1
    outer loop
      vertex 30.9379 -106.498 -15.3648
      vertex 30.6471 -106.266 -15.3648
      vertex 30.8321 -106.432 -15.3648
    endloop
  endfacet
  facet normal 0 0 1
    outer loop
      vertex 30.6471 -106.266 -15.3648
      vertex 31.2687 -104.347 -15.3648
      vertex 30.7072 -104.347 -15.3648
    endloop
  endfacet
  facet normal 0 0 1
    outer loop
      vertex 30.8321 -106.432 -15.3648
      vertex 30.6471 -106.266 -15.3648
      vertex 30.7347 -106.355 -15.3648
    endloop
  endfacet
  facet normal 0 0 1
    outer loop
      vertex 38.8206 -107.887 -15.3648
      vertex 34.4815 -105.502 -15.3648
      vertex 34.4912 -105.726 -15.3648
    endloop
  endfacet
  facet normal 0 0 1
    outer loop
      vertex 35.1892 -102.327 -15.3648
      vertex 34.4526 -105.289 -15.3648
      vertex 34.4815 -105.502 -15.3648
    endloop
  endfacet
  facet normal 0 0 1
    outer loop
      vertex 34.3185 -102.879 -15.3648
      vertex 35.1892 -102.327 -15.3648
      vertex 34.4384 -102.708 -15.3648
    endloop
  endfacet
  facet normal 0 0 1
    outer loop
      vertex 35.1892 -102.327 -15.3648
      vertex 34.4043 -105.088 -15.3648
      vertex 34.4526 -105.289 -15.3648
    endloop
  endfacet
  facet normal 0 0 1
    outer loop
      vertex 35.1892 -102.327 -15.3648
      vertex 34.3367 -104.899 -15.3648
      vertex 34.4043 -105.088 -15.3648
    endloop
  endfacet
  facet normal 0 0 1
    outer loop
      vertex 35.1892 -102.327 -15.3648
      vertex 34.3185 -102.879 -15.3648
      vertex 34.2498 -104.722 -15.3648
    endloop
  endfacet
  facet normal 0 0 1
    outer loop
      vertex 35.1892 -102.327 -15.3648
      vertex 34.2498 -104.722 -15.3648
      vertex 34.3367 -104.899 -15.3648
    endloop
  endfacet
  facet normal 0 0 1
    outer loop
      vertex 34.1436 -104.556 -15.3648
      vertex 34.3185 -102.879 -15.3648
      vertex 34.1768 -103.038 -15.3648
    endloop
  endfacet
  facet normal 0 0 1
    outer loop
      vertex 34.3185 -102.879 -15.3648
      vertex 34.1436 -104.556 -15.3648
      vertex 34.2498 -104.722 -15.3648
    endloop
  endfacet
  facet normal 0 0 1
    outer loop
      vertex 34.1768 -103.038 -15.3648
      vertex 34.0181 -104.402 -15.3648
      vertex 34.1436 -104.556 -15.3648
    endloop
  endfacet
  facet normal -0 0 1
    outer loop
      vertex 34.015 -103.182 -15.3648
      vertex 34.0181 -104.402 -15.3648
      vertex 34.1768 -103.038 -15.3648
    endloop
  endfacet
  facet normal 0 0 1
    outer loop
      vertex 34.015 -103.182 -15.3648
      vertex 33.8745 -104.261 -15.3648
      vertex 34.0181 -104.402 -15.3648
    endloop
  endfacet
  facet normal -0 0 1
    outer loop
      vertex 33.8346 -103.309 -15.3648
      vertex 33.8745 -104.261 -15.3648
      vertex 34.015 -103.182 -15.3648
    endloop
  endfacet
  facet normal 0 0 1
    outer loop
      vertex 33.8346 -103.309 -15.3648
      vertex 33.7138 -104.134 -15.3648
      vertex 33.8745 -104.261 -15.3648
    endloop
  endfacet
  facet normal -0 0 1
    outer loop
      vertex 33.6356 -103.419 -15.3648
      vertex 33.7138 -104.134 -15.3648
      vertex 33.8346 -103.309 -15.3648
    endloop
  endfacet
  facet normal 0 0 1
    outer loop
      vertex 33.6356 -103.419 -15.3648
      vertex 33.536 -104.021 -15.3648
      vertex 33.7138 -104.134 -15.3648
    endloop
  endfacet
  facet normal -0 0 1
    outer loop
      vertex 33.4181 -103.511 -15.3648
      vertex 33.536 -104.021 -15.3648
      vertex 33.6356 -103.419 -15.3648
    endloop
  endfacet
  facet normal 0 0 1
    outer loop
      vertex 33.4181 -103.511 -15.3648
      vertex 33.3411 -103.922 -15.3648
      vertex 33.536 -104.021 -15.3648
    endloop
  endfacet
  facet normal -0 0 1
    outer loop
      vertex 33.182 -103.587 -15.3648
      vertex 33.3411 -103.922 -15.3648
      vertex 33.4181 -103.511 -15.3648
    endloop
  endfacet
  facet normal 0 0 1
    outer loop
      vertex 33.182 -103.587 -15.3648
      vertex 33.1292 -103.838 -15.3648
      vertex 33.3411 -103.922 -15.3648
    endloop
  endfacet
  facet normal -0 0 1
    outer loop
      vertex 32.9274 -103.646 -15.3648
      vertex 33.1292 -103.838 -15.3648
      vertex 33.182 -103.587 -15.3648
    endloop
  endfacet
  facet normal 0 0 1
    outer loop
      vertex 32.9274 -103.646 -15.3648
      vertex 32.9002 -103.768 -15.3648
      vertex 33.1292 -103.838 -15.3648
    endloop
  endfacet
  facet normal -0 0 1
    outer loop
      vertex 32.6542 -103.688 -15.3648
      vertex 32.9002 -103.768 -15.3648
      vertex 32.9274 -103.646 -15.3648
    endloop
  endfacet
  facet normal 0 0 1
    outer loop
      vertex 32.9002 -103.768 -15.3648
      vertex 32.6542 -103.688 -15.3648
      vertex 32.6542 -103.712 -15.3648
    endloop
  endfacet
  facet normal -0 0 1
    outer loop
      vertex 40.3394 -60.7144 -15.3648
      vertex 40.737 -99.2873 -15.3648
      vertex 40.75 -60.5119 -15.3648
    endloop
  endfacet
  facet normal -0 0 1
    outer loop
      vertex 39.9059 -60.8615 -15.3648
      vertex 40.737 -99.2873 -15.3648
      vertex 40.3394 -60.7144 -15.3648
    endloop
  endfacet
  facet normal -0 0 1
    outer loop
      vertex 39.4568 -60.9508 -15.3648
      vertex 40.737 -99.2873 -15.3648
      vertex 39.9059 -60.8615 -15.3648
    endloop
  endfacet
  facet normal -0 0 1
    outer loop
      vertex 39 -60.9808 -15.3648
      vertex 40.737 -99.2873 -15.3648
      vertex 39.4568 -60.9508 -15.3648
    endloop
  endfacet
  facet normal 0 0 1
    outer loop
      vertex 40.737 -99.2873 -15.3648
      vertex 39 -60.9808 -15.3648
      vertex 39.1013 -99.2873 -15.3648
    endloop
  endfacet
  facet normal -0 0 1
    outer loop
      vertex 20.5 -81.4808 -15.3648
      vertex 39.1013 -99.2873 -15.3648
      vertex 39 -60.9808 -15.3648
    endloop
  endfacet
  facet normal 0 0 1
    outer loop
      vertex 20.4701 -81.0239 -15.3648
      vertex 39 -60.9808 -15.3648
      vertex 38.5432 -60.9508 -15.3648
    endloop
  endfacet
  facet normal 0 0 1
    outer loop
      vertex 20.3807 -80.5749 -15.3648
      vertex 38.5432 -60.9508 -15.3648
      vertex 38.0941 -60.8615 -15.3648
    endloop
  endfacet
  facet normal 0 0 1
    outer loop
      vertex 20.2336 -80.1414 -15.3648
      vertex 38.0941 -60.8615 -15.3648
      vertex 37.6606 -60.7144 -15.3648
    endloop
  endfacet
  facet normal 0 0 1
    outer loop
      vertex 20.0311 -79.7308 -15.3648
      vertex 37.6606 -60.7144 -15.3648
      vertex 37.25 -60.5119 -15.3648
    endloop
  endfacet
  facet normal 0 0 1
    outer loop
      vertex 19.7767 -79.3501 -15.3648
      vertex 37.25 -60.5119 -15.3648
      vertex 36.8693 -60.2575 -15.3648
    endloop
  endfacet
  facet normal 0 0 1
    outer loop
      vertex 19.4749 -79.0059 -15.3648
      vertex 36.8693 -60.2575 -15.3648
      vertex 36.5251 -59.9557 -15.3648
    endloop
  endfacet
  facet normal 0 0 1
    outer loop
      vertex 19.1307 -78.704 -15.3648
      vertex 36.5251 -59.9557 -15.3648
      vertex 36.2233 -59.6114 -15.3648
    endloop
  endfacet
  facet normal 0 0 1
    outer loop
      vertex 18.75 -78.4497 -15.3648
      vertex 36.2233 -59.6114 -15.3648
      vertex 35.9689 -59.2308 -15.3648
    endloop
  endfacet
  facet normal 0 0 1
    outer loop
      vertex 18.3394 -78.2472 -15.3648
      vertex 35.9689 -59.2308 -15.3648
      vertex 35.7664 -58.8202 -15.3648
    endloop
  endfacet
  facet normal 0 0 1
    outer loop
      vertex 17.9059 -78.1 -15.3648
      vertex 35.7664 -58.8202 -15.3648
      vertex 35.6193 -58.3866 -15.3648
    endloop
  endfacet
  facet normal 0 0 1
    outer loop
      vertex 17.4568 -78.0107 -15.3648
      vertex 35.6193 -58.3866 -15.3648
      vertex 35.5299 -57.9376 -15.3648
    endloop
  endfacet
  facet normal 0 0 1
    outer loop
      vertex 39 -60.9808 -15.3648
      vertex 20.4701 -81.0239 -15.3648
      vertex 20.5 -81.4808 -15.3648
    endloop
  endfacet
  facet normal 0 0 1
    outer loop
      vertex 17 -77.9808 -15.3648
      vertex 35.5299 -57.9376 -15.3648
      vertex 35.5 -57.4808 -15.3648
    endloop
  endfacet
  facet normal -0 0 1
    outer loop
      vertex 41.7767 -59.6114 -15.3648
      vertex 41.8844 -101.039 -15.3648
      vertex 42.0311 -59.2308 -15.3648
    endloop
  endfacet
  facet normal 0 0 1
    outer loop
      vertex 40.737 -99.2873 -15.3648
      vertex 41.7767 -59.6114 -15.3648
      vertex 41.4749 -59.9557 -15.3648
    endloop
  endfacet
  facet normal 0 0 1
    outer loop
      vertex 40.737 -99.2873 -15.3648
      vertex 41.4749 -59.9557 -15.3648
      vertex 41.1307 -60.2575 -15.3648
    endloop
  endfacet
  facet normal 0 0 1
    outer loop
      vertex 40.737 -99.2873 -15.3648
      vertex 41.1307 -60.2575 -15.3648
      vertex 40.75 -60.5119 -15.3648
    endloop
  endfacet
  facet normal 0 0 1
    outer loop
      vertex 41.7767 -59.6114 -15.3648
      vertex 40.737 -99.2873 -15.3648
      vertex 41.8844 -101.039 -15.3648
    endloop
  endfacet
  facet normal 0 0 1
    outer loop
      vertex 41.8844 -101.039 -15.3648
      vertex 40.737 -99.2873 -15.3648
      vertex 40.737 -101.039 -15.3648
    endloop
  endfacet
  facet normal 0 0 1
    outer loop
      vertex 42.3807 -9.38664 -15.3648
      vertex 47.5 -3.38333 -15.3648
      vertex 42.4701 -8.93762 -15.3648
    endloop
  endfacet
  facet normal 0 0 1
    outer loop
      vertex 47.5 -3.38333 -15.3648
      vertex 42.4701 -57.0239 -15.3648
      vertex 42.5 -57.4808 -15.3648
    endloop
  endfacet
  facet normal 0 0 1
    outer loop
      vertex 42.2336 -9.82017 -15.3648
      vertex 47.5 -3.38333 -15.3648
      vertex 42.3807 -9.38664 -15.3648
    endloop
  endfacet
  facet normal 0 0 1
    outer loop
      vertex 47.5 -3.38333 -15.3648
      vertex 42.3807 -56.5749 -15.3648
      vertex 42.4701 -57.0239 -15.3648
    endloop
  endfacet
  facet normal 0 0 1
    outer loop
      vertex 42.0311 -10.2308 -15.3648
      vertex 47.5 -3.38333 -15.3648
      vertex 42.2336 -9.82017 -15.3648
    endloop
  endfacet
  facet normal 0 0 1
    outer loop
      vertex 47.5 -3.38333 -15.3648
      vertex 42.2336 -56.1414 -15.3648
      vertex 42.3807 -56.5749 -15.3648
    endloop
  endfacet
  facet normal 0 0 1
    outer loop
      vertex 42.0311 -55.7308 -15.3648
      vertex 47.5 -3.38333 -15.3648
      vertex 42.0311 -10.2308 -15.3648
    endloop
  endfacet
  facet normal 0 0 1
    outer loop
      vertex 47.5 -3.38333 -15.3648
      vertex 42.0311 -55.7308 -15.3648
      vertex 42.2336 -56.1414 -15.3648
    endloop
  endfacet
  facet normal -0 0 1
    outer loop
      vertex 41.7767 -10.6114 -15.3648
      vertex 42.0311 -55.7308 -15.3648
      vertex 42.0311 -10.2308 -15.3648
    endloop
  endfacet
  facet normal 0 0 1
    outer loop
      vertex 41.7767 -10.6114 -15.3648
      vertex 41.7767 -55.3501 -15.3648
      vertex 42.0311 -55.7308 -15.3648
    endloop
  endfacet
  facet normal -0 0 1
    outer loop
      vertex 41.4749 -10.9556 -15.3648
      vertex 41.7767 -55.3501 -15.3648
      vertex 41.7767 -10.6114 -15.3648
    endloop
  endfacet
  facet normal 0 0 1
    outer loop
      vertex 41.4749 -10.9556 -15.3648
      vertex 41.4749 -55.0059 -15.3648
      vertex 41.7767 -55.3501 -15.3648
    endloop
  endfacet
  facet normal -0 0 1
    outer loop
      vertex 41.1307 -11.2575 -15.3648
      vertex 41.4749 -55.0059 -15.3648
      vertex 41.4749 -10.9556 -15.3648
    endloop
  endfacet
  facet normal 0 0 1
    outer loop
      vertex 41.1307 -11.2575 -15.3648
      vertex 41.1307 -54.704 -15.3648
      vertex 41.4749 -55.0059 -15.3648
    endloop
  endfacet
  facet normal -0 0 1
    outer loop
      vertex 40.75 -11.5119 -15.3648
      vertex 41.1307 -54.704 -15.3648
      vertex 41.1307 -11.2575 -15.3648
    endloop
  endfacet
  facet normal 0 0 1
    outer loop
      vertex 40.75 -11.5119 -15.3648
      vertex 40.75 -54.4497 -15.3648
      vertex 41.1307 -54.704 -15.3648
    endloop
  endfacet
  facet normal -0 0 1
    outer loop
      vertex 40.3394 -11.7144 -15.3648
      vertex 40.75 -54.4497 -15.3648
      vertex 40.75 -11.5119 -15.3648
    endloop
  endfacet
  facet normal 0 0 1
    outer loop
      vertex 40.3394 -11.7144 -15.3648
      vertex 40.3394 -54.2472 -15.3648
      vertex 40.75 -54.4497 -15.3648
    endloop
  endfacet
  facet normal -0 0 1
    outer loop
      vertex 39.9059 -11.8615 -15.3648
      vertex 40.3394 -54.2472 -15.3648
      vertex 40.3394 -11.7144 -15.3648
    endloop
  endfacet
  facet normal 0 0 1
    outer loop
      vertex 39.9059 -11.8615 -15.3648
      vertex 39.9059 -54.1 -15.3648
      vertex 40.3394 -54.2472 -15.3648
    endloop
  endfacet
  facet normal -0 0 1
    outer loop
      vertex 39.4568 -11.9508 -15.3648
      vertex 39.9059 -54.1 -15.3648
      vertex 39.9059 -11.8615 -15.3648
    endloop
  endfacet
  facet normal 0 0 1
    outer loop
      vertex 39.4568 -11.9508 -15.3648
      vertex 39.4568 -54.0107 -15.3648
      vertex 39.9059 -54.1 -15.3648
    endloop
  endfacet
  facet normal -0 0 1
    outer loop
      vertex 39 -11.9808 -15.3648
      vertex 39.4568 -54.0107 -15.3648
      vertex 39.4568 -11.9508 -15.3648
    endloop
  endfacet
  facet normal 0 0 1
    outer loop
      vertex 39 -11.9808 -15.3648
      vertex 39 -53.9808 -15.3648
      vertex 39.4568 -54.0107 -15.3648
    endloop
  endfacet
  facet normal 0 0 1
    outer loop
      vertex 38.5432 -11.9508 -15.3648
      vertex 39 -53.9808 -15.3648
      vertex 39 -11.9808 -15.3648
    endloop
  endfacet
  facet normal 0 0 1
    outer loop
      vertex 38.5432 -11.9508 -15.3648
      vertex 38.5432 -54.0107 -15.3648
      vertex 39 -53.9808 -15.3648
    endloop
  endfacet
  facet normal 0 0 1
    outer loop
      vertex 38.0941 -11.8615 -15.3648
      vertex 38.5432 -54.0107 -15.3648
      vertex 38.5432 -11.9508 -15.3648
    endloop
  endfacet
  facet normal 0 0 1
    outer loop
      vertex 38.0941 -11.8615 -15.3648
      vertex 38.0941 -54.1 -15.3648
      vertex 38.5432 -54.0107 -15.3648
    endloop
  endfacet
  facet normal 0 0 1
    outer loop
      vertex 37.6606 -11.7144 -15.3648
      vertex 38.0941 -54.1 -15.3648
      vertex 38.0941 -11.8615 -15.3648
    endloop
  endfacet
  facet normal 0 0 1
    outer loop
      vertex 37.6606 -11.7144 -15.3648
      vertex 37.6606 -54.2472 -15.3648
      vertex 38.0941 -54.1 -15.3648
    endloop
  endfacet
  facet normal 0 0 1
    outer loop
      vertex 37.25 -11.5119 -15.3648
      vertex 37.6606 -54.2472 -15.3648
      vertex 37.6606 -11.7144 -15.3648
    endloop
  endfacet
  facet normal 0 0 1
    outer loop
      vertex 37.25 -11.5119 -15.3648
      vertex 37.25 -54.4497 -15.3648
      vertex 37.6606 -54.2472 -15.3648
    endloop
  endfacet
  facet normal 0 0 1
    outer loop
      vertex 36.8693 -11.2575 -15.3648
      vertex 37.25 -54.4497 -15.3648
      vertex 37.25 -11.5119 -15.3648
    endloop
  endfacet
  facet normal 0 0 1
    outer loop
      vertex 36.8693 -11.2575 -15.3648
      vertex 36.8693 -54.704 -15.3648
      vertex 37.25 -54.4497 -15.3648
    endloop
  endfacet
  facet normal 0 0 1
    outer loop
      vertex 36.5251 -10.9556 -15.3648
      vertex 36.8693 -54.704 -15.3648
      vertex 36.8693 -11.2575 -15.3648
    endloop
  endfacet
  facet normal 0 0 1
    outer loop
      vertex 36.5251 -10.9556 -15.3648
      vertex 36.5251 -55.0059 -15.3648
      vertex 36.8693 -54.704 -15.3648
    endloop
  endfacet
  facet normal 0 0 1
    outer loop
      vertex 36.2233 -10.6114 -15.3648
      vertex 36.5251 -55.0059 -15.3648
      vertex 36.5251 -10.9556 -15.3648
    endloop
  endfacet
  facet normal 0 0 1
    outer loop
      vertex 36.2233 -10.6114 -15.3648
      vertex 36.2233 -55.3501 -15.3648
      vertex 36.5251 -55.0059 -15.3648
    endloop
  endfacet
  facet normal 0 0 1
    outer loop
      vertex 35.6193 -9.38664 -15.3648
      vertex -15.6193 -9.38664 -15.3648
      vertex 35.7664 -9.82017 -15.3648
    endloop
  endfacet
  facet normal 0 0 1
    outer loop
      vertex -15.7664 -9.82017 -15.3648
      vertex 35.7664 -9.82017 -15.3648
      vertex -15.6193 -9.38664 -15.3648
    endloop
  endfacet
  facet normal 0 0 1
    outer loop
      vertex -15.6193 -9.38664 -15.3648
      vertex 35.6193 -9.38664 -15.3648
      vertex -15.5299 -8.93762 -15.3648
    endloop
  endfacet
  facet normal 0 0 1
    outer loop
      vertex 35.7664 -9.82017 -15.3648
      vertex -15.7664 -9.82017 -15.3648
      vertex 35.9689 -10.2308 -15.3648
    endloop
  endfacet
  facet normal 0 0 1
    outer loop
      vertex 35.5299 -8.93762 -15.3648
      vertex -15.5299 -8.93762 -15.3648
      vertex 35.6193 -9.38664 -15.3648
    endloop
  endfacet
  facet normal 0 0 1
    outer loop
      vertex 36.2233 -55.3501 -15.3648
      vertex -15.5 -57.4808 -15.3648
      vertex 35.9689 -55.7308 -15.3648
    endloop
  endfacet
  facet normal 0 0 1
    outer loop
      vertex -15.5299 -8.93762 -15.3648
      vertex 35.5299 -8.93762 -15.3648
      vertex -15.5 -8.48077 -15.3648
    endloop
  endfacet
  facet normal 0 0 1
    outer loop
      vertex 35.9689 -55.7308 -15.3648
      vertex -15.5 -57.4808 -15.3648
      vertex 35.7664 -56.1414 -15.3648
    endloop
  endfacet
  facet normal -0 0 1
    outer loop
      vertex -15.5 -8.48077 -15.3648
      vertex 35.5299 -8.93762 -15.3648
      vertex 35.5 -8.48077 -15.3648
    endloop
  endfacet
  facet normal 0 0 1
    outer loop
      vertex -15.5 -57.4808 -15.3648
      vertex 35.6193 -56.5749 -15.3648
      vertex 35.7664 -56.1414 -15.3648
    endloop
  endfacet
  facet normal 0 0 1
    outer loop
      vertex 42.4701 -8.93762 -15.3648
      vertex 47.5 -3.38333 -15.3648
      vertex 42.5 -8.48077 -15.3648
    endloop
  endfacet
  facet normal 0 0 1
    outer loop
      vertex 47.5 -3.38333 -15.3648
      vertex 42.4701 -8.02393 -15.3648
      vertex 42.5 -8.48077 -15.3648
    endloop
  endfacet
  facet normal 0 0 1
    outer loop
      vertex 47.5 -3.38333 -15.3648
      vertex 42.3807 -7.57491 -15.3648
      vertex 42.4701 -8.02393 -15.3648
    endloop
  endfacet
  facet normal 0 0 1
    outer loop
      vertex 47.5 -3.38333 -15.3648
      vertex 42.2336 -7.14138 -15.3648
      vertex 42.3807 -7.57491 -15.3648
    endloop
  endfacet
  facet normal 0 0 1
    outer loop
      vertex 47.5 -3.38333 -15.3648
      vertex 42.0311 -6.73078 -15.3648
      vertex 42.2336 -7.14138 -15.3648
    endloop
  endfacet
  facet normal 0 0 1
    outer loop
      vertex 47.5 -3.38333 -15.3648
      vertex 41.7767 -6.35011 -15.3648
      vertex 42.0311 -6.73078 -15.3648
    endloop
  endfacet
  facet normal 0 0 1
    outer loop
      vertex 47.5 -3.38333 -15.3648
      vertex 41.4749 -6.0059 -15.3648
      vertex 41.7767 -6.35011 -15.3648
    endloop
  endfacet
  facet normal 0 0 1
    outer loop
      vertex 47.5 -3.38333 -15.3648
      vertex 41.1307 -5.70404 -15.3648
      vertex 41.4749 -6.0059 -15.3648
    endloop
  endfacet
  facet normal 0 0 1
    outer loop
      vertex 47.5 -3.38333 -15.3648
      vertex 40.75 -5.44969 -15.3648
      vertex 41.1307 -5.70404 -15.3648
    endloop
  endfacet
  facet normal 0 0 1
    outer loop
      vertex 47.5 -3.38333 -15.3648
      vertex 40.3394 -5.2472 -15.3648
      vertex 40.75 -5.44969 -15.3648
    endloop
  endfacet
  facet normal 0 0 1
    outer loop
      vertex 47.5 -3.38333 -15.3648
      vertex 39.9059 -5.10004 -15.3648
      vertex 40.3394 -5.2472 -15.3648
    endloop
  endfacet
  facet normal 0 0 1
    outer loop
      vertex 47.5 -3.38333 -15.3648
      vertex 39.4568 -5.01072 -15.3648
      vertex 39.9059 -5.10004 -15.3648
    endloop
  endfacet
  facet normal 0 0 1
    outer loop
      vertex 47.5 -3.38333 -15.3648
      vertex 39 -4.98078 -15.3648
      vertex 39.4568 -5.01072 -15.3648
    endloop
  endfacet
  facet normal 0 0 1
    outer loop
      vertex 47.5 -3.38333 -15.3648
      vertex 38.5432 -5.01072 -15.3648
      vertex 39 -4.98078 -15.3648
    endloop
  endfacet
  facet normal 0 0 1
    outer loop
      vertex 35.5299 -57.0239 -15.3648
      vertex -15.5 -57.4808 -15.3648
      vertex 16.0941 -78.1 -15.3648
    endloop
  endfacet
  facet normal 0 0 1
    outer loop
      vertex 35.1892 -101.039 -15.3648
      vertex 34.7109 -101.674 -15.3648
      vertex 35.1892 -102.327 -15.3648
    endloop
  endfacet
  facet normal 0 -0 1
    outer loop
      vertex 35.1892 -101.039 -15.3648
      vertex 39.1013 -99.2873 -15.3648
      vertex 34.3061 -100.228 -15.3648
    endloop
  endfacet
  facet normal 0 0 1
    outer loop
      vertex 35.1892 -101.039 -15.3648
      vertex 34.6947 -101.34 -15.3648
      vertex 34.7109 -101.674 -15.3648
    endloop
  endfacet
  facet normal 0 0 1
    outer loop
      vertex 35.1892 -101.039 -15.3648
      vertex 34.6461 -101.028 -15.3648
      vertex 34.6947 -101.34 -15.3648
    endloop
  endfacet
  facet normal 0 0 1
    outer loop
      vertex 35.1892 -101.039 -15.3648
      vertex 34.5651 -100.739 -15.3648
      vertex 34.6461 -101.028 -15.3648
    endloop
  endfacet
  facet normal 0 0 1
    outer loop
      vertex 35.1892 -101.039 -15.3648
      vertex 34.4518 -100.472 -15.3648
      vertex 34.5651 -100.739 -15.3648
    endloop
  endfacet
  facet normal 0 0 1
    outer loop
      vertex 35.1892 -101.039 -15.3648
      vertex 34.3061 -100.228 -15.3648
      vertex 34.4518 -100.472 -15.3648
    endloop
  endfacet
  facet normal 0 0 1
    outer loop
      vertex 39.1013 -99.2873 -15.3648
      vertex 35.1892 -101.039 -15.3648
      vertex 39.1013 -101.039 -15.3648
    endloop
  endfacet
  facet normal 0 -0 1
    outer loop
      vertex 34.3061 -100.228 -15.3648
      vertex 39.1013 -99.2873 -15.3648
      vertex 34.1279 -100.006 -15.3648
    endloop
  endfacet
  facet normal 0 0 1
    outer loop
      vertex 38.0941 -60.8615 -15.3648
      vertex 20.2336 -80.1414 -15.3648
      vertex 20.3807 -80.5749 -15.3648
    endloop
  endfacet
  facet normal 0 0 1
    outer loop
      vertex 38.5432 -60.9508 -15.3648
      vertex 20.3807 -80.5749 -15.3648
      vertex 20.4701 -81.0239 -15.3648
    endloop
  endfacet
  facet normal 0 -0 1
    outer loop
      vertex 34.1279 -100.006 -15.3648
      vertex 39.1013 -99.2873 -15.3648
      vertex 33.9174 -99.8061 -15.3648
    endloop
  endfacet
  facet normal 0 -0 1
    outer loop
      vertex 33.6771 -99.6312 -15.3648
      vertex 39.1013 -99.2873 -15.3648
      vertex 33.4093 -99.4832 -15.3648
    endloop
  endfacet
  facet normal 0 -0 1
    outer loop
      vertex 33.9174 -99.8061 -15.3648
      vertex 39.1013 -99.2873 -15.3648
      vertex 33.6771 -99.6312 -15.3648
    endloop
  endfacet
  facet normal -0 0 1
    outer loop
      vertex 20.4701 -81.9376 -15.3648
      vertex 39.1013 -99.2873 -15.3648
      vertex 20.5 -81.4808 -15.3648
    endloop
  endfacet
  facet normal 0 0 1
    outer loop
      vertex 39.1013 -99.2873 -15.3648
      vertex 33.1141 -99.3622 -15.3648
      vertex 33.4093 -99.4832 -15.3648
    endloop
  endfacet
  facet normal 0 0 1
    outer loop
      vertex 39.1013 -99.2873 -15.3648
      vertex 32.7915 -99.268 -15.3648
      vertex 33.1141 -99.3622 -15.3648
    endloop
  endfacet
  facet normal 0 0 1
    outer loop
      vertex 39.1013 -99.2873 -15.3648
      vertex 20.4701 -81.9376 -15.3648
      vertex 32.7915 -99.268 -15.3648
    endloop
  endfacet
  facet normal 0 0 1
    outer loop
      vertex 32.7915 -99.268 -15.3648
      vertex 20.4701 -81.9376 -15.3648
      vertex 32.4415 -99.2008 -15.3648
    endloop
  endfacet
  facet normal -0 0 1
    outer loop
      vertex 20.3807 -82.3866 -15.3648
      vertex 32.4415 -99.2008 -15.3648
      vertex 20.4701 -81.9376 -15.3648
    endloop
  endfacet
  facet normal 0 0 1
    outer loop
      vertex 32.0641 -99.1604 -15.3648
      vertex 20.3807 -82.3866 -15.3648
      vertex 31.6593 -99.1469 -15.3648
    endloop
  endfacet
  facet normal -0 0 1
    outer loop
      vertex 20.2336 -82.8202 -15.3648
      vertex 31.6593 -99.1469 -15.3648
      vertex 20.3807 -82.3866 -15.3648
    endloop
  endfacet
  facet normal 0 0 1
    outer loop
      vertex 31.6593 -99.1469 -15.3648
      vertex 20.2336 -82.8202 -15.3648
      vertex 31.2751 -99.16 -15.3648
    endloop
  endfacet
  facet normal 0 0 1
    outer loop
      vertex -15.5 -8.48077 -15.3648
      vertex 35.5 -8.48077 -15.3648
      vertex 35.5299 -8.02393 -15.3648
    endloop
  endfacet
  facet normal -0 0 1
    outer loop
      vertex 20.0311 -83.2308 -15.3648
      vertex 31.2751 -99.16 -15.3648
      vertex 20.2336 -82.8202 -15.3648
    endloop
  endfacet
  facet normal 0 0 1
    outer loop
      vertex 31.2751 -99.16 -15.3648
      vertex 20.0311 -83.2308 -15.3648
      vertex 30.914 -99.199 -15.3648
    endloop
  endfacet
  facet normal 0 0 1
    outer loop
      vertex 30.914 -99.199 -15.3648
      vertex 20.0311 -83.2308 -15.3648
      vertex 30.5761 -99.2641 -15.3648
    endloop
  endfacet
  facet normal -0 0 1
    outer loop
      vertex 19.7767 -83.6114 -15.3648
      vertex 30.5761 -99.2641 -15.3648
      vertex 20.0311 -83.2308 -15.3648
    endloop
  endfacet
  facet normal 0 0 1
    outer loop
      vertex 30.5761 -99.2641 -15.3648
      vertex 19.7767 -83.6114 -15.3648
      vertex 30.2614 -99.3552 -15.3648
    endloop
  endfacet
  facet normal -0 0 1
    outer loop
      vertex 19.4749 -83.9557 -15.3648
      vertex 30.2614 -99.3552 -15.3648
      vertex 19.7767 -83.6114 -15.3648
    endloop
  endfacet
  facet normal 0 0 1
    outer loop
      vertex 30.2614 -99.3552 -15.3648
      vertex 19.4749 -83.9557 -15.3648
      vertex 29.9698 -99.4723 -15.3648
    endloop
  endfacet
  facet normal -0 0 1
    outer loop
      vertex 19.1307 -84.2575 -15.3648
      vertex 29.9698 -99.4723 -15.3648
      vertex 19.4749 -83.9557 -15.3648
    endloop
  endfacet
  facet normal 0 0 1
    outer loop
      vertex -15.5299 -8.02393 -15.3648
      vertex 35.5299 -8.02393 -15.3648
      vertex 35.6193 -7.57491 -15.3648
    endloop
  endfacet
  facet normal 0 0 1
    outer loop
      vertex 29.7014 -99.6155 -15.3648
      vertex 19.1307 -84.2575 -15.3648
      vertex 29.4561 -99.7847 -15.3648
    endloop
  endfacet
  facet normal 0 0 1
    outer loop
      vertex 29.9698 -99.4723 -15.3648
      vertex 19.1307 -84.2575 -15.3648
      vertex 29.7014 -99.6155 -15.3648
    endloop
  endfacet
  facet normal 0 0 1
    outer loop
      vertex 32.4415 -99.2008 -15.3648
      vertex 20.3807 -82.3866 -15.3648
      vertex 32.0641 -99.1604 -15.3648
    endloop
  endfacet
  facet normal 0 0 1
    outer loop
      vertex 37.6606 -60.7144 -15.3648
      vertex 20.0311 -79.7308 -15.3648
      vertex 20.2336 -80.1414 -15.3648
    endloop
  endfacet
  facet normal 0 0 1
    outer loop
      vertex 37.25 -60.5119 -15.3648
      vertex 19.7767 -79.3501 -15.3648
      vertex 20.0311 -79.7308 -15.3648
    endloop
  endfacet
  facet normal 0 0 1
    outer loop
      vertex 36.8693 -60.2575 -15.3648
      vertex 19.4749 -79.0059 -15.3648
      vertex 19.7767 -79.3501 -15.3648
    endloop
  endfacet
  facet normal 0 0 1
    outer loop
      vertex 36.5251 -59.9557 -15.3648
      vertex 19.1307 -78.704 -15.3648
      vertex 19.4749 -79.0059 -15.3648
    endloop
  endfacet
  facet normal 0 0 1
    outer loop
      vertex 36.2233 -59.6114 -15.3648
      vertex 18.75 -78.4497 -15.3648
      vertex 19.1307 -78.704 -15.3648
    endloop
  endfacet
  facet normal 0 0 1
    outer loop
      vertex 35.9689 -59.2308 -15.3648
      vertex 18.3394 -78.2472 -15.3648
      vertex 18.75 -78.4497 -15.3648
    endloop
  endfacet
  facet normal 0 0 1
    outer loop
      vertex 35.7664 -58.8202 -15.3648
      vertex 17.9059 -78.1 -15.3648
      vertex 18.3394 -78.2472 -15.3648
    endloop
  endfacet
  facet normal 0 0 1
    outer loop
      vertex 35.6193 -58.3866 -15.3648
      vertex 17.4568 -78.0107 -15.3648
      vertex 17.9059 -78.1 -15.3648
    endloop
  endfacet
  facet normal 0 0 1
    outer loop
      vertex 35.5299 -57.9376 -15.3648
      vertex 17 -77.9808 -15.3648
      vertex 17.4568 -78.0107 -15.3648
    endloop
  endfacet
  facet normal 0 0 1
    outer loop
      vertex 35.5 -57.4808 -15.3648
      vertex 16.5432 -78.0107 -15.3648
      vertex 17 -77.9808 -15.3648
    endloop
  endfacet
  facet normal 0 0 1
    outer loop
      vertex -15.5 -57.4808 -15.3648
      vertex 35.5299 -57.0239 -15.3648
      vertex 35.6193 -56.5749 -15.3648
    endloop
  endfacet
  facet normal 0 0 1
    outer loop
      vertex 35.5299 -57.0239 -15.3648
      vertex 16.5432 -78.0107 -15.3648
      vertex 35.5 -57.4808 -15.3648
    endloop
  endfacet
  facet normal 0 -0 1
    outer loop
      vertex 16.5432 -78.0107 -15.3648
      vertex 35.5299 -57.0239 -15.3648
      vertex 16.0941 -78.1 -15.3648
    endloop
  endfacet
  facet normal 0 0 1
    outer loop
      vertex 16.0941 -78.1 -15.3648
      vertex -15.5 -57.4808 -15.3648
      vertex 15.6606 -78.2472 -15.3648
    endloop
  endfacet
  facet normal 0 0 1
    outer loop
      vertex -15.5 -57.4808 -15.3648
      vertex 15.25 -78.4497 -15.3648
      vertex 15.6606 -78.2472 -15.3648
    endloop
  endfacet
  facet normal -0 0 1
    outer loop
      vertex -15.5299 -57.9376 -15.3648
      vertex 15.25 -78.4497 -15.3648
      vertex -15.5 -57.4808 -15.3648
    endloop
  endfacet
  facet normal 0 0 1
    outer loop
      vertex 14.5251 -79.0059 -15.3648
      vertex -15.7664 -58.8202 -15.3648
      vertex 14.2233 -79.3501 -15.3648
    endloop
  endfacet
  facet normal 0 0 1
    outer loop
      vertex 15.25 -78.4497 -15.3648
      vertex -15.5299 -57.9376 -15.3648
      vertex 14.8693 -78.704 -15.3648
    endloop
  endfacet
  facet normal -0 0 1
    outer loop
      vertex -15.7664 -58.8202 -15.3648
      vertex 14.5251 -79.0059 -15.3648
      vertex -15.6193 -58.3866 -15.3648
    endloop
  endfacet
  facet normal 0 0 1
    outer loop
      vertex 13.9689 -113.731 -15.3648
      vertex 5 -120.349 -15.3648
      vertex 13.7664 -114.141 -15.3648
    endloop
  endfacet
  facet normal 0 0 1
    outer loop
      vertex -13.5 -81.4808 -15.3648
      vertex 13.5 -81.4808 -15.3648
      vertex 13.5299 -81.0239 -15.3648
    endloop
  endfacet
  facet normal 0 0 1
    outer loop
      vertex -13.5299 -81.0239 -15.3648
      vertex 13.5299 -81.0239 -15.3648
      vertex 13.6193 -80.5749 -15.3648
    endloop
  endfacet
  facet normal 0 0 1
    outer loop
      vertex 13.7664 -114.141 -15.3648
      vertex 5 -120.349 -15.3648
      vertex 13.6193 -114.575 -15.3648
    endloop
  endfacet
  facet normal -0 0 1
    outer loop
      vertex -15.6193 -58.3866 -15.3648
      vertex 14.8693 -78.704 -15.3648
      vertex -15.5299 -57.9376 -15.3648
    endloop
  endfacet
  facet normal 0 0 1
    outer loop
      vertex -15.6193 -7.57491 -15.3648
      vertex 35.6193 -7.57491 -15.3648
      vertex 35.7664 -7.14138 -15.3648
    endloop
  endfacet
  facet normal 0 0 1
    outer loop
      vertex 13.6193 -114.575 -15.3648
      vertex 5 -120.349 -15.3648
      vertex 13.5299 -115.024 -15.3648
    endloop
  endfacet
  facet normal 0 0 1
    outer loop
      vertex 13.5299 -115.024 -15.3648
      vertex 5 -120.349 -15.3648
      vertex 13.5 -115.481 -15.3648
    endloop
  endfacet
  facet normal 0 0 1
    outer loop
      vertex -15.7664 -7.14138 -15.3648
      vertex 35.7664 -7.14138 -15.3648
      vertex 35.9689 -6.73078 -15.3648
    endloop
  endfacet
  facet normal 0 0 1
    outer loop
      vertex 13.5299 -81.0239 -15.3648
      vertex -13.5299 -81.0239 -15.3648
      vertex -13.5 -81.4808 -15.3648
    endloop
  endfacet
  facet normal 0 0 1
    outer loop
      vertex 13.6193 -80.5749 -15.3648
      vertex -13.6193 -80.5749 -15.3648
      vertex -13.5299 -81.0239 -15.3648
    endloop
  endfacet
  facet normal 0 0 1
    outer loop
      vertex -15.9689 -6.73078 -15.3648
      vertex 35.9689 -6.73078 -15.3648
      vertex 36.2233 -6.35011 -15.3648
    endloop
  endfacet
  facet normal 0 0 1
    outer loop
      vertex 13.6193 -80.5749 -15.3648
      vertex -13.7664 -80.1414 -15.3648
      vertex -13.6193 -80.5749 -15.3648
    endloop
  endfacet
  facet normal 0 0 1
    outer loop
      vertex 13.7664 -80.1414 -15.3648
      vertex -13.7664 -80.1414 -15.3648
      vertex 13.6193 -80.5749 -15.3648
    endloop
  endfacet
  facet normal 0 -0 1
    outer loop
      vertex -13.7664 -80.1414 -15.3648
      vertex 13.7664 -80.1414 -15.3648
      vertex -13.9689 -79.7308 -15.3648
    endloop
  endfacet
  facet normal 0 0 1
    outer loop
      vertex 13.9689 -79.7308 -15.3648
      vertex -13.9689 -79.7308 -15.3648
      vertex 13.7664 -80.1414 -15.3648
    endloop
  endfacet
  facet normal 0 -0 1
    outer loop
      vertex -13.9689 -79.7308 -15.3648
      vertex 13.9689 -79.7308 -15.3648
      vertex -14.2233 -79.3501 -15.3648
    endloop
  endfacet
  facet normal 0 0 1
    outer loop
      vertex 14.8693 -78.704 -15.3648
      vertex -15.6193 -58.3866 -15.3648
      vertex 14.5251 -79.0059 -15.3648
    endloop
  endfacet
  facet normal 0 0 1
    outer loop
      vertex 14.2233 -79.3501 -15.3648
      vertex -14.2233 -79.3501 -15.3648
      vertex 13.9689 -79.7308 -15.3648
    endloop
  endfacet
  facet normal 0 0 1
    outer loop
      vertex -16.2233 -6.35011 -15.3648
      vertex 36.2233 -6.35011 -15.3648
      vertex 36.5251 -6.0059 -15.3648
    endloop
  endfacet
  facet normal 0 0 1
    outer loop
      vertex -16.5251 -6.0059 -15.3648
      vertex 36.5251 -6.0059 -15.3648
      vertex 36.8693 -5.70404 -15.3648
    endloop
  endfacet
  facet normal 0 0 1
    outer loop
      vertex -16.8693 -5.70404 -15.3648
      vertex 36.8693 -5.70404 -15.3648
      vertex 37.25 -5.44969 -15.3648
    endloop
  endfacet
  facet normal 0 0 1
    outer loop
      vertex -17.25 -5.44969 -15.3648
      vertex 37.25 -5.44969 -15.3648
      vertex 37.6606 -5.2472 -15.3648
    endloop
  endfacet
  facet normal 0 0 1
    outer loop
      vertex -17.6606 -5.2472 -15.3648
      vertex 37.6606 -5.2472 -15.3648
      vertex 38.0941 -5.10004 -15.3648
    endloop
  endfacet
  facet normal 0 0 1
    outer loop
      vertex -18.0941 -5.10004 -15.3648
      vertex 38.0941 -5.10004 -15.3648
      vertex 38.5432 -5.01072 -15.3648
    endloop
  endfacet
  facet normal 0 0 1
    outer loop
      vertex -18.5432 -5.01072 -15.3648
      vertex 38.5432 -5.01072 -15.3648
      vertex 47.5 -3.38333 -15.3648
    endloop
  endfacet
  facet normal 0 0 1
    outer loop
      vertex 35.5299 -8.02393 -15.3648
      vertex -15.5299 -8.02393 -15.3648
      vertex -15.5 -8.48077 -15.3648
    endloop
  endfacet
  facet normal 0 0 1
    outer loop
      vertex 35.6193 -7.57491 -15.3648
      vertex -15.6193 -7.57491 -15.3648
      vertex -15.5299 -8.02393 -15.3648
    endloop
  endfacet
  facet normal 0 0 1
    outer loop
      vertex 35.7664 -7.14138 -15.3648
      vertex -15.7664 -7.14138 -15.3648
      vertex -15.6193 -7.57491 -15.3648
    endloop
  endfacet
  facet normal 0 0 1
    outer loop
      vertex 35.9689 -6.73078 -15.3648
      vertex -15.9689 -6.73078 -15.3648
      vertex -15.7664 -7.14138 -15.3648
    endloop
  endfacet
  facet normal 0 0 1
    outer loop
      vertex 36.2233 -6.35011 -15.3648
      vertex -16.2233 -6.35011 -15.3648
      vertex -15.9689 -6.73078 -15.3648
    endloop
  endfacet
  facet normal 0 0 1
    outer loop
      vertex 36.5251 -6.0059 -15.3648
      vertex -16.5251 -6.0059 -15.3648
      vertex -16.2233 -6.35011 -15.3648
    endloop
  endfacet
  facet normal 0 0 1
    outer loop
      vertex 36.8693 -5.70404 -15.3648
      vertex -16.8693 -5.70404 -15.3648
      vertex -16.5251 -6.0059 -15.3648
    endloop
  endfacet
  facet normal 0 0 1
    outer loop
      vertex 37.25 -5.44969 -15.3648
      vertex -17.25 -5.44969 -15.3648
      vertex -16.8693 -5.70404 -15.3648
    endloop
  endfacet
  facet normal 0 0 1
    outer loop
      vertex 37.6606 -5.2472 -15.3648
      vertex -17.6606 -5.2472 -15.3648
      vertex -17.25 -5.44969 -15.3648
    endloop
  endfacet
  facet normal 0 0 1
    outer loop
      vertex 38.0941 -5.10004 -15.3648
      vertex -18.0941 -5.10004 -15.3648
      vertex -17.6606 -5.2472 -15.3648
    endloop
  endfacet
  facet normal 0 0 1
    outer loop
      vertex 38.5432 -5.01072 -15.3648
      vertex -18.5432 -5.01072 -15.3648
      vertex -18.0941 -5.10004 -15.3648
    endloop
  endfacet
  facet normal 0 0 1
    outer loop
      vertex 47.5 -3.38333 -15.3648
      vertex -19 -4.98078 -15.3648
      vertex -18.5432 -5.01072 -15.3648
    endloop
  endfacet
  facet normal 0 0 1
    outer loop
      vertex -22.4701 -57.0239 -15.3648
      vertex -47.5 -3.38333 -15.3648
      vertex -22.5 -57.4808 -15.3648
    endloop
  endfacet
  facet normal 0 0 1
    outer loop
      vertex -22.4701 -8.02393 -15.3648
      vertex -47.5 -3.38333 -15.3648
      vertex -22.5 -8.48077 -15.3648
    endloop
  endfacet
  facet normal 0 0 1
    outer loop
      vertex -22.3807 -7.57491 -15.3648
      vertex -47.5 -3.38333 -15.3648
      vertex -22.4701 -8.02393 -15.3648
    endloop
  endfacet
  facet normal 0 0 1
    outer loop
      vertex -22.2336 -7.14138 -15.3648
      vertex -47.5 -3.38333 -15.3648
      vertex -22.3807 -7.57491 -15.3648
    endloop
  endfacet
  facet normal 0 0 1
    outer loop
      vertex -22.0311 -6.73078 -15.3648
      vertex -47.5 -3.38333 -15.3648
      vertex -22.2336 -7.14138 -15.3648
    endloop
  endfacet
  facet normal 0 0 1
    outer loop
      vertex -21.7767 -6.35011 -15.3648
      vertex -47.5 -3.38333 -15.3648
      vertex -22.0311 -6.73078 -15.3648
    endloop
  endfacet
  facet normal 0 0 1
    outer loop
      vertex -21.4749 -6.0059 -15.3648
      vertex -47.5 -3.38333 -15.3648
      vertex -21.7767 -6.35011 -15.3648
    endloop
  endfacet
  facet normal 0 0 1
    outer loop
      vertex -21.1307 -5.70404 -15.3648
      vertex -47.5 -3.38333 -15.3648
      vertex -21.4749 -6.0059 -15.3648
    endloop
  endfacet
  facet normal 0 0 1
    outer loop
      vertex -20.75 -5.44969 -15.3648
      vertex -47.5 -3.38333 -15.3648
      vertex -21.1307 -5.70404 -15.3648
    endloop
  endfacet
  facet normal 0 0 1
    outer loop
      vertex -20.3394 -5.2472 -15.3648
      vertex -47.5 -3.38333 -15.3648
      vertex -20.75 -5.44969 -15.3648
    endloop
  endfacet
  facet normal 0 0 1
    outer loop
      vertex -19.9059 -5.10004 -15.3648
      vertex -47.5 -3.38333 -15.3648
      vertex -20.3394 -5.2472 -15.3648
    endloop
  endfacet
  facet normal 0 0 1
    outer loop
      vertex -19.4568 -5.01072 -15.3648
      vertex -47.5 -3.38333 -15.3648
      vertex -19.9059 -5.10004 -15.3648
    endloop
  endfacet
  facet normal 0 0 1
    outer loop
      vertex -19 -4.98078 -15.3648
      vertex -47.5 -3.38333 -15.3648
      vertex -19.4568 -5.01072 -15.3648
    endloop
  endfacet
  facet normal -0 0 1
    outer loop
      vertex -47.5 -3.38333 -15.3648
      vertex -19 -4.98078 -15.3648
      vertex 47.5 -3.38333 -15.3648
    endloop
  endfacet
  facet normal 0 0 1
    outer loop
      vertex 47.5 -3.38333 -15.3648
      vertex 42.5 -57.4808 -15.3648
      vertex 47.5 -120.981 -15.3648
    endloop
  endfacet
  facet normal -0 0 1
    outer loop
      vertex 42.4701 -57.9376 -15.3648
      vertex 47.5 -120.981 -15.3648
      vertex 42.5 -57.4808 -15.3648
    endloop
  endfacet
  facet normal -0 0 1
    outer loop
      vertex 42.3807 -58.3866 -15.3648
      vertex 47.5 -120.981 -15.3648
      vertex 42.4701 -57.9376 -15.3648
    endloop
  endfacet
  facet normal 0 0 1
    outer loop
      vertex 41.8844 -101.039 -15.3648
      vertex 42.3807 -58.3866 -15.3648
      vertex 42.2336 -58.8202 -15.3648
    endloop
  endfacet
  facet normal 0 0 1
    outer loop
      vertex 41.8844 -101.039 -15.3648
      vertex 42.2336 -58.8202 -15.3648
      vertex 42.0311 -59.2308 -15.3648
    endloop
  endfacet
  facet normal 0 0 1
    outer loop
      vertex 42.3807 -58.3866 -15.3648
      vertex 41.8844 -101.039 -15.3648
      vertex 47.5 -120.981 -15.3648
    endloop
  endfacet
  facet normal -0 0 1
    outer loop
      vertex 41.8844 -102.314 -15.3648
      vertex 47.5 -120.981 -15.3648
      vertex 41.8844 -101.039 -15.3648
    endloop
  endfacet
  facet normal 0 0 1
    outer loop
      vertex 40.737 -107.887 -15.3648
      vertex 41.8844 -102.314 -15.3648
      vertex 40.737 -102.314 -15.3648
    endloop
  endfacet
  facet normal 0 0 1
    outer loop
      vertex 41.8844 -102.314 -15.3648
      vertex 40.737 -107.887 -15.3648
      vertex 47.5 -120.981 -15.3648
    endloop
  endfacet
  facet normal -0 0 1
    outer loop
      vertex 38.8206 -107.887 -15.3648
      vertex 47.5 -120.981 -15.3648
      vertex 40.737 -107.887 -15.3648
    endloop
  endfacet
  facet normal -0 0 1
    outer loop
      vertex 34.7 -101.905 -15.3648
      vertex 35.1892 -102.327 -15.3648
      vertex 34.7109 -101.674 -15.3648
    endloop
  endfacet
  facet normal -0 0 1
    outer loop
      vertex 34.6673 -102.124 -15.3648
      vertex 35.1892 -102.327 -15.3648
      vertex 34.7 -101.905 -15.3648
    endloop
  endfacet
  facet normal 0 0 1
    outer loop
      vertex 34.6128 -102.331 -15.3648
      vertex 35.1892 -102.327 -15.3648
      vertex 34.6673 -102.124 -15.3648
    endloop
  endfacet
  facet normal 0 0 1
    outer loop
      vertex 34.5365 -102.526 -15.3648
      vertex 35.1892 -102.327 -15.3648
      vertex 34.6128 -102.331 -15.3648
    endloop
  endfacet
  facet normal 0 0 1
    outer loop
      vertex 34.4384 -102.708 -15.3648
      vertex 35.1892 -102.327 -15.3648
      vertex 34.5365 -102.526 -15.3648
    endloop
  endfacet
  facet normal -0 0 1
    outer loop
      vertex 34.4815 -105.502 -15.3648
      vertex 38.8206 -107.887 -15.3648
      vertex 35.1892 -102.327 -15.3648
    endloop
  endfacet
  facet normal -0 0 1
    outer loop
      vertex 34.4757 -106.023 -15.3648
      vertex 38.8206 -107.887 -15.3648
      vertex 34.4912 -105.726 -15.3648
    endloop
  endfacet
  facet normal -0 0 1
    outer loop
      vertex 34.4292 -106.302 -15.3648
      vertex 38.8206 -107.887 -15.3648
      vertex 34.4757 -106.023 -15.3648
    endloop
  endfacet
  facet normal -0 0 1
    outer loop
      vertex 34.3516 -106.561 -15.3648
      vertex 38.8206 -107.887 -15.3648
      vertex 34.4292 -106.302 -15.3648
    endloop
  endfacet
  facet normal -0 0 1
    outer loop
      vertex 34.2431 -106.801 -15.3648
      vertex 38.8206 -107.887 -15.3648
      vertex 34.3516 -106.561 -15.3648
    endloop
  endfacet
  facet normal -0 0 1
    outer loop
      vertex 34.1035 -107.022 -15.3648
      vertex 38.8206 -107.887 -15.3648
      vertex 34.2431 -106.801 -15.3648
    endloop
  endfacet
  facet normal -0 0 1
    outer loop
      vertex 33.9329 -107.224 -15.3648
      vertex 38.8206 -107.887 -15.3648
      vertex 34.1035 -107.022 -15.3648
    endloop
  endfacet
  facet normal -0 0 1
    outer loop
      vertex 33.7313 -107.407 -15.3648
      vertex 38.8206 -107.887 -15.3648
      vertex 33.9329 -107.224 -15.3648
    endloop
  endfacet
  facet normal -0 0 1
    outer loop
      vertex 33.5022 -107.569 -15.3648
      vertex 38.8206 -107.887 -15.3648
      vertex 33.7313 -107.407 -15.3648
    endloop
  endfacet
  facet normal -0 0 1
    outer loop
      vertex 33.2491 -107.705 -15.3648
      vertex 38.8206 -107.887 -15.3648
      vertex 33.5022 -107.569 -15.3648
    endloop
  endfacet
  facet normal -0 0 1
    outer loop
      vertex 32.9719 -107.816 -15.3648
      vertex 38.8206 -107.887 -15.3648
      vertex 33.2491 -107.705 -15.3648
    endloop
  endfacet
  facet normal 0 0 1
    outer loop
      vertex 32.6707 -107.903 -15.3648
      vertex 38.8206 -107.887 -15.3648
      vertex 32.9719 -107.816 -15.3648
    endloop
  endfacet
  facet normal 0 0 1
    outer loop
      vertex 38.8206 -107.887 -15.3648
      vertex 32.6707 -107.903 -15.3648
      vertex 47.5 -120.981 -15.3648
    endloop
  endfacet
  facet normal -0 0 1
    outer loop
      vertex 32.3454 -107.965 -15.3648
      vertex 47.5 -120.981 -15.3648
      vertex 32.6707 -107.903 -15.3648
    endloop
  endfacet
  facet normal -0 0 1
    outer loop
      vertex 31.9961 -108.002 -15.3648
      vertex 47.5 -120.981 -15.3648
      vertex 32.3454 -107.965 -15.3648
    endloop
  endfacet
  facet normal 0 0 1
    outer loop
      vertex 20.2336 -116.82 -15.3648
      vertex 31.9961 -108.002 -15.3648
      vertex 31.6227 -108.015 -15.3648
    endloop
  endfacet
  facet normal 0 0 1
    outer loop
      vertex 20.3807 -116.387 -15.3648
      vertex 31.6227 -108.015 -15.3648
      vertex 31.2698 -108.002 -15.3648
    endloop
  endfacet
  facet normal 0 0 1
    outer loop
      vertex 20.4701 -115.938 -15.3648
      vertex 31.2698 -108.002 -15.3648
      vertex 30.9367 -107.963 -15.3648
    endloop
  endfacet
  facet normal 0 0 1
    outer loop
      vertex 20.4701 -115.938 -15.3648
      vertex 30.9367 -107.963 -15.3648
      vertex 30.6232 -107.899 -15.3648
    endloop
  endfacet
  facet normal 0 0 1
    outer loop
      vertex 20.5 -115.481 -15.3648
      vertex 30.6232 -107.899 -15.3648
      vertex 30.3293 -107.81 -15.3648
    endloop
  endfacet
  facet normal 0 0 1
    outer loop
      vertex 20.5 -115.481 -15.3648
      vertex 30.3293 -107.81 -15.3648
      vertex 30.0552 -107.694 -15.3648
    endloop
  endfacet
  facet normal 0 0 1
    outer loop
      vertex 20.5 -115.481 -15.3648
      vertex 30.0552 -107.694 -15.3648
      vertex 29.8007 -107.553 -15.3648
    endloop
  endfacet
  facet normal 0 0 1
    outer loop
      vertex 20.5 -115.481 -15.3648
      vertex 29.8007 -107.553 -15.3648
      vertex 29.5659 -107.386 -15.3648
    endloop
  endfacet
  facet normal -0 0 1
    outer loop
      vertex 18.75 -84.5119 -15.3648
      vertex 29.4561 -99.7847 -15.3648
      vertex 19.1307 -84.2575 -15.3648
    endloop
  endfacet
  facet normal 0 0 1
    outer loop
      vertex 28.4979 -101.625 -15.3648
      vertex 20.5 -115.481 -15.3648
      vertex 28.6444 -105.647 -15.3648
    endloop
  endfacet
  facet normal 0 0 1
    outer loop
      vertex 28.6444 -105.647 -15.3648
      vertex 20.5 -115.481 -15.3648
      vertex 28.6961 -105.954 -15.3648
    endloop
  endfacet
  facet normal 0 0 1
    outer loop
      vertex 28.6961 -105.954 -15.3648
      vertex 20.5 -115.481 -15.3648
      vertex 28.7745 -106.242 -15.3648
    endloop
  endfacet
  facet normal 0 0 1
    outer loop
      vertex 20.5 -115.481 -15.3648
      vertex 28.8795 -106.51 -15.3648
      vertex 28.7745 -106.242 -15.3648
    endloop
  endfacet
  facet normal 0 0 1
    outer loop
      vertex 20.5 -115.481 -15.3648
      vertex 29.0111 -106.759 -15.3648
      vertex 28.8795 -106.51 -15.3648
    endloop
  endfacet
  facet normal 0 0 1
    outer loop
      vertex 20.5 -115.481 -15.3648
      vertex 29.1694 -106.988 -15.3648
      vertex 29.0111 -106.759 -15.3648
    endloop
  endfacet
  facet normal 0 0 1
    outer loop
      vertex 20.5 -115.481 -15.3648
      vertex 29.3543 -107.197 -15.3648
      vertex 29.1694 -106.988 -15.3648
    endloop
  endfacet
  facet normal 0 0 1
    outer loop
      vertex 20.5 -115.481 -15.3648
      vertex 29.5659 -107.386 -15.3648
      vertex 29.3543 -107.197 -15.3648
    endloop
  endfacet
  facet normal 0 0 1
    outer loop
      vertex 30.6232 -107.899 -15.3648
      vertex 20.5 -115.481 -15.3648
      vertex 20.4701 -115.938 -15.3648
    endloop
  endfacet
  facet normal 0 0 1
    outer loop
      vertex 31.2698 -108.002 -15.3648
      vertex 20.4701 -115.938 -15.3648
      vertex 20.3807 -116.387 -15.3648
    endloop
  endfacet
  facet normal 0 0 1
    outer loop
      vertex 31.6227 -108.015 -15.3648
      vertex 20.3807 -116.387 -15.3648
      vertex 20.2336 -116.82 -15.3648
    endloop
  endfacet
  facet normal 0 0 1
    outer loop
      vertex 31.9961 -108.002 -15.3648
      vertex 20.2336 -116.82 -15.3648
      vertex 47.5 -120.981 -15.3648
    endloop
  endfacet
  facet normal -0 0 1
    outer loop
      vertex 20.0311 -117.231 -15.3648
      vertex 47.5 -120.981 -15.3648
      vertex 20.2336 -116.82 -15.3648
    endloop
  endfacet
  facet normal -0 0 1
    outer loop
      vertex 19.7767 -117.611 -15.3648
      vertex 47.5 -120.981 -15.3648
      vertex 20.0311 -117.231 -15.3648
    endloop
  endfacet
  facet normal -0 0 1
    outer loop
      vertex 19.4749 -117.956 -15.3648
      vertex 47.5 -120.981 -15.3648
      vertex 19.7767 -117.611 -15.3648
    endloop
  endfacet
  facet normal -0 0 1
    outer loop
      vertex 19.1307 -118.258 -15.3648
      vertex 47.5 -120.981 -15.3648
      vertex 19.4749 -117.956 -15.3648
    endloop
  endfacet
  facet normal -0 0 1
    outer loop
      vertex 18.75 -118.512 -15.3648
      vertex 47.5 -120.981 -15.3648
      vertex 19.1307 -118.258 -15.3648
    endloop
  endfacet
  facet normal -0 0 1
    outer loop
      vertex 18.3394 -118.714 -15.3648
      vertex 47.5 -120.981 -15.3648
      vertex 18.75 -118.512 -15.3648
    endloop
  endfacet
  facet normal -0 0 1
    outer loop
      vertex 17.9059 -118.862 -15.3648
      vertex 47.5 -120.981 -15.3648
      vertex 18.3394 -118.714 -15.3648
    endloop
  endfacet
  facet normal -0 0 1
    outer loop
      vertex 17.4568 -118.951 -15.3648
      vertex 47.5 -120.981 -15.3648
      vertex 17.9059 -118.862 -15.3648
    endloop
  endfacet
  facet normal 0 0 1
    outer loop
      vertex 5 -120.981 -15.3648
      vertex 17.4568 -118.951 -15.3648
      vertex 17 -118.981 -15.3648
    endloop
  endfacet
  facet normal 0 0 1
    outer loop
      vertex 5 -120.981 -15.3648
      vertex 17 -118.981 -15.3648
      vertex 16.5432 -118.951 -15.3648
    endloop
  endfacet
  facet normal 0 0 1
    outer loop
      vertex 5 -120.349 -15.3648
      vertex 13.5299 -115.938 -15.3648
      vertex 13.5 -115.481 -15.3648
    endloop
  endfacet
  facet normal 0 0 1
    outer loop
      vertex 5 -120.349 -15.3648
      vertex 13.6193 -116.387 -15.3648
      vertex 13.5299 -115.938 -15.3648
    endloop
  endfacet
  facet normal 0 0 1
    outer loop
      vertex 5 -120.349 -15.3648
      vertex 13.7664 -116.82 -15.3648
      vertex 13.6193 -116.387 -15.3648
    endloop
  endfacet
  facet normal 0 0 1
    outer loop
      vertex 5 -120.349 -15.3648
      vertex 13.9689 -117.231 -15.3648
      vertex 13.7664 -116.82 -15.3648
    endloop
  endfacet
  facet normal 0 0 1
    outer loop
      vertex 5 -120.349 -15.3648
      vertex 14.2233 -117.611 -15.3648
      vertex 13.9689 -117.231 -15.3648
    endloop
  endfacet
  facet normal 0 0 1
    outer loop
      vertex 5 -120.981 -15.3648
      vertex 14.2233 -117.611 -15.3648
      vertex 5 -120.349 -15.3648
    endloop
  endfacet
  facet normal 0 0 1
    outer loop
      vertex 14.2233 -117.611 -15.3648
      vertex 5 -120.981 -15.3648
      vertex 14.5251 -117.956 -15.3648
    endloop
  endfacet
  facet normal 0 0 1
    outer loop
      vertex 14.5251 -117.956 -15.3648
      vertex 5 -120.981 -15.3648
      vertex 14.8693 -118.258 -15.3648
    endloop
  endfacet
  facet normal 0 0 1
    outer loop
      vertex 14.8693 -118.258 -15.3648
      vertex 5 -120.981 -15.3648
      vertex 15.25 -118.512 -15.3648
    endloop
  endfacet
  facet normal 0 0 1
    outer loop
      vertex 15.25 -118.512 -15.3648
      vertex 5 -120.981 -15.3648
      vertex 15.6606 -118.714 -15.3648
    endloop
  endfacet
  facet normal 0 0 1
    outer loop
      vertex 15.6606 -118.714 -15.3648
      vertex 5 -120.981 -15.3648
      vertex 16.0941 -118.862 -15.3648
    endloop
  endfacet
  facet normal 0 0 1
    outer loop
      vertex 16.0941 -118.862 -15.3648
      vertex 5 -120.981 -15.3648
      vertex 16.5432 -118.951 -15.3648
    endloop
  endfacet
  facet normal 0 0 1
    outer loop
      vertex 17.4568 -118.951 -15.3648
      vertex 5 -120.981 -15.3648
      vertex 47.5 -120.981 -15.3648
    endloop
  endfacet
  facet normal 0 0 0
    outer loop
      vertex 47.5 -120.981 -15.3648
      vertex 5 -120.981 -15.3648
      vertex -5 -120.981 -15.3648
    endloop
  endfacet
  facet normal 0 0 0
    outer loop
      vertex -47.5 -120.981 -15.3648
      vertex 47.5 -120.981 -15.3648
      vertex -5 -120.981 -15.3648
    endloop
  endfacet
  facet normal 0 0 1
    outer loop
      vertex 38.5825 -105.348 -15.3648
      vertex 39.1013 -105.128 -15.3648
      vertex 39.1013 -102.314 -15.3648
    endloop
  endfacet
  facet normal 0 0 1
    outer loop
      vertex 39.1013 -105.128 -15.3648
      vertex 38.9731 -105.987 -15.3648
      vertex 39.0446 -106.116 -15.3648
    endloop
  endfacet
  facet normal 0 0 1
    outer loop
      vertex 39.1013 -105.128 -15.3648
      vertex 38.8912 -105.846 -15.3648
      vertex 38.9731 -105.987 -15.3648
    endloop
  endfacet
  facet normal 0 0 1
    outer loop
      vertex 39.1013 -105.128 -15.3648
      vertex 38.7988 -105.693 -15.3648
      vertex 38.8912 -105.846 -15.3648
    endloop
  endfacet
  facet normal 0 0 1
    outer loop
      vertex 39.1013 -105.128 -15.3648
      vertex 38.6959 -105.526 -15.3648
      vertex 38.7988 -105.693 -15.3648
    endloop
  endfacet
  facet normal 0 0 1
    outer loop
      vertex 39.1013 -105.128 -15.3648
      vertex 38.5825 -105.348 -15.3648
      vertex 38.6959 -105.526 -15.3648
    endloop
  endfacet
  facet normal 0 -0 1
    outer loop
      vertex 38.5825 -105.348 -15.3648
      vertex 39.1013 -102.314 -15.3648
      vertex 36.5868 -102.314 -15.3648
    endloop
  endfacet
  facet normal 0 0 1
    outer loop
      vertex 39.1525 -106.299 -15.3648
      vertex 39.1056 -106.233 -15.3648
      vertex 39.1562 -106.336 -15.3648
    endloop
  endfacet
  facet normal 0 0 1
    outer loop
      vertex 39.1485 -106.251 -15.3648
      vertex 39.1056 -106.233 -15.3648
      vertex 39.1525 -106.299 -15.3648
    endloop
  endfacet
  facet normal 0 0 1
    outer loop
      vertex 39.1441 -106.192 -15.3648
      vertex 39.1056 -106.233 -15.3648
      vertex 39.1485 -106.251 -15.3648
    endloop
  endfacet
  facet normal 0 0 1
    outer loop
      vertex 39.0446 -106.116 -15.3648
      vertex 39.1441 -106.192 -15.3648
      vertex 39.1393 -106.121 -15.3648
    endloop
  endfacet
  facet normal -0 0 1
    outer loop
      vertex 39.0446 -106.116 -15.3648
      vertex 39.1393 -106.121 -15.3648
      vertex 39.1341 -106.039 -15.3648
    endloop
  endfacet
  facet normal 0 0 1
    outer loop
      vertex 39.0446 -106.116 -15.3648
      vertex 39.1341 -106.039 -15.3648
      vertex 39.1286 -105.946 -15.3648
    endloop
  endfacet
  facet normal 0 0 1
    outer loop
      vertex 39.0446 -106.116 -15.3648
      vertex 39.1286 -105.946 -15.3648
      vertex 39.1226 -105.842 -15.3648
    endloop
  endfacet
  facet normal 0 0 1
    outer loop
      vertex 39.0446 -106.116 -15.3648
      vertex 39.1226 -105.842 -15.3648
      vertex 39.117 -105.733 -15.3648
    endloop
  endfacet
  facet normal 0 0 1
    outer loop
      vertex 39.0446 -106.116 -15.3648
      vertex 39.117 -105.733 -15.3648
      vertex 39.1122 -105.627 -15.3648
    endloop
  endfacet
  facet normal 0 0 1
    outer loop
      vertex 39.0446 -106.116 -15.3648
      vertex 39.1122 -105.627 -15.3648
      vertex 39.1083 -105.523 -15.3648
    endloop
  endfacet
  facet normal 0 0 1
    outer loop
      vertex 39.0446 -106.116 -15.3648
      vertex 39.1083 -105.523 -15.3648
      vertex 39.1052 -105.421 -15.3648
    endloop
  endfacet
  facet normal 0 0 1
    outer loop
      vertex 39.0446 -106.116 -15.3648
      vertex 39.1052 -105.421 -15.3648
      vertex 39.103 -105.321 -15.3648
    endloop
  endfacet
  facet normal 0 0 1
    outer loop
      vertex 39.0446 -106.116 -15.3648
      vertex 39.103 -105.321 -15.3648
      vertex 39.1017 -105.223 -15.3648
    endloop
  endfacet
  facet normal 0 0 1
    outer loop
      vertex 39.0446 -106.116 -15.3648
      vertex 39.1017 -105.223 -15.3648
      vertex 39.1013 -105.128 -15.3648
    endloop
  endfacet
  facet normal 0 0 1
    outer loop
      vertex 39.1441 -106.192 -15.3648
      vertex 39.0446 -106.116 -15.3648
      vertex 39.1056 -106.233 -15.3648
    endloop
  endfacet
  facet normal 0 -1 0
    outer loop
      vertex -47.5 -120.981 -19.3648
      vertex 47.5 -120.981 -15.3648
      vertex -47.5 -120.981 -15.3648
    endloop
  endfacet
  facet normal 0 -1 -0
    outer loop
      vertex 47.5 -120.981 -15.3648
      vertex -47.5 -120.981 -19.3648
      vertex 47.5 -120.981 -19.3648
    endloop
  endfacet
  facet normal -1 0 0
    outer loop
      vertex -50 -2.67802 -19.3648
      vertex -50 -6.94593 39.3923
      vertex -50 3.41454 -19.3648
    endloop
  endfacet
  facet normal -1 0 -0
    outer loop
      vertex -50 -6.94593 39.3923
      vertex -50 -2.67802 -19.3648
      vertex -50 -12.8548 38.3504
    endloop
  endfacet
  facet normal 0 -0.984807 -0.17365
    outer loop
      vertex -50 -12.8548 38.3504
      vertex -5 -10.771 26.5327
      vertex 50 -12.8548 38.3504
    endloop
  endfacet
  facet normal 3.06352e-07 -0.984808 -0.173649
    outer loop
      vertex -47.5 -3.38333 -15.3648
      vertex -5 -10.771 26.5327
      vertex -50 -12.8548 38.3504
    endloop
  endfacet
  facet normal 0 0 -0
    outer loop
      vertex -5 -3.38333 -15.3648
      vertex -47.5 -3.38333 -15.3648
      vertex 5 -3.38333 -15.3648
    endloop
  endfacet
  facet normal 0 -0.984808 -0.173648
    outer loop
      vertex -5 -10.771 26.5327
      vertex -47.5 -3.38333 -15.3648
      vertex -5 -3.38333 -15.3648
    endloop
  endfacet
  facet normal 8.38692e-08 -0.984808 -0.173649
    outer loop
      vertex -50 -2.67802 -19.3648
      vertex -47.5 -3.38333 -15.3648
      vertex -50 -12.8548 38.3504
    endloop
  endfacet
  facet normal 0 -0.984808 -0.173649
    outer loop
      vertex -47.5 -3.38333 -15.3648
      vertex -50 -2.67802 -19.3648
      vertex -47.5 -2.67802 -19.3648
    endloop
  endfacet
  facet normal -0 -0.984807 -0.17365
    outer loop
      vertex 5 -10.771 26.5327
      vertex 50 -12.8548 38.3504
      vertex -5 -10.771 26.5327
    endloop
  endfacet
  facet normal -0 -0.984808 -0.173648
    outer loop
      vertex 47.5 -3.38333 -15.3648
      vertex 5 -10.771 26.5327
      vertex 5 -3.38333 -15.3648
    endloop
  endfacet
  facet normal 0 0 0
    outer loop
      vertex 47.5 -3.38333 -15.3648
      vertex 5 -3.38333 -15.3648
      vertex -47.5 -3.38333 -15.3648
    endloop
  endfacet
  facet normal -3.06352e-07 -0.984808 -0.173649
    outer loop
      vertex 5 -10.771 26.5327
      vertex 47.5 -3.38333 -15.3648
      vertex 50 -12.8548 38.3504
    endloop
  endfacet
  facet normal -0 -0.984808 -0.173649
    outer loop
      vertex 50 -2.67802 -19.3648
      vertex 47.5 -3.38333 -15.3648
      vertex 47.5 -2.67802 -19.3648
    endloop
  endfacet
  facet normal -8.38692e-08 -0.984808 -0.173649
    outer loop
      vertex 47.5 -3.38333 -15.3648
      vertex 50 -2.67802 -19.3648
      vertex 50 -12.8548 38.3504
    endloop
  endfacet
  facet normal 1 0 0
    outer loop
      vertex 50 -6.94593 39.3923
      vertex 50 -2.67802 -19.3648
      vertex 50 3.41454 -19.3648
    endloop
  endfacet
  facet normal 1 0 0
    outer loop
      vertex 50 -2.67802 -19.3648
      vertex 50 -6.94593 39.3923
      vertex 50 -12.8548 38.3504
    endloop
  endfacet
  facet normal 0 0.984808 0.173648
    outer loop
      vertex 50 3.41454 -19.3648
      vertex -50 -6.94593 39.3923
      vertex 50 -6.94593 39.3923
    endloop
  endfacet
  facet normal 0 0.984808 0.173648
    outer loop
      vertex -50 -6.94593 39.3923
      vertex 50 3.41454 -19.3648
      vertex -50 3.41454 -19.3648
    endloop
  endfacet
  facet normal 0 -0.173649 0.984808
    outer loop
      vertex -50 -6.94593 39.3923
      vertex 50 -12.8548 38.3504
      vertex 50 -6.94593 39.3923
    endloop
  endfacet
  facet normal 0 -0.173649 0.984808
    outer loop
      vertex 50 -12.8548 38.3504
      vertex -50 -6.94593 39.3923
      vertex -50 -12.8548 38.3504
    endloop
  endfacet
  facet normal 0 0 -1
    outer loop
      vertex -47.5 -2.67802 -19.3648
      vertex -50 -2.67802 -19.3648
      vertex -47.5 1.03103 -19.3648
    endloop
  endfacet
  facet normal 0 0 -1
    outer loop
      vertex 47.5 1.03103 -19.3648
      vertex 50 -2.67802 -19.3648
      vertex 47.5 -2.67802 -19.3648
    endloop
  endfacet
  facet normal 0 0 -1
    outer loop
      vertex 50 -2.67802 -19.3648
      vertex 47.5 1.03103 -19.3648
      vertex 50 3.41454 -19.3648
    endloop
  endfacet
  facet normal 0 0 -1
    outer loop
      vertex -47.5 1.03103 -19.3648
      vertex 50 3.41454 -19.3648
      vertex 47.5 1.03103 -19.3648
    endloop
  endfacet
  facet normal 0 0 -1
    outer loop
      vertex -47.5 1.03103 -19.3648
      vertex -50 3.41454 -19.3648
      vertex 50 3.41454 -19.3648
    endloop
  endfacet
  facet normal 0 0 -1
    outer loop
      vertex -50 3.41454 -19.3648
      vertex -47.5 1.03103 -19.3648
      vertex -50 -2.67802 -19.3648
    endloop
  endfacet
  facet normal 1 0 0
    outer loop
      vertex 5 -10.771 26.5327
      vertex 5 -120.349 -15.3648
      vertex 5 -3.38333 -15.3648
    endloop
  endfacet
  facet normal 1 -0 0
    outer loop
      vertex 5 -120.981 -15.2648
      vertex 5 -120.349 -15.3648
      vertex 5 -10.771 26.5327
    endloop
  endfacet
  facet normal 1 0 0
    outer loop
      vertex 5 -120.349 -15.3648
      vertex 5 -120.981 -15.2648
      vertex 5 -120.981 -15.3648
    endloop
  endfacet
  facet normal 0 0 -1
    outer loop
      vertex -5 -120.349 -15.3648
      vertex 5 -3.38333 -15.3648
      vertex 5 -120.349 -15.3648
    endloop
  endfacet
  facet normal -0 0 -1
    outer loop
      vertex 5 -3.38333 -15.3648
      vertex -5 -120.349 -15.3648
      vertex -5 -3.38333 -15.3648
    endloop
  endfacet
  facet normal -1 0 0
    outer loop
      vertex -5 -120.349 -15.3648
      vertex -5 -10.771 26.5327
      vertex -5 -3.38333 -15.3648
    endloop
  endfacet
  facet normal -1 0 0
    outer loop
      vertex -5 -120.981 -15.2648
      vertex -5 -120.349 -15.3648
      vertex -5 -120.981 -15.3648
    endloop
  endfacet
  facet normal -1 0 0
    outer loop
      vertex -5 -120.349 -15.3648
      vertex -5 -120.981 -15.2648
      vertex -5 -10.771 26.5327
    endloop
  endfacet
  facet normal 0 -1 0
    outer loop
      vertex -5 -120.981 -15.3648
      vertex 5 -120.981 -15.2648
      vertex -5 -120.981 -15.2648
    endloop
  endfacet
  facet normal 0 -1 -0
    outer loop
      vertex 5 -120.981 -15.2648
      vertex -5 -120.981 -15.3648
      vertex 5 -120.981 -15.3648
    endloop
  endfacet
  facet normal 0 -0.354608 0.935015
    outer loop
      vertex -5 -10.771 26.5327
      vertex 5 -120.981 -15.2648
      vertex 5 -10.771 26.5327
    endloop
  endfacet
  facet normal 0 -0.354608 0.935015
    outer loop
      vertex 5 -120.981 -15.2648
      vertex -5 -10.771 26.5327
      vertex -5 -120.981 -15.2648
    endloop
  endfacet
  facet normal -0.997854 0.0654722 0
    outer loop
      vertex -15.4137 -81.6896 -19.3648
      vertex -15.4 -81.4808 -13.3648
      vertex -15.4 -81.4808 -19.3648
    endloop
  endfacet
  facet normal -0.997854 0.0654722 0
    outer loop
      vertex -15.4 -81.4808 -13.3648
      vertex -15.4137 -81.6896 -19.3648
      vertex -15.4137 -81.6896 -13.3648
    endloop
  endfacet
  facet normal 0.997854 0.0654722 0
    outer loop
      vertex -18.5863 -81.6896 -13.3648
      vertex -18.6 -81.4808 -19.3648
      vertex -18.6 -81.4808 -13.3648
    endloop
  endfacet
  facet normal 0.997854 0.0654722 0
    outer loop
      vertex -18.6 -81.4808 -19.3648
      vertex -18.5863 -81.6896 -13.3648
      vertex -18.5863 -81.6896 -19.3648
    endloop
  endfacet
  facet normal 0.0654722 0.997854 -0
    outer loop
      vertex -17 -83.0808 -19.3648
      vertex -17.2088 -83.0671 -13.3648
      vertex -17 -83.0808 -13.3648
    endloop
  endfacet
  facet normal 0.0654722 0.997854 0
    outer loop
      vertex -17.2088 -83.0671 -13.3648
      vertex -17 -83.0808 -19.3648
      vertex -17.2088 -83.0671 -19.3648
    endloop
  endfacet
  facet normal -0.0654722 -0.997854 0
    outer loop
      vertex -17 -79.8808 -19.3648
      vertex -16.7912 -79.8945 -13.3648
      vertex -17 -79.8808 -13.3648
    endloop
  endfacet
  facet normal -0.0654722 -0.997854 -0
    outer loop
      vertex -16.7912 -79.8945 -13.3648
      vertex -17 -79.8808 -19.3648
      vertex -16.7912 -79.8945 -19.3648
    endloop
  endfacet
  facet normal -0.751925 -0.659248 0
    outer loop
      vertex -15.7306 -80.5068 -19.3648
      vertex -15.8686 -80.3494 -13.3648
      vertex -15.8686 -80.3494 -19.3648
    endloop
  endfacet
  facet normal -0.751925 -0.659248 0
    outer loop
      vertex -15.8686 -80.3494 -13.3648
      vertex -15.7306 -80.5068 -19.3648
      vertex -15.7306 -80.5068 -13.3648
    endloop
  endfacet
  facet normal -0.659248 0.751925 0
    outer loop
      vertex -15.8686 -82.6121 -19.3648
      vertex -16.026 -82.7501 -13.3648
      vertex -15.8686 -82.6121 -13.3648
    endloop
  endfacet
  facet normal -0.659248 0.751925 0
    outer loop
      vertex -16.026 -82.7501 -13.3648
      vertex -15.8686 -82.6121 -19.3648
      vertex -16.026 -82.7501 -19.3648
    endloop
  endfacet
  facet normal 0.751718 0.659485 0
    outer loop
      vertex -18.1314 -82.6121 -13.3648
      vertex -18.2694 -82.4548 -19.3648
      vertex -18.2694 -82.4548 -13.3648
    endloop
  endfacet
  facet normal 0.751718 0.659485 0
    outer loop
      vertex -18.2694 -82.4548 -19.3648
      vertex -18.1314 -82.6121 -13.3648
      vertex -18.1314 -82.6121 -19.3648
    endloop
  endfacet
  facet normal 0.442429 0.896803 -0
    outer loop
      vertex -17.6123 -82.959 -19.3648
      vertex -17.8 -82.8664 -13.3648
      vertex -17.6123 -82.959 -13.3648
    endloop
  endfacet
  facet normal 0.442429 0.896803 0
    outer loop
      vertex -17.8 -82.8664 -13.3648
      vertex -17.6123 -82.959 -19.3648
      vertex -17.8 -82.8664 -19.3648
    endloop
  endfacet
  facet normal -0.896803 0.442429 0
    outer loop
      vertex -15.6144 -82.2808 -19.3648
      vertex -15.5218 -82.0931 -13.3648
      vertex -15.5218 -82.0931 -19.3648
    endloop
  endfacet
  facet normal -0.896803 0.442429 0
    outer loop
      vertex -15.5218 -82.0931 -13.3648
      vertex -15.6144 -82.2808 -19.3648
      vertex -15.6144 -82.2808 -13.3648
    endloop
  endfacet
  facet normal -0.831609 0.555362 0
    outer loop
      vertex -15.7306 -82.4548 -19.3648
      vertex -15.6144 -82.2808 -13.3648
      vertex -15.6144 -82.2808 -19.3648
    endloop
  endfacet
  facet normal -0.831609 0.555362 0
    outer loop
      vertex -15.6144 -82.2808 -13.3648
      vertex -15.7306 -82.4548 -19.3648
      vertex -15.7306 -82.4548 -13.3648
    endloop
  endfacet
  facet normal -0.321526 0.946901 0
    outer loop
      vertex -16.3877 -82.959 -19.3648
      vertex -16.5859 -83.0263 -13.3648
      vertex -16.3877 -82.959 -13.3648
    endloop
  endfacet
  facet normal -0.321526 0.946901 0
    outer loop
      vertex -16.5859 -83.0263 -13.3648
      vertex -16.3877 -82.959 -19.3648
      vertex -16.5859 -83.0263 -19.3648
    endloop
  endfacet
  facet normal -0.194922 0.980819 0
    outer loop
      vertex -16.5859 -83.0263 -19.3648
      vertex -16.7912 -83.0671 -13.3648
      vertex -16.5859 -83.0263 -13.3648
    endloop
  endfacet
  facet normal -0.194922 0.980819 0
    outer loop
      vertex -16.7912 -83.0671 -13.3648
      vertex -16.5859 -83.0263 -19.3648
      vertex -16.7912 -83.0671 -19.3648
    endloop
  endfacet
  facet normal -0.442429 0.896803 0
    outer loop
      vertex -16.2 -82.8664 -19.3648
      vertex -16.3877 -82.959 -13.3648
      vertex -16.2 -82.8664 -13.3648
    endloop
  endfacet
  facet normal -0.442429 0.896803 0
    outer loop
      vertex -16.3877 -82.959 -13.3648
      vertex -16.2 -82.8664 -19.3648
      vertex -16.3877 -82.959 -19.3648
    endloop
  endfacet
  facet normal 0.946901 0.321526 0
    outer loop
      vertex -18.4782 -82.0931 -13.3648
      vertex -18.5455 -81.8949 -19.3648
      vertex -18.5455 -81.8949 -13.3648
    endloop
  endfacet
  facet normal 0.946901 0.321526 0
    outer loop
      vertex -18.5455 -81.8949 -19.3648
      vertex -18.4782 -82.0931 -13.3648
      vertex -18.4782 -82.0931 -19.3648
    endloop
  endfacet
  facet normal 0.896803 0.442429 0
    outer loop
      vertex -18.3856 -82.2808 -13.3648
      vertex -18.4782 -82.0931 -19.3648
      vertex -18.4782 -82.0931 -13.3648
    endloop
  endfacet
  facet normal 0.896803 0.442429 0
    outer loop
      vertex -18.4782 -82.0931 -19.3648
      vertex -18.3856 -82.2808 -13.3648
      vertex -18.3856 -82.2808 -19.3648
    endloop
  endfacet
  facet normal 0.980819 0.194922 0
    outer loop
      vertex -18.5455 -81.8949 -13.3648
      vertex -18.5863 -81.6896 -19.3648
      vertex -18.5863 -81.6896 -13.3648
    endloop
  endfacet
  facet normal 0.980819 0.194922 0
    outer loop
      vertex -18.5863 -81.6896 -19.3648
      vertex -18.5455 -81.8949 -13.3648
      vertex -18.5455 -81.8949 -19.3648
    endloop
  endfacet
  facet normal 0.555692 0.831388 -0
    outer loop
      vertex -17.8 -82.8664 -19.3648
      vertex -17.974 -82.7501 -13.3648
      vertex -17.8 -82.8664 -13.3648
    endloop
  endfacet
  facet normal 0.555692 0.831388 0
    outer loop
      vertex -17.974 -82.7501 -13.3648
      vertex -17.8 -82.8664 -19.3648
      vertex -17.974 -82.7501 -19.3648
    endloop
  endfacet
  facet normal 0.321526 0.946901 -0
    outer loop
      vertex -17.4141 -83.0263 -19.3648
      vertex -17.6123 -82.959 -13.3648
      vertex -17.4141 -83.0263 -13.3648
    endloop
  endfacet
  facet normal 0.321526 0.946901 0
    outer loop
      vertex -17.6123 -82.959 -13.3648
      vertex -17.4141 -83.0263 -19.3648
      vertex -17.6123 -82.959 -19.3648
    endloop
  endfacet
  facet normal -0.194922 -0.980819 0
    outer loop
      vertex -16.7912 -79.8945 -19.3648
      vertex -16.5859 -79.9353 -13.3648
      vertex -16.7912 -79.8945 -13.3648
    endloop
  endfacet
  facet normal -0.194922 -0.980819 -0
    outer loop
      vertex -16.5859 -79.9353 -13.3648
      vertex -16.7912 -79.8945 -19.3648
      vertex -16.5859 -79.9353 -19.3648
    endloop
  endfacet
  facet normal -0.946901 0.321526 0
    outer loop
      vertex -15.5218 -82.0931 -19.3648
      vertex -15.4545 -81.8949 -13.3648
      vertex -15.4545 -81.8949 -19.3648
    endloop
  endfacet
  facet normal -0.946901 0.321526 0
    outer loop
      vertex -15.4545 -81.8949 -13.3648
      vertex -15.5218 -82.0931 -19.3648
      vertex -15.5218 -82.0931 -13.3648
    endloop
  endfacet
  facet normal -0.980819 0.194922 0
    outer loop
      vertex -15.4545 -81.8949 -19.3648
      vertex -15.4137 -81.6896 -13.3648
      vertex -15.4137 -81.6896 -19.3648
    endloop
  endfacet
  facet normal -0.980819 0.194922 0
    outer loop
      vertex -15.4137 -81.6896 -13.3648
      vertex -15.4545 -81.8949 -19.3648
      vertex -15.4545 -81.8949 -13.3648
    endloop
  endfacet
  facet normal -0.751718 0.659485 0
    outer loop
      vertex -15.8686 -82.6121 -19.3648
      vertex -15.7306 -82.4548 -13.3648
      vertex -15.7306 -82.4548 -19.3648
    endloop
  endfacet
  facet normal -0.751718 0.659485 0
    outer loop
      vertex -15.7306 -82.4548 -13.3648
      vertex -15.8686 -82.6121 -19.3648
      vertex -15.8686 -82.6121 -13.3648
    endloop
  endfacet
  facet normal -0.0654722 0.997854 0
    outer loop
      vertex -16.7912 -83.0671 -19.3648
      vertex -17 -83.0808 -13.3648
      vertex -16.7912 -83.0671 -13.3648
    endloop
  endfacet
  facet normal -0.0654722 0.997854 0
    outer loop
      vertex -17 -83.0808 -13.3648
      vertex -16.7912 -83.0671 -19.3648
      vertex -17 -83.0808 -19.3648
    endloop
  endfacet
  facet normal -0.555692 0.831388 0
    outer loop
      vertex -16.026 -82.7501 -19.3648
      vertex -16.2 -82.8664 -13.3648
      vertex -16.026 -82.7501 -13.3648
    endloop
  endfacet
  facet normal -0.555692 0.831388 0
    outer loop
      vertex -16.2 -82.8664 -13.3648
      vertex -16.026 -82.7501 -19.3648
      vertex -16.2 -82.8664 -19.3648
    endloop
  endfacet
  facet normal 0.831609 0.555362 0
    outer loop
      vertex -18.2694 -82.4548 -13.3648
      vertex -18.3856 -82.2808 -19.3648
      vertex -18.3856 -82.2808 -13.3648
    endloop
  endfacet
  facet normal 0.831609 0.555362 0
    outer loop
      vertex -18.3856 -82.2808 -19.3648
      vertex -18.2694 -82.4548 -13.3648
      vertex -18.2694 -82.4548 -19.3648
    endloop
  endfacet
  facet normal 0.194922 0.980819 -0
    outer loop
      vertex -17.2088 -83.0671 -19.3648
      vertex -17.4141 -83.0263 -13.3648
      vertex -17.2088 -83.0671 -13.3648
    endloop
  endfacet
  facet normal 0.194922 0.980819 0
    outer loop
      vertex -17.4141 -83.0263 -13.3648
      vertex -17.2088 -83.0671 -19.3648
      vertex -17.4141 -83.0263 -19.3648
    endloop
  endfacet
  facet normal -0.997856 -0.065441 0
    outer loop
      vertex -15.4 -81.4808 -19.3648
      vertex -15.4137 -81.2719 -13.3648
      vertex -15.4137 -81.2719 -19.3648
    endloop
  endfacet
  facet normal -0.997856 -0.065441 0
    outer loop
      vertex -15.4137 -81.2719 -13.3648
      vertex -15.4 -81.4808 -19.3648
      vertex -15.4 -81.4808 -13.3648
    endloop
  endfacet
  facet normal -0.946901 -0.321526 0
    outer loop
      vertex -15.4545 -81.0667 -19.3648
      vertex -15.5218 -80.8685 -13.3648
      vertex -15.5218 -80.8685 -19.3648
    endloop
  endfacet
  facet normal -0.946901 -0.321526 0
    outer loop
      vertex -15.5218 -80.8685 -13.3648
      vertex -15.4545 -81.0667 -19.3648
      vertex -15.4545 -81.0667 -13.3648
    endloop
  endfacet
  facet normal -0.980801 -0.195013 0
    outer loop
      vertex -15.4137 -81.2719 -19.3648
      vertex -15.4545 -81.0667 -13.3648
      vertex -15.4545 -81.0667 -19.3648
    endloop
  endfacet
  facet normal -0.980801 -0.195013 0
    outer loop
      vertex -15.4545 -81.0667 -13.3648
      vertex -15.4137 -81.2719 -19.3648
      vertex -15.4137 -81.2719 -13.3648
    endloop
  endfacet
  facet normal -0.555692 -0.831388 0
    outer loop
      vertex -16.2 -80.0951 -19.3648
      vertex -16.026 -80.2114 -13.3648
      vertex -16.2 -80.0951 -13.3648
    endloop
  endfacet
  facet normal -0.555692 -0.831388 -0
    outer loop
      vertex -16.026 -80.2114 -13.3648
      vertex -16.2 -80.0951 -19.3648
      vertex -16.026 -80.2114 -19.3648
    endloop
  endfacet
  facet normal -0.442045 -0.896993 0
    outer loop
      vertex -16.3877 -80.0026 -19.3648
      vertex -16.2 -80.0951 -13.3648
      vertex -16.3877 -80.0026 -13.3648
    endloop
  endfacet
  facet normal -0.442045 -0.896993 -0
    outer loop
      vertex -16.2 -80.0951 -13.3648
      vertex -16.3877 -80.0026 -19.3648
      vertex -16.2 -80.0951 -19.3648
    endloop
  endfacet
  facet normal 0.659248 0.751925 -0
    outer loop
      vertex -17.974 -82.7501 -19.3648
      vertex -18.1314 -82.6121 -13.3648
      vertex -17.974 -82.7501 -13.3648
    endloop
  endfacet
  facet normal 0.659248 0.751925 0
    outer loop
      vertex -18.1314 -82.6121 -13.3648
      vertex -17.974 -82.7501 -19.3648
      vertex -18.1314 -82.6121 -19.3648
    endloop
  endfacet
  facet normal -0.831609 -0.555362 0
    outer loop
      vertex -15.6144 -80.6808 -19.3648
      vertex -15.7306 -80.5068 -13.3648
      vertex -15.7306 -80.5068 -19.3648
    endloop
  endfacet
  facet normal -0.831609 -0.555362 0
    outer loop
      vertex -15.7306 -80.5068 -13.3648
      vertex -15.6144 -80.6808 -19.3648
      vertex -15.6144 -80.6808 -13.3648
    endloop
  endfacet
  facet normal 0.321526 -0.946901 0
    outer loop
      vertex -17.6123 -80.0026 -19.3648
      vertex -17.4141 -79.9353 -13.3648
      vertex -17.6123 -80.0026 -13.3648
    endloop
  endfacet
  facet normal 0.321526 -0.946901 0
    outer loop
      vertex -17.4141 -79.9353 -13.3648
      vertex -17.6123 -80.0026 -19.3648
      vertex -17.4141 -79.9353 -19.3648
    endloop
  endfacet
  facet normal 0.751925 -0.659248 0
    outer loop
      vertex -18.2694 -80.5068 -13.3648
      vertex -18.1314 -80.3494 -19.3648
      vertex -18.1314 -80.3494 -13.3648
    endloop
  endfacet
  facet normal 0.751925 -0.659248 0
    outer loop
      vertex -18.1314 -80.3494 -19.3648
      vertex -18.2694 -80.5068 -13.3648
      vertex -18.2694 -80.5068 -19.3648
    endloop
  endfacet
  facet normal 0.997856 -0.065441 0
    outer loop
      vertex -18.6 -81.4808 -13.3648
      vertex -18.5863 -81.2719 -19.3648
      vertex -18.5863 -81.2719 -13.3648
    endloop
  endfacet
  facet normal 0.997856 -0.065441 0
    outer loop
      vertex -18.5863 -81.2719 -19.3648
      vertex -18.6 -81.4808 -13.3648
      vertex -18.6 -81.4808 -19.3648
    endloop
  endfacet
  facet normal 0.980801 -0.195013 0
    outer loop
      vertex -18.5863 -81.2719 -13.3648
      vertex -18.5455 -81.0667 -19.3648
      vertex -18.5455 -81.0667 -13.3648
    endloop
  endfacet
  facet normal 0.980801 -0.195013 0
    outer loop
      vertex -18.5455 -81.0667 -19.3648
      vertex -18.5863 -81.2719 -13.3648
      vertex -18.5863 -81.2719 -19.3648
    endloop
  endfacet
  facet normal 0.946901 -0.321526 0
    outer loop
      vertex -18.5455 -81.0667 -13.3648
      vertex -18.4782 -80.8685 -19.3648
      vertex -18.4782 -80.8685 -13.3648
    endloop
  endfacet
  facet normal 0.946901 -0.321526 0
    outer loop
      vertex -18.4782 -80.8685 -19.3648
      vertex -18.5455 -81.0667 -13.3648
      vertex -18.5455 -81.0667 -19.3648
    endloop
  endfacet
  facet normal -0.659248 -0.751925 0
    outer loop
      vertex -16.026 -80.2114 -19.3648
      vertex -15.8686 -80.3494 -13.3648
      vertex -16.026 -80.2114 -13.3648
    endloop
  endfacet
  facet normal -0.659248 -0.751925 -0
    outer loop
      vertex -15.8686 -80.3494 -13.3648
      vertex -16.026 -80.2114 -19.3648
      vertex -15.8686 -80.3494 -19.3648
    endloop
  endfacet
  facet normal -0.321526 -0.946901 0
    outer loop
      vertex -16.5859 -79.9353 -19.3648
      vertex -16.3877 -80.0026 -13.3648
      vertex -16.5859 -79.9353 -13.3648
    endloop
  endfacet
  facet normal -0.321526 -0.946901 -0
    outer loop
      vertex -16.3877 -80.0026 -13.3648
      vertex -16.5859 -79.9353 -19.3648
      vertex -16.3877 -80.0026 -19.3648
    endloop
  endfacet
  facet normal -0.896803 -0.442429 0
    outer loop
      vertex -15.5218 -80.8685 -19.3648
      vertex -15.6144 -80.6808 -13.3648
      vertex -15.6144 -80.6808 -19.3648
    endloop
  endfacet
  facet normal -0.896803 -0.442429 0
    outer loop
      vertex -15.6144 -80.6808 -13.3648
      vertex -15.5218 -80.8685 -19.3648
      vertex -15.5218 -80.8685 -13.3648
    endloop
  endfacet
  facet normal 0.0654722 -0.997854 0
    outer loop
      vertex -17.2088 -79.8945 -19.3648
      vertex -17 -79.8808 -13.3648
      vertex -17.2088 -79.8945 -13.3648
    endloop
  endfacet
  facet normal 0.0654722 -0.997854 0
    outer loop
      vertex -17 -79.8808 -13.3648
      vertex -17.2088 -79.8945 -19.3648
      vertex -17 -79.8808 -19.3648
    endloop
  endfacet
  facet normal 0.555692 -0.831388 0
    outer loop
      vertex -17.974 -80.2114 -19.3648
      vertex -17.8 -80.0951 -13.3648
      vertex -17.974 -80.2114 -13.3648
    endloop
  endfacet
  facet normal 0.555692 -0.831388 0
    outer loop
      vertex -17.8 -80.0951 -13.3648
      vertex -17.974 -80.2114 -19.3648
      vertex -17.8 -80.0951 -19.3648
    endloop
  endfacet
  facet normal 0.194922 -0.980819 0
    outer loop
      vertex -17.4141 -79.9353 -19.3648
      vertex -17.2088 -79.8945 -13.3648
      vertex -17.4141 -79.9353 -13.3648
    endloop
  endfacet
  facet normal 0.194922 -0.980819 0
    outer loop
      vertex -17.2088 -79.8945 -13.3648
      vertex -17.4141 -79.9353 -19.3648
      vertex -17.2088 -79.8945 -19.3648
    endloop
  endfacet
  facet normal 0.659248 -0.751925 0
    outer loop
      vertex -18.1314 -80.3494 -19.3648
      vertex -17.974 -80.2114 -13.3648
      vertex -18.1314 -80.3494 -13.3648
    endloop
  endfacet
  facet normal 0.659248 -0.751925 0
    outer loop
      vertex -17.974 -80.2114 -13.3648
      vertex -18.1314 -80.3494 -19.3648
      vertex -17.974 -80.2114 -19.3648
    endloop
  endfacet
  facet normal 0.896803 -0.442429 0
    outer loop
      vertex -18.4782 -80.8685 -13.3648
      vertex -18.3856 -80.6808 -19.3648
      vertex -18.3856 -80.6808 -13.3648
    endloop
  endfacet
  facet normal 0.896803 -0.442429 0
    outer loop
      vertex -18.3856 -80.6808 -19.3648
      vertex -18.4782 -80.8685 -13.3648
      vertex -18.4782 -80.8685 -19.3648
    endloop
  endfacet
  facet normal 0.831609 -0.555362 0
    outer loop
      vertex -18.3856 -80.6808 -13.3648
      vertex -18.2694 -80.5068 -19.3648
      vertex -18.2694 -80.5068 -13.3648
    endloop
  endfacet
  facet normal 0.831609 -0.555362 0
    outer loop
      vertex -18.2694 -80.5068 -19.3648
      vertex -18.3856 -80.6808 -13.3648
      vertex -18.3856 -80.6808 -19.3648
    endloop
  endfacet
  facet normal 0.442045 -0.896993 0
    outer loop
      vertex -17.8 -80.0951 -19.3648
      vertex -17.6123 -80.0026 -13.3648
      vertex -17.8 -80.0951 -13.3648
    endloop
  endfacet
  facet normal 0.442045 -0.896993 0
    outer loop
      vertex -17.6123 -80.0026 -13.3648
      vertex -17.8 -80.0951 -19.3648
      vertex -17.6123 -80.0026 -19.3648
    endloop
  endfacet
  facet normal -0.997858 0.0654099 0
    outer loop
      vertex -15.4137 -115.69 -19.3648
      vertex -15.4 -115.481 -13.3648
      vertex -15.4 -115.481 -19.3648
    endloop
  endfacet
  facet normal -0.997858 0.0654099 0
    outer loop
      vertex -15.4 -115.481 -13.3648
      vertex -15.4137 -115.69 -19.3648
      vertex -15.4137 -115.69 -13.3648
    endloop
  endfacet
  facet normal 0.0668996 0.99776 -0
    outer loop
      vertex -17 -117.081 -19.3648
      vertex -17.2088 -117.067 -13.3648
      vertex -17 -117.081 -13.3648
    endloop
  endfacet
  facet normal 0.0668996 0.99776 0
    outer loop
      vertex -17.2088 -117.067 -13.3648
      vertex -17 -117.081 -19.3648
      vertex -17.2088 -117.067 -19.3648
    endloop
  endfacet
  facet normal -0.0621402 -0.998067 0
    outer loop
      vertex -17 -113.881 -19.3648
      vertex -16.7912 -113.894 -13.3648
      vertex -17 -113.881 -13.3648
    endloop
  endfacet
  facet normal -0.0621402 -0.998067 -0
    outer loop
      vertex -16.7912 -113.894 -13.3648
      vertex -17 -113.881 -19.3648
      vertex -16.7912 -113.894 -19.3648
    endloop
  endfacet
  facet normal 0.659248 -0.751925 0
    outer loop
      vertex -18.1314 -114.349 -19.3648
      vertex -17.974 -114.211 -13.3648
      vertex -18.1314 -114.349 -13.3648
    endloop
  endfacet
  facet normal 0.659248 -0.751925 0
    outer loop
      vertex -17.974 -114.211 -13.3648
      vertex -18.1314 -114.349 -19.3648
      vertex -17.974 -114.211 -19.3648
    endloop
  endfacet
  facet normal -0.659248 0.751925 0
    outer loop
      vertex -15.8686 -116.612 -19.3648
      vertex -16.026 -116.75 -13.3648
      vertex -15.8686 -116.612 -13.3648
    endloop
  endfacet
  facet normal -0.659248 0.751925 0
    outer loop
      vertex -16.026 -116.75 -13.3648
      vertex -15.8686 -116.612 -19.3648
      vertex -16.026 -116.75 -19.3648
    endloop
  endfacet
  facet normal 0.751093 0.660196 0
    outer loop
      vertex -18.1314 -116.612 -13.3648
      vertex -18.2694 -116.455 -19.3648
      vertex -18.2694 -116.455 -13.3648
    endloop
  endfacet
  facet normal 0.751093 0.660196 0
    outer loop
      vertex -18.2694 -116.455 -19.3648
      vertex -18.1314 -116.612 -13.3648
      vertex -18.1314 -116.612 -19.3648
    endloop
  endfacet
  facet normal 0.443964 0.896044 -0
    outer loop
      vertex -17.6123 -116.959 -19.3648
      vertex -17.8 -116.866 -13.3648
      vertex -17.6123 -116.959 -13.3648
    endloop
  endfacet
  facet normal 0.443964 0.896044 0
    outer loop
      vertex -17.8 -116.866 -13.3648
      vertex -17.6123 -116.959 -19.3648
      vertex -17.8 -116.866 -19.3648
    endloop
  endfacet
  facet normal -0.897083 0.441861 0
    outer loop
      vertex -15.6144 -116.281 -19.3648
      vertex -15.5218 -116.093 -13.3648
      vertex -15.5218 -116.093 -19.3648
    endloop
  endfacet
  facet normal -0.897083 0.441861 0
    outer loop
      vertex -15.5218 -116.093 -13.3648
      vertex -15.6144 -116.281 -19.3648
      vertex -15.6144 -116.281 -13.3648
    endloop
  endfacet
  facet normal -0.831609 0.555362 0
    outer loop
      vertex -15.7306 -116.455 -19.3648
      vertex -15.6144 -116.281 -13.3648
      vertex -15.6144 -116.281 -19.3648
    endloop
  endfacet
  facet normal -0.831609 0.555362 0
    outer loop
      vertex -15.6144 -116.281 -13.3648
      vertex -15.7306 -116.455 -19.3648
      vertex -15.7306 -116.455 -13.3648
    endloop
  endfacet
  facet normal -0.32024 0.947336 0
    outer loop
      vertex -16.3877 -116.959 -19.3648
      vertex -16.5859 -117.026 -13.3648
      vertex -16.3877 -116.959 -13.3648
    endloop
  endfacet
  facet normal -0.32024 0.947336 0
    outer loop
      vertex -16.5859 -117.026 -13.3648
      vertex -16.3877 -116.959 -19.3648
      vertex -16.5859 -117.026 -19.3648
    endloop
  endfacet
  facet normal -0.195841 0.980636 0
    outer loop
      vertex -16.5859 -117.026 -19.3648
      vertex -16.7912 -117.067 -13.3648
      vertex -16.5859 -117.026 -13.3648
    endloop
  endfacet
  facet normal -0.195841 0.980636 0
    outer loop
      vertex -16.7912 -117.067 -13.3648
      vertex -16.5859 -117.026 -19.3648
      vertex -16.7912 -117.067 -19.3648
    endloop
  endfacet
  facet normal -0.443964 0.896044 0
    outer loop
      vertex -16.2 -116.866 -19.3648
      vertex -16.3877 -116.959 -13.3648
      vertex -16.2 -116.866 -13.3648
    endloop
  endfacet
  facet normal -0.443964 0.896044 0
    outer loop
      vertex -16.3877 -116.959 -13.3648
      vertex -16.2 -116.866 -19.3648
      vertex -16.3877 -116.959 -19.3648
    endloop
  endfacet
  facet normal 0.946802 0.321817 0
    outer loop
      vertex -18.4782 -116.093 -13.3648
      vertex -18.5455 -115.895 -19.3648
      vertex -18.5455 -115.895 -13.3648
    endloop
  endfacet
  facet normal 0.946802 0.321817 0
    outer loop
      vertex -18.5455 -115.895 -19.3648
      vertex -18.4782 -116.093 -13.3648
      vertex -18.4782 -116.093 -19.3648
    endloop
  endfacet
  facet normal 0.980764 0.195196 0
    outer loop
      vertex -18.5455 -115.895 -13.3648
      vertex -18.5863 -115.69 -19.3648
      vertex -18.5863 -115.69 -13.3648
    endloop
  endfacet
  facet normal 0.980764 0.195196 0
    outer loop
      vertex -18.5863 -115.69 -19.3648
      vertex -18.5455 -115.895 -13.3648
      vertex -18.5455 -115.895 -19.3648
    endloop
  endfacet
  facet normal 0.5547 0.83205 -0
    outer loop
      vertex -17.8 -116.866 -19.3648
      vertex -17.974 -116.75 -13.3648
      vertex -17.8 -116.866 -13.3648
    endloop
  endfacet
  facet normal 0.5547 0.83205 0
    outer loop
      vertex -17.974 -116.75 -13.3648
      vertex -17.8 -116.866 -19.3648
      vertex -17.974 -116.75 -19.3648
    endloop
  endfacet
  facet normal 0.32024 0.947336 -0
    outer loop
      vertex -17.4141 -117.026 -19.3648
      vertex -17.6123 -116.959 -13.3648
      vertex -17.4141 -117.026 -13.3648
    endloop
  endfacet
  facet normal 0.32024 0.947336 0
    outer loop
      vertex -17.6123 -116.959 -13.3648
      vertex -17.4141 -117.026 -19.3648
      vertex -17.6123 -116.959 -19.3648
    endloop
  endfacet
  facet normal -0.5547 -0.83205 0
    outer loop
      vertex -16.2 -114.095 -19.3648
      vertex -16.026 -114.211 -13.3648
      vertex -16.2 -114.095 -13.3648
    endloop
  endfacet
  facet normal -0.5547 -0.83205 -0
    outer loop
      vertex -16.026 -114.211 -13.3648
      vertex -16.2 -114.095 -19.3648
      vertex -16.026 -114.211 -19.3648
    endloop
  endfacet
  facet normal -0.980764 -0.195196 0
    outer loop
      vertex -15.4137 -115.272 -19.3648
      vertex -15.4545 -115.067 -13.3648
      vertex -15.4545 -115.067 -19.3648
    endloop
  endfacet
  facet normal -0.980764 -0.195196 0
    outer loop
      vertex -15.4545 -115.067 -13.3648
      vertex -15.4137 -115.272 -19.3648
      vertex -15.4137 -115.272 -13.3648
    endloop
  endfacet
  facet normal 0.195841 -0.980636 0
    outer loop
      vertex -17.4141 -113.935 -19.3648
      vertex -17.2088 -113.894 -13.3648
      vertex -17.4141 -113.935 -13.3648
    endloop
  endfacet
  facet normal 0.195841 -0.980636 0
    outer loop
      vertex -17.2088 -113.894 -13.3648
      vertex -17.4141 -113.935 -19.3648
      vertex -17.2088 -113.894 -19.3648
    endloop
  endfacet
  facet normal 0.831609 -0.555362 0
    outer loop
      vertex -18.3856 -114.681 -13.3648
      vertex -18.2694 -114.507 -19.3648
      vertex -18.2694 -114.507 -13.3648
    endloop
  endfacet
  facet normal 0.831609 -0.555362 0
    outer loop
      vertex -18.2694 -114.507 -19.3648
      vertex -18.3856 -114.681 -13.3648
      vertex -18.3856 -114.681 -19.3648
    endloop
  endfacet
  facet normal -0.946802 0.321817 0
    outer loop
      vertex -15.5218 -116.093 -19.3648
      vertex -15.4545 -115.895 -13.3648
      vertex -15.4545 -115.895 -19.3648
    endloop
  endfacet
  facet normal -0.946802 0.321817 0
    outer loop
      vertex -15.4545 -115.895 -13.3648
      vertex -15.5218 -116.093 -19.3648
      vertex -15.5218 -116.093 -13.3648
    endloop
  endfacet
  facet normal -0.980764 0.195196 0
    outer loop
      vertex -15.4545 -115.895 -19.3648
      vertex -15.4137 -115.69 -13.3648
      vertex -15.4137 -115.69 -19.3648
    endloop
  endfacet
  facet normal -0.980764 0.195196 0
    outer loop
      vertex -15.4137 -115.69 -13.3648
      vertex -15.4545 -115.895 -19.3648
      vertex -15.4545 -115.895 -13.3648
    endloop
  endfacet
  facet normal -0.751093 0.660196 0
    outer loop
      vertex -15.8686 -116.612 -19.3648
      vertex -15.7306 -116.455 -13.3648
      vertex -15.7306 -116.455 -19.3648
    endloop
  endfacet
  facet normal -0.751093 0.660196 0
    outer loop
      vertex -15.7306 -116.455 -13.3648
      vertex -15.8686 -116.612 -19.3648
      vertex -15.8686 -116.612 -13.3648
    endloop
  endfacet
  facet normal -0.0668996 0.99776 0
    outer loop
      vertex -16.7912 -117.067 -19.3648
      vertex -17 -117.081 -13.3648
      vertex -16.7912 -117.067 -13.3648
    endloop
  endfacet
  facet normal -0.0668996 0.99776 0
    outer loop
      vertex -17 -117.081 -13.3648
      vertex -16.7912 -117.067 -19.3648
      vertex -17 -117.081 -19.3648
    endloop
  endfacet
  facet normal -0.5547 0.83205 0
    outer loop
      vertex -16.026 -116.75 -19.3648
      vertex -16.2 -116.866 -13.3648
      vertex -16.026 -116.75 -13.3648
    endloop
  endfacet
  facet normal -0.5547 0.83205 0
    outer loop
      vertex -16.2 -116.866 -13.3648
      vertex -16.026 -116.75 -19.3648
      vertex -16.2 -116.866 -19.3648
    endloop
  endfacet
  facet normal 0.897083 0.441861 0
    outer loop
      vertex -18.3856 -116.281 -13.3648
      vertex -18.4782 -116.093 -19.3648
      vertex -18.4782 -116.093 -13.3648
    endloop
  endfacet
  facet normal 0.897083 0.441861 0
    outer loop
      vertex -18.4782 -116.093 -19.3648
      vertex -18.3856 -116.281 -13.3648
      vertex -18.3856 -116.281 -19.3648
    endloop
  endfacet
  facet normal 0.831609 0.555362 0
    outer loop
      vertex -18.2694 -116.455 -13.3648
      vertex -18.3856 -116.281 -19.3648
      vertex -18.3856 -116.281 -13.3648
    endloop
  endfacet
  facet normal 0.831609 0.555362 0
    outer loop
      vertex -18.3856 -116.281 -19.3648
      vertex -18.2694 -116.455 -13.3648
      vertex -18.2694 -116.455 -19.3648
    endloop
  endfacet
  facet normal 0.997858 0.0654099 0
    outer loop
      vertex -18.5863 -115.69 -13.3648
      vertex -18.6 -115.481 -19.3648
      vertex -18.6 -115.481 -13.3648
    endloop
  endfacet
  facet normal 0.997858 0.0654099 0
    outer loop
      vertex -18.6 -115.481 -19.3648
      vertex -18.5863 -115.69 -13.3648
      vertex -18.5863 -115.69 -19.3648
    endloop
  endfacet
  facet normal 0.659248 0.751925 -0
    outer loop
      vertex -17.974 -116.75 -19.3648
      vertex -18.1314 -116.612 -13.3648
      vertex -17.974 -116.75 -13.3648
    endloop
  endfacet
  facet normal 0.659248 0.751925 0
    outer loop
      vertex -18.1314 -116.612 -13.3648
      vertex -17.974 -116.75 -19.3648
      vertex -18.1314 -116.612 -19.3648
    endloop
  endfacet
  facet normal 0.195841 0.980636 -0
    outer loop
      vertex -17.2088 -117.067 -19.3648
      vertex -17.4141 -117.026 -13.3648
      vertex -17.2088 -117.067 -13.3648
    endloop
  endfacet
  facet normal 0.195841 0.980636 0
    outer loop
      vertex -17.4141 -117.026 -13.3648
      vertex -17.2088 -117.067 -19.3648
      vertex -17.4141 -117.026 -19.3648
    endloop
  endfacet
  facet normal -0.997858 -0.0654099 0
    outer loop
      vertex -15.4 -115.481 -19.3648
      vertex -15.4137 -115.272 -13.3648
      vertex -15.4137 -115.272 -19.3648
    endloop
  endfacet
  facet normal -0.997858 -0.0654099 0
    outer loop
      vertex -15.4137 -115.272 -13.3648
      vertex -15.4 -115.481 -19.3648
      vertex -15.4 -115.481 -13.3648
    endloop
  endfacet
  facet normal -0.195841 -0.980636 0
    outer loop
      vertex -16.7912 -113.894 -19.3648
      vertex -16.5859 -113.935 -13.3648
      vertex -16.7912 -113.894 -13.3648
    endloop
  endfacet
  facet normal -0.195841 -0.980636 -0
    outer loop
      vertex -16.5859 -113.935 -13.3648
      vertex -16.7912 -113.894 -19.3648
      vertex -16.5859 -113.935 -19.3648
    endloop
  endfacet
  facet normal -0.440119 -0.897939 0
    outer loop
      vertex -16.3877 -114.003 -19.3648
      vertex -16.2 -114.095 -13.3648
      vertex -16.3877 -114.003 -13.3648
    endloop
  endfacet
  facet normal -0.440119 -0.897939 -0
    outer loop
      vertex -16.2 -114.095 -13.3648
      vertex -16.3877 -114.003 -19.3648
      vertex -16.2 -114.095 -19.3648
    endloop
  endfacet
  facet normal -0.659248 -0.751925 0
    outer loop
      vertex -16.026 -114.211 -19.3648
      vertex -15.8686 -114.349 -13.3648
      vertex -16.026 -114.211 -13.3648
    endloop
  endfacet
  facet normal -0.659248 -0.751925 -0
    outer loop
      vertex -15.8686 -114.349 -13.3648
      vertex -16.026 -114.211 -19.3648
      vertex -15.8686 -114.349 -19.3648
    endloop
  endfacet
  facet normal -0.831609 -0.555362 0
    outer loop
      vertex -15.6144 -114.681 -19.3648
      vertex -15.7306 -114.507 -13.3648
      vertex -15.7306 -114.507 -19.3648
    endloop
  endfacet
  facet normal -0.831609 -0.555362 0
    outer loop
      vertex -15.7306 -114.507 -13.3648
      vertex -15.6144 -114.681 -19.3648
      vertex -15.6144 -114.681 -13.3648
    endloop
  endfacet
  facet normal -0.947294 -0.320366 0
    outer loop
      vertex -15.4545 -115.067 -19.3648
      vertex -15.5218 -114.868 -13.3648
      vertex -15.5218 -114.868 -19.3648
    endloop
  endfacet
  facet normal -0.947294 -0.320366 0
    outer loop
      vertex -15.5218 -114.868 -13.3648
      vertex -15.4545 -115.067 -19.3648
      vertex -15.4545 -115.067 -13.3648
    endloop
  endfacet
  facet normal 0.5547 -0.83205 0
    outer loop
      vertex -17.974 -114.211 -19.3648
      vertex -17.8 -114.095 -13.3648
      vertex -17.974 -114.211 -13.3648
    endloop
  endfacet
  facet normal 0.5547 -0.83205 0
    outer loop
      vertex -17.8 -114.095 -13.3648
      vertex -17.974 -114.211 -19.3648
      vertex -17.8 -114.095 -19.3648
    endloop
  endfacet
  facet normal 0.32452 -0.945879 0
    outer loop
      vertex -17.6123 -114.003 -19.3648
      vertex -17.4141 -113.935 -13.3648
      vertex -17.6123 -114.003 -13.3648
    endloop
  endfacet
  facet normal 0.32452 -0.945879 0
    outer loop
      vertex -17.4141 -113.935 -13.3648
      vertex -17.6123 -114.003 -19.3648
      vertex -17.4141 -113.935 -19.3648
    endloop
  endfacet
  facet normal 0.0621402 -0.998067 0
    outer loop
      vertex -17.2088 -113.894 -19.3648
      vertex -17 -113.881 -13.3648
      vertex -17.2088 -113.894 -13.3648
    endloop
  endfacet
  facet normal 0.0621402 -0.998067 0
    outer loop
      vertex -17 -113.881 -13.3648
      vertex -17.2088 -113.894 -19.3648
      vertex -17 -113.881 -19.3648
    endloop
  endfacet
  facet normal 0.753167 -0.657829 0
    outer loop
      vertex -18.2694 -114.507 -13.3648
      vertex -18.1314 -114.349 -19.3648
      vertex -18.1314 -114.349 -13.3648
    endloop
  endfacet
  facet normal 0.753167 -0.657829 0
    outer loop
      vertex -18.1314 -114.349 -19.3648
      vertex -18.2694 -114.507 -13.3648
      vertex -18.2694 -114.507 -19.3648
    endloop
  endfacet
  facet normal 0.896146 -0.44376 0
    outer loop
      vertex -18.4782 -114.868 -13.3648
      vertex -18.3856 -114.681 -19.3648
      vertex -18.3856 -114.681 -13.3648
    endloop
  endfacet
  facet normal 0.896146 -0.44376 0
    outer loop
      vertex -18.3856 -114.681 -19.3648
      vertex -18.4782 -114.868 -13.3648
      vertex -18.4782 -114.868 -19.3648
    endloop
  endfacet
  facet normal 0.980764 -0.195196 0
    outer loop
      vertex -18.5863 -115.272 -13.3648
      vertex -18.5455 -115.067 -19.3648
      vertex -18.5455 -115.067 -13.3648
    endloop
  endfacet
  facet normal 0.980764 -0.195196 0
    outer loop
      vertex -18.5455 -115.067 -19.3648
      vertex -18.5863 -115.272 -13.3648
      vertex -18.5863 -115.272 -19.3648
    endloop
  endfacet
  facet normal 0.997858 -0.0654099 0
    outer loop
      vertex -18.6 -115.481 -13.3648
      vertex -18.5863 -115.272 -19.3648
      vertex -18.5863 -115.272 -13.3648
    endloop
  endfacet
  facet normal 0.997858 -0.0654099 0
    outer loop
      vertex -18.5863 -115.272 -19.3648
      vertex -18.6 -115.481 -13.3648
      vertex -18.6 -115.481 -19.3648
    endloop
  endfacet
  facet normal -0.32452 -0.945879 0
    outer loop
      vertex -16.5859 -113.935 -19.3648
      vertex -16.3877 -114.003 -13.3648
      vertex -16.5859 -113.935 -13.3648
    endloop
  endfacet
  facet normal -0.32452 -0.945879 -0
    outer loop
      vertex -16.3877 -114.003 -13.3648
      vertex -16.5859 -113.935 -19.3648
      vertex -16.3877 -114.003 -19.3648
    endloop
  endfacet
  facet normal -0.753167 -0.657829 0
    outer loop
      vertex -15.7306 -114.507 -19.3648
      vertex -15.8686 -114.349 -13.3648
      vertex -15.8686 -114.349 -19.3648
    endloop
  endfacet
  facet normal -0.753167 -0.657829 0
    outer loop
      vertex -15.8686 -114.349 -13.3648
      vertex -15.7306 -114.507 -19.3648
      vertex -15.7306 -114.507 -13.3648
    endloop
  endfacet
  facet normal -0.896146 -0.44376 0
    outer loop
      vertex -15.5218 -114.868 -19.3648
      vertex -15.6144 -114.681 -13.3648
      vertex -15.6144 -114.681 -19.3648
    endloop
  endfacet
  facet normal -0.896146 -0.44376 0
    outer loop
      vertex -15.6144 -114.681 -13.3648
      vertex -15.5218 -114.868 -19.3648
      vertex -15.5218 -114.868 -13.3648
    endloop
  endfacet
  facet normal 0.440119 -0.897939 0
    outer loop
      vertex -17.8 -114.095 -19.3648
      vertex -17.6123 -114.003 -13.3648
      vertex -17.8 -114.095 -13.3648
    endloop
  endfacet
  facet normal 0.440119 -0.897939 0
    outer loop
      vertex -17.6123 -114.003 -13.3648
      vertex -17.8 -114.095 -19.3648
      vertex -17.6123 -114.003 -19.3648
    endloop
  endfacet
  facet normal 0.947294 -0.320366 0
    outer loop
      vertex -18.5455 -115.067 -13.3648
      vertex -18.4782 -114.868 -19.3648
      vertex -18.4782 -114.868 -13.3648
    endloop
  endfacet
  facet normal 0.947294 -0.320366 0
    outer loop
      vertex -18.4782 -114.868 -19.3648
      vertex -18.5455 -115.067 -13.3648
      vertex -18.5455 -115.067 -19.3648
    endloop
  endfacet
  facet normal -0.997854 0.0654722 0
    outer loop
      vertex 18.5863 -81.6896 -19.3648
      vertex 18.6 -81.4808 -13.3648
      vertex 18.6 -81.4808 -19.3648
    endloop
  endfacet
  facet normal -0.997854 0.0654722 0
    outer loop
      vertex 18.6 -81.4808 -13.3648
      vertex 18.5863 -81.6896 -19.3648
      vertex 18.5863 -81.6896 -13.3648
    endloop
  endfacet
  facet normal 0.997854 0.0654722 0
    outer loop
      vertex 15.4137 -81.6896 -13.3648
      vertex 15.4 -81.4808 -19.3648
      vertex 15.4 -81.4808 -13.3648
    endloop
  endfacet
  facet normal 0.997854 0.0654722 0
    outer loop
      vertex 15.4 -81.4808 -19.3648
      vertex 15.4137 -81.6896 -13.3648
      vertex 15.4137 -81.6896 -19.3648
    endloop
  endfacet
  facet normal 0.0654722 0.997854 -0
    outer loop
      vertex 17 -83.0808 -19.3648
      vertex 16.7912 -83.0671 -13.3648
      vertex 17 -83.0808 -13.3648
    endloop
  endfacet
  facet normal 0.0654722 0.997854 0
    outer loop
      vertex 16.7912 -83.0671 -13.3648
      vertex 17 -83.0808 -19.3648
      vertex 16.7912 -83.0671 -19.3648
    endloop
  endfacet
  facet normal -0.0654722 -0.997854 0
    outer loop
      vertex 17 -79.8808 -19.3648
      vertex 17.2088 -79.8945 -13.3648
      vertex 17 -79.8808 -13.3648
    endloop
  endfacet
  facet normal -0.0654722 -0.997854 -0
    outer loop
      vertex 17.2088 -79.8945 -13.3648
      vertex 17 -79.8808 -19.3648
      vertex 17.2088 -79.8945 -19.3648
    endloop
  endfacet
  facet normal -0.751925 -0.659248 0
    outer loop
      vertex 18.2694 -80.5068 -19.3648
      vertex 18.1314 -80.3494 -13.3648
      vertex 18.1314 -80.3494 -19.3648
    endloop
  endfacet
  facet normal -0.751925 -0.659248 0
    outer loop
      vertex 18.1314 -80.3494 -13.3648
      vertex 18.2694 -80.5068 -19.3648
      vertex 18.2694 -80.5068 -13.3648
    endloop
  endfacet
  facet normal -0.659248 0.751925 0
    outer loop
      vertex 18.1314 -82.6121 -19.3648
      vertex 17.974 -82.7501 -13.3648
      vertex 18.1314 -82.6121 -13.3648
    endloop
  endfacet
  facet normal -0.659248 0.751925 0
    outer loop
      vertex 17.974 -82.7501 -13.3648
      vertex 18.1314 -82.6121 -19.3648
      vertex 17.974 -82.7501 -19.3648
    endloop
  endfacet
  facet normal 0.751718 0.659485 0
    outer loop
      vertex 15.8686 -82.6121 -13.3648
      vertex 15.7306 -82.4548 -19.3648
      vertex 15.7306 -82.4548 -13.3648
    endloop
  endfacet
  facet normal 0.751718 0.659485 0
    outer loop
      vertex 15.7306 -82.4548 -19.3648
      vertex 15.8686 -82.6121 -13.3648
      vertex 15.8686 -82.6121 -19.3648
    endloop
  endfacet
  facet normal 0.442429 0.896803 -0
    outer loop
      vertex 16.3877 -82.959 -19.3648
      vertex 16.2 -82.8664 -13.3648
      vertex 16.3877 -82.959 -13.3648
    endloop
  endfacet
  facet normal 0.442429 0.896803 0
    outer loop
      vertex 16.2 -82.8664 -13.3648
      vertex 16.3877 -82.959 -19.3648
      vertex 16.2 -82.8664 -19.3648
    endloop
  endfacet
  facet normal -0.896803 0.442429 0
    outer loop
      vertex 18.3856 -82.2808 -19.3648
      vertex 18.4782 -82.0931 -13.3648
      vertex 18.4782 -82.0931 -19.3648
    endloop
  endfacet
  facet normal -0.896803 0.442429 0
    outer loop
      vertex 18.4782 -82.0931 -13.3648
      vertex 18.3856 -82.2808 -19.3648
      vertex 18.3856 -82.2808 -13.3648
    endloop
  endfacet
  facet normal -0.831609 0.555362 0
    outer loop
      vertex 18.2694 -82.4548 -19.3648
      vertex 18.3856 -82.2808 -13.3648
      vertex 18.3856 -82.2808 -19.3648
    endloop
  endfacet
  facet normal -0.831609 0.555362 0
    outer loop
      vertex 18.3856 -82.2808 -13.3648
      vertex 18.2694 -82.4548 -19.3648
      vertex 18.2694 -82.4548 -13.3648
    endloop
  endfacet
  facet normal -0.321526 0.946901 0
    outer loop
      vertex 17.6123 -82.959 -19.3648
      vertex 17.4141 -83.0263 -13.3648
      vertex 17.6123 -82.959 -13.3648
    endloop
  endfacet
  facet normal -0.321526 0.946901 0
    outer loop
      vertex 17.4141 -83.0263 -13.3648
      vertex 17.6123 -82.959 -19.3648
      vertex 17.4141 -83.0263 -19.3648
    endloop
  endfacet
  facet normal -0.194922 0.980819 0
    outer loop
      vertex 17.4141 -83.0263 -19.3648
      vertex 17.2088 -83.0671 -13.3648
      vertex 17.4141 -83.0263 -13.3648
    endloop
  endfacet
  facet normal -0.194922 0.980819 0
    outer loop
      vertex 17.2088 -83.0671 -13.3648
      vertex 17.4141 -83.0263 -19.3648
      vertex 17.2088 -83.0671 -19.3648
    endloop
  endfacet
  facet normal -0.442429 0.896803 0
    outer loop
      vertex 17.8 -82.8664 -19.3648
      vertex 17.6123 -82.959 -13.3648
      vertex 17.8 -82.8664 -13.3648
    endloop
  endfacet
  facet normal -0.442429 0.896803 0
    outer loop
      vertex 17.6123 -82.959 -13.3648
      vertex 17.8 -82.8664 -19.3648
      vertex 17.6123 -82.959 -19.3648
    endloop
  endfacet
  facet normal 0.946901 0.321526 0
    outer loop
      vertex 15.5218 -82.0931 -13.3648
      vertex 15.4545 -81.8949 -19.3648
      vertex 15.4545 -81.8949 -13.3648
    endloop
  endfacet
  facet normal 0.946901 0.321526 0
    outer loop
      vertex 15.4545 -81.8949 -19.3648
      vertex 15.5218 -82.0931 -13.3648
      vertex 15.5218 -82.0931 -19.3648
    endloop
  endfacet
  facet normal 0.896803 0.442429 0
    outer loop
      vertex 15.6144 -82.2808 -13.3648
      vertex 15.5218 -82.0931 -19.3648
      vertex 15.5218 -82.0931 -13.3648
    endloop
  endfacet
  facet normal 0.896803 0.442429 0
    outer loop
      vertex 15.5218 -82.0931 -19.3648
      vertex 15.6144 -82.2808 -13.3648
      vertex 15.6144 -82.2808 -19.3648
    endloop
  endfacet
  facet normal 0.980819 0.194922 0
    outer loop
      vertex 15.4545 -81.8949 -13.3648
      vertex 15.4137 -81.6896 -19.3648
      vertex 15.4137 -81.6896 -13.3648
    endloop
  endfacet
  facet normal 0.980819 0.194922 0
    outer loop
      vertex 15.4137 -81.6896 -19.3648
      vertex 15.4545 -81.8949 -13.3648
      vertex 15.4545 -81.8949 -19.3648
    endloop
  endfacet
  facet normal 0.555692 0.831388 -0
    outer loop
      vertex 16.2 -82.8664 -19.3648
      vertex 16.026 -82.7501 -13.3648
      vertex 16.2 -82.8664 -13.3648
    endloop
  endfacet
  facet normal 0.555692 0.831388 0
    outer loop
      vertex 16.026 -82.7501 -13.3648
      vertex 16.2 -82.8664 -19.3648
      vertex 16.026 -82.7501 -19.3648
    endloop
  endfacet
  facet normal 0.321526 0.946901 -0
    outer loop
      vertex 16.5859 -83.0263 -19.3648
      vertex 16.3877 -82.959 -13.3648
      vertex 16.5859 -83.0263 -13.3648
    endloop
  endfacet
  facet normal 0.321526 0.946901 0
    outer loop
      vertex 16.3877 -82.959 -13.3648
      vertex 16.5859 -83.0263 -19.3648
      vertex 16.3877 -82.959 -19.3648
    endloop
  endfacet
  facet normal -0.194922 -0.980819 0
    outer loop
      vertex 17.2088 -79.8945 -19.3648
      vertex 17.4141 -79.9353 -13.3648
      vertex 17.2088 -79.8945 -13.3648
    endloop
  endfacet
  facet normal -0.194922 -0.980819 -0
    outer loop
      vertex 17.4141 -79.9353 -13.3648
      vertex 17.2088 -79.8945 -19.3648
      vertex 17.4141 -79.9353 -19.3648
    endloop
  endfacet
  facet normal -0.946901 0.321526 0
    outer loop
      vertex 18.4782 -82.0931 -19.3648
      vertex 18.5455 -81.8949 -13.3648
      vertex 18.5455 -81.8949 -19.3648
    endloop
  endfacet
  facet normal -0.946901 0.321526 0
    outer loop
      vertex 18.5455 -81.8949 -13.3648
      vertex 18.4782 -82.0931 -19.3648
      vertex 18.4782 -82.0931 -13.3648
    endloop
  endfacet
  facet normal -0.980819 0.194922 0
    outer loop
      vertex 18.5455 -81.8949 -19.3648
      vertex 18.5863 -81.6896 -13.3648
      vertex 18.5863 -81.6896 -19.3648
    endloop
  endfacet
  facet normal -0.980819 0.194922 0
    outer loop
      vertex 18.5863 -81.6896 -13.3648
      vertex 18.5455 -81.8949 -19.3648
      vertex 18.5455 -81.8949 -13.3648
    endloop
  endfacet
  facet normal -0.751718 0.659485 0
    outer loop
      vertex 18.1314 -82.6121 -19.3648
      vertex 18.2694 -82.4548 -13.3648
      vertex 18.2694 -82.4548 -19.3648
    endloop
  endfacet
  facet normal -0.751718 0.659485 0
    outer loop
      vertex 18.2694 -82.4548 -13.3648
      vertex 18.1314 -82.6121 -19.3648
      vertex 18.1314 -82.6121 -13.3648
    endloop
  endfacet
  facet normal -0.0654722 0.997854 0
    outer loop
      vertex 17.2088 -83.0671 -19.3648
      vertex 17 -83.0808 -13.3648
      vertex 17.2088 -83.0671 -13.3648
    endloop
  endfacet
  facet normal -0.0654722 0.997854 0
    outer loop
      vertex 17 -83.0808 -13.3648
      vertex 17.2088 -83.0671 -19.3648
      vertex 17 -83.0808 -19.3648
    endloop
  endfacet
  facet normal -0.555692 0.831388 0
    outer loop
      vertex 17.974 -82.7501 -19.3648
      vertex 17.8 -82.8664 -13.3648
      vertex 17.974 -82.7501 -13.3648
    endloop
  endfacet
  facet normal -0.555692 0.831388 0
    outer loop
      vertex 17.8 -82.8664 -13.3648
      vertex 17.974 -82.7501 -19.3648
      vertex 17.8 -82.8664 -19.3648
    endloop
  endfacet
  facet normal 0.194922 0.980819 -0
    outer loop
      vertex 16.7912 -83.0671 -19.3648
      vertex 16.5859 -83.0263 -13.3648
      vertex 16.7912 -83.0671 -13.3648
    endloop
  endfacet
  facet normal 0.194922 0.980819 0
    outer loop
      vertex 16.5859 -83.0263 -13.3648
      vertex 16.7912 -83.0671 -19.3648
      vertex 16.5859 -83.0263 -19.3648
    endloop
  endfacet
  facet normal -0.946901 -0.321526 0
    outer loop
      vertex 18.5455 -81.0667 -19.3648
      vertex 18.4782 -80.8685 -13.3648
      vertex 18.4782 -80.8685 -19.3648
    endloop
  endfacet
  facet normal -0.946901 -0.321526 0
    outer loop
      vertex 18.4782 -80.8685 -13.3648
      vertex 18.5455 -81.0667 -19.3648
      vertex 18.5455 -81.0667 -13.3648
    endloop
  endfacet
  facet normal -0.980801 -0.195013 0
    outer loop
      vertex 18.5863 -81.2719 -19.3648
      vertex 18.5455 -81.0667 -13.3648
      vertex 18.5455 -81.0667 -19.3648
    endloop
  endfacet
  facet normal -0.980801 -0.195013 0
    outer loop
      vertex 18.5455 -81.0667 -13.3648
      vertex 18.5863 -81.2719 -19.3648
      vertex 18.5863 -81.2719 -13.3648
    endloop
  endfacet
  facet normal -0.555692 -0.831388 0
    outer loop
      vertex 17.8 -80.0951 -19.3648
      vertex 17.974 -80.2114 -13.3648
      vertex 17.8 -80.0951 -13.3648
    endloop
  endfacet
  facet normal -0.555692 -0.831388 -0
    outer loop
      vertex 17.974 -80.2114 -13.3648
      vertex 17.8 -80.0951 -19.3648
      vertex 17.974 -80.2114 -19.3648
    endloop
  endfacet
  facet normal -0.442045 -0.896993 0
    outer loop
      vertex 17.6123 -80.0026 -19.3648
      vertex 17.8 -80.0951 -13.3648
      vertex 17.6123 -80.0026 -13.3648
    endloop
  endfacet
  facet normal -0.442045 -0.896993 -0
    outer loop
      vertex 17.8 -80.0951 -13.3648
      vertex 17.6123 -80.0026 -19.3648
      vertex 17.8 -80.0951 -19.3648
    endloop
  endfacet
  facet normal 0.831609 0.555362 0
    outer loop
      vertex 15.7306 -82.4548 -13.3648
      vertex 15.6144 -82.2808 -19.3648
      vertex 15.6144 -82.2808 -13.3648
    endloop
  endfacet
  facet normal 0.831609 0.555362 0
    outer loop
      vertex 15.6144 -82.2808 -19.3648
      vertex 15.7306 -82.4548 -13.3648
      vertex 15.7306 -82.4548 -19.3648
    endloop
  endfacet
  facet normal 0.659248 0.751925 -0
    outer loop
      vertex 16.026 -82.7501 -19.3648
      vertex 15.8686 -82.6121 -13.3648
      vertex 16.026 -82.7501 -13.3648
    endloop
  endfacet
  facet normal 0.659248 0.751925 0
    outer loop
      vertex 15.8686 -82.6121 -13.3648
      vertex 16.026 -82.7501 -19.3648
      vertex 15.8686 -82.6121 -19.3648
    endloop
  endfacet
  facet normal -0.997856 -0.065441 0
    outer loop
      vertex 18.6 -81.4808 -19.3648
      vertex 18.5863 -81.2719 -13.3648
      vertex 18.5863 -81.2719 -19.3648
    endloop
  endfacet
  facet normal -0.997856 -0.065441 0
    outer loop
      vertex 18.5863 -81.2719 -13.3648
      vertex 18.6 -81.4808 -19.3648
      vertex 18.6 -81.4808 -13.3648
    endloop
  endfacet
  facet normal 0.321526 -0.946901 0
    outer loop
      vertex 16.3877 -80.0026 -19.3648
      vertex 16.5859 -79.9353 -13.3648
      vertex 16.3877 -80.0026 -13.3648
    endloop
  endfacet
  facet normal 0.321526 -0.946901 0
    outer loop
      vertex 16.5859 -79.9353 -13.3648
      vertex 16.3877 -80.0026 -19.3648
      vertex 16.5859 -79.9353 -19.3648
    endloop
  endfacet
  facet normal 0.751925 -0.659248 0
    outer loop
      vertex 15.7306 -80.5068 -13.3648
      vertex 15.8686 -80.3494 -19.3648
      vertex 15.8686 -80.3494 -13.3648
    endloop
  endfacet
  facet normal 0.751925 -0.659248 0
    outer loop
      vertex 15.8686 -80.3494 -19.3648
      vertex 15.7306 -80.5068 -13.3648
      vertex 15.7306 -80.5068 -19.3648
    endloop
  endfacet
  facet normal 0.997856 -0.065441 0
    outer loop
      vertex 15.4 -81.4808 -13.3648
      vertex 15.4137 -81.2719 -19.3648
      vertex 15.4137 -81.2719 -13.3648
    endloop
  endfacet
  facet normal 0.997856 -0.065441 0
    outer loop
      vertex 15.4137 -81.2719 -19.3648
      vertex 15.4 -81.4808 -13.3648
      vertex 15.4 -81.4808 -19.3648
    endloop
  endfacet
  facet normal 0.980801 -0.195013 0
    outer loop
      vertex 15.4137 -81.2719 -13.3648
      vertex 15.4545 -81.0667 -19.3648
      vertex 15.4545 -81.0667 -13.3648
    endloop
  endfacet
  facet normal 0.980801 -0.195013 0
    outer loop
      vertex 15.4545 -81.0667 -19.3648
      vertex 15.4137 -81.2719 -13.3648
      vertex 15.4137 -81.2719 -19.3648
    endloop
  endfacet
  facet normal 0.946901 -0.321526 0
    outer loop
      vertex 15.4545 -81.0667 -13.3648
      vertex 15.5218 -80.8685 -19.3648
      vertex 15.5218 -80.8685 -13.3648
    endloop
  endfacet
  facet normal 0.946901 -0.321526 0
    outer loop
      vertex 15.5218 -80.8685 -19.3648
      vertex 15.4545 -81.0667 -13.3648
      vertex 15.4545 -81.0667 -19.3648
    endloop
  endfacet
  facet normal -0.659248 -0.751925 0
    outer loop
      vertex 17.974 -80.2114 -19.3648
      vertex 18.1314 -80.3494 -13.3648
      vertex 17.974 -80.2114 -13.3648
    endloop
  endfacet
  facet normal -0.659248 -0.751925 -0
    outer loop
      vertex 18.1314 -80.3494 -13.3648
      vertex 17.974 -80.2114 -19.3648
      vertex 18.1314 -80.3494 -19.3648
    endloop
  endfacet
  facet normal -0.321526 -0.946901 0
    outer loop
      vertex 17.4141 -79.9353 -19.3648
      vertex 17.6123 -80.0026 -13.3648
      vertex 17.4141 -79.9353 -13.3648
    endloop
  endfacet
  facet normal -0.321526 -0.946901 -0
    outer loop
      vertex 17.6123 -80.0026 -13.3648
      vertex 17.4141 -79.9353 -19.3648
      vertex 17.6123 -80.0026 -19.3648
    endloop
  endfacet
  facet normal -0.896803 -0.442429 0
    outer loop
      vertex 18.4782 -80.8685 -19.3648
      vertex 18.3856 -80.6808 -13.3648
      vertex 18.3856 -80.6808 -19.3648
    endloop
  endfacet
  facet normal -0.896803 -0.442429 0
    outer loop
      vertex 18.3856 -80.6808 -13.3648
      vertex 18.4782 -80.8685 -19.3648
      vertex 18.4782 -80.8685 -13.3648
    endloop
  endfacet
  facet normal -0.831609 -0.555362 0
    outer loop
      vertex 18.3856 -80.6808 -19.3648
      vertex 18.2694 -80.5068 -13.3648
      vertex 18.2694 -80.5068 -19.3648
    endloop
  endfacet
  facet normal -0.831609 -0.555362 0
    outer loop
      vertex 18.2694 -80.5068 -13.3648
      vertex 18.3856 -80.6808 -19.3648
      vertex 18.3856 -80.6808 -13.3648
    endloop
  endfacet
  facet normal 0.0654722 -0.997854 0
    outer loop
      vertex 16.7912 -79.8945 -19.3648
      vertex 17 -79.8808 -13.3648
      vertex 16.7912 -79.8945 -13.3648
    endloop
  endfacet
  facet normal 0.0654722 -0.997854 0
    outer loop
      vertex 17 -79.8808 -13.3648
      vertex 16.7912 -79.8945 -19.3648
      vertex 17 -79.8808 -19.3648
    endloop
  endfacet
  facet normal 0.555692 -0.831388 0
    outer loop
      vertex 16.026 -80.2114 -19.3648
      vertex 16.2 -80.0951 -13.3648
      vertex 16.026 -80.2114 -13.3648
    endloop
  endfacet
  facet normal 0.555692 -0.831388 0
    outer loop
      vertex 16.2 -80.0951 -13.3648
      vertex 16.026 -80.2114 -19.3648
      vertex 16.2 -80.0951 -19.3648
    endloop
  endfacet
  facet normal 0.194922 -0.980819 0
    outer loop
      vertex 16.5859 -79.9353 -19.3648
      vertex 16.7912 -79.8945 -13.3648
      vertex 16.5859 -79.9353 -13.3648
    endloop
  endfacet
  facet normal 0.194922 -0.980819 0
    outer loop
      vertex 16.7912 -79.8945 -13.3648
      vertex 16.5859 -79.9353 -19.3648
      vertex 16.7912 -79.8945 -19.3648
    endloop
  endfacet
  facet normal 0.659248 -0.751925 0
    outer loop
      vertex 15.8686 -80.3494 -19.3648
      vertex 16.026 -80.2114 -13.3648
      vertex 15.8686 -80.3494 -13.3648
    endloop
  endfacet
  facet normal 0.659248 -0.751925 0
    outer loop
      vertex 16.026 -80.2114 -13.3648
      vertex 15.8686 -80.3494 -19.3648
      vertex 16.026 -80.2114 -19.3648
    endloop
  endfacet
  facet normal 0.831609 -0.555362 0
    outer loop
      vertex 15.6144 -80.6808 -13.3648
      vertex 15.7306 -80.5068 -19.3648
      vertex 15.7306 -80.5068 -13.3648
    endloop
  endfacet
  facet normal 0.831609 -0.555362 0
    outer loop
      vertex 15.7306 -80.5068 -19.3648
      vertex 15.6144 -80.6808 -13.3648
      vertex 15.6144 -80.6808 -19.3648
    endloop
  endfacet
  facet normal 0.896803 -0.442429 0
    outer loop
      vertex 15.5218 -80.8685 -13.3648
      vertex 15.6144 -80.6808 -19.3648
      vertex 15.6144 -80.6808 -13.3648
    endloop
  endfacet
  facet normal 0.896803 -0.442429 0
    outer loop
      vertex 15.6144 -80.6808 -19.3648
      vertex 15.5218 -80.8685 -13.3648
      vertex 15.5218 -80.8685 -19.3648
    endloop
  endfacet
  facet normal 0.442045 -0.896993 0
    outer loop
      vertex 16.2 -80.0951 -19.3648
      vertex 16.3877 -80.0026 -13.3648
      vertex 16.2 -80.0951 -13.3648
    endloop
  endfacet
  facet normal 0.442045 -0.896993 0
    outer loop
      vertex 16.3877 -80.0026 -13.3648
      vertex 16.2 -80.0951 -19.3648
      vertex 16.3877 -80.0026 -19.3648
    endloop
  endfacet
  facet normal -0.997858 0.0654099 0
    outer loop
      vertex 18.5863 -115.69 -19.3648
      vertex 18.6 -115.481 -13.3648
      vertex 18.6 -115.481 -19.3648
    endloop
  endfacet
  facet normal -0.997858 0.0654099 0
    outer loop
      vertex 18.6 -115.481 -13.3648
      vertex 18.5863 -115.69 -19.3648
      vertex 18.5863 -115.69 -13.3648
    endloop
  endfacet
  facet normal 0.0668996 0.99776 -0
    outer loop
      vertex 17 -117.081 -19.3648
      vertex 16.7912 -117.067 -13.3648
      vertex 17 -117.081 -13.3648
    endloop
  endfacet
  facet normal 0.0668996 0.99776 0
    outer loop
      vertex 16.7912 -117.067 -13.3648
      vertex 17 -117.081 -19.3648
      vertex 16.7912 -117.067 -19.3648
    endloop
  endfacet
  facet normal -0.0621402 -0.998067 0
    outer loop
      vertex 17 -113.881 -19.3648
      vertex 17.2088 -113.894 -13.3648
      vertex 17 -113.881 -13.3648
    endloop
  endfacet
  facet normal -0.0621402 -0.998067 -0
    outer loop
      vertex 17.2088 -113.894 -13.3648
      vertex 17 -113.881 -19.3648
      vertex 17.2088 -113.894 -19.3648
    endloop
  endfacet
  facet normal -0.659248 0.751925 0
    outer loop
      vertex 18.1314 -116.612 -19.3648
      vertex 17.974 -116.75 -13.3648
      vertex 18.1314 -116.612 -13.3648
    endloop
  endfacet
  facet normal -0.659248 0.751925 0
    outer loop
      vertex 17.974 -116.75 -13.3648
      vertex 18.1314 -116.612 -19.3648
      vertex 17.974 -116.75 -19.3648
    endloop
  endfacet
  facet normal 0.751093 0.660196 0
    outer loop
      vertex 15.8686 -116.612 -13.3648
      vertex 15.7306 -116.455 -19.3648
      vertex 15.7306 -116.455 -13.3648
    endloop
  endfacet
  facet normal 0.751093 0.660196 0
    outer loop
      vertex 15.7306 -116.455 -19.3648
      vertex 15.8686 -116.612 -13.3648
      vertex 15.8686 -116.612 -19.3648
    endloop
  endfacet
  facet normal 0.443964 0.896044 -0
    outer loop
      vertex 16.3877 -116.959 -19.3648
      vertex 16.2 -116.866 -13.3648
      vertex 16.3877 -116.959 -13.3648
    endloop
  endfacet
  facet normal 0.443964 0.896044 0
    outer loop
      vertex 16.2 -116.866 -13.3648
      vertex 16.3877 -116.959 -19.3648
      vertex 16.2 -116.866 -19.3648
    endloop
  endfacet
  facet normal -0.897083 0.441861 0
    outer loop
      vertex 18.3856 -116.281 -19.3648
      vertex 18.4782 -116.093 -13.3648
      vertex 18.4782 -116.093 -19.3648
    endloop
  endfacet
  facet normal -0.897083 0.441861 0
    outer loop
      vertex 18.4782 -116.093 -13.3648
      vertex 18.3856 -116.281 -19.3648
      vertex 18.3856 -116.281 -13.3648
    endloop
  endfacet
  facet normal -0.831609 0.555362 0
    outer loop
      vertex 18.2694 -116.455 -19.3648
      vertex 18.3856 -116.281 -13.3648
      vertex 18.3856 -116.281 -19.3648
    endloop
  endfacet
  facet normal -0.831609 0.555362 0
    outer loop
      vertex 18.3856 -116.281 -13.3648
      vertex 18.2694 -116.455 -19.3648
      vertex 18.2694 -116.455 -13.3648
    endloop
  endfacet
  facet normal -0.32024 0.947336 0
    outer loop
      vertex 17.6123 -116.959 -19.3648
      vertex 17.4141 -117.026 -13.3648
      vertex 17.6123 -116.959 -13.3648
    endloop
  endfacet
  facet normal -0.32024 0.947336 0
    outer loop
      vertex 17.4141 -117.026 -13.3648
      vertex 17.6123 -116.959 -19.3648
      vertex 17.4141 -117.026 -19.3648
    endloop
  endfacet
  facet normal -0.195841 0.980636 0
    outer loop
      vertex 17.4141 -117.026 -19.3648
      vertex 17.2088 -117.067 -13.3648
      vertex 17.4141 -117.026 -13.3648
    endloop
  endfacet
  facet normal -0.195841 0.980636 0
    outer loop
      vertex 17.2088 -117.067 -13.3648
      vertex 17.4141 -117.026 -19.3648
      vertex 17.2088 -117.067 -19.3648
    endloop
  endfacet
  facet normal -0.443964 0.896044 0
    outer loop
      vertex 17.8 -116.866 -19.3648
      vertex 17.6123 -116.959 -13.3648
      vertex 17.8 -116.866 -13.3648
    endloop
  endfacet
  facet normal -0.443964 0.896044 0
    outer loop
      vertex 17.6123 -116.959 -13.3648
      vertex 17.8 -116.866 -19.3648
      vertex 17.6123 -116.959 -19.3648
    endloop
  endfacet
  facet normal 0.946802 0.321817 0
    outer loop
      vertex 15.5218 -116.093 -13.3648
      vertex 15.4545 -115.895 -19.3648
      vertex 15.4545 -115.895 -13.3648
    endloop
  endfacet
  facet normal 0.946802 0.321817 0
    outer loop
      vertex 15.4545 -115.895 -19.3648
      vertex 15.5218 -116.093 -13.3648
      vertex 15.5218 -116.093 -19.3648
    endloop
  endfacet
  facet normal 0.897083 0.441861 0
    outer loop
      vertex 15.6144 -116.281 -13.3648
      vertex 15.5218 -116.093 -19.3648
      vertex 15.5218 -116.093 -13.3648
    endloop
  endfacet
  facet normal 0.897083 0.441861 0
    outer loop
      vertex 15.5218 -116.093 -19.3648
      vertex 15.6144 -116.281 -13.3648
      vertex 15.6144 -116.281 -19.3648
    endloop
  endfacet
  facet normal 0.980764 0.195196 0
    outer loop
      vertex 15.4545 -115.895 -13.3648
      vertex 15.4137 -115.69 -19.3648
      vertex 15.4137 -115.69 -13.3648
    endloop
  endfacet
  facet normal 0.980764 0.195196 0
    outer loop
      vertex 15.4137 -115.69 -19.3648
      vertex 15.4545 -115.895 -13.3648
      vertex 15.4545 -115.895 -19.3648
    endloop
  endfacet
  facet normal 0.5547 0.83205 -0
    outer loop
      vertex 16.2 -116.866 -19.3648
      vertex 16.026 -116.75 -13.3648
      vertex 16.2 -116.866 -13.3648
    endloop
  endfacet
  facet normal 0.5547 0.83205 0
    outer loop
      vertex 16.026 -116.75 -13.3648
      vertex 16.2 -116.866 -19.3648
      vertex 16.026 -116.75 -19.3648
    endloop
  endfacet
  facet normal 0.32024 0.947336 -0
    outer loop
      vertex 16.5859 -117.026 -19.3648
      vertex 16.3877 -116.959 -13.3648
      vertex 16.5859 -117.026 -13.3648
    endloop
  endfacet
  facet normal 0.32024 0.947336 0
    outer loop
      vertex 16.3877 -116.959 -13.3648
      vertex 16.5859 -117.026 -19.3648
      vertex 16.3877 -116.959 -19.3648
    endloop
  endfacet
  facet normal -0.753167 -0.657829 0
    outer loop
      vertex 18.2694 -114.507 -19.3648
      vertex 18.1314 -114.349 -13.3648
      vertex 18.1314 -114.349 -19.3648
    endloop
  endfacet
  facet normal -0.753167 -0.657829 0
    outer loop
      vertex 18.1314 -114.349 -13.3648
      vertex 18.2694 -114.507 -19.3648
      vertex 18.2694 -114.507 -13.3648
    endloop
  endfacet
  facet normal -0.5547 -0.83205 0
    outer loop
      vertex 17.8 -114.095 -19.3648
      vertex 17.974 -114.211 -13.3648
      vertex 17.8 -114.095 -13.3648
    endloop
  endfacet
  facet normal -0.5547 -0.83205 -0
    outer loop
      vertex 17.974 -114.211 -13.3648
      vertex 17.8 -114.095 -19.3648
      vertex 17.974 -114.211 -19.3648
    endloop
  endfacet
  facet normal -0.980764 -0.195196 0
    outer loop
      vertex 18.5863 -115.272 -19.3648
      vertex 18.5455 -115.067 -13.3648
      vertex 18.5455 -115.067 -19.3648
    endloop
  endfacet
  facet normal -0.980764 -0.195196 0
    outer loop
      vertex 18.5455 -115.067 -13.3648
      vertex 18.5863 -115.272 -19.3648
      vertex 18.5863 -115.272 -13.3648
    endloop
  endfacet
  facet normal 0.32452 -0.945879 0
    outer loop
      vertex 16.3877 -114.003 -19.3648
      vertex 16.5859 -113.935 -13.3648
      vertex 16.3877 -114.003 -13.3648
    endloop
  endfacet
  facet normal 0.32452 -0.945879 0
    outer loop
      vertex 16.5859 -113.935 -13.3648
      vertex 16.3877 -114.003 -19.3648
      vertex 16.5859 -113.935 -19.3648
    endloop
  endfacet
  facet normal 0.195841 -0.980636 0
    outer loop
      vertex 16.5859 -113.935 -19.3648
      vertex 16.7912 -113.894 -13.3648
      vertex 16.5859 -113.935 -13.3648
    endloop
  endfacet
  facet normal 0.195841 -0.980636 0
    outer loop
      vertex 16.7912 -113.894 -13.3648
      vertex 16.5859 -113.935 -19.3648
      vertex 16.7912 -113.894 -19.3648
    endloop
  endfacet
  facet normal 0.831609 -0.555362 0
    outer loop
      vertex 15.6144 -114.681 -13.3648
      vertex 15.7306 -114.507 -19.3648
      vertex 15.7306 -114.507 -13.3648
    endloop
  endfacet
  facet normal 0.831609 -0.555362 0
    outer loop
      vertex 15.7306 -114.507 -19.3648
      vertex 15.6144 -114.681 -13.3648
      vertex 15.6144 -114.681 -19.3648
    endloop
  endfacet
  facet normal 0.753167 -0.657829 0
    outer loop
      vertex 15.7306 -114.507 -13.3648
      vertex 15.8686 -114.349 -19.3648
      vertex 15.8686 -114.349 -13.3648
    endloop
  endfacet
  facet normal 0.753167 -0.657829 0
    outer loop
      vertex 15.8686 -114.349 -19.3648
      vertex 15.7306 -114.507 -13.3648
      vertex 15.7306 -114.507 -19.3648
    endloop
  endfacet
  facet normal -0.946802 0.321817 0
    outer loop
      vertex 18.4782 -116.093 -19.3648
      vertex 18.5455 -115.895 -13.3648
      vertex 18.5455 -115.895 -19.3648
    endloop
  endfacet
  facet normal -0.946802 0.321817 0
    outer loop
      vertex 18.5455 -115.895 -13.3648
      vertex 18.4782 -116.093 -19.3648
      vertex 18.4782 -116.093 -13.3648
    endloop
  endfacet
  facet normal -0.980764 0.195196 0
    outer loop
      vertex 18.5455 -115.895 -19.3648
      vertex 18.5863 -115.69 -13.3648
      vertex 18.5863 -115.69 -19.3648
    endloop
  endfacet
  facet normal -0.980764 0.195196 0
    outer loop
      vertex 18.5863 -115.69 -13.3648
      vertex 18.5455 -115.895 -19.3648
      vertex 18.5455 -115.895 -13.3648
    endloop
  endfacet
  facet normal -0.0668996 0.99776 0
    outer loop
      vertex 17.2088 -117.067 -19.3648
      vertex 17 -117.081 -13.3648
      vertex 17.2088 -117.067 -13.3648
    endloop
  endfacet
  facet normal -0.0668996 0.99776 0
    outer loop
      vertex 17 -117.081 -13.3648
      vertex 17.2088 -117.067 -19.3648
      vertex 17 -117.081 -19.3648
    endloop
  endfacet
  facet normal -0.5547 0.83205 0
    outer loop
      vertex 17.974 -116.75 -19.3648
      vertex 17.8 -116.866 -13.3648
      vertex 17.974 -116.75 -13.3648
    endloop
  endfacet
  facet normal -0.5547 0.83205 0
    outer loop
      vertex 17.8 -116.866 -13.3648
      vertex 17.974 -116.75 -19.3648
      vertex 17.8 -116.866 -19.3648
    endloop
  endfacet
  facet normal 0.997858 0.0654099 0
    outer loop
      vertex 15.4137 -115.69 -13.3648
      vertex 15.4 -115.481 -19.3648
      vertex 15.4 -115.481 -13.3648
    endloop
  endfacet
  facet normal 0.997858 0.0654099 0
    outer loop
      vertex 15.4 -115.481 -19.3648
      vertex 15.4137 -115.69 -13.3648
      vertex 15.4137 -115.69 -19.3648
    endloop
  endfacet
  facet normal 0.195841 0.980636 -0
    outer loop
      vertex 16.7912 -117.067 -19.3648
      vertex 16.5859 -117.026 -13.3648
      vertex 16.7912 -117.067 -13.3648
    endloop
  endfacet
  facet normal 0.195841 0.980636 0
    outer loop
      vertex 16.5859 -117.026 -13.3648
      vertex 16.7912 -117.067 -19.3648
      vertex 16.5859 -117.026 -19.3648
    endloop
  endfacet
  facet normal -0.997858 -0.0654099 0
    outer loop
      vertex 18.6 -115.481 -19.3648
      vertex 18.5863 -115.272 -13.3648
      vertex 18.5863 -115.272 -19.3648
    endloop
  endfacet
  facet normal -0.997858 -0.0654099 0
    outer loop
      vertex 18.5863 -115.272 -13.3648
      vertex 18.6 -115.481 -19.3648
      vertex 18.6 -115.481 -13.3648
    endloop
  endfacet
  facet normal -0.195841 -0.980636 0
    outer loop
      vertex 17.2088 -113.894 -19.3648
      vertex 17.4141 -113.935 -13.3648
      vertex 17.2088 -113.894 -13.3648
    endloop
  endfacet
  facet normal -0.195841 -0.980636 -0
    outer loop
      vertex 17.4141 -113.935 -13.3648
      vertex 17.2088 -113.894 -19.3648
      vertex 17.4141 -113.935 -19.3648
    endloop
  endfacet
  facet normal -0.440119 -0.897939 0
    outer loop
      vertex 17.6123 -114.003 -19.3648
      vertex 17.8 -114.095 -13.3648
      vertex 17.6123 -114.003 -13.3648
    endloop
  endfacet
  facet normal -0.440119 -0.897939 -0
    outer loop
      vertex 17.8 -114.095 -13.3648
      vertex 17.6123 -114.003 -19.3648
      vertex 17.8 -114.095 -19.3648
    endloop
  endfacet
  facet normal -0.659248 -0.751925 0
    outer loop
      vertex 17.974 -114.211 -19.3648
      vertex 18.1314 -114.349 -13.3648
      vertex 17.974 -114.211 -13.3648
    endloop
  endfacet
  facet normal -0.659248 -0.751925 -0
    outer loop
      vertex 18.1314 -114.349 -13.3648
      vertex 17.974 -114.211 -19.3648
      vertex 18.1314 -114.349 -19.3648
    endloop
  endfacet
  facet normal -0.947294 -0.320366 0
    outer loop
      vertex 18.5455 -115.067 -19.3648
      vertex 18.4782 -114.868 -13.3648
      vertex 18.4782 -114.868 -19.3648
    endloop
  endfacet
  facet normal -0.947294 -0.320366 0
    outer loop
      vertex 18.4782 -114.868 -13.3648
      vertex 18.5455 -115.067 -19.3648
      vertex 18.5455 -115.067 -13.3648
    endloop
  endfacet
  facet normal -0.831609 -0.555362 0
    outer loop
      vertex 18.3856 -114.681 -19.3648
      vertex 18.2694 -114.507 -13.3648
      vertex 18.2694 -114.507 -19.3648
    endloop
  endfacet
  facet normal -0.831609 -0.555362 0
    outer loop
      vertex 18.2694 -114.507 -13.3648
      vertex 18.3856 -114.681 -19.3648
      vertex 18.3856 -114.681 -13.3648
    endloop
  endfacet
  facet normal -0.896146 -0.44376 0
    outer loop
      vertex 18.4782 -114.868 -19.3648
      vertex 18.3856 -114.681 -13.3648
      vertex 18.3856 -114.681 -19.3648
    endloop
  endfacet
  facet normal -0.896146 -0.44376 0
    outer loop
      vertex 18.3856 -114.681 -13.3648
      vertex 18.4782 -114.868 -19.3648
      vertex 18.4782 -114.868 -13.3648
    endloop
  endfacet
  facet normal 0.5547 -0.83205 0
    outer loop
      vertex 16.026 -114.211 -19.3648
      vertex 16.2 -114.095 -13.3648
      vertex 16.026 -114.211 -13.3648
    endloop
  endfacet
  facet normal 0.5547 -0.83205 0
    outer loop
      vertex 16.2 -114.095 -13.3648
      vertex 16.026 -114.211 -19.3648
      vertex 16.2 -114.095 -19.3648
    endloop
  endfacet
  facet normal 0.440119 -0.897939 0
    outer loop
      vertex 16.2 -114.095 -19.3648
      vertex 16.3877 -114.003 -13.3648
      vertex 16.2 -114.095 -13.3648
    endloop
  endfacet
  facet normal 0.440119 -0.897939 0
    outer loop
      vertex 16.3877 -114.003 -13.3648
      vertex 16.2 -114.095 -19.3648
      vertex 16.3877 -114.003 -19.3648
    endloop
  endfacet
  facet normal 0.0621402 -0.998067 0
    outer loop
      vertex 16.7912 -113.894 -19.3648
      vertex 17 -113.881 -13.3648
      vertex 16.7912 -113.894 -13.3648
    endloop
  endfacet
  facet normal 0.0621402 -0.998067 0
    outer loop
      vertex 17 -113.881 -13.3648
      vertex 16.7912 -113.894 -19.3648
      vertex 17 -113.881 -19.3648
    endloop
  endfacet
  facet normal 0.659248 -0.751925 0
    outer loop
      vertex 15.8686 -114.349 -19.3648
      vertex 16.026 -114.211 -13.3648
      vertex 15.8686 -114.349 -13.3648
    endloop
  endfacet
  facet normal 0.659248 -0.751925 0
    outer loop
      vertex 16.026 -114.211 -13.3648
      vertex 15.8686 -114.349 -19.3648
      vertex 16.026 -114.211 -19.3648
    endloop
  endfacet
  facet normal 0.896146 -0.44376 0
    outer loop
      vertex 15.5218 -114.868 -13.3648
      vertex 15.6144 -114.681 -19.3648
      vertex 15.6144 -114.681 -13.3648
    endloop
  endfacet
  facet normal 0.896146 -0.44376 0
    outer loop
      vertex 15.6144 -114.681 -19.3648
      vertex 15.5218 -114.868 -13.3648
      vertex 15.5218 -114.868 -19.3648
    endloop
  endfacet
  facet normal 0.980764 -0.195196 0
    outer loop
      vertex 15.4137 -115.272 -13.3648
      vertex 15.4545 -115.067 -19.3648
      vertex 15.4545 -115.067 -13.3648
    endloop
  endfacet
  facet normal 0.980764 -0.195196 0
    outer loop
      vertex 15.4545 -115.067 -19.3648
      vertex 15.4137 -115.272 -13.3648
      vertex 15.4137 -115.272 -19.3648
    endloop
  endfacet
  facet normal -0.751093 0.660196 0
    outer loop
      vertex 18.1314 -116.612 -19.3648
      vertex 18.2694 -116.455 -13.3648
      vertex 18.2694 -116.455 -19.3648
    endloop
  endfacet
  facet normal -0.751093 0.660196 0
    outer loop
      vertex 18.2694 -116.455 -13.3648
      vertex 18.1314 -116.612 -19.3648
      vertex 18.1314 -116.612 -13.3648
    endloop
  endfacet
  facet normal 0.831609 0.555362 0
    outer loop
      vertex 15.7306 -116.455 -13.3648
      vertex 15.6144 -116.281 -19.3648
      vertex 15.6144 -116.281 -13.3648
    endloop
  endfacet
  facet normal 0.831609 0.555362 0
    outer loop
      vertex 15.6144 -116.281 -19.3648
      vertex 15.7306 -116.455 -13.3648
      vertex 15.7306 -116.455 -19.3648
    endloop
  endfacet
  facet normal 0.997858 -0.0654099 0
    outer loop
      vertex 15.4 -115.481 -13.3648
      vertex 15.4137 -115.272 -19.3648
      vertex 15.4137 -115.272 -13.3648
    endloop
  endfacet
  facet normal 0.997858 -0.0654099 0
    outer loop
      vertex 15.4137 -115.272 -19.3648
      vertex 15.4 -115.481 -13.3648
      vertex 15.4 -115.481 -19.3648
    endloop
  endfacet
  facet normal 0.659248 0.751925 -0
    outer loop
      vertex 16.026 -116.75 -19.3648
      vertex 15.8686 -116.612 -13.3648
      vertex 16.026 -116.75 -13.3648
    endloop
  endfacet
  facet normal 0.659248 0.751925 0
    outer loop
      vertex 15.8686 -116.612 -13.3648
      vertex 16.026 -116.75 -19.3648
      vertex 15.8686 -116.612 -19.3648
    endloop
  endfacet
  facet normal -0.32452 -0.945879 0
    outer loop
      vertex 17.4141 -113.935 -19.3648
      vertex 17.6123 -114.003 -13.3648
      vertex 17.4141 -113.935 -13.3648
    endloop
  endfacet
  facet normal -0.32452 -0.945879 -0
    outer loop
      vertex 17.6123 -114.003 -13.3648
      vertex 17.4141 -113.935 -19.3648
      vertex 17.6123 -114.003 -19.3648
    endloop
  endfacet
  facet normal 0.947294 -0.320366 0
    outer loop
      vertex 15.4545 -115.067 -13.3648
      vertex 15.5218 -114.868 -19.3648
      vertex 15.5218 -114.868 -13.3648
    endloop
  endfacet
  facet normal 0.947294 -0.320366 0
    outer loop
      vertex 15.5218 -114.868 -19.3648
      vertex 15.4545 -115.067 -13.3648
      vertex 15.4545 -115.067 -19.3648
    endloop
  endfacet
  facet normal -0.997854 0.0654722 0
    outer loop
      vertex 40.5863 -57.6896 -19.3648
      vertex 40.6 -57.4808 -13.3648
      vertex 40.6 -57.4808 -19.3648
    endloop
  endfacet
  facet normal -0.997854 0.0654722 0
    outer loop
      vertex 40.6 -57.4808 -13.3648
      vertex 40.5863 -57.6896 -19.3648
      vertex 40.5863 -57.6896 -13.3648
    endloop
  endfacet
  facet normal 0.997854 0.0654722 0
    outer loop
      vertex 37.4137 -57.6896 -13.3648
      vertex 37.4 -57.4808 -19.3648
      vertex 37.4 -57.4808 -13.3648
    endloop
  endfacet
  facet normal 0.997854 0.0654722 0
    outer loop
      vertex 37.4 -57.4808 -19.3648
      vertex 37.4137 -57.6896 -13.3648
      vertex 37.4137 -57.6896 -19.3648
    endloop
  endfacet
  facet normal 0.0654722 0.997854 -0
    outer loop
      vertex 39 -59.0808 -19.3648
      vertex 38.7912 -59.0671 -13.3648
      vertex 39 -59.0808 -13.3648
    endloop
  endfacet
  facet normal 0.0654722 0.997854 0
    outer loop
      vertex 38.7912 -59.0671 -13.3648
      vertex 39 -59.0808 -19.3648
      vertex 38.7912 -59.0671 -19.3648
    endloop
  endfacet
  facet normal -0.0654722 -0.997854 0
    outer loop
      vertex 39 -55.8808 -19.3648
      vertex 39.2088 -55.8945 -13.3648
      vertex 39 -55.8808 -13.3648
    endloop
  endfacet
  facet normal -0.0654722 -0.997854 -0
    outer loop
      vertex 39.2088 -55.8945 -13.3648
      vertex 39 -55.8808 -19.3648
      vertex 39.2088 -55.8945 -19.3648
    endloop
  endfacet
  facet normal -0.751925 -0.659248 0
    outer loop
      vertex 40.2694 -56.5068 -19.3648
      vertex 40.1314 -56.3494 -13.3648
      vertex 40.1314 -56.3494 -19.3648
    endloop
  endfacet
  facet normal -0.751925 -0.659248 0
    outer loop
      vertex 40.1314 -56.3494 -13.3648
      vertex 40.2694 -56.5068 -19.3648
      vertex 40.2694 -56.5068 -13.3648
    endloop
  endfacet
  facet normal -0.659248 0.751925 0
    outer loop
      vertex 40.1314 -58.6121 -19.3648
      vertex 39.974 -58.7501 -13.3648
      vertex 40.1314 -58.6121 -13.3648
    endloop
  endfacet
  facet normal -0.659248 0.751925 0
    outer loop
      vertex 39.974 -58.7501 -13.3648
      vertex 40.1314 -58.6121 -19.3648
      vertex 39.974 -58.7501 -19.3648
    endloop
  endfacet
  facet normal 0.751718 0.659485 0
    outer loop
      vertex 37.8686 -58.6121 -13.3648
      vertex 37.7306 -58.4548 -19.3648
      vertex 37.7306 -58.4548 -13.3648
    endloop
  endfacet
  facet normal 0.751718 0.659485 0
    outer loop
      vertex 37.7306 -58.4548 -19.3648
      vertex 37.8686 -58.6121 -13.3648
      vertex 37.8686 -58.6121 -19.3648
    endloop
  endfacet
  facet normal 0.442429 0.896803 -0
    outer loop
      vertex 38.3877 -58.959 -19.3648
      vertex 38.2 -58.8664 -13.3648
      vertex 38.3877 -58.959 -13.3648
    endloop
  endfacet
  facet normal 0.442429 0.896803 0
    outer loop
      vertex 38.2 -58.8664 -13.3648
      vertex 38.3877 -58.959 -19.3648
      vertex 38.2 -58.8664 -19.3648
    endloop
  endfacet
  facet normal -0.896803 0.442429 0
    outer loop
      vertex 40.3856 -58.2808 -19.3648
      vertex 40.4782 -58.0931 -13.3648
      vertex 40.4782 -58.0931 -19.3648
    endloop
  endfacet
  facet normal -0.896803 0.442429 0
    outer loop
      vertex 40.4782 -58.0931 -13.3648
      vertex 40.3856 -58.2808 -19.3648
      vertex 40.3856 -58.2808 -13.3648
    endloop
  endfacet
  facet normal -0.831609 0.555362 0
    outer loop
      vertex 40.2694 -58.4548 -19.3648
      vertex 40.3856 -58.2808 -13.3648
      vertex 40.3856 -58.2808 -19.3648
    endloop
  endfacet
  facet normal -0.831609 0.555362 0
    outer loop
      vertex 40.3856 -58.2808 -13.3648
      vertex 40.2694 -58.4548 -19.3648
      vertex 40.2694 -58.4548 -13.3648
    endloop
  endfacet
  facet normal -0.321526 0.946901 0
    outer loop
      vertex 39.6123 -58.959 -19.3648
      vertex 39.4141 -59.0263 -13.3648
      vertex 39.6123 -58.959 -13.3648
    endloop
  endfacet
  facet normal -0.321526 0.946901 0
    outer loop
      vertex 39.4141 -59.0263 -13.3648
      vertex 39.6123 -58.959 -19.3648
      vertex 39.4141 -59.0263 -19.3648
    endloop
  endfacet
  facet normal -0.194922 0.980819 0
    outer loop
      vertex 39.4141 -59.0263 -19.3648
      vertex 39.2088 -59.0671 -13.3648
      vertex 39.4141 -59.0263 -13.3648
    endloop
  endfacet
  facet normal -0.194922 0.980819 0
    outer loop
      vertex 39.2088 -59.0671 -13.3648
      vertex 39.4141 -59.0263 -19.3648
      vertex 39.2088 -59.0671 -19.3648
    endloop
  endfacet
  facet normal -0.442429 0.896803 0
    outer loop
      vertex 39.8 -58.8664 -19.3648
      vertex 39.6123 -58.959 -13.3648
      vertex 39.8 -58.8664 -13.3648
    endloop
  endfacet
  facet normal -0.442429 0.896803 0
    outer loop
      vertex 39.6123 -58.959 -13.3648
      vertex 39.8 -58.8664 -19.3648
      vertex 39.6123 -58.959 -19.3648
    endloop
  endfacet
  facet normal 0.946901 0.321526 0
    outer loop
      vertex 37.5218 -58.0931 -13.3648
      vertex 37.4545 -57.8949 -19.3648
      vertex 37.4545 -57.8949 -13.3648
    endloop
  endfacet
  facet normal 0.946901 0.321526 0
    outer loop
      vertex 37.4545 -57.8949 -19.3648
      vertex 37.5218 -58.0931 -13.3648
      vertex 37.5218 -58.0931 -19.3648
    endloop
  endfacet
  facet normal 0.980819 0.194922 0
    outer loop
      vertex 37.4545 -57.8949 -13.3648
      vertex 37.4137 -57.6896 -19.3648
      vertex 37.4137 -57.6896 -13.3648
    endloop
  endfacet
  facet normal 0.980819 0.194922 0
    outer loop
      vertex 37.4137 -57.6896 -19.3648
      vertex 37.4545 -57.8949 -13.3648
      vertex 37.4545 -57.8949 -19.3648
    endloop
  endfacet
  facet normal 0.555692 0.831388 -0
    outer loop
      vertex 38.2 -58.8664 -19.3648
      vertex 38.026 -58.7501 -13.3648
      vertex 38.2 -58.8664 -13.3648
    endloop
  endfacet
  facet normal 0.555692 0.831388 0
    outer loop
      vertex 38.026 -58.7501 -13.3648
      vertex 38.2 -58.8664 -19.3648
      vertex 38.026 -58.7501 -19.3648
    endloop
  endfacet
  facet normal 0.321526 0.946901 -0
    outer loop
      vertex 38.5859 -59.0263 -19.3648
      vertex 38.3877 -58.959 -13.3648
      vertex 38.5859 -59.0263 -13.3648
    endloop
  endfacet
  facet normal 0.321526 0.946901 0
    outer loop
      vertex 38.3877 -58.959 -13.3648
      vertex 38.5859 -59.0263 -19.3648
      vertex 38.3877 -58.959 -19.3648
    endloop
  endfacet
  facet normal -0.194922 -0.980819 0
    outer loop
      vertex 39.2088 -55.8945 -19.3648
      vertex 39.4141 -55.9353 -13.3648
      vertex 39.2088 -55.8945 -13.3648
    endloop
  endfacet
  facet normal -0.194922 -0.980819 -0
    outer loop
      vertex 39.4141 -55.9353 -13.3648
      vertex 39.2088 -55.8945 -19.3648
      vertex 39.4141 -55.9353 -19.3648
    endloop
  endfacet
  facet normal -0.442045 -0.896993 0
    outer loop
      vertex 39.6123 -56.0026 -19.3648
      vertex 39.8 -56.0951 -13.3648
      vertex 39.6123 -56.0026 -13.3648
    endloop
  endfacet
  facet normal -0.442045 -0.896993 -0
    outer loop
      vertex 39.8 -56.0951 -13.3648
      vertex 39.6123 -56.0026 -19.3648
      vertex 39.8 -56.0951 -19.3648
    endloop
  endfacet
  facet normal -0.946901 0.321526 0
    outer loop
      vertex 40.4782 -58.0931 -19.3648
      vertex 40.5455 -57.8949 -13.3648
      vertex 40.5455 -57.8949 -19.3648
    endloop
  endfacet
  facet normal -0.946901 0.321526 0
    outer loop
      vertex 40.5455 -57.8949 -13.3648
      vertex 40.4782 -58.0931 -19.3648
      vertex 40.4782 -58.0931 -13.3648
    endloop
  endfacet
  facet normal -0.980819 0.194922 0
    outer loop
      vertex 40.5455 -57.8949 -19.3648
      vertex 40.5863 -57.6896 -13.3648
      vertex 40.5863 -57.6896 -19.3648
    endloop
  endfacet
  facet normal -0.980819 0.194922 0
    outer loop
      vertex 40.5863 -57.6896 -13.3648
      vertex 40.5455 -57.8949 -19.3648
      vertex 40.5455 -57.8949 -13.3648
    endloop
  endfacet
  facet normal -0.751718 0.659485 0
    outer loop
      vertex 40.1314 -58.6121 -19.3648
      vertex 40.2694 -58.4548 -13.3648
      vertex 40.2694 -58.4548 -19.3648
    endloop
  endfacet
  facet normal -0.751718 0.659485 0
    outer loop
      vertex 40.2694 -58.4548 -13.3648
      vertex 40.1314 -58.6121 -19.3648
      vertex 40.1314 -58.6121 -13.3648
    endloop
  endfacet
  facet normal -0.0654722 0.997854 0
    outer loop
      vertex 39.2088 -59.0671 -19.3648
      vertex 39 -59.0808 -13.3648
      vertex 39.2088 -59.0671 -13.3648
    endloop
  endfacet
  facet normal -0.0654722 0.997854 0
    outer loop
      vertex 39 -59.0808 -13.3648
      vertex 39.2088 -59.0671 -19.3648
      vertex 39 -59.0808 -19.3648
    endloop
  endfacet
  facet normal -0.555692 0.831388 0
    outer loop
      vertex 39.974 -58.7501 -19.3648
      vertex 39.8 -58.8664 -13.3648
      vertex 39.974 -58.7501 -13.3648
    endloop
  endfacet
  facet normal -0.555692 0.831388 0
    outer loop
      vertex 39.8 -58.8664 -13.3648
      vertex 39.974 -58.7501 -19.3648
      vertex 39.8 -58.8664 -19.3648
    endloop
  endfacet
  facet normal 0.896803 0.442429 0
    outer loop
      vertex 37.6144 -58.2808 -13.3648
      vertex 37.5218 -58.0931 -19.3648
      vertex 37.5218 -58.0931 -13.3648
    endloop
  endfacet
  facet normal 0.896803 0.442429 0
    outer loop
      vertex 37.5218 -58.0931 -19.3648
      vertex 37.6144 -58.2808 -13.3648
      vertex 37.6144 -58.2808 -19.3648
    endloop
  endfacet
  facet normal 0.831609 0.555362 0
    outer loop
      vertex 37.7306 -58.4548 -13.3648
      vertex 37.6144 -58.2808 -19.3648
      vertex 37.6144 -58.2808 -13.3648
    endloop
  endfacet
  facet normal 0.831609 0.555362 0
    outer loop
      vertex 37.6144 -58.2808 -19.3648
      vertex 37.7306 -58.4548 -13.3648
      vertex 37.7306 -58.4548 -19.3648
    endloop
  endfacet
  facet normal 0.659248 0.751925 -0
    outer loop
      vertex 38.026 -58.7501 -19.3648
      vertex 37.8686 -58.6121 -13.3648
      vertex 38.026 -58.7501 -13.3648
    endloop
  endfacet
  facet normal 0.659248 0.751925 0
    outer loop
      vertex 37.8686 -58.6121 -13.3648
      vertex 38.026 -58.7501 -19.3648
      vertex 37.8686 -58.6121 -19.3648
    endloop
  endfacet
  facet normal 0.194922 0.980819 -0
    outer loop
      vertex 38.7912 -59.0671 -19.3648
      vertex 38.5859 -59.0263 -13.3648
      vertex 38.7912 -59.0671 -13.3648
    endloop
  endfacet
  facet normal 0.194922 0.980819 0
    outer loop
      vertex 38.5859 -59.0263 -13.3648
      vertex 38.7912 -59.0671 -19.3648
      vertex 38.5859 -59.0263 -19.3648
    endloop
  endfacet
  facet normal -0.997856 -0.065441 0
    outer loop
      vertex 40.6 -57.4808 -19.3648
      vertex 40.5863 -57.2719 -13.3648
      vertex 40.5863 -57.2719 -19.3648
    endloop
  endfacet
  facet normal -0.997856 -0.065441 0
    outer loop
      vertex 40.5863 -57.2719 -13.3648
      vertex 40.6 -57.4808 -19.3648
      vertex 40.6 -57.4808 -13.3648
    endloop
  endfacet
  facet normal -0.946901 -0.321526 0
    outer loop
      vertex 40.5455 -57.0667 -19.3648
      vertex 40.4782 -56.8685 -13.3648
      vertex 40.4782 -56.8685 -19.3648
    endloop
  endfacet
  facet normal -0.946901 -0.321526 0
    outer loop
      vertex 40.4782 -56.8685 -13.3648
      vertex 40.5455 -57.0667 -19.3648
      vertex 40.5455 -57.0667 -13.3648
    endloop
  endfacet
  facet normal -0.980801 -0.195013 0
    outer loop
      vertex 40.5863 -57.2719 -19.3648
      vertex 40.5455 -57.0667 -13.3648
      vertex 40.5455 -57.0667 -19.3648
    endloop
  endfacet
  facet normal -0.980801 -0.195013 0
    outer loop
      vertex 40.5455 -57.0667 -13.3648
      vertex 40.5863 -57.2719 -19.3648
      vertex 40.5863 -57.2719 -13.3648
    endloop
  endfacet
  facet normal 0.896803 -0.442429 0
    outer loop
      vertex 37.5218 -56.8685 -13.3648
      vertex 37.6144 -56.6808 -19.3648
      vertex 37.6144 -56.6808 -13.3648
    endloop
  endfacet
  facet normal 0.896803 -0.442429 0
    outer loop
      vertex 37.6144 -56.6808 -19.3648
      vertex 37.5218 -56.8685 -13.3648
      vertex 37.5218 -56.8685 -19.3648
    endloop
  endfacet
  facet normal -0.555692 -0.831388 0
    outer loop
      vertex 39.8 -56.0951 -19.3648
      vertex 39.974 -56.2114 -13.3648
      vertex 39.8 -56.0951 -13.3648
    endloop
  endfacet
  facet normal -0.555692 -0.831388 -0
    outer loop
      vertex 39.974 -56.2114 -13.3648
      vertex 39.8 -56.0951 -19.3648
      vertex 39.974 -56.2114 -19.3648
    endloop
  endfacet
  facet normal 0.980801 -0.195013 0
    outer loop
      vertex 37.4137 -57.2719 -13.3648
      vertex 37.4545 -57.0667 -19.3648
      vertex 37.4545 -57.0667 -13.3648
    endloop
  endfacet
  facet normal 0.980801 -0.195013 0
    outer loop
      vertex 37.4545 -57.0667 -19.3648
      vertex 37.4137 -57.2719 -13.3648
      vertex 37.4137 -57.2719 -19.3648
    endloop
  endfacet
  facet normal 0.997856 -0.065441 0
    outer loop
      vertex 37.4 -57.4808 -13.3648
      vertex 37.4137 -57.2719 -19.3648
      vertex 37.4137 -57.2719 -13.3648
    endloop
  endfacet
  facet normal 0.997856 -0.065441 0
    outer loop
      vertex 37.4137 -57.2719 -19.3648
      vertex 37.4 -57.4808 -13.3648
      vertex 37.4 -57.4808 -19.3648
    endloop
  endfacet
  facet normal 0.946901 -0.321526 0
    outer loop
      vertex 37.4545 -57.0667 -13.3648
      vertex 37.5218 -56.8685 -19.3648
      vertex 37.5218 -56.8685 -13.3648
    endloop
  endfacet
  facet normal 0.946901 -0.321526 0
    outer loop
      vertex 37.5218 -56.8685 -19.3648
      vertex 37.4545 -57.0667 -13.3648
      vertex 37.4545 -57.0667 -19.3648
    endloop
  endfacet
  facet normal -0.659248 -0.751925 0
    outer loop
      vertex 39.974 -56.2114 -19.3648
      vertex 40.1314 -56.3494 -13.3648
      vertex 39.974 -56.2114 -13.3648
    endloop
  endfacet
  facet normal -0.659248 -0.751925 -0
    outer loop
      vertex 40.1314 -56.3494 -13.3648
      vertex 39.974 -56.2114 -19.3648
      vertex 40.1314 -56.3494 -19.3648
    endloop
  endfacet
  facet normal -0.321526 -0.946901 0
    outer loop
      vertex 39.4141 -55.9353 -19.3648
      vertex 39.6123 -56.0026 -13.3648
      vertex 39.4141 -55.9353 -13.3648
    endloop
  endfacet
  facet normal -0.321526 -0.946901 -0
    outer loop
      vertex 39.6123 -56.0026 -13.3648
      vertex 39.4141 -55.9353 -19.3648
      vertex 39.6123 -56.0026 -19.3648
    endloop
  endfacet
  facet normal -0.896803 -0.442429 0
    outer loop
      vertex 40.4782 -56.8685 -19.3648
      vertex 40.3856 -56.6808 -13.3648
      vertex 40.3856 -56.6808 -19.3648
    endloop
  endfacet
  facet normal -0.896803 -0.442429 0
    outer loop
      vertex 40.3856 -56.6808 -13.3648
      vertex 40.4782 -56.8685 -19.3648
      vertex 40.4782 -56.8685 -13.3648
    endloop
  endfacet
  facet normal -0.831609 -0.555362 0
    outer loop
      vertex 40.3856 -56.6808 -19.3648
      vertex 40.2694 -56.5068 -13.3648
      vertex 40.2694 -56.5068 -19.3648
    endloop
  endfacet
  facet normal -0.831609 -0.555362 0
    outer loop
      vertex 40.2694 -56.5068 -13.3648
      vertex 40.3856 -56.6808 -19.3648
      vertex 40.3856 -56.6808 -13.3648
    endloop
  endfacet
  facet normal 0.321526 -0.946901 0
    outer loop
      vertex 38.3877 -56.0026 -19.3648
      vertex 38.5859 -55.9353 -13.3648
      vertex 38.3877 -56.0026 -13.3648
    endloop
  endfacet
  facet normal 0.321526 -0.946901 0
    outer loop
      vertex 38.5859 -55.9353 -13.3648
      vertex 38.3877 -56.0026 -19.3648
      vertex 38.5859 -55.9353 -19.3648
    endloop
  endfacet
  facet normal 0.194922 -0.980819 0
    outer loop
      vertex 38.5859 -55.9353 -19.3648
      vertex 38.7912 -55.8945 -13.3648
      vertex 38.5859 -55.9353 -13.3648
    endloop
  endfacet
  facet normal 0.194922 -0.980819 0
    outer loop
      vertex 38.7912 -55.8945 -13.3648
      vertex 38.5859 -55.9353 -19.3648
      vertex 38.7912 -55.8945 -19.3648
    endloop
  endfacet
  facet normal 0.751925 -0.659248 0
    outer loop
      vertex 37.7306 -56.5068 -13.3648
      vertex 37.8686 -56.3494 -19.3648
      vertex 37.8686 -56.3494 -13.3648
    endloop
  endfacet
  facet normal 0.751925 -0.659248 0
    outer loop
      vertex 37.8686 -56.3494 -19.3648
      vertex 37.7306 -56.5068 -13.3648
      vertex 37.7306 -56.5068 -19.3648
    endloop
  endfacet
  facet normal 0.659248 -0.751925 0
    outer loop
      vertex 37.8686 -56.3494 -19.3648
      vertex 38.026 -56.2114 -13.3648
      vertex 37.8686 -56.3494 -13.3648
    endloop
  endfacet
  facet normal 0.659248 -0.751925 0
    outer loop
      vertex 38.026 -56.2114 -13.3648
      vertex 37.8686 -56.3494 -19.3648
      vertex 38.026 -56.2114 -19.3648
    endloop
  endfacet
  facet normal 0.0654722 -0.997854 0
    outer loop
      vertex 38.7912 -55.8945 -19.3648
      vertex 39 -55.8808 -13.3648
      vertex 38.7912 -55.8945 -13.3648
    endloop
  endfacet
  facet normal 0.0654722 -0.997854 0
    outer loop
      vertex 39 -55.8808 -13.3648
      vertex 38.7912 -55.8945 -19.3648
      vertex 39 -55.8808 -19.3648
    endloop
  endfacet
  facet normal 0.831609 -0.555362 0
    outer loop
      vertex 37.6144 -56.6808 -13.3648
      vertex 37.7306 -56.5068 -19.3648
      vertex 37.7306 -56.5068 -13.3648
    endloop
  endfacet
  facet normal 0.831609 -0.555362 0
    outer loop
      vertex 37.7306 -56.5068 -19.3648
      vertex 37.6144 -56.6808 -13.3648
      vertex 37.6144 -56.6808 -19.3648
    endloop
  endfacet
  facet normal 0.442045 -0.896993 0
    outer loop
      vertex 38.2 -56.0951 -19.3648
      vertex 38.3877 -56.0026 -13.3648
      vertex 38.2 -56.0951 -13.3648
    endloop
  endfacet
  facet normal 0.442045 -0.896993 0
    outer loop
      vertex 38.3877 -56.0026 -13.3648
      vertex 38.2 -56.0951 -19.3648
      vertex 38.3877 -56.0026 -19.3648
    endloop
  endfacet
  facet normal 0.555692 -0.831388 0
    outer loop
      vertex 38.026 -56.2114 -19.3648
      vertex 38.2 -56.0951 -13.3648
      vertex 38.026 -56.2114 -13.3648
    endloop
  endfacet
  facet normal 0.555692 -0.831388 0
    outer loop
      vertex 38.2 -56.0951 -13.3648
      vertex 38.026 -56.2114 -19.3648
      vertex 38.2 -56.0951 -19.3648
    endloop
  endfacet
  facet normal -0.997855 0.0654566 0
    outer loop
      vertex 40.5863 -8.68962 -19.3648
      vertex 40.6 -8.48077 -13.3648
      vertex 40.6 -8.48077 -19.3648
    endloop
  endfacet
  facet normal -0.997855 0.0654566 0
    outer loop
      vertex 40.6 -8.48077 -13.3648
      vertex 40.5863 -8.68962 -19.3648
      vertex 40.5863 -8.68962 -13.3648
    endloop
  endfacet
  facet normal 0.997855 0.0654566 0
    outer loop
      vertex 37.4137 -8.68962 -13.3648
      vertex 37.4 -8.48077 -19.3648
      vertex 37.4 -8.48077 -13.3648
    endloop
  endfacet
  facet normal 0.997855 0.0654566 0
    outer loop
      vertex 37.4 -8.48077 -19.3648
      vertex 37.4137 -8.68962 -13.3648
      vertex 37.4137 -8.68962 -19.3648
    endloop
  endfacet
  facet normal 0.0654722 0.997854 -0
    outer loop
      vertex 39 -10.0808 -19.3648
      vertex 38.7912 -10.0671 -13.3648
      vertex 39 -10.0808 -13.3648
    endloop
  endfacet
  facet normal 0.0654722 0.997854 0
    outer loop
      vertex 38.7912 -10.0671 -13.3648
      vertex 39 -10.0808 -19.3648
      vertex 38.7912 -10.0671 -19.3648
    endloop
  endfacet
  facet normal -0.0653771 -0.997861 0
    outer loop
      vertex 39 -6.88078 -19.3648
      vertex 39.2088 -6.89446 -13.3648
      vertex 39 -6.88078 -13.3648
    endloop
  endfacet
  facet normal -0.0653771 -0.997861 -0
    outer loop
      vertex 39.2088 -6.89446 -13.3648
      vertex 39 -6.88078 -19.3648
      vertex 39.2088 -6.89446 -19.3648
    endloop
  endfacet
  facet normal -0.751842 -0.659343 0
    outer loop
      vertex 40.2694 -7.50676 -19.3648
      vertex 40.1314 -7.3494 -13.3648
      vertex 40.1314 -7.3494 -19.3648
    endloop
  endfacet
  facet normal -0.751842 -0.659343 0
    outer loop
      vertex 40.1314 -7.3494 -13.3648
      vertex 40.2694 -7.50676 -19.3648
      vertex 40.2694 -7.50676 -13.3648
    endloop
  endfacet
  facet normal -0.659221 0.751949 0
    outer loop
      vertex 40.1314 -9.61215 -19.3648
      vertex 39.974 -9.75014 -13.3648
      vertex 40.1314 -9.61215 -13.3648
    endloop
  endfacet
  facet normal -0.659221 0.751949 0
    outer loop
      vertex 39.974 -9.75014 -13.3648
      vertex 40.1314 -9.61215 -19.3648
      vertex 39.974 -9.75014 -19.3648
    endloop
  endfacet
  facet normal 0.751842 0.659343 0
    outer loop
      vertex 37.8686 -9.61215 -13.3648
      vertex 37.7306 -9.45479 -19.3648
      vertex 37.7306 -9.45479 -13.3648
    endloop
  endfacet
  facet normal 0.751842 0.659343 0
    outer loop
      vertex 37.7306 -9.45479 -19.3648
      vertex 37.8686 -9.61215 -13.3648
      vertex 37.8686 -9.61215 -19.3648
    endloop
  endfacet
  facet normal 0.442276 0.896879 -0
    outer loop
      vertex 38.3877 -9.95898 -19.3648
      vertex 38.2 -9.86642 -13.3648
      vertex 38.3877 -9.95898 -13.3648
    endloop
  endfacet
  facet normal 0.442276 0.896879 0
    outer loop
      vertex 38.2 -9.86642 -13.3648
      vertex 38.3877 -9.95898 -19.3648
      vertex 38.2 -9.86642 -19.3648
    endloop
  endfacet
  facet normal -0.896813 0.44241 0
    outer loop
      vertex 40.3856 -9.28078 -19.3648
      vertex 40.4782 -9.09307 -13.3648
      vertex 40.4782 -9.09307 -19.3648
    endloop
  endfacet
  facet normal -0.896813 0.44241 0
    outer loop
      vertex 40.4782 -9.09307 -13.3648
      vertex 40.3856 -9.28078 -19.3648
      vertex 40.3856 -9.28078 -13.3648
    endloop
  endfacet
  facet normal -0.831624 0.55534 0
    outer loop
      vertex 40.2694 -9.45479 -19.3648
      vertex 40.3856 -9.28078 -13.3648
      vertex 40.3856 -9.28078 -19.3648
    endloop
  endfacet
  facet normal -0.831624 0.55534 0
    outer loop
      vertex 40.3856 -9.28078 -13.3648
      vertex 40.2694 -9.45479 -19.3648
      vertex 40.2694 -9.45479 -13.3648
    endloop
  endfacet
  facet normal -0.321612 0.946872 0
    outer loop
      vertex 39.6123 -9.95898 -19.3648
      vertex 39.4141 -10.0263 -13.3648
      vertex 39.6123 -9.95898 -13.3648
    endloop
  endfacet
  facet normal -0.321612 0.946872 0
    outer loop
      vertex 39.4141 -10.0263 -13.3648
      vertex 39.6123 -9.95898 -19.3648
      vertex 39.4141 -10.0263 -19.3648
    endloop
  endfacet
  facet normal -0.194922 0.980819 0
    outer loop
      vertex 39.4141 -10.0263 -19.3648
      vertex 39.2088 -10.0671 -13.3648
      vertex 39.4141 -10.0263 -13.3648
    endloop
  endfacet
  facet normal -0.194922 0.980819 0
    outer loop
      vertex 39.2088 -10.0671 -13.3648
      vertex 39.4141 -10.0263 -19.3648
      vertex 39.2088 -10.0671 -19.3648
    endloop
  endfacet
  facet normal -0.442276 0.896879 0
    outer loop
      vertex 39.8 -9.86642 -19.3648
      vertex 39.6123 -9.95898 -13.3648
      vertex 39.8 -9.86642 -13.3648
    endloop
  endfacet
  facet normal -0.442276 0.896879 0
    outer loop
      vertex 39.6123 -9.95898 -13.3648
      vertex 39.8 -9.86642 -19.3648
      vertex 39.6123 -9.95898 -19.3648
    endloop
  endfacet
  facet normal 0.946891 0.321555 0
    outer loop
      vertex 37.5218 -9.09307 -13.3648
      vertex 37.4545 -8.89489 -19.3648
      vertex 37.4545 -8.89489 -13.3648
    endloop
  endfacet
  facet normal 0.946891 0.321555 0
    outer loop
      vertex 37.4545 -8.89489 -19.3648
      vertex 37.5218 -9.09307 -13.3648
      vertex 37.5218 -9.09307 -19.3648
    endloop
  endfacet
  facet normal 0.980813 0.194949 0
    outer loop
      vertex 37.4545 -8.89489 -13.3648
      vertex 37.4137 -8.68962 -19.3648
      vertex 37.4137 -8.68962 -13.3648
    endloop
  endfacet
  facet normal 0.980813 0.194949 0
    outer loop
      vertex 37.4137 -8.68962 -19.3648
      vertex 37.4545 -8.89489 -13.3648
      vertex 37.4545 -8.89489 -19.3648
    endloop
  endfacet
  facet normal 0.555626 0.831432 -0
    outer loop
      vertex 38.2 -9.86642 -19.3648
      vertex 38.026 -9.75014 -13.3648
      vertex 38.2 -9.86642 -13.3648
    endloop
  endfacet
  facet normal 0.555626 0.831432 0
    outer loop
      vertex 38.026 -9.75014 -13.3648
      vertex 38.2 -9.86642 -19.3648
      vertex 38.026 -9.75014 -19.3648
    endloop
  endfacet
  facet normal 0.321612 0.946872 -0
    outer loop
      vertex 38.5859 -10.0263 -19.3648
      vertex 38.3877 -9.95898 -13.3648
      vertex 38.5859 -10.0263 -13.3648
    endloop
  endfacet
  facet normal 0.321612 0.946872 0
    outer loop
      vertex 38.3877 -9.95898 -13.3648
      vertex 38.5859 -10.0263 -19.3648
      vertex 38.3877 -9.95898 -19.3648
    endloop
  endfacet
  facet normal -0.195059 -0.980791 0
    outer loop
      vertex 39.2088 -6.89446 -19.3648
      vertex 39.4141 -6.93529 -13.3648
      vertex 39.2088 -6.89446 -13.3648
    endloop
  endfacet
  facet normal -0.195059 -0.980791 -0
    outer loop
      vertex 39.4141 -6.93529 -13.3648
      vertex 39.2088 -6.89446 -19.3648
      vertex 39.4141 -6.93529 -19.3648
    endloop
  endfacet
  facet normal -0.946891 0.321555 0
    outer loop
      vertex 40.4782 -9.09307 -19.3648
      vertex 40.5455 -8.89489 -13.3648
      vertex 40.5455 -8.89489 -19.3648
    endloop
  endfacet
  facet normal -0.946891 0.321555 0
    outer loop
      vertex 40.5455 -8.89489 -13.3648
      vertex 40.4782 -9.09307 -19.3648
      vertex 40.4782 -9.09307 -13.3648
    endloop
  endfacet
  facet normal -0.980813 0.194949 0
    outer loop
      vertex 40.5455 -8.89489 -19.3648
      vertex 40.5863 -8.68962 -13.3648
      vertex 40.5863 -8.68962 -19.3648
    endloop
  endfacet
  facet normal -0.980813 0.194949 0
    outer loop
      vertex 40.5863 -8.68962 -13.3648
      vertex 40.5455 -8.89489 -19.3648
      vertex 40.5455 -8.89489 -13.3648
    endloop
  endfacet
  facet normal -0.751842 0.659343 0
    outer loop
      vertex 40.1314 -9.61215 -19.3648
      vertex 40.2694 -9.45479 -13.3648
      vertex 40.2694 -9.45479 -19.3648
    endloop
  endfacet
  facet normal -0.751842 0.659343 0
    outer loop
      vertex 40.2694 -9.45479 -13.3648
      vertex 40.1314 -9.61215 -19.3648
      vertex 40.1314 -9.61215 -13.3648
    endloop
  endfacet
  facet normal -0.0654722 0.997854 0
    outer loop
      vertex 39.2088 -10.0671 -19.3648
      vertex 39 -10.0808 -13.3648
      vertex 39.2088 -10.0671 -13.3648
    endloop
  endfacet
  facet normal -0.0654722 0.997854 0
    outer loop
      vertex 39 -10.0808 -13.3648
      vertex 39.2088 -10.0671 -19.3648
      vertex 39 -10.0808 -19.3648
    endloop
  endfacet
  facet normal -0.555626 0.831432 0
    outer loop
      vertex 39.974 -9.75014 -19.3648
      vertex 39.8 -9.86642 -13.3648
      vertex 39.974 -9.75014 -13.3648
    endloop
  endfacet
  facet normal -0.555626 0.831432 0
    outer loop
      vertex 39.8 -9.86642 -13.3648
      vertex 39.974 -9.75014 -19.3648
      vertex 39.8 -9.86642 -19.3648
    endloop
  endfacet
  facet normal 0.896813 0.44241 0
    outer loop
      vertex 37.6144 -9.28078 -13.3648
      vertex 37.5218 -9.09307 -19.3648
      vertex 37.5218 -9.09307 -13.3648
    endloop
  endfacet
  facet normal 0.896813 0.44241 0
    outer loop
      vertex 37.5218 -9.09307 -19.3648
      vertex 37.6144 -9.28078 -13.3648
      vertex 37.6144 -9.28078 -19.3648
    endloop
  endfacet
  facet normal 0.831624 0.55534 0
    outer loop
      vertex 37.7306 -9.45479 -13.3648
      vertex 37.6144 -9.28078 -19.3648
      vertex 37.6144 -9.28078 -13.3648
    endloop
  endfacet
  facet normal 0.831624 0.55534 0
    outer loop
      vertex 37.6144 -9.28078 -19.3648
      vertex 37.7306 -9.45479 -13.3648
      vertex 37.7306 -9.45479 -19.3648
    endloop
  endfacet
  facet normal 0.659221 0.751949 -0
    outer loop
      vertex 38.026 -9.75014 -19.3648
      vertex 37.8686 -9.61215 -13.3648
      vertex 38.026 -9.75014 -13.3648
    endloop
  endfacet
  facet normal 0.659221 0.751949 0
    outer loop
      vertex 37.8686 -9.61215 -13.3648
      vertex 38.026 -9.75014 -19.3648
      vertex 37.8686 -9.61215 -19.3648
    endloop
  endfacet
  facet normal 0.194922 0.980819 -0
    outer loop
      vertex 38.7912 -10.0671 -19.3648
      vertex 38.5859 -10.0263 -13.3648
      vertex 38.7912 -10.0671 -13.3648
    endloop
  endfacet
  facet normal 0.194922 0.980819 0
    outer loop
      vertex 38.5859 -10.0263 -13.3648
      vertex 38.7912 -10.0671 -19.3648
      vertex 38.5859 -10.0263 -19.3648
    endloop
  endfacet
  facet normal -0.946891 -0.321555 0
    outer loop
      vertex 40.5455 -8.06666 -19.3648
      vertex 40.4782 -7.86848 -13.3648
      vertex 40.4782 -7.86848 -19.3648
    endloop
  endfacet
  facet normal -0.946891 -0.321555 0
    outer loop
      vertex 40.4782 -7.86848 -13.3648
      vertex 40.5455 -8.06666 -19.3648
      vertex 40.5455 -8.06666 -13.3648
    endloop
  endfacet
  facet normal -0.980813 -0.194949 0
    outer loop
      vertex 40.5863 -8.27193 -19.3648
      vertex 40.5455 -8.06666 -13.3648
      vertex 40.5455 -8.06666 -19.3648
    endloop
  endfacet
  facet normal -0.980813 -0.194949 0
    outer loop
      vertex 40.5455 -8.06666 -13.3648
      vertex 40.5863 -8.27193 -19.3648
      vertex 40.5863 -8.27193 -13.3648
    endloop
  endfacet
  facet normal 0.896803 -0.442429 0
    outer loop
      vertex 37.5218 -7.86848 -13.3648
      vertex 37.6144 -7.68078 -19.3648
      vertex 37.6144 -7.68078 -13.3648
    endloop
  endfacet
  facet normal 0.896803 -0.442429 0
    outer loop
      vertex 37.6144 -7.68078 -19.3648
      vertex 37.5218 -7.86848 -13.3648
      vertex 37.5218 -7.86848 -19.3648
    endloop
  endfacet
  facet normal 0.997855 -0.0654598 0
    outer loop
      vertex 37.4 -8.48077 -13.3648
      vertex 37.4137 -8.27193 -19.3648
      vertex 37.4137 -8.27193 -13.3648
    endloop
  endfacet
  facet normal 0.997855 -0.0654598 0
    outer loop
      vertex 37.4137 -8.27193 -19.3648
      vertex 37.4 -8.48077 -13.3648
      vertex 37.4 -8.48077 -19.3648
    endloop
  endfacet
  facet normal -0.555593 -0.831454 0
    outer loop
      vertex 39.8 -7.09514 -19.3648
      vertex 39.974 -7.21141 -13.3648
      vertex 39.8 -7.09514 -13.3648
    endloop
  endfacet
  facet normal -0.555593 -0.831454 -0
    outer loop
      vertex 39.974 -7.21141 -13.3648
      vertex 39.8 -7.09514 -19.3648
      vertex 39.974 -7.21141 -19.3648
    endloop
  endfacet
  facet normal -0.831638 -0.555318 0
    outer loop
      vertex 40.3856 -7.68078 -19.3648
      vertex 40.2694 -7.50676 -13.3648
      vertex 40.2694 -7.50676 -19.3648
    endloop
  endfacet
  facet normal -0.831638 -0.555318 0
    outer loop
      vertex 40.2694 -7.50676 -13.3648
      vertex 40.3856 -7.68078 -19.3648
      vertex 40.3856 -7.68078 -13.3648
    endloop
  endfacet
  facet normal -0.997855 -0.0654598 0
    outer loop
      vertex 40.6 -8.48077 -19.3648
      vertex 40.5863 -8.27193 -13.3648
      vertex 40.5863 -8.27193 -19.3648
    endloop
  endfacet
  facet normal -0.997855 -0.0654598 0
    outer loop
      vertex 40.5863 -8.27193 -13.3648
      vertex 40.6 -8.48077 -19.3648
      vertex 40.6 -8.48077 -13.3648
    endloop
  endfacet
  facet normal 0.980813 -0.194949 0
    outer loop
      vertex 37.4137 -8.27193 -13.3648
      vertex 37.4545 -8.06666 -19.3648
      vertex 37.4545 -8.06666 -13.3648
    endloop
  endfacet
  facet normal 0.980813 -0.194949 0
    outer loop
      vertex 37.4545 -8.06666 -19.3648
      vertex 37.4137 -8.27193 -13.3648
      vertex 37.4137 -8.27193 -19.3648
    endloop
  endfacet
  facet normal 0.946891 -0.321555 0
    outer loop
      vertex 37.4545 -8.06666 -13.3648
      vertex 37.5218 -7.86848 -19.3648
      vertex 37.5218 -7.86848 -13.3648
    endloop
  endfacet
  facet normal 0.946891 -0.321555 0
    outer loop
      vertex 37.5218 -7.86848 -19.3648
      vertex 37.4545 -8.06666 -13.3648
      vertex 37.4545 -8.06666 -19.3648
    endloop
  endfacet
  facet normal -0.659221 -0.751949 0
    outer loop
      vertex 39.974 -7.21141 -19.3648
      vertex 40.1314 -7.3494 -13.3648
      vertex 39.974 -7.21141 -13.3648
    endloop
  endfacet
  facet normal -0.659221 -0.751949 -0
    outer loop
      vertex 40.1314 -7.3494 -13.3648
      vertex 39.974 -7.21141 -19.3648
      vertex 40.1314 -7.3494 -19.3648
    endloop
  endfacet
  facet normal -0.442314 -0.89686 0
    outer loop
      vertex 39.6123 -7.00257 -19.3648
      vertex 39.8 -7.09514 -13.3648
      vertex 39.6123 -7.00257 -13.3648
    endloop
  endfacet
  facet normal -0.442314 -0.89686 -0
    outer loop
      vertex 39.8 -7.09514 -13.3648
      vertex 39.6123 -7.00257 -19.3648
      vertex 39.8 -7.09514 -19.3648
    endloop
  endfacet
  facet normal -0.32144 -0.94693 0
    outer loop
      vertex 39.4141 -6.93529 -19.3648
      vertex 39.6123 -7.00257 -13.3648
      vertex 39.4141 -6.93529 -13.3648
    endloop
  endfacet
  facet normal -0.32144 -0.94693 -0
    outer loop
      vertex 39.6123 -7.00257 -13.3648
      vertex 39.4141 -6.93529 -19.3648
      vertex 39.6123 -7.00257 -19.3648
    endloop
  endfacet
  facet normal -0.896803 -0.442429 0
    outer loop
      vertex 40.4782 -7.86848 -19.3648
      vertex 40.3856 -7.68078 -13.3648
      vertex 40.3856 -7.68078 -19.3648
    endloop
  endfacet
  facet normal -0.896803 -0.442429 0
    outer loop
      vertex 40.3856 -7.68078 -13.3648
      vertex 40.4782 -7.86848 -19.3648
      vertex 40.4782 -7.86848 -13.3648
    endloop
  endfacet
  facet normal 0.32144 -0.94693 0
    outer loop
      vertex 38.3877 -7.00257 -19.3648
      vertex 38.5859 -6.93529 -13.3648
      vertex 38.3877 -7.00257 -13.3648
    endloop
  endfacet
  facet normal 0.32144 -0.94693 0
    outer loop
      vertex 38.5859 -6.93529 -13.3648
      vertex 38.3877 -7.00257 -19.3648
      vertex 38.5859 -6.93529 -19.3648
    endloop
  endfacet
  facet normal 0.195059 -0.980791 0
    outer loop
      vertex 38.5859 -6.93529 -19.3648
      vertex 38.7912 -6.89446 -13.3648
      vertex 38.5859 -6.93529 -13.3648
    endloop
  endfacet
  facet normal 0.195059 -0.980791 0
    outer loop
      vertex 38.7912 -6.89446 -13.3648
      vertex 38.5859 -6.93529 -19.3648
      vertex 38.7912 -6.89446 -19.3648
    endloop
  endfacet
  facet normal 0.751842 -0.659343 0
    outer loop
      vertex 37.7306 -7.50676 -13.3648
      vertex 37.8686 -7.3494 -19.3648
      vertex 37.8686 -7.3494 -13.3648
    endloop
  endfacet
  facet normal 0.751842 -0.659343 0
    outer loop
      vertex 37.8686 -7.3494 -19.3648
      vertex 37.7306 -7.50676 -13.3648
      vertex 37.7306 -7.50676 -19.3648
    endloop
  endfacet
  facet normal 0.659221 -0.751949 0
    outer loop
      vertex 37.8686 -7.3494 -19.3648
      vertex 38.026 -7.21141 -13.3648
      vertex 37.8686 -7.3494 -13.3648
    endloop
  endfacet
  facet normal 0.659221 -0.751949 0
    outer loop
      vertex 38.026 -7.21141 -13.3648
      vertex 37.8686 -7.3494 -19.3648
      vertex 38.026 -7.21141 -19.3648
    endloop
  endfacet
  facet normal 0.0653771 -0.997861 0
    outer loop
      vertex 38.7912 -6.89446 -19.3648
      vertex 39 -6.88078 -13.3648
      vertex 38.7912 -6.89446 -13.3648
    endloop
  endfacet
  facet normal 0.0653771 -0.997861 0
    outer loop
      vertex 39 -6.88078 -13.3648
      vertex 38.7912 -6.89446 -19.3648
      vertex 39 -6.88078 -19.3648
    endloop
  endfacet
  facet normal 0.831638 -0.555318 0
    outer loop
      vertex 37.6144 -7.68078 -13.3648
      vertex 37.7306 -7.50676 -19.3648
      vertex 37.7306 -7.50676 -13.3648
    endloop
  endfacet
  facet normal 0.831638 -0.555318 0
    outer loop
      vertex 37.7306 -7.50676 -19.3648
      vertex 37.6144 -7.68078 -13.3648
      vertex 37.6144 -7.68078 -19.3648
    endloop
  endfacet
  facet normal 0.442314 -0.89686 0
    outer loop
      vertex 38.2 -7.09514 -19.3648
      vertex 38.3877 -7.00257 -13.3648
      vertex 38.2 -7.09514 -13.3648
    endloop
  endfacet
  facet normal 0.442314 -0.89686 0
    outer loop
      vertex 38.3877 -7.00257 -13.3648
      vertex 38.2 -7.09514 -19.3648
      vertex 38.3877 -7.00257 -19.3648
    endloop
  endfacet
  facet normal 0.555593 -0.831454 0
    outer loop
      vertex 38.026 -7.21141 -19.3648
      vertex 38.2 -7.09514 -13.3648
      vertex 38.026 -7.21141 -13.3648
    endloop
  endfacet
  facet normal 0.555593 -0.831454 0
    outer loop
      vertex 38.2 -7.09514 -13.3648
      vertex 38.026 -7.21141 -19.3648
      vertex 38.2 -7.09514 -19.3648
    endloop
  endfacet
  facet normal -0.997854 0.0654722 0
    outer loop
      vertex -17.4137 -57.6896 -19.3648
      vertex -17.4 -57.4808 -13.3648
      vertex -17.4 -57.4808 -19.3648
    endloop
  endfacet
  facet normal -0.997854 0.0654722 0
    outer loop
      vertex -17.4 -57.4808 -13.3648
      vertex -17.4137 -57.6896 -19.3648
      vertex -17.4137 -57.6896 -13.3648
    endloop
  endfacet
  facet normal 0.997854 0.0654722 0
    outer loop
      vertex -20.5863 -57.6896 -13.3648
      vertex -20.6 -57.4808 -19.3648
      vertex -20.6 -57.4808 -13.3648
    endloop
  endfacet
  facet normal 0.997854 0.0654722 0
    outer loop
      vertex -20.6 -57.4808 -19.3648
      vertex -20.5863 -57.6896 -13.3648
      vertex -20.5863 -57.6896 -19.3648
    endloop
  endfacet
  facet normal 0.0654722 0.997854 -0
    outer loop
      vertex -19 -59.0808 -19.3648
      vertex -19.2088 -59.0671 -13.3648
      vertex -19 -59.0808 -13.3648
    endloop
  endfacet
  facet normal 0.0654722 0.997854 0
    outer loop
      vertex -19.2088 -59.0671 -13.3648
      vertex -19 -59.0808 -19.3648
      vertex -19.2088 -59.0671 -19.3648
    endloop
  endfacet
  facet normal -0.0654722 -0.997854 0
    outer loop
      vertex -19 -55.8808 -19.3648
      vertex -18.7912 -55.8945 -13.3648
      vertex -19 -55.8808 -13.3648
    endloop
  endfacet
  facet normal -0.0654722 -0.997854 -0
    outer loop
      vertex -18.7912 -55.8945 -13.3648
      vertex -19 -55.8808 -19.3648
      vertex -18.7912 -55.8945 -19.3648
    endloop
  endfacet
  facet normal -0.751925 -0.659248 0
    outer loop
      vertex -17.7306 -56.5068 -19.3648
      vertex -17.8686 -56.3494 -13.3648
      vertex -17.8686 -56.3494 -19.3648
    endloop
  endfacet
  facet normal -0.751925 -0.659248 0
    outer loop
      vertex -17.8686 -56.3494 -13.3648
      vertex -17.7306 -56.5068 -19.3648
      vertex -17.7306 -56.5068 -13.3648
    endloop
  endfacet
  facet normal -0.659248 0.751925 0
    outer loop
      vertex -17.8686 -58.6121 -19.3648
      vertex -18.026 -58.7501 -13.3648
      vertex -17.8686 -58.6121 -13.3648
    endloop
  endfacet
  facet normal -0.659248 0.751925 0
    outer loop
      vertex -18.026 -58.7501 -13.3648
      vertex -17.8686 -58.6121 -19.3648
      vertex -18.026 -58.7501 -19.3648
    endloop
  endfacet
  facet normal 0.751718 0.659485 0
    outer loop
      vertex -20.1314 -58.6121 -13.3648
      vertex -20.2694 -58.4548 -19.3648
      vertex -20.2694 -58.4548 -13.3648
    endloop
  endfacet
  facet normal 0.751718 0.659485 0
    outer loop
      vertex -20.2694 -58.4548 -19.3648
      vertex -20.1314 -58.6121 -13.3648
      vertex -20.1314 -58.6121 -19.3648
    endloop
  endfacet
  facet normal 0.442429 0.896803 -0
    outer loop
      vertex -19.6123 -58.959 -19.3648
      vertex -19.8 -58.8664 -13.3648
      vertex -19.6123 -58.959 -13.3648
    endloop
  endfacet
  facet normal 0.442429 0.896803 0
    outer loop
      vertex -19.8 -58.8664 -13.3648
      vertex -19.6123 -58.959 -19.3648
      vertex -19.8 -58.8664 -19.3648
    endloop
  endfacet
  facet normal -0.896803 0.442429 0
    outer loop
      vertex -17.6144 -58.2808 -19.3648
      vertex -17.5218 -58.0931 -13.3648
      vertex -17.5218 -58.0931 -19.3648
    endloop
  endfacet
  facet normal -0.896803 0.442429 0
    outer loop
      vertex -17.5218 -58.0931 -13.3648
      vertex -17.6144 -58.2808 -19.3648
      vertex -17.6144 -58.2808 -13.3648
    endloop
  endfacet
  facet normal -0.831609 0.555362 0
    outer loop
      vertex -17.7306 -58.4548 -19.3648
      vertex -17.6144 -58.2808 -13.3648
      vertex -17.6144 -58.2808 -19.3648
    endloop
  endfacet
  facet normal -0.831609 0.555362 0
    outer loop
      vertex -17.6144 -58.2808 -13.3648
      vertex -17.7306 -58.4548 -19.3648
      vertex -17.7306 -58.4548 -13.3648
    endloop
  endfacet
  facet normal -0.321526 0.946901 0
    outer loop
      vertex -18.3877 -58.959 -19.3648
      vertex -18.5859 -59.0263 -13.3648
      vertex -18.3877 -58.959 -13.3648
    endloop
  endfacet
  facet normal -0.321526 0.946901 0
    outer loop
      vertex -18.5859 -59.0263 -13.3648
      vertex -18.3877 -58.959 -19.3648
      vertex -18.5859 -59.0263 -19.3648
    endloop
  endfacet
  facet normal -0.194922 0.980819 0
    outer loop
      vertex -18.5859 -59.0263 -19.3648
      vertex -18.7912 -59.0671 -13.3648
      vertex -18.5859 -59.0263 -13.3648
    endloop
  endfacet
  facet normal -0.194922 0.980819 0
    outer loop
      vertex -18.7912 -59.0671 -13.3648
      vertex -18.5859 -59.0263 -19.3648
      vertex -18.7912 -59.0671 -19.3648
    endloop
  endfacet
  facet normal -0.442429 0.896803 0
    outer loop
      vertex -18.2 -58.8664 -19.3648
      vertex -18.3877 -58.959 -13.3648
      vertex -18.2 -58.8664 -13.3648
    endloop
  endfacet
  facet normal -0.442429 0.896803 0
    outer loop
      vertex -18.3877 -58.959 -13.3648
      vertex -18.2 -58.8664 -19.3648
      vertex -18.3877 -58.959 -19.3648
    endloop
  endfacet
  facet normal 0.946901 0.321526 0
    outer loop
      vertex -20.4782 -58.0931 -13.3648
      vertex -20.5455 -57.8949 -19.3648
      vertex -20.5455 -57.8949 -13.3648
    endloop
  endfacet
  facet normal 0.946901 0.321526 0
    outer loop
      vertex -20.5455 -57.8949 -19.3648
      vertex -20.4782 -58.0931 -13.3648
      vertex -20.4782 -58.0931 -19.3648
    endloop
  endfacet
  facet normal 0.980819 0.194922 0
    outer loop
      vertex -20.5455 -57.8949 -13.3648
      vertex -20.5863 -57.6896 -19.3648
      vertex -20.5863 -57.6896 -13.3648
    endloop
  endfacet
  facet normal 0.980819 0.194922 0
    outer loop
      vertex -20.5863 -57.6896 -19.3648
      vertex -20.5455 -57.8949 -13.3648
      vertex -20.5455 -57.8949 -19.3648
    endloop
  endfacet
  facet normal 0.555692 0.831388 -0
    outer loop
      vertex -19.8 -58.8664 -19.3648
      vertex -19.974 -58.7501 -13.3648
      vertex -19.8 -58.8664 -13.3648
    endloop
  endfacet
  facet normal 0.555692 0.831388 0
    outer loop
      vertex -19.974 -58.7501 -13.3648
      vertex -19.8 -58.8664 -19.3648
      vertex -19.974 -58.7501 -19.3648
    endloop
  endfacet
  facet normal 0.321526 0.946901 -0
    outer loop
      vertex -19.4141 -59.0263 -19.3648
      vertex -19.6123 -58.959 -13.3648
      vertex -19.4141 -59.0263 -13.3648
    endloop
  endfacet
  facet normal 0.321526 0.946901 0
    outer loop
      vertex -19.6123 -58.959 -13.3648
      vertex -19.4141 -59.0263 -19.3648
      vertex -19.6123 -58.959 -19.3648
    endloop
  endfacet
  facet normal -0.194922 -0.980819 0
    outer loop
      vertex -18.7912 -55.8945 -19.3648
      vertex -18.5859 -55.9353 -13.3648
      vertex -18.7912 -55.8945 -13.3648
    endloop
  endfacet
  facet normal -0.194922 -0.980819 -0
    outer loop
      vertex -18.5859 -55.9353 -13.3648
      vertex -18.7912 -55.8945 -19.3648
      vertex -18.5859 -55.9353 -19.3648
    endloop
  endfacet
  facet normal -0.946901 0.321526 0
    outer loop
      vertex -17.5218 -58.0931 -19.3648
      vertex -17.4545 -57.8949 -13.3648
      vertex -17.4545 -57.8949 -19.3648
    endloop
  endfacet
  facet normal -0.946901 0.321526 0
    outer loop
      vertex -17.4545 -57.8949 -13.3648
      vertex -17.5218 -58.0931 -19.3648
      vertex -17.5218 -58.0931 -13.3648
    endloop
  endfacet
  facet normal -0.980819 0.194922 0
    outer loop
      vertex -17.4545 -57.8949 -19.3648
      vertex -17.4137 -57.6896 -13.3648
      vertex -17.4137 -57.6896 -19.3648
    endloop
  endfacet
  facet normal -0.980819 0.194922 0
    outer loop
      vertex -17.4137 -57.6896 -13.3648
      vertex -17.4545 -57.8949 -19.3648
      vertex -17.4545 -57.8949 -13.3648
    endloop
  endfacet
  facet normal -0.751718 0.659485 0
    outer loop
      vertex -17.8686 -58.6121 -19.3648
      vertex -17.7306 -58.4548 -13.3648
      vertex -17.7306 -58.4548 -19.3648
    endloop
  endfacet
  facet normal -0.751718 0.659485 0
    outer loop
      vertex -17.7306 -58.4548 -13.3648
      vertex -17.8686 -58.6121 -19.3648
      vertex -17.8686 -58.6121 -13.3648
    endloop
  endfacet
  facet normal -0.0654722 0.997854 0
    outer loop
      vertex -18.7912 -59.0671 -19.3648
      vertex -19 -59.0808 -13.3648
      vertex -18.7912 -59.0671 -13.3648
    endloop
  endfacet
  facet normal -0.0654722 0.997854 0
    outer loop
      vertex -19 -59.0808 -13.3648
      vertex -18.7912 -59.0671 -19.3648
      vertex -19 -59.0808 -19.3648
    endloop
  endfacet
  facet normal -0.555692 0.831388 0
    outer loop
      vertex -18.026 -58.7501 -19.3648
      vertex -18.2 -58.8664 -13.3648
      vertex -18.026 -58.7501 -13.3648
    endloop
  endfacet
  facet normal -0.555692 0.831388 0
    outer loop
      vertex -18.2 -58.8664 -13.3648
      vertex -18.026 -58.7501 -19.3648
      vertex -18.2 -58.8664 -19.3648
    endloop
  endfacet
  facet normal 0.896803 0.442429 0
    outer loop
      vertex -20.3856 -58.2808 -13.3648
      vertex -20.4782 -58.0931 -19.3648
      vertex -20.4782 -58.0931 -13.3648
    endloop
  endfacet
  facet normal 0.896803 0.442429 0
    outer loop
      vertex -20.4782 -58.0931 -19.3648
      vertex -20.3856 -58.2808 -13.3648
      vertex -20.3856 -58.2808 -19.3648
    endloop
  endfacet
  facet normal 0.831609 0.555362 0
    outer loop
      vertex -20.2694 -58.4548 -13.3648
      vertex -20.3856 -58.2808 -19.3648
      vertex -20.3856 -58.2808 -13.3648
    endloop
  endfacet
  facet normal 0.831609 0.555362 0
    outer loop
      vertex -20.3856 -58.2808 -19.3648
      vertex -20.2694 -58.4548 -13.3648
      vertex -20.2694 -58.4548 -19.3648
    endloop
  endfacet
  facet normal 0.659248 0.751925 -0
    outer loop
      vertex -19.974 -58.7501 -19.3648
      vertex -20.1314 -58.6121 -13.3648
      vertex -19.974 -58.7501 -13.3648
    endloop
  endfacet
  facet normal 0.659248 0.751925 0
    outer loop
      vertex -20.1314 -58.6121 -13.3648
      vertex -19.974 -58.7501 -19.3648
      vertex -20.1314 -58.6121 -19.3648
    endloop
  endfacet
  facet normal 0.194922 0.980819 -0
    outer loop
      vertex -19.2088 -59.0671 -19.3648
      vertex -19.4141 -59.0263 -13.3648
      vertex -19.2088 -59.0671 -13.3648
    endloop
  endfacet
  facet normal 0.194922 0.980819 0
    outer loop
      vertex -19.4141 -59.0263 -13.3648
      vertex -19.2088 -59.0671 -19.3648
      vertex -19.4141 -59.0263 -19.3648
    endloop
  endfacet
  facet normal -0.946901 -0.321526 0
    outer loop
      vertex -17.4545 -57.0667 -19.3648
      vertex -17.5218 -56.8685 -13.3648
      vertex -17.5218 -56.8685 -19.3648
    endloop
  endfacet
  facet normal -0.946901 -0.321526 0
    outer loop
      vertex -17.5218 -56.8685 -13.3648
      vertex -17.4545 -57.0667 -19.3648
      vertex -17.4545 -57.0667 -13.3648
    endloop
  endfacet
  facet normal -0.980801 -0.195013 0
    outer loop
      vertex -17.4137 -57.2719 -19.3648
      vertex -17.4545 -57.0667 -13.3648
      vertex -17.4545 -57.0667 -19.3648
    endloop
  endfacet
  facet normal -0.980801 -0.195013 0
    outer loop
      vertex -17.4545 -57.0667 -13.3648
      vertex -17.4137 -57.2719 -19.3648
      vertex -17.4137 -57.2719 -13.3648
    endloop
  endfacet
  facet normal 0.896803 -0.442429 0
    outer loop
      vertex -20.4782 -56.8685 -13.3648
      vertex -20.3856 -56.6808 -19.3648
      vertex -20.3856 -56.6808 -13.3648
    endloop
  endfacet
  facet normal 0.896803 -0.442429 0
    outer loop
      vertex -20.3856 -56.6808 -19.3648
      vertex -20.4782 -56.8685 -13.3648
      vertex -20.4782 -56.8685 -19.3648
    endloop
  endfacet
  facet normal 0.997856 -0.065441 0
    outer loop
      vertex -20.6 -57.4808 -13.3648
      vertex -20.5863 -57.2719 -19.3648
      vertex -20.5863 -57.2719 -13.3648
    endloop
  endfacet
  facet normal 0.997856 -0.065441 0
    outer loop
      vertex -20.5863 -57.2719 -19.3648
      vertex -20.6 -57.4808 -13.3648
      vertex -20.6 -57.4808 -19.3648
    endloop
  endfacet
  facet normal -0.555692 -0.831388 0
    outer loop
      vertex -18.2 -56.0951 -19.3648
      vertex -18.026 -56.2114 -13.3648
      vertex -18.2 -56.0951 -13.3648
    endloop
  endfacet
  facet normal -0.555692 -0.831388 -0
    outer loop
      vertex -18.026 -56.2114 -13.3648
      vertex -18.2 -56.0951 -19.3648
      vertex -18.026 -56.2114 -19.3648
    endloop
  endfacet
  facet normal -0.831609 -0.555362 0
    outer loop
      vertex -17.6144 -56.6808 -19.3648
      vertex -17.7306 -56.5068 -13.3648
      vertex -17.7306 -56.5068 -19.3648
    endloop
  endfacet
  facet normal -0.831609 -0.555362 0
    outer loop
      vertex -17.7306 -56.5068 -13.3648
      vertex -17.6144 -56.6808 -19.3648
      vertex -17.6144 -56.6808 -13.3648
    endloop
  endfacet
  facet normal -0.997856 -0.065441 0
    outer loop
      vertex -17.4 -57.4808 -19.3648
      vertex -17.4137 -57.2719 -13.3648
      vertex -17.4137 -57.2719 -19.3648
    endloop
  endfacet
  facet normal -0.997856 -0.065441 0
    outer loop
      vertex -17.4137 -57.2719 -13.3648
      vertex -17.4 -57.4808 -19.3648
      vertex -17.4 -57.4808 -13.3648
    endloop
  endfacet
  facet normal 0.980801 -0.195013 0
    outer loop
      vertex -20.5863 -57.2719 -13.3648
      vertex -20.5455 -57.0667 -19.3648
      vertex -20.5455 -57.0667 -13.3648
    endloop
  endfacet
  facet normal 0.980801 -0.195013 0
    outer loop
      vertex -20.5455 -57.0667 -19.3648
      vertex -20.5863 -57.2719 -13.3648
      vertex -20.5863 -57.2719 -19.3648
    endloop
  endfacet
  facet normal 0.946901 -0.321526 0
    outer loop
      vertex -20.5455 -57.0667 -13.3648
      vertex -20.4782 -56.8685 -19.3648
      vertex -20.4782 -56.8685 -13.3648
    endloop
  endfacet
  facet normal 0.946901 -0.321526 0
    outer loop
      vertex -20.4782 -56.8685 -19.3648
      vertex -20.5455 -57.0667 -13.3648
      vertex -20.5455 -57.0667 -19.3648
    endloop
  endfacet
  facet normal -0.659248 -0.751925 0
    outer loop
      vertex -18.026 -56.2114 -19.3648
      vertex -17.8686 -56.3494 -13.3648
      vertex -18.026 -56.2114 -13.3648
    endloop
  endfacet
  facet normal -0.659248 -0.751925 -0
    outer loop
      vertex -17.8686 -56.3494 -13.3648
      vertex -18.026 -56.2114 -19.3648
      vertex -17.8686 -56.3494 -19.3648
    endloop
  endfacet
  facet normal -0.442045 -0.896993 0
    outer loop
      vertex -18.3877 -56.0026 -19.3648
      vertex -18.2 -56.0951 -13.3648
      vertex -18.3877 -56.0026 -13.3648
    endloop
  endfacet
  facet normal -0.442045 -0.896993 -0
    outer loop
      vertex -18.2 -56.0951 -13.3648
      vertex -18.3877 -56.0026 -19.3648
      vertex -18.2 -56.0951 -19.3648
    endloop
  endfacet
  facet normal -0.321526 -0.946901 0
    outer loop
      vertex -18.5859 -55.9353 -19.3648
      vertex -18.3877 -56.0026 -13.3648
      vertex -18.5859 -55.9353 -13.3648
    endloop
  endfacet
  facet normal -0.321526 -0.946901 -0
    outer loop
      vertex -18.3877 -56.0026 -13.3648
      vertex -18.5859 -55.9353 -19.3648
      vertex -18.3877 -56.0026 -19.3648
    endloop
  endfacet
  facet normal -0.896803 -0.442429 0
    outer loop
      vertex -17.5218 -56.8685 -19.3648
      vertex -17.6144 -56.6808 -13.3648
      vertex -17.6144 -56.6808 -19.3648
    endloop
  endfacet
  facet normal -0.896803 -0.442429 0
    outer loop
      vertex -17.6144 -56.6808 -13.3648
      vertex -17.5218 -56.8685 -19.3648
      vertex -17.5218 -56.8685 -13.3648
    endloop
  endfacet
  facet normal 0.0654722 -0.997854 0
    outer loop
      vertex -19.2088 -55.8945 -19.3648
      vertex -19 -55.8808 -13.3648
      vertex -19.2088 -55.8945 -13.3648
    endloop
  endfacet
  facet normal 0.0654722 -0.997854 0
    outer loop
      vertex -19 -55.8808 -13.3648
      vertex -19.2088 -55.8945 -19.3648
      vertex -19 -55.8808 -19.3648
    endloop
  endfacet
  facet normal 0.321526 -0.946901 0
    outer loop
      vertex -19.6123 -56.0026 -19.3648
      vertex -19.4141 -55.9353 -13.3648
      vertex -19.6123 -56.0026 -13.3648
    endloop
  endfacet
  facet normal 0.321526 -0.946901 0
    outer loop
      vertex -19.4141 -55.9353 -13.3648
      vertex -19.6123 -56.0026 -19.3648
      vertex -19.4141 -55.9353 -19.3648
    endloop
  endfacet
  facet normal 0.194922 -0.980819 0
    outer loop
      vertex -19.4141 -55.9353 -19.3648
      vertex -19.2088 -55.8945 -13.3648
      vertex -19.4141 -55.9353 -13.3648
    endloop
  endfacet
  facet normal 0.194922 -0.980819 0
    outer loop
      vertex -19.2088 -55.8945 -13.3648
      vertex -19.4141 -55.9353 -19.3648
      vertex -19.2088 -55.8945 -19.3648
    endloop
  endfacet
  facet normal 0.751925 -0.659248 0
    outer loop
      vertex -20.2694 -56.5068 -13.3648
      vertex -20.1314 -56.3494 -19.3648
      vertex -20.1314 -56.3494 -13.3648
    endloop
  endfacet
  facet normal 0.751925 -0.659248 0
    outer loop
      vertex -20.1314 -56.3494 -19.3648
      vertex -20.2694 -56.5068 -13.3648
      vertex -20.2694 -56.5068 -19.3648
    endloop
  endfacet
  facet normal 0.659248 -0.751925 0
    outer loop
      vertex -20.1314 -56.3494 -19.3648
      vertex -19.974 -56.2114 -13.3648
      vertex -20.1314 -56.3494 -13.3648
    endloop
  endfacet
  facet normal 0.659248 -0.751925 0
    outer loop
      vertex -19.974 -56.2114 -13.3648
      vertex -20.1314 -56.3494 -19.3648
      vertex -19.974 -56.2114 -19.3648
    endloop
  endfacet
  facet normal 0.831609 -0.555362 0
    outer loop
      vertex -20.3856 -56.6808 -13.3648
      vertex -20.2694 -56.5068 -19.3648
      vertex -20.2694 -56.5068 -13.3648
    endloop
  endfacet
  facet normal 0.831609 -0.555362 0
    outer loop
      vertex -20.2694 -56.5068 -19.3648
      vertex -20.3856 -56.6808 -13.3648
      vertex -20.3856 -56.6808 -19.3648
    endloop
  endfacet
  facet normal 0.442045 -0.896993 0
    outer loop
      vertex -19.8 -56.0951 -19.3648
      vertex -19.6123 -56.0026 -13.3648
      vertex -19.8 -56.0951 -13.3648
    endloop
  endfacet
  facet normal 0.442045 -0.896993 0
    outer loop
      vertex -19.6123 -56.0026 -13.3648
      vertex -19.8 -56.0951 -19.3648
      vertex -19.6123 -56.0026 -19.3648
    endloop
  endfacet
  facet normal 0.555692 -0.831388 0
    outer loop
      vertex -19.974 -56.2114 -19.3648
      vertex -19.8 -56.0951 -13.3648
      vertex -19.974 -56.2114 -13.3648
    endloop
  endfacet
  facet normal 0.555692 -0.831388 0
    outer loop
      vertex -19.8 -56.0951 -13.3648
      vertex -19.974 -56.2114 -19.3648
      vertex -19.8 -56.0951 -19.3648
    endloop
  endfacet
  facet normal -0.997855 0.0654566 0
    outer loop
      vertex -17.4137 -8.68962 -19.3648
      vertex -17.4 -8.48077 -13.3648
      vertex -17.4 -8.48077 -19.3648
    endloop
  endfacet
  facet normal -0.997855 0.0654566 0
    outer loop
      vertex -17.4 -8.48077 -13.3648
      vertex -17.4137 -8.68962 -19.3648
      vertex -17.4137 -8.68962 -13.3648
    endloop
  endfacet
  facet normal 0.997855 0.0654566 0
    outer loop
      vertex -20.5863 -8.68962 -13.3648
      vertex -20.6 -8.48077 -19.3648
      vertex -20.6 -8.48077 -13.3648
    endloop
  endfacet
  facet normal 0.997855 0.0654566 0
    outer loop
      vertex -20.6 -8.48077 -19.3648
      vertex -20.5863 -8.68962 -13.3648
      vertex -20.5863 -8.68962 -19.3648
    endloop
  endfacet
  facet normal 0.0654722 0.997854 -0
    outer loop
      vertex -19 -10.0808 -19.3648
      vertex -19.2088 -10.0671 -13.3648
      vertex -19 -10.0808 -13.3648
    endloop
  endfacet
  facet normal 0.0654722 0.997854 0
    outer loop
      vertex -19.2088 -10.0671 -13.3648
      vertex -19 -10.0808 -19.3648
      vertex -19.2088 -10.0671 -19.3648
    endloop
  endfacet
  facet normal -0.0653771 -0.997861 0
    outer loop
      vertex -19 -6.88078 -19.3648
      vertex -18.7912 -6.89446 -13.3648
      vertex -19 -6.88078 -13.3648
    endloop
  endfacet
  facet normal -0.0653771 -0.997861 -0
    outer loop
      vertex -18.7912 -6.89446 -13.3648
      vertex -19 -6.88078 -19.3648
      vertex -18.7912 -6.89446 -19.3648
    endloop
  endfacet
  facet normal -0.751842 -0.659343 0
    outer loop
      vertex -17.7306 -7.50676 -19.3648
      vertex -17.8686 -7.3494 -13.3648
      vertex -17.8686 -7.3494 -19.3648
    endloop
  endfacet
  facet normal -0.751842 -0.659343 0
    outer loop
      vertex -17.8686 -7.3494 -13.3648
      vertex -17.7306 -7.50676 -19.3648
      vertex -17.7306 -7.50676 -13.3648
    endloop
  endfacet
  facet normal -0.659221 0.751949 0
    outer loop
      vertex -17.8686 -9.61215 -19.3648
      vertex -18.026 -9.75014 -13.3648
      vertex -17.8686 -9.61215 -13.3648
    endloop
  endfacet
  facet normal -0.659221 0.751949 0
    outer loop
      vertex -18.026 -9.75014 -13.3648
      vertex -17.8686 -9.61215 -19.3648
      vertex -18.026 -9.75014 -19.3648
    endloop
  endfacet
  facet normal 0.751842 0.659343 0
    outer loop
      vertex -20.1314 -9.61215 -13.3648
      vertex -20.2694 -9.45479 -19.3648
      vertex -20.2694 -9.45479 -13.3648
    endloop
  endfacet
  facet normal 0.751842 0.659343 0
    outer loop
      vertex -20.2694 -9.45479 -19.3648
      vertex -20.1314 -9.61215 -13.3648
      vertex -20.1314 -9.61215 -19.3648
    endloop
  endfacet
  facet normal 0.442276 0.896879 -0
    outer loop
      vertex -19.6123 -9.95898 -19.3648
      vertex -19.8 -9.86642 -13.3648
      vertex -19.6123 -9.95898 -13.3648
    endloop
  endfacet
  facet normal 0.442276 0.896879 0
    outer loop
      vertex -19.8 -9.86642 -13.3648
      vertex -19.6123 -9.95898 -19.3648
      vertex -19.8 -9.86642 -19.3648
    endloop
  endfacet
  facet normal -0.896813 0.44241 0
    outer loop
      vertex -17.6144 -9.28078 -19.3648
      vertex -17.5218 -9.09307 -13.3648
      vertex -17.5218 -9.09307 -19.3648
    endloop
  endfacet
  facet normal -0.896813 0.44241 0
    outer loop
      vertex -17.5218 -9.09307 -13.3648
      vertex -17.6144 -9.28078 -19.3648
      vertex -17.6144 -9.28078 -13.3648
    endloop
  endfacet
  facet normal -0.831624 0.55534 0
    outer loop
      vertex -17.7306 -9.45479 -19.3648
      vertex -17.6144 -9.28078 -13.3648
      vertex -17.6144 -9.28078 -19.3648
    endloop
  endfacet
  facet normal -0.831624 0.55534 0
    outer loop
      vertex -17.6144 -9.28078 -13.3648
      vertex -17.7306 -9.45479 -19.3648
      vertex -17.7306 -9.45479 -13.3648
    endloop
  endfacet
  facet normal -0.321612 0.946872 0
    outer loop
      vertex -18.3877 -9.95898 -19.3648
      vertex -18.5859 -10.0263 -13.3648
      vertex -18.3877 -9.95898 -13.3648
    endloop
  endfacet
  facet normal -0.321612 0.946872 0
    outer loop
      vertex -18.5859 -10.0263 -13.3648
      vertex -18.3877 -9.95898 -19.3648
      vertex -18.5859 -10.0263 -19.3648
    endloop
  endfacet
  facet normal -0.194922 0.980819 0
    outer loop
      vertex -18.5859 -10.0263 -19.3648
      vertex -18.7912 -10.0671 -13.3648
      vertex -18.5859 -10.0263 -13.3648
    endloop
  endfacet
  facet normal -0.194922 0.980819 0
    outer loop
      vertex -18.7912 -10.0671 -13.3648
      vertex -18.5859 -10.0263 -19.3648
      vertex -18.7912 -10.0671 -19.3648
    endloop
  endfacet
  facet normal -0.442276 0.896879 0
    outer loop
      vertex -18.2 -9.86642 -19.3648
      vertex -18.3877 -9.95898 -13.3648
      vertex -18.2 -9.86642 -13.3648
    endloop
  endfacet
  facet normal -0.442276 0.896879 0
    outer loop
      vertex -18.3877 -9.95898 -13.3648
      vertex -18.2 -9.86642 -19.3648
      vertex -18.3877 -9.95898 -19.3648
    endloop
  endfacet
  facet normal 0.946891 0.321555 0
    outer loop
      vertex -20.4782 -9.09307 -13.3648
      vertex -20.5455 -8.89489 -19.3648
      vertex -20.5455 -8.89489 -13.3648
    endloop
  endfacet
  facet normal 0.946891 0.321555 0
    outer loop
      vertex -20.5455 -8.89489 -19.3648
      vertex -20.4782 -9.09307 -13.3648
      vertex -20.4782 -9.09307 -19.3648
    endloop
  endfacet
  facet normal 0.980813 0.194949 0
    outer loop
      vertex -20.5455 -8.89489 -13.3648
      vertex -20.5863 -8.68962 -19.3648
      vertex -20.5863 -8.68962 -13.3648
    endloop
  endfacet
  facet normal 0.980813 0.194949 0
    outer loop
      vertex -20.5863 -8.68962 -19.3648
      vertex -20.5455 -8.89489 -13.3648
      vertex -20.5455 -8.89489 -19.3648
    endloop
  endfacet
  facet normal 0.555626 0.831432 -0
    outer loop
      vertex -19.8 -9.86642 -19.3648
      vertex -19.974 -9.75014 -13.3648
      vertex -19.8 -9.86642 -13.3648
    endloop
  endfacet
  facet normal 0.555626 0.831432 0
    outer loop
      vertex -19.974 -9.75014 -13.3648
      vertex -19.8 -9.86642 -19.3648
      vertex -19.974 -9.75014 -19.3648
    endloop
  endfacet
  facet normal 0.321612 0.946872 -0
    outer loop
      vertex -19.4141 -10.0263 -19.3648
      vertex -19.6123 -9.95898 -13.3648
      vertex -19.4141 -10.0263 -13.3648
    endloop
  endfacet
  facet normal 0.321612 0.946872 0
    outer loop
      vertex -19.6123 -9.95898 -13.3648
      vertex -19.4141 -10.0263 -19.3648
      vertex -19.6123 -9.95898 -19.3648
    endloop
  endfacet
  facet normal -0.195059 -0.980791 0
    outer loop
      vertex -18.7912 -6.89446 -19.3648
      vertex -18.5859 -6.93529 -13.3648
      vertex -18.7912 -6.89446 -13.3648
    endloop
  endfacet
  facet normal -0.195059 -0.980791 -0
    outer loop
      vertex -18.5859 -6.93529 -13.3648
      vertex -18.7912 -6.89446 -19.3648
      vertex -18.5859 -6.93529 -19.3648
    endloop
  endfacet
  facet normal -0.946891 0.321555 0
    outer loop
      vertex -17.5218 -9.09307 -19.3648
      vertex -17.4545 -8.89489 -13.3648
      vertex -17.4545 -8.89489 -19.3648
    endloop
  endfacet
  facet normal -0.946891 0.321555 0
    outer loop
      vertex -17.4545 -8.89489 -13.3648
      vertex -17.5218 -9.09307 -19.3648
      vertex -17.5218 -9.09307 -13.3648
    endloop
  endfacet
  facet normal -0.980813 0.194949 0
    outer loop
      vertex -17.4545 -8.89489 -19.3648
      vertex -17.4137 -8.68962 -13.3648
      vertex -17.4137 -8.68962 -19.3648
    endloop
  endfacet
  facet normal -0.980813 0.194949 0
    outer loop
      vertex -17.4137 -8.68962 -13.3648
      vertex -17.4545 -8.89489 -19.3648
      vertex -17.4545 -8.89489 -13.3648
    endloop
  endfacet
  facet normal -0.751842 0.659343 0
    outer loop
      vertex -17.8686 -9.61215 -19.3648
      vertex -17.7306 -9.45479 -13.3648
      vertex -17.7306 -9.45479 -19.3648
    endloop
  endfacet
  facet normal -0.751842 0.659343 0
    outer loop
      vertex -17.7306 -9.45479 -13.3648
      vertex -17.8686 -9.61215 -19.3648
      vertex -17.8686 -9.61215 -13.3648
    endloop
  endfacet
  facet normal -0.0654722 0.997854 0
    outer loop
      vertex -18.7912 -10.0671 -19.3648
      vertex -19 -10.0808 -13.3648
      vertex -18.7912 -10.0671 -13.3648
    endloop
  endfacet
  facet normal -0.0654722 0.997854 0
    outer loop
      vertex -19 -10.0808 -13.3648
      vertex -18.7912 -10.0671 -19.3648
      vertex -19 -10.0808 -19.3648
    endloop
  endfacet
  facet normal -0.555626 0.831432 0
    outer loop
      vertex -18.026 -9.75014 -19.3648
      vertex -18.2 -9.86642 -13.3648
      vertex -18.026 -9.75014 -13.3648
    endloop
  endfacet
  facet normal -0.555626 0.831432 0
    outer loop
      vertex -18.2 -9.86642 -13.3648
      vertex -18.026 -9.75014 -19.3648
      vertex -18.2 -9.86642 -19.3648
    endloop
  endfacet
  facet normal 0.896813 0.44241 0
    outer loop
      vertex -20.3856 -9.28078 -13.3648
      vertex -20.4782 -9.09307 -19.3648
      vertex -20.4782 -9.09307 -13.3648
    endloop
  endfacet
  facet normal 0.896813 0.44241 0
    outer loop
      vertex -20.4782 -9.09307 -19.3648
      vertex -20.3856 -9.28078 -13.3648
      vertex -20.3856 -9.28078 -19.3648
    endloop
  endfacet
  facet normal 0.831624 0.55534 0
    outer loop
      vertex -20.2694 -9.45479 -13.3648
      vertex -20.3856 -9.28078 -19.3648
      vertex -20.3856 -9.28078 -13.3648
    endloop
  endfacet
  facet normal 0.831624 0.55534 0
    outer loop
      vertex -20.3856 -9.28078 -19.3648
      vertex -20.2694 -9.45479 -13.3648
      vertex -20.2694 -9.45479 -19.3648
    endloop
  endfacet
  facet normal 0.659221 0.751949 -0
    outer loop
      vertex -19.974 -9.75014 -19.3648
      vertex -20.1314 -9.61215 -13.3648
      vertex -19.974 -9.75014 -13.3648
    endloop
  endfacet
  facet normal 0.659221 0.751949 0
    outer loop
      vertex -20.1314 -9.61215 -13.3648
      vertex -19.974 -9.75014 -19.3648
      vertex -20.1314 -9.61215 -19.3648
    endloop
  endfacet
  facet normal 0.194922 0.980819 -0
    outer loop
      vertex -19.2088 -10.0671 -19.3648
      vertex -19.4141 -10.0263 -13.3648
      vertex -19.2088 -10.0671 -13.3648
    endloop
  endfacet
  facet normal 0.194922 0.980819 0
    outer loop
      vertex -19.4141 -10.0263 -13.3648
      vertex -19.2088 -10.0671 -19.3648
      vertex -19.4141 -10.0263 -19.3648
    endloop
  endfacet
  facet normal -0.997855 -0.0654598 0
    outer loop
      vertex -17.4 -8.48077 -19.3648
      vertex -17.4137 -8.27193 -13.3648
      vertex -17.4137 -8.27193 -19.3648
    endloop
  endfacet
  facet normal -0.997855 -0.0654598 0
    outer loop
      vertex -17.4137 -8.27193 -13.3648
      vertex -17.4 -8.48077 -19.3648
      vertex -17.4 -8.48077 -13.3648
    endloop
  endfacet
  facet normal -0.946891 -0.321555 0
    outer loop
      vertex -17.4545 -8.06666 -19.3648
      vertex -17.5218 -7.86848 -13.3648
      vertex -17.5218 -7.86848 -19.3648
    endloop
  endfacet
  facet normal -0.946891 -0.321555 0
    outer loop
      vertex -17.5218 -7.86848 -13.3648
      vertex -17.4545 -8.06666 -19.3648
      vertex -17.4545 -8.06666 -13.3648
    endloop
  endfacet
  facet normal -0.980813 -0.194949 0
    outer loop
      vertex -17.4137 -8.27193 -19.3648
      vertex -17.4545 -8.06666 -13.3648
      vertex -17.4545 -8.06666 -19.3648
    endloop
  endfacet
  facet normal -0.980813 -0.194949 0
    outer loop
      vertex -17.4545 -8.06666 -13.3648
      vertex -17.4137 -8.27193 -19.3648
      vertex -17.4137 -8.27193 -13.3648
    endloop
  endfacet
  facet normal 0.896803 -0.442429 0
    outer loop
      vertex -20.4782 -7.86848 -13.3648
      vertex -20.3856 -7.68078 -19.3648
      vertex -20.3856 -7.68078 -13.3648
    endloop
  endfacet
  facet normal 0.896803 -0.442429 0
    outer loop
      vertex -20.3856 -7.68078 -19.3648
      vertex -20.4782 -7.86848 -13.3648
      vertex -20.4782 -7.86848 -19.3648
    endloop
  endfacet
  facet normal -0.555593 -0.831454 0
    outer loop
      vertex -18.2 -7.09514 -19.3648
      vertex -18.026 -7.21141 -13.3648
      vertex -18.2 -7.09514 -13.3648
    endloop
  endfacet
  facet normal -0.555593 -0.831454 -0
    outer loop
      vertex -18.026 -7.21141 -13.3648
      vertex -18.2 -7.09514 -19.3648
      vertex -18.026 -7.21141 -19.3648
    endloop
  endfacet
  facet normal -0.831638 -0.555318 0
    outer loop
      vertex -17.6144 -7.68078 -19.3648
      vertex -17.7306 -7.50676 -13.3648
      vertex -17.7306 -7.50676 -19.3648
    endloop
  endfacet
  facet normal -0.831638 -0.555318 0
    outer loop
      vertex -17.7306 -7.50676 -13.3648
      vertex -17.6144 -7.68078 -19.3648
      vertex -17.6144 -7.68078 -13.3648
    endloop
  endfacet
  facet normal 0.980813 -0.194949 0
    outer loop
      vertex -20.5863 -8.27193 -13.3648
      vertex -20.5455 -8.06666 -19.3648
      vertex -20.5455 -8.06666 -13.3648
    endloop
  endfacet
  facet normal 0.980813 -0.194949 0
    outer loop
      vertex -20.5455 -8.06666 -19.3648
      vertex -20.5863 -8.27193 -13.3648
      vertex -20.5863 -8.27193 -19.3648
    endloop
  endfacet
  facet normal 0.997855 -0.0654598 0
    outer loop
      vertex -20.6 -8.48077 -13.3648
      vertex -20.5863 -8.27193 -19.3648
      vertex -20.5863 -8.27193 -13.3648
    endloop
  endfacet
  facet normal 0.997855 -0.0654598 0
    outer loop
      vertex -20.5863 -8.27193 -19.3648
      vertex -20.6 -8.48077 -13.3648
      vertex -20.6 -8.48077 -19.3648
    endloop
  endfacet
  facet normal 0.946891 -0.321555 0
    outer loop
      vertex -20.5455 -8.06666 -13.3648
      vertex -20.4782 -7.86848 -19.3648
      vertex -20.4782 -7.86848 -13.3648
    endloop
  endfacet
  facet normal 0.946891 -0.321555 0
    outer loop
      vertex -20.4782 -7.86848 -19.3648
      vertex -20.5455 -8.06666 -13.3648
      vertex -20.5455 -8.06666 -19.3648
    endloop
  endfacet
  facet normal -0.659221 -0.751949 0
    outer loop
      vertex -18.026 -7.21141 -19.3648
      vertex -17.8686 -7.3494 -13.3648
      vertex -18.026 -7.21141 -13.3648
    endloop
  endfacet
  facet normal -0.659221 -0.751949 -0
    outer loop
      vertex -17.8686 -7.3494 -13.3648
      vertex -18.026 -7.21141 -19.3648
      vertex -17.8686 -7.3494 -19.3648
    endloop
  endfacet
  facet normal -0.442314 -0.89686 0
    outer loop
      vertex -18.3877 -7.00257 -19.3648
      vertex -18.2 -7.09514 -13.3648
      vertex -18.3877 -7.00257 -13.3648
    endloop
  endfacet
  facet normal -0.442314 -0.89686 -0
    outer loop
      vertex -18.2 -7.09514 -13.3648
      vertex -18.3877 -7.00257 -19.3648
      vertex -18.2 -7.09514 -19.3648
    endloop
  endfacet
  facet normal -0.32144 -0.94693 0
    outer loop
      vertex -18.5859 -6.93529 -19.3648
      vertex -18.3877 -7.00257 -13.3648
      vertex -18.5859 -6.93529 -13.3648
    endloop
  endfacet
  facet normal -0.32144 -0.94693 -0
    outer loop
      vertex -18.3877 -7.00257 -13.3648
      vertex -18.5859 -6.93529 -19.3648
      vertex -18.3877 -7.00257 -19.3648
    endloop
  endfacet
  facet normal -0.896803 -0.442429 0
    outer loop
      vertex -17.5218 -7.86848 -19.3648
      vertex -17.6144 -7.68078 -13.3648
      vertex -17.6144 -7.68078 -19.3648
    endloop
  endfacet
  facet normal -0.896803 -0.442429 0
    outer loop
      vertex -17.6144 -7.68078 -13.3648
      vertex -17.5218 -7.86848 -19.3648
      vertex -17.5218 -7.86848 -13.3648
    endloop
  endfacet
  facet normal 0.0653771 -0.997861 0
    outer loop
      vertex -19.2088 -6.89446 -19.3648
      vertex -19 -6.88078 -13.3648
      vertex -19.2088 -6.89446 -13.3648
    endloop
  endfacet
  facet normal 0.0653771 -0.997861 0
    outer loop
      vertex -19 -6.88078 -13.3648
      vertex -19.2088 -6.89446 -19.3648
      vertex -19 -6.88078 -19.3648
    endloop
  endfacet
  facet normal 0.32144 -0.94693 0
    outer loop
      vertex -19.6123 -7.00257 -19.3648
      vertex -19.4141 -6.93529 -13.3648
      vertex -19.6123 -7.00257 -13.3648
    endloop
  endfacet
  facet normal 0.32144 -0.94693 0
    outer loop
      vertex -19.4141 -6.93529 -13.3648
      vertex -19.6123 -7.00257 -19.3648
      vertex -19.4141 -6.93529 -19.3648
    endloop
  endfacet
  facet normal 0.195059 -0.980791 0
    outer loop
      vertex -19.4141 -6.93529 -19.3648
      vertex -19.2088 -6.89446 -13.3648
      vertex -19.4141 -6.93529 -13.3648
    endloop
  endfacet
  facet normal 0.195059 -0.980791 0
    outer loop
      vertex -19.2088 -6.89446 -13.3648
      vertex -19.4141 -6.93529 -19.3648
      vertex -19.2088 -6.89446 -19.3648
    endloop
  endfacet
  facet normal 0.751842 -0.659343 0
    outer loop
      vertex -20.2694 -7.50676 -13.3648
      vertex -20.1314 -7.3494 -19.3648
      vertex -20.1314 -7.3494 -13.3648
    endloop
  endfacet
  facet normal 0.751842 -0.659343 0
    outer loop
      vertex -20.1314 -7.3494 -19.3648
      vertex -20.2694 -7.50676 -13.3648
      vertex -20.2694 -7.50676 -19.3648
    endloop
  endfacet
  facet normal 0.659221 -0.751949 0
    outer loop
      vertex -20.1314 -7.3494 -19.3648
      vertex -19.974 -7.21141 -13.3648
      vertex -20.1314 -7.3494 -13.3648
    endloop
  endfacet
  facet normal 0.659221 -0.751949 0
    outer loop
      vertex -19.974 -7.21141 -13.3648
      vertex -20.1314 -7.3494 -19.3648
      vertex -19.974 -7.21141 -19.3648
    endloop
  endfacet
  facet normal 0.555593 -0.831454 0
    outer loop
      vertex -19.974 -7.21141 -19.3648
      vertex -19.8 -7.09514 -13.3648
      vertex -19.974 -7.21141 -13.3648
    endloop
  endfacet
  facet normal 0.555593 -0.831454 0
    outer loop
      vertex -19.8 -7.09514 -13.3648
      vertex -19.974 -7.21141 -19.3648
      vertex -19.8 -7.09514 -19.3648
    endloop
  endfacet
  facet normal 0.831638 -0.555318 0
    outer loop
      vertex -20.3856 -7.68078 -13.3648
      vertex -20.2694 -7.50676 -19.3648
      vertex -20.2694 -7.50676 -13.3648
    endloop
  endfacet
  facet normal 0.831638 -0.555318 0
    outer loop
      vertex -20.2694 -7.50676 -19.3648
      vertex -20.3856 -7.68078 -13.3648
      vertex -20.3856 -7.68078 -19.3648
    endloop
  endfacet
  facet normal 0.442314 -0.89686 0
    outer loop
      vertex -19.8 -7.09514 -19.3648
      vertex -19.6123 -7.00257 -13.3648
      vertex -19.8 -7.09514 -13.3648
    endloop
  endfacet
  facet normal 0.442314 -0.89686 0
    outer loop
      vertex -19.6123 -7.00257 -13.3648
      vertex -19.8 -7.09514 -19.3648
      vertex -19.6123 -7.00257 -19.3648
    endloop
  endfacet
  facet normal 0 0 1
    outer loop
      vertex 34.7109 -101.674 -16.1648
      vertex 32.9462 -101.604 -16.1648
      vertex 32.9532 -101.777 -16.1648
    endloop
  endfacet
  facet normal 0 0 1
    outer loop
      vertex 33.4093 -99.4832 -16.1648
      vertex 32.9253 -101.445 -16.1648
      vertex 32.9462 -101.604 -16.1648
    endloop
  endfacet
  facet normal 0 0 1
    outer loop
      vertex 33.4093 -99.4832 -16.1648
      vertex 32.8904 -101.298 -16.1648
      vertex 32.9253 -101.445 -16.1648
    endloop
  endfacet
  facet normal 0 0 1
    outer loop
      vertex 33.4093 -99.4832 -16.1648
      vertex 32.8416 -101.165 -16.1648
      vertex 32.8904 -101.298 -16.1648
    endloop
  endfacet
  facet normal 0 0 1
    outer loop
      vertex 32.3937 -100.694 -16.1648
      vertex 33.1141 -99.3622 -16.1648
      vertex 32.7915 -99.268 -16.1648
    endloop
  endfacet
  facet normal 0 0 1
    outer loop
      vertex 33.4093 -99.4832 -16.1648
      vertex 32.7788 -101.044 -16.1648
      vertex 32.8416 -101.165 -16.1648
    endloop
  endfacet
  facet normal 0 0 1
    outer loop
      vertex 33.4093 -99.4832 -16.1648
      vertex 32.702 -100.937 -16.1648
      vertex 32.7788 -101.044 -16.1648
    endloop
  endfacet
  facet normal 0 0 1
    outer loop
      vertex 33.4093 -99.4832 -16.1648
      vertex 32.6114 -100.844 -16.1648
      vertex 32.702 -100.937 -16.1648
    endloop
  endfacet
  facet normal 0 0 1
    outer loop
      vertex 33.4093 -99.4832 -16.1648
      vertex 32.5081 -100.763 -16.1648
      vertex 32.6114 -100.844 -16.1648
    endloop
  endfacet
  facet normal 0 0 1
    outer loop
      vertex 32.268 -100.638 -16.1648
      vertex 32.7915 -99.268 -16.1648
      vertex 32.4415 -99.2008 -16.1648
    endloop
  endfacet
  facet normal 0 0 1
    outer loop
      vertex 33.1141 -99.3622 -16.1648
      vertex 32.3937 -100.694 -16.1648
      vertex 32.5081 -100.763 -16.1648
    endloop
  endfacet
  facet normal 0 0 1
    outer loop
      vertex 32.7915 -99.268 -16.1648
      vertex 32.268 -100.638 -16.1648
      vertex 32.3937 -100.694 -16.1648
    endloop
  endfacet
  facet normal 0 0 1
    outer loop
      vertex 32.4415 -99.2008 -16.1648
      vertex 32.1311 -100.595 -16.1648
      vertex 32.268 -100.638 -16.1648
    endloop
  endfacet
  facet normal 0 0 1
    outer loop
      vertex 31.983 -100.563 -16.1648
      vertex 32.4415 -99.2008 -16.1648
      vertex 32.0641 -99.1604 -16.1648
    endloop
  endfacet
  facet normal 0 0 1
    outer loop
      vertex 32.4415 -99.2008 -16.1648
      vertex 31.983 -100.563 -16.1648
      vertex 32.1311 -100.595 -16.1648
    endloop
  endfacet
  facet normal 0 0 1
    outer loop
      vertex 32.0641 -99.1604 -16.1648
      vertex 31.8237 -100.545 -16.1648
      vertex 31.983 -100.563 -16.1648
    endloop
  endfacet
  facet normal 0 0 1
    outer loop
      vertex 31.6593 -99.1469 -16.1648
      vertex 31.8237 -100.545 -16.1648
      vertex 32.0641 -99.1604 -16.1648
    endloop
  endfacet
  facet normal 0 0 1
    outer loop
      vertex 31.6593 -99.1469 -16.1648
      vertex 31.6532 -100.539 -16.1648
      vertex 31.8237 -100.545 -16.1648
    endloop
  endfacet
  facet normal -0 0 1
    outer loop
      vertex 31.2751 -99.16 -16.1648
      vertex 31.6532 -100.539 -16.1648
      vertex 31.6593 -99.1469 -16.1648
    endloop
  endfacet
  facet normal 0 0 1
    outer loop
      vertex 31.6532 -100.539 -16.1648
      vertex 31.2751 -99.16 -16.1648
      vertex 31.3195 -100.564 -16.1648
    endloop
  endfacet
  facet normal -0 0 1
    outer loop
      vertex 30.914 -99.199 -16.1648
      vertex 31.3195 -100.564 -16.1648
      vertex 31.2751 -99.16 -16.1648
    endloop
  endfacet
  facet normal 0 0 1
    outer loop
      vertex 31.3195 -100.564 -16.1648
      vertex 30.914 -99.199 -16.1648
      vertex 31.03 -100.64 -16.1648
    endloop
  endfacet
  facet normal -0 0 1
    outer loop
      vertex 30.5761 -99.2641 -16.1648
      vertex 31.03 -100.64 -16.1648
      vertex 30.914 -99.199 -16.1648
    endloop
  endfacet
  facet normal -0 0 1
    outer loop
      vertex 30.2614 -99.3552 -16.1648
      vertex 31.03 -100.64 -16.1648
      vertex 30.5761 -99.2641 -16.1648
    endloop
  endfacet
  facet normal 0 0 1
    outer loop
      vertex 31.03 -100.64 -16.1648
      vertex 30.2614 -99.3552 -16.1648
      vertex 30.7845 -100.766 -16.1648
    endloop
  endfacet
  facet normal -0 0 1
    outer loop
      vertex 29.9698 -99.4723 -16.1648
      vertex 30.7845 -100.766 -16.1648
      vertex 30.2614 -99.3552 -16.1648
    endloop
  endfacet
  facet normal -0 0 1
    outer loop
      vertex 29.7014 -99.6155 -16.1648
      vertex 30.7845 -100.766 -16.1648
      vertex 29.9698 -99.4723 -16.1648
    endloop
  endfacet
  facet normal 0 0 1
    outer loop
      vertex 30.7845 -100.766 -16.1648
      vertex 29.7014 -99.6155 -16.1648
      vertex 30.5831 -100.943 -16.1648
    endloop
  endfacet
  facet normal -0 0 1
    outer loop
      vertex 29.4561 -99.7847 -16.1648
      vertex 30.5831 -100.943 -16.1648
      vertex 29.7014 -99.6155 -16.1648
    endloop
  endfacet
  facet normal -0 0 1
    outer loop
      vertex 29.2363 -99.9784 -16.1648
      vertex 30.5831 -100.943 -16.1648
      vertex 29.4561 -99.7847 -16.1648
    endloop
  endfacet
  facet normal 0 0 1
    outer loop
      vertex 30.5831 -100.943 -16.1648
      vertex 29.2363 -99.9784 -16.1648
      vertex 30.4258 -101.171 -16.1648
    endloop
  endfacet
  facet normal -0 0 1
    outer loop
      vertex 29.0441 -100.195 -16.1648
      vertex 30.4258 -101.171 -16.1648
      vertex 29.2363 -99.9784 -16.1648
    endloop
  endfacet
  facet normal -0 0 1
    outer loop
      vertex 28.8796 -100.435 -16.1648
      vertex 30.4258 -101.171 -16.1648
      vertex 29.0441 -100.195 -16.1648
    endloop
  endfacet
  facet normal -0 0 1
    outer loop
      vertex 28.7427 -100.698 -16.1648
      vertex 30.4258 -101.171 -16.1648
      vertex 28.8796 -100.435 -16.1648
    endloop
  endfacet
  facet normal 0 0 1
    outer loop
      vertex 30.4258 -101.171 -16.1648
      vertex 28.7427 -100.698 -16.1648
      vertex 30.3126 -101.449 -16.1648
    endloop
  endfacet
  facet normal -0 0 1
    outer loop
      vertex 28.6334 -100.984 -16.1648
      vertex 30.3126 -101.449 -16.1648
      vertex 28.7427 -100.698 -16.1648
    endloop
  endfacet
  facet normal -0 0 1
    outer loop
      vertex 28.5518 -101.293 -16.1648
      vertex 30.3126 -101.449 -16.1648
      vertex 28.6334 -100.984 -16.1648
    endloop
  endfacet
  facet normal 0 0 1
    outer loop
      vertex 30.3126 -101.449 -16.1648
      vertex 28.5518 -101.293 -16.1648
      vertex 30.2435 -101.777 -16.1648
    endloop
  endfacet
  facet normal 0 0 1
    outer loop
      vertex 30.2435 -101.777 -16.1648
      vertex 28.5518 -101.293 -16.1648
      vertex 28.4979 -101.625 -16.1648
    endloop
  endfacet
  facet normal -0 0 1
    outer loop
      vertex 32.9462 -101.604 -16.1648
      vertex 34.7109 -101.674 -16.1648
      vertex 34.6947 -101.34 -16.1648
    endloop
  endfacet
  facet normal 0 0 1
    outer loop
      vertex 34.7109 -101.674 -16.1648
      vertex 32.9532 -101.777 -16.1648
      vertex 34.7 -101.905 -16.1648
    endloop
  endfacet
  facet normal 0 0 1
    outer loop
      vertex 32.9462 -101.604 -16.1648
      vertex 34.6947 -101.34 -16.1648
      vertex 34.6461 -101.028 -16.1648
    endloop
  endfacet
  facet normal 0 0 1
    outer loop
      vertex 34.7 -101.905 -16.1648
      vertex 32.9532 -101.777 -16.1648
      vertex 34.6673 -102.124 -16.1648
    endloop
  endfacet
  facet normal 0 0 1
    outer loop
      vertex 32.9462 -101.604 -16.1648
      vertex 34.6461 -101.028 -16.1648
      vertex 34.5651 -100.739 -16.1648
    endloop
  endfacet
  facet normal -0 0 1
    outer loop
      vertex 32.9447 -101.936 -16.1648
      vertex 34.6673 -102.124 -16.1648
      vertex 32.9532 -101.777 -16.1648
    endloop
  endfacet
  facet normal 0 0 1
    outer loop
      vertex 32.9462 -101.604 -16.1648
      vertex 34.5651 -100.739 -16.1648
      vertex 34.4518 -100.472 -16.1648
    endloop
  endfacet
  facet normal 0 0 1
    outer loop
      vertex 34.6673 -102.124 -16.1648
      vertex 32.9447 -101.936 -16.1648
      vertex 34.6128 -102.331 -16.1648
    endloop
  endfacet
  facet normal 0 0 1
    outer loop
      vertex 34.6128 -102.331 -16.1648
      vertex 32.9447 -101.936 -16.1648
      vertex 34.5365 -102.526 -16.1648
    endloop
  endfacet
  facet normal 0 0 1
    outer loop
      vertex 32.9462 -101.604 -16.1648
      vertex 34.4518 -100.472 -16.1648
      vertex 34.3061 -100.228 -16.1648
    endloop
  endfacet
  facet normal -0 0 1
    outer loop
      vertex 32.9193 -102.083 -16.1648
      vertex 34.5365 -102.526 -16.1648
      vertex 32.9447 -101.936 -16.1648
    endloop
  endfacet
  facet normal 0 0 1
    outer loop
      vertex 32.9462 -101.604 -16.1648
      vertex 34.3061 -100.228 -16.1648
      vertex 34.1279 -100.006 -16.1648
    endloop
  endfacet
  facet normal 0 0 1
    outer loop
      vertex 34.5365 -102.526 -16.1648
      vertex 32.9193 -102.083 -16.1648
      vertex 34.4384 -102.708 -16.1648
    endloop
  endfacet
  facet normal 0 0 1
    outer loop
      vertex 32.9462 -101.604 -16.1648
      vertex 34.1279 -100.006 -16.1648
      vertex 33.9174 -99.8061 -16.1648
    endloop
  endfacet
  facet normal 0 0 1
    outer loop
      vertex 34.4384 -102.708 -16.1648
      vertex 32.9193 -102.083 -16.1648
      vertex 34.3185 -102.879 -16.1648
    endloop
  endfacet
  facet normal 0 0 1
    outer loop
      vertex 32.9462 -101.604 -16.1648
      vertex 33.9174 -99.8061 -16.1648
      vertex 33.6771 -99.6312 -16.1648
    endloop
  endfacet
  facet normal -0 0 1
    outer loop
      vertex 32.877 -102.22 -16.1648
      vertex 34.3185 -102.879 -16.1648
      vertex 32.9193 -102.083 -16.1648
    endloop
  endfacet
  facet normal 0 0 1
    outer loop
      vertex 34.3185 -102.879 -16.1648
      vertex 32.877 -102.22 -16.1648
      vertex 34.1768 -103.038 -16.1648
    endloop
  endfacet
  facet normal 0 0 1
    outer loop
      vertex 32.9462 -101.604 -16.1648
      vertex 33.6771 -99.6312 -16.1648
      vertex 33.4093 -99.4832 -16.1648
    endloop
  endfacet
  facet normal 0 0 1
    outer loop
      vertex 34.1768 -103.038 -16.1648
      vertex 32.877 -102.22 -16.1648
      vertex 34.015 -103.182 -16.1648
    endloop
  endfacet
  facet normal 0 0 1
    outer loop
      vertex 32.5081 -100.763 -16.1648
      vertex 33.4093 -99.4832 -16.1648
      vertex 33.1141 -99.3622 -16.1648
    endloop
  endfacet
  facet normal -0 0 1
    outer loop
      vertex 32.8177 -102.345 -16.1648
      vertex 34.015 -103.182 -16.1648
      vertex 32.877 -102.22 -16.1648
    endloop
  endfacet
  facet normal 0 0 1
    outer loop
      vertex 34.015 -103.182 -16.1648
      vertex 32.8177 -102.345 -16.1648
      vertex 33.8346 -103.309 -16.1648
    endloop
  endfacet
  facet normal 0 0 1
    outer loop
      vertex 33.8346 -103.309 -16.1648
      vertex 32.8177 -102.345 -16.1648
      vertex 33.6356 -103.419 -16.1648
    endloop
  endfacet
  facet normal -0 0 1
    outer loop
      vertex 32.7414 -102.46 -16.1648
      vertex 33.6356 -103.419 -16.1648
      vertex 32.8177 -102.345 -16.1648
    endloop
  endfacet
  facet normal 0 0 1
    outer loop
      vertex 33.6356 -103.419 -16.1648
      vertex 32.7414 -102.46 -16.1648
      vertex 33.4181 -103.511 -16.1648
    endloop
  endfacet
  facet normal -0 0 1
    outer loop
      vertex 32.6483 -102.564 -16.1648
      vertex 33.4181 -103.511 -16.1648
      vertex 32.7414 -102.46 -16.1648
    endloop
  endfacet
  facet normal 0 0 1
    outer loop
      vertex 33.4181 -103.511 -16.1648
      vertex 32.6483 -102.564 -16.1648
      vertex 33.182 -103.587 -16.1648
    endloop
  endfacet
  facet normal -0 0 1
    outer loop
      vertex 32.5382 -102.656 -16.1648
      vertex 33.182 -103.587 -16.1648
      vertex 32.6483 -102.564 -16.1648
    endloop
  endfacet
  facet normal -0 0 1
    outer loop
      vertex 32.4114 -102.737 -16.1648
      vertex 32.9274 -103.646 -16.1648
      vertex 32.5382 -102.656 -16.1648
    endloop
  endfacet
  facet normal 0 0 1
    outer loop
      vertex 33.182 -103.587 -16.1648
      vertex 32.5382 -102.656 -16.1648
      vertex 32.9274 -103.646 -16.1648
    endloop
  endfacet
  facet normal 0 0 1
    outer loop
      vertex 34.4043 -105.088 -16.1648
      vertex 32.7442 -105.357 -16.1648
      vertex 32.7518 -105.513 -16.1648
    endloop
  endfacet
  facet normal 0 0 1
    outer loop
      vertex 33.1292 -103.838 -16.1648
      vertex 32.7215 -105.213 -16.1648
      vertex 32.7442 -105.357 -16.1648
    endloop
  endfacet
  facet normal 0 0 1
    outer loop
      vertex 33.1292 -103.838 -16.1648
      vertex 32.6835 -105.079 -16.1648
      vertex 32.7215 -105.213 -16.1648
    endloop
  endfacet
  facet normal 0 0 1
    outer loop
      vertex 32.3795 -104.649 -16.1648
      vertex 32.9002 -103.768 -16.1648
      vertex 32.6542 -103.712 -16.1648
    endloop
  endfacet
  facet normal 0 0 1
    outer loop
      vertex 33.1292 -103.838 -16.1648
      vertex 32.6303 -104.956 -16.1648
      vertex 32.6835 -105.079 -16.1648
    endloop
  endfacet
  facet normal 0 0 1
    outer loop
      vertex 32.9274 -103.646 -16.1648
      vertex 32.4114 -102.737 -16.1648
      vertex 32.6542 -103.688 -16.1648
    endloop
  endfacet
  facet normal 0 0 1
    outer loop
      vertex 33.1292 -103.838 -16.1648
      vertex 32.5619 -104.843 -16.1648
      vertex 32.6303 -104.956 -16.1648
    endloop
  endfacet
  facet normal -0 0 1
    outer loop
      vertex 32.2682 -102.806 -16.1648
      vertex 32.6542 -103.688 -16.1648
      vertex 32.4114 -102.737 -16.1648
    endloop
  endfacet
  facet normal 0 0 1
    outer loop
      vertex 33.1292 -103.838 -16.1648
      vertex 32.4783 -104.741 -16.1648
      vertex 32.5619 -104.843 -16.1648
    endloop
  endfacet
  facet normal -0 0 1
    outer loop
      vertex 32.1085 -102.862 -16.1648
      vertex 32.6542 -103.688 -16.1648
      vertex 32.2682 -102.806 -16.1648
    endloop
  endfacet
  facet normal 0 0 1
    outer loop
      vertex 32.9002 -103.768 -16.1648
      vertex 32.3795 -104.649 -16.1648
      vertex 32.4783 -104.741 -16.1648
    endloop
  endfacet
  facet normal -0 0 1
    outer loop
      vertex 31.9324 -102.905 -16.1648
      vertex 32.6542 -103.688 -16.1648
      vertex 32.1085 -102.862 -16.1648
    endloop
  endfacet
  facet normal 0 0 1
    outer loop
      vertex 32.6542 -103.712 -16.1648
      vertex 32.2657 -104.569 -16.1648
      vertex 32.3795 -104.649 -16.1648
    endloop
  endfacet
  facet normal 0 0 1
    outer loop
      vertex 32.6542 -103.712 -16.1648
      vertex 32.1369 -104.501 -16.1648
      vertex 32.2657 -104.569 -16.1648
    endloop
  endfacet
  facet normal -0 0 1
    outer loop
      vertex 31.7398 -102.937 -16.1648
      vertex 32.6542 -103.688 -16.1648
      vertex 31.9324 -102.905 -16.1648
    endloop
  endfacet
  facet normal 0 0 1
    outer loop
      vertex 32.6542 -103.712 -16.1648
      vertex 31.9931 -104.445 -16.1648
      vertex 32.1369 -104.501 -16.1648
    endloop
  endfacet
  facet normal 0 -0 1
    outer loop
      vertex 31.8344 -104.402 -16.1648
      vertex 32.6542 -103.688 -16.1648
      vertex 31.7398 -102.937 -16.1648
    endloop
  endfacet
  facet normal 0 0 1
    outer loop
      vertex 32.6542 -103.712 -16.1648
      vertex 31.8344 -104.402 -16.1648
      vertex 31.9931 -104.445 -16.1648
    endloop
  endfacet
  facet normal 0 0 1
    outer loop
      vertex 32.6542 -103.688 -16.1648
      vertex 31.8344 -104.402 -16.1648
      vertex 32.6542 -103.712 -16.1648
    endloop
  endfacet
  facet normal 0 0 1
    outer loop
      vertex 31.7398 -102.937 -16.1648
      vertex 31.6608 -104.372 -16.1648
      vertex 31.8344 -104.402 -16.1648
    endloop
  endfacet
  facet normal -0 0 1
    outer loop
      vertex 31.5308 -102.955 -16.1648
      vertex 31.6608 -104.372 -16.1648
      vertex 31.7398 -102.937 -16.1648
    endloop
  endfacet
  facet normal 0 0 1
    outer loop
      vertex 31.5308 -102.955 -16.1648
      vertex 31.4722 -104.353 -16.1648
      vertex 31.6608 -104.372 -16.1648
    endloop
  endfacet
  facet normal -0 0 1
    outer loop
      vertex 31.3054 -102.961 -16.1648
      vertex 31.4722 -104.353 -16.1648
      vertex 31.5308 -102.955 -16.1648
    endloop
  endfacet
  facet normal 0 0 1
    outer loop
      vertex 31.3054 -102.961 -16.1648
      vertex 31.2687 -104.347 -16.1648
      vertex 31.4722 -104.353 -16.1648
    endloop
  endfacet
  facet normal -0 0 1
    outer loop
      vertex 30.7072 -102.961 -16.1648
      vertex 31.2687 -104.347 -16.1648
      vertex 31.3054 -102.961 -16.1648
    endloop
  endfacet
  facet normal 0 0 1
    outer loop
      vertex 31.2687 -104.347 -16.1648
      vertex 30.7072 -102.961 -16.1648
      vertex 30.7072 -104.347 -16.1648
    endloop
  endfacet
  facet normal -0 0 1
    outer loop
      vertex 32.7458 -105.66 -16.1648
      vertex 34.4912 -105.726 -16.1648
      vertex 34.4815 -105.502 -16.1648
    endloop
  endfacet
  facet normal 0 0 1
    outer loop
      vertex 32.7518 -105.513 -16.1648
      vertex 34.4815 -105.502 -16.1648
      vertex 34.4526 -105.289 -16.1648
    endloop
  endfacet
  facet normal 0 0 1
    outer loop
      vertex 34.4912 -105.726 -16.1648
      vertex 32.7458 -105.66 -16.1648
      vertex 34.4757 -106.023 -16.1648
    endloop
  endfacet
  facet normal 0 0 1
    outer loop
      vertex 32.7518 -105.513 -16.1648
      vertex 34.4526 -105.289 -16.1648
      vertex 34.4043 -105.088 -16.1648
    endloop
  endfacet
  facet normal -0 0 1
    outer loop
      vertex 32.7277 -105.797 -16.1648
      vertex 34.4757 -106.023 -16.1648
      vertex 32.7458 -105.66 -16.1648
    endloop
  endfacet
  facet normal 0 0 1
    outer loop
      vertex 32.7442 -105.357 -16.1648
      vertex 34.4043 -105.088 -16.1648
      vertex 34.3367 -104.899 -16.1648
    endloop
  endfacet
  facet normal 0 0 1
    outer loop
      vertex 32.7442 -105.357 -16.1648
      vertex 34.3367 -104.899 -16.1648
      vertex 34.2498 -104.722 -16.1648
    endloop
  endfacet
  facet normal 0 0 1
    outer loop
      vertex 34.4757 -106.023 -16.1648
      vertex 32.7277 -105.797 -16.1648
      vertex 34.4292 -106.302 -16.1648
    endloop
  endfacet
  facet normal 0 0 1
    outer loop
      vertex 32.7442 -105.357 -16.1648
      vertex 34.2498 -104.722 -16.1648
      vertex 34.1436 -104.556 -16.1648
    endloop
  endfacet
  facet normal -0 0 1
    outer loop
      vertex 32.6975 -105.926 -16.1648
      vertex 34.4292 -106.302 -16.1648
      vertex 32.7277 -105.797 -16.1648
    endloop
  endfacet
  facet normal 0 0 1
    outer loop
      vertex 32.7442 -105.357 -16.1648
      vertex 34.1436 -104.556 -16.1648
      vertex 34.0181 -104.402 -16.1648
    endloop
  endfacet
  facet normal 0 0 1
    outer loop
      vertex 34.4292 -106.302 -16.1648
      vertex 32.6975 -105.926 -16.1648
      vertex 34.3516 -106.561 -16.1648
    endloop
  endfacet
  facet normal 0 0 1
    outer loop
      vertex 32.7442 -105.357 -16.1648
      vertex 34.0181 -104.402 -16.1648
      vertex 33.8745 -104.261 -16.1648
    endloop
  endfacet
  facet normal -0 0 1
    outer loop
      vertex 32.6552 -106.045 -16.1648
      vertex 34.3516 -106.561 -16.1648
      vertex 32.6975 -105.926 -16.1648
    endloop
  endfacet
  facet normal 0 0 1
    outer loop
      vertex 32.7442 -105.357 -16.1648
      vertex 33.8745 -104.261 -16.1648
      vertex 33.7138 -104.134 -16.1648
    endloop
  endfacet
  facet normal 0 0 1
    outer loop
      vertex 32.7442 -105.357 -16.1648
      vertex 33.7138 -104.134 -16.1648
      vertex 33.536 -104.021 -16.1648
    endloop
  endfacet
  facet normal 0 0 1
    outer loop
      vertex 34.4815 -105.502 -16.1648
      vertex 32.7518 -105.513 -16.1648
      vertex 32.7458 -105.66 -16.1648
    endloop
  endfacet
  facet normal 0 0 1
    outer loop
      vertex 32.7442 -105.357 -16.1648
      vertex 33.536 -104.021 -16.1648
      vertex 33.3411 -103.922 -16.1648
    endloop
  endfacet
  facet normal 0 0 1
    outer loop
      vertex 34.3516 -106.561 -16.1648
      vertex 32.6552 -106.045 -16.1648
      vertex 34.2431 -106.801 -16.1648
    endloop
  endfacet
  facet normal 0 0 1
    outer loop
      vertex 32.7442 -105.357 -16.1648
      vertex 33.3411 -103.922 -16.1648
      vertex 33.1292 -103.838 -16.1648
    endloop
  endfacet
  facet normal 0 0 1
    outer loop
      vertex 34.2431 -106.801 -16.1648
      vertex 32.6552 -106.045 -16.1648
      vertex 34.1035 -107.022 -16.1648
    endloop
  endfacet
  facet normal 0 0 1
    outer loop
      vertex 32.4783 -104.741 -16.1648
      vertex 33.1292 -103.838 -16.1648
      vertex 32.9002 -103.768 -16.1648
    endloop
  endfacet
  facet normal -0 0 1
    outer loop
      vertex 32.6008 -106.154 -16.1648
      vertex 34.1035 -107.022 -16.1648
      vertex 32.6552 -106.045 -16.1648
    endloop
  endfacet
  facet normal 0 0 1
    outer loop
      vertex 34.1035 -107.022 -16.1648
      vertex 32.6008 -106.154 -16.1648
      vertex 33.9329 -107.224 -16.1648
    endloop
  endfacet
  facet normal -0 0 1
    outer loop
      vertex 32.5344 -106.255 -16.1648
      vertex 33.9329 -107.224 -16.1648
      vertex 32.6008 -106.154 -16.1648
    endloop
  endfacet
  facet normal 0 0 1
    outer loop
      vertex 33.9329 -107.224 -16.1648
      vertex 32.5344 -106.255 -16.1648
      vertex 33.7313 -107.407 -16.1648
    endloop
  endfacet
  facet normal 0 0 1
    outer loop
      vertex 33.7313 -107.407 -16.1648
      vertex 32.5344 -106.255 -16.1648
      vertex 33.5022 -107.569 -16.1648
    endloop
  endfacet
  facet normal -0 0 1
    outer loop
      vertex 32.4558 -106.346 -16.1648
      vertex 33.5022 -107.569 -16.1648
      vertex 32.5344 -106.255 -16.1648
    endloop
  endfacet
  facet normal 0 0 1
    outer loop
      vertex 33.5022 -107.569 -16.1648
      vertex 32.4558 -106.346 -16.1648
      vertex 33.2491 -107.705 -16.1648
    endloop
  endfacet
  facet normal -0 0 1
    outer loop
      vertex 32.3657 -106.426 -16.1648
      vertex 33.2491 -107.705 -16.1648
      vertex 32.4558 -106.346 -16.1648
    endloop
  endfacet
  facet normal 0 0 1
    outer loop
      vertex 33.2491 -107.705 -16.1648
      vertex 32.3657 -106.426 -16.1648
      vertex 32.9719 -107.816 -16.1648
    endloop
  endfacet
  facet normal -0 0 1
    outer loop
      vertex 32.2645 -106.494 -16.1648
      vertex 32.9719 -107.816 -16.1648
      vertex 32.3657 -106.426 -16.1648
    endloop
  endfacet
  facet normal 0 0 1
    outer loop
      vertex 32.9719 -107.816 -16.1648
      vertex 32.2645 -106.494 -16.1648
      vertex 32.6707 -107.903 -16.1648
    endloop
  endfacet
  facet normal -0 0 1
    outer loop
      vertex 32.1522 -106.549 -16.1648
      vertex 32.6707 -107.903 -16.1648
      vertex 32.2645 -106.494 -16.1648
    endloop
  endfacet
  facet normal 0 0 1
    outer loop
      vertex 32.6707 -107.903 -16.1648
      vertex 32.1522 -106.549 -16.1648
      vertex 32.3454 -107.965 -16.1648
    endloop
  endfacet
  facet normal -0 0 1
    outer loop
      vertex 32.0288 -106.592 -16.1648
      vertex 32.3454 -107.965 -16.1648
      vertex 32.1522 -106.549 -16.1648
    endloop
  endfacet
  facet normal -0 0 1
    outer loop
      vertex 31.8944 -106.623 -16.1648
      vertex 32.3454 -107.965 -16.1648
      vertex 32.0288 -106.592 -16.1648
    endloop
  endfacet
  facet normal 0 0 1
    outer loop
      vertex 32.3454 -107.965 -16.1648
      vertex 31.8944 -106.623 -16.1648
      vertex 31.9961 -108.002 -16.1648
    endloop
  endfacet
  facet normal -0 0 1
    outer loop
      vertex 31.7488 -106.642 -16.1648
      vertex 31.9961 -108.002 -16.1648
      vertex 31.8944 -106.623 -16.1648
    endloop
  endfacet
  facet normal 0 0 1
    outer loop
      vertex 31.7488 -106.642 -16.1648
      vertex 31.6227 -108.015 -16.1648
      vertex 31.9961 -108.002 -16.1648
    endloop
  endfacet
  facet normal -0 0 1
    outer loop
      vertex 31.5922 -106.648 -16.1648
      vertex 31.6227 -108.015 -16.1648
      vertex 31.7488 -106.642 -16.1648
    endloop
  endfacet
  facet normal 0 0 1
    outer loop
      vertex 31.4447 -106.642 -16.1648
      vertex 31.6227 -108.015 -16.1648
      vertex 31.5922 -106.648 -16.1648
    endloop
  endfacet
  facet normal 0 0 1
    outer loop
      vertex 31.2698 -108.002 -16.1648
      vertex 31.4447 -106.642 -16.1648
      vertex 31.3055 -106.624 -16.1648
    endloop
  endfacet
  facet normal 0 0 1
    outer loop
      vertex 31.4447 -106.642 -16.1648
      vertex 31.2698 -108.002 -16.1648
      vertex 31.6227 -108.015 -16.1648
    endloop
  endfacet
  facet normal 0 0 1
    outer loop
      vertex 30.9367 -107.963 -16.1648
      vertex 31.3055 -106.624 -16.1648
      vertex 31.1746 -106.594 -16.1648
    endloop
  endfacet
  facet normal 0 0 1
    outer loop
      vertex 30.6232 -107.899 -16.1648
      vertex 31.1746 -106.594 -16.1648
      vertex 31.0521 -106.552 -16.1648
    endloop
  endfacet
  facet normal 0 0 1
    outer loop
      vertex 30.6232 -107.899 -16.1648
      vertex 31.0521 -106.552 -16.1648
      vertex 30.9379 -106.498 -16.1648
    endloop
  endfacet
  facet normal 0 0 1
    outer loop
      vertex 31.3055 -106.624 -16.1648
      vertex 30.9367 -107.963 -16.1648
      vertex 31.2698 -108.002 -16.1648
    endloop
  endfacet
  facet normal 0 0 1
    outer loop
      vertex 30.3293 -107.81 -16.1648
      vertex 30.9379 -106.498 -16.1648
      vertex 30.8321 -106.432 -16.1648
    endloop
  endfacet
  facet normal 0 0 1
    outer loop
      vertex 30.0552 -107.694 -16.1648
      vertex 30.8321 -106.432 -16.1648
      vertex 30.7347 -106.355 -16.1648
    endloop
  endfacet
  facet normal 0 0 1
    outer loop
      vertex 29.8007 -107.553 -16.1648
      vertex 30.7347 -106.355 -16.1648
      vertex 30.6471 -106.266 -16.1648
    endloop
  endfacet
  facet normal 0 0 1
    outer loop
      vertex 31.1746 -106.594 -16.1648
      vertex 30.6232 -107.899 -16.1648
      vertex 30.9367 -107.963 -16.1648
    endloop
  endfacet
  facet normal 0 0 1
    outer loop
      vertex 29.5659 -107.386 -16.1648
      vertex 30.6471 -106.266 -16.1648
      vertex 30.5708 -106.167 -16.1648
    endloop
  endfacet
  facet normal 0 0 1
    outer loop
      vertex 29.1694 -106.988 -16.1648
      vertex 30.5708 -106.167 -16.1648
      vertex 30.5059 -106.059 -16.1648
    endloop
  endfacet
  facet normal 0 0 1
    outer loop
      vertex 29.0111 -106.759 -16.1648
      vertex 30.5059 -106.059 -16.1648
      vertex 30.4522 -105.94 -16.1648
    endloop
  endfacet
  facet normal 0 0 1
    outer loop
      vertex 28.8795 -106.51 -16.1648
      vertex 30.4522 -105.94 -16.1648
      vertex 30.41 -105.812 -16.1648
    endloop
  endfacet
  facet normal 0 0 1
    outer loop
      vertex 28.7745 -106.242 -16.1648
      vertex 30.41 -105.812 -16.1648
      vertex 30.379 -105.673 -16.1648
    endloop
  endfacet
  facet normal 0 0 1
    outer loop
      vertex 28.6961 -105.954 -16.1648
      vertex 30.379 -105.673 -16.1648
      vertex 30.3594 -105.525 -16.1648
    endloop
  endfacet
  facet normal 0 0 1
    outer loop
      vertex 30.9379 -106.498 -16.1648
      vertex 30.3293 -107.81 -16.1648
      vertex 30.6232 -107.899 -16.1648
    endloop
  endfacet
  facet normal 0 0 1
    outer loop
      vertex 30.8321 -106.432 -16.1648
      vertex 30.0552 -107.694 -16.1648
      vertex 30.3293 -107.81 -16.1648
    endloop
  endfacet
  facet normal 0 0 1
    outer loop
      vertex 30.7347 -106.355 -16.1648
      vertex 29.8007 -107.553 -16.1648
      vertex 30.0552 -107.694 -16.1648
    endloop
  endfacet
  facet normal 0 0 1
    outer loop
      vertex 30.6471 -106.266 -16.1648
      vertex 29.5659 -107.386 -16.1648
      vertex 29.8007 -107.553 -16.1648
    endloop
  endfacet
  facet normal 0 0 1
    outer loop
      vertex 30.5708 -106.167 -16.1648
      vertex 29.3543 -107.197 -16.1648
      vertex 29.5659 -107.386 -16.1648
    endloop
  endfacet
  facet normal 0 0 1
    outer loop
      vertex 30.5708 -106.167 -16.1648
      vertex 29.1694 -106.988 -16.1648
      vertex 29.3543 -107.197 -16.1648
    endloop
  endfacet
  facet normal 0 0 1
    outer loop
      vertex 30.5059 -106.059 -16.1648
      vertex 29.0111 -106.759 -16.1648
      vertex 29.1694 -106.988 -16.1648
    endloop
  endfacet
  facet normal 0 0 1
    outer loop
      vertex 30.4522 -105.94 -16.1648
      vertex 28.8795 -106.51 -16.1648
      vertex 29.0111 -106.759 -16.1648
    endloop
  endfacet
  facet normal 0 0 1
    outer loop
      vertex 30.41 -105.812 -16.1648
      vertex 28.7745 -106.242 -16.1648
      vertex 28.8795 -106.51 -16.1648
    endloop
  endfacet
  facet normal 0 0 1
    outer loop
      vertex 30.379 -105.673 -16.1648
      vertex 28.6961 -105.954 -16.1648
      vertex 28.7745 -106.242 -16.1648
    endloop
  endfacet
  facet normal 0 -0 1
    outer loop
      vertex 28.6961 -105.954 -16.1648
      vertex 30.3594 -105.525 -16.1648
      vertex 28.6444 -105.647 -16.1648
    endloop
  endfacet
  facet normal 0 0 1
    outer loop
      vertex 39.1013 -101.039 -16.1648
      vertex 36.5868 -102.314 -16.1648
      vertex 39.1013 -102.314 -16.1648
    endloop
  endfacet
  facet normal 0 -0 1
    outer loop
      vertex 36.5868 -102.314 -16.1648
      vertex 39.1013 -101.039 -16.1648
      vertex 35.1892 -101.039 -16.1648
    endloop
  endfacet
  facet normal 0 0 1
    outer loop
      vertex 39.1013 -101.039 -16.1648
      vertex 40.737 -101.039 -16.1648
      vertex 40.737 -99.2873 -16.1648
    endloop
  endfacet
  facet normal 0 0 1
    outer loop
      vertex 40.737 -101.039 -16.1648
      vertex 39.1013 -101.039 -16.1648
      vertex 40.737 -102.314 -16.1648
    endloop
  endfacet
  facet normal 0 0 1
    outer loop
      vertex 39.1013 -105.128 -16.1648
      vertex 40.737 -102.314 -16.1648
      vertex 39.1013 -102.314 -16.1648
    endloop
  endfacet
  facet normal 0 0 1
    outer loop
      vertex 40.737 -107.887 -16.1648
      vertex 39.1485 -106.251 -16.1648
      vertex 39.1562 -106.336 -16.1648
    endloop
  endfacet
  facet normal 0 0 1
    outer loop
      vertex 39.1562 -106.336 -16.1648
      vertex 39.1485 -106.251 -16.1648
      vertex 39.1525 -106.299 -16.1648
    endloop
  endfacet
  facet normal 0 0 1
    outer loop
      vertex 40.737 -107.887 -16.1648
      vertex 39.1441 -106.192 -16.1648
      vertex 39.1485 -106.251 -16.1648
    endloop
  endfacet
  facet normal 0 0 1
    outer loop
      vertex 40.737 -107.887 -16.1648
      vertex 39.1393 -106.121 -16.1648
      vertex 39.1441 -106.192 -16.1648
    endloop
  endfacet
  facet normal 0 0 1
    outer loop
      vertex 40.737 -107.887 -16.1648
      vertex 39.1341 -106.039 -16.1648
      vertex 39.1393 -106.121 -16.1648
    endloop
  endfacet
  facet normal 0 0 1
    outer loop
      vertex 40.737 -107.887 -16.1648
      vertex 39.1286 -105.946 -16.1648
      vertex 39.1341 -106.039 -16.1648
    endloop
  endfacet
  facet normal 0 0 1
    outer loop
      vertex 40.737 -107.887 -16.1648
      vertex 39.1226 -105.842 -16.1648
      vertex 39.1286 -105.946 -16.1648
    endloop
  endfacet
  facet normal 0 0 1
    outer loop
      vertex 40.737 -107.887 -16.1648
      vertex 39.117 -105.733 -16.1648
      vertex 39.1226 -105.842 -16.1648
    endloop
  endfacet
  facet normal 0 0 1
    outer loop
      vertex 40.737 -107.887 -16.1648
      vertex 39.1122 -105.627 -16.1648
      vertex 39.117 -105.733 -16.1648
    endloop
  endfacet
  facet normal 0 0 1
    outer loop
      vertex 40.737 -107.887 -16.1648
      vertex 39.1083 -105.523 -16.1648
      vertex 39.1122 -105.627 -16.1648
    endloop
  endfacet
  facet normal 0 0 1
    outer loop
      vertex 40.737 -107.887 -16.1648
      vertex 39.1052 -105.421 -16.1648
      vertex 39.1083 -105.523 -16.1648
    endloop
  endfacet
  facet normal 0 0 1
    outer loop
      vertex 40.737 -107.887 -16.1648
      vertex 39.103 -105.321 -16.1648
      vertex 39.1052 -105.421 -16.1648
    endloop
  endfacet
  facet normal 0 0 1
    outer loop
      vertex 40.737 -107.887 -16.1648
      vertex 39.1017 -105.223 -16.1648
      vertex 39.103 -105.321 -16.1648
    endloop
  endfacet
  facet normal 0 0 1
    outer loop
      vertex 39.1013 -101.039 -16.1648
      vertex 40.737 -99.2873 -16.1648
      vertex 39.1013 -99.2873 -16.1648
    endloop
  endfacet
  facet normal 0 0 1
    outer loop
      vertex 40.737 -102.314 -16.1648
      vertex 39.1013 -101.039 -16.1648
      vertex 39.1013 -102.314 -16.1648
    endloop
  endfacet
  facet normal 0 0 1
    outer loop
      vertex 40.737 -102.314 -16.1648
      vertex 39.1013 -105.128 -16.1648
      vertex 40.737 -107.887 -16.1648
    endloop
  endfacet
  facet normal 0 0 1
    outer loop
      vertex 40.737 -107.887 -16.1648
      vertex 39.1013 -105.128 -16.1648
      vertex 39.1017 -105.223 -16.1648
    endloop
  endfacet
  facet normal -0 0 1
    outer loop
      vertex 40.737 -101.039 -16.1648
      vertex 41.8844 -102.314 -16.1648
      vertex 41.8844 -101.039 -16.1648
    endloop
  endfacet
  facet normal 0 0 1
    outer loop
      vertex 41.8844 -102.314 -16.1648
      vertex 40.737 -101.039 -16.1648
      vertex 40.737 -102.314 -16.1648
    endloop
  endfacet
  facet normal 0 0 1
    outer loop
      vertex 38.8206 -107.887 -16.1648
      vertex 39.1056 -106.233 -16.1648
      vertex 39.0446 -106.116 -16.1648
    endloop
  endfacet
  facet normal 0 0 1
    outer loop
      vertex 38.8206 -107.887 -16.1648
      vertex 39.0446 -106.116 -16.1648
      vertex 38.9731 -105.987 -16.1648
    endloop
  endfacet
  facet normal 0 0 1
    outer loop
      vertex 38.8206 -107.887 -16.1648
      vertex 38.9731 -105.987 -16.1648
      vertex 38.8912 -105.846 -16.1648
    endloop
  endfacet
  facet normal 0 0 1
    outer loop
      vertex 39.1562 -106.336 -16.1648
      vertex 38.8206 -107.887 -16.1648
      vertex 40.737 -107.887 -16.1648
    endloop
  endfacet
  facet normal 0 0 1
    outer loop
      vertex 39.1056 -106.233 -16.1648
      vertex 38.8206 -107.887 -16.1648
      vertex 39.1562 -106.336 -16.1648
    endloop
  endfacet
  facet normal 0 0 1
    outer loop
      vertex 38.7988 -105.693 -16.1648
      vertex 38.8206 -107.887 -16.1648
      vertex 38.8912 -105.846 -16.1648
    endloop
  endfacet
  facet normal 0 0 1
    outer loop
      vertex 38.6959 -105.526 -16.1648
      vertex 38.8206 -107.887 -16.1648
      vertex 38.7988 -105.693 -16.1648
    endloop
  endfacet
  facet normal 0 0 1
    outer loop
      vertex 38.5825 -105.348 -16.1648
      vertex 38.8206 -107.887 -16.1648
      vertex 38.6959 -105.526 -16.1648
    endloop
  endfacet
  facet normal -0 0 1
    outer loop
      vertex 35.1892 -102.327 -16.1648
      vertex 38.5825 -105.348 -16.1648
      vertex 36.5868 -102.314 -16.1648
    endloop
  endfacet
  facet normal 0 0 1
    outer loop
      vertex 35.1892 -102.327 -16.1648
      vertex 36.5868 -102.314 -16.1648
      vertex 35.1892 -101.039 -16.1648
    endloop
  endfacet
  facet normal 0 0 1
    outer loop
      vertex 38.5825 -105.348 -16.1648
      vertex 35.1892 -102.327 -16.1648
      vertex 38.8206 -107.887 -16.1648
    endloop
  endfacet
  facet normal -0.10644 -0.994319 0
    outer loop
      vertex 32.0641 -99.1604 -16.1648
      vertex 32.4415 -99.2008 -15.3648
      vertex 32.0641 -99.1604 -15.3648
    endloop
  endfacet
  facet normal -0.10644 -0.994319 -0
    outer loop
      vertex 32.4415 -99.2008 -15.3648
      vertex 32.0641 -99.1604 -16.1648
      vertex 32.4415 -99.2008 -16.1648
    endloop
  endfacet
  facet normal -0.188556 -0.982062 0
    outer loop
      vertex 32.4415 -99.2008 -16.1648
      vertex 32.7915 -99.268 -15.3648
      vertex 32.4415 -99.2008 -15.3648
    endloop
  endfacet
  facet normal -0.188556 -0.982062 -0
    outer loop
      vertex 32.7915 -99.268 -15.3648
      vertex 32.4415 -99.2008 -16.1648
      vertex 32.7915 -99.268 -16.1648
    endloop
  endfacet
  facet normal -0.280297 -0.959913 0
    outer loop
      vertex 32.7915 -99.268 -16.1648
      vertex 33.1141 -99.3622 -15.3648
      vertex 32.7915 -99.268 -15.3648
    endloop
  endfacet
  facet normal -0.280297 -0.959913 -0
    outer loop
      vertex 33.1141 -99.3622 -15.3648
      vertex 32.7915 -99.268 -16.1648
      vertex 33.1141 -99.3622 -16.1648
    endloop
  endfacet
  facet normal -0.379267 -0.925287 0
    outer loop
      vertex 33.1141 -99.3622 -16.1648
      vertex 33.4093 -99.4832 -15.3648
      vertex 33.1141 -99.3622 -15.3648
    endloop
  endfacet
  facet normal -0.379267 -0.925287 -0
    outer loop
      vertex 33.4093 -99.4832 -15.3648
      vertex 33.1141 -99.3622 -16.1648
      vertex 33.4093 -99.4832 -16.1648
    endloop
  endfacet
  facet normal -0.483699 -0.875234 0
    outer loop
      vertex 33.4093 -99.4832 -16.1648
      vertex 33.6771 -99.6312 -15.3648
      vertex 33.4093 -99.4832 -15.3648
    endloop
  endfacet
  facet normal -0.483699 -0.875234 -0
    outer loop
      vertex 33.6771 -99.6312 -15.3648
      vertex 33.4093 -99.4832 -16.1648
      vertex 33.6771 -99.6312 -16.1648
    endloop
  endfacet
  facet normal -0.588472 -0.808518 0
    outer loop
      vertex 33.6771 -99.6312 -16.1648
      vertex 33.9174 -99.8061 -15.3648
      vertex 33.6771 -99.6312 -15.3648
    endloop
  endfacet
  facet normal -0.588472 -0.808518 -0
    outer loop
      vertex 33.9174 -99.8061 -15.3648
      vertex 33.6771 -99.6312 -16.1648
      vertex 33.9174 -99.8061 -16.1648
    endloop
  endfacet
  facet normal -0.688614 -0.725128 0
    outer loop
      vertex 33.9174 -99.8061 -16.1648
      vertex 34.1279 -100.006 -15.3648
      vertex 33.9174 -99.8061 -15.3648
    endloop
  endfacet
  facet normal -0.688614 -0.725128 -0
    outer loop
      vertex 34.1279 -100.006 -15.3648
      vertex 33.9174 -99.8061 -16.1648
      vertex 34.1279 -100.006 -16.1648
    endloop
  endfacet
  facet normal -0.77984 -0.625979 0
    outer loop
      vertex 34.3061 -100.228 -16.1648
      vertex 34.1279 -100.006 -15.3648
      vertex 34.1279 -100.006 -16.1648
    endloop
  endfacet
  facet normal -0.77984 -0.625979 0
    outer loop
      vertex 34.1279 -100.006 -15.3648
      vertex 34.3061 -100.228 -16.1648
      vertex 34.3061 -100.228 -15.3648
    endloop
  endfacet
  facet normal -0.858578 -0.512683 0
    outer loop
      vertex 34.4518 -100.472 -16.1648
      vertex 34.3061 -100.228 -15.3648
      vertex 34.3061 -100.228 -16.1648
    endloop
  endfacet
  facet normal -0.858578 -0.512683 0
    outer loop
      vertex 34.3061 -100.228 -15.3648
      vertex 34.4518 -100.472 -16.1648
      vertex 34.4518 -100.472 -15.3648
    endloop
  endfacet
  facet normal -0.920548 -0.39063 0
    outer loop
      vertex 34.5651 -100.739 -16.1648
      vertex 34.4518 -100.472 -15.3648
      vertex 34.4518 -100.472 -16.1648
    endloop
  endfacet
  facet normal -0.920548 -0.39063 0
    outer loop
      vertex 34.4518 -100.472 -15.3648
      vertex 34.5651 -100.739 -16.1648
      vertex 34.5651 -100.739 -15.3648
    endloop
  endfacet
  facet normal -0.962895 -0.269877 0
    outer loop
      vertex 34.6461 -101.028 -16.1648
      vertex 34.5651 -100.739 -15.3648
      vertex 34.5651 -100.739 -16.1648
    endloop
  endfacet
  facet normal -0.962895 -0.269877 0
    outer loop
      vertex 34.5651 -100.739 -15.3648
      vertex 34.6461 -101.028 -16.1648
      vertex 34.6461 -101.028 -15.3648
    endloop
  endfacet
  facet normal -0.988084 -0.153913 0
    outer loop
      vertex 34.6947 -101.34 -16.1648
      vertex 34.6461 -101.028 -15.3648
      vertex 34.6461 -101.028 -16.1648
    endloop
  endfacet
  facet normal -0.988084 -0.153913 0
    outer loop
      vertex 34.6461 -101.028 -15.3648
      vertex 34.6947 -101.34 -16.1648
      vertex 34.6947 -101.34 -15.3648
    endloop
  endfacet
  facet normal -0.998826 -0.048446 0
    outer loop
      vertex 34.7109 -101.674 -16.1648
      vertex 34.6947 -101.34 -15.3648
      vertex 34.6947 -101.34 -16.1648
    endloop
  endfacet
  facet normal -0.998826 -0.048446 0
    outer loop
      vertex 34.6947 -101.34 -15.3648
      vertex 34.7109 -101.674 -16.1648
      vertex 34.7109 -101.674 -15.3648
    endloop
  endfacet
  facet normal -0.998889 0.0471337 0
    outer loop
      vertex 34.7 -101.905 -16.1648
      vertex 34.7109 -101.674 -15.3648
      vertex 34.7109 -101.674 -16.1648
    endloop
  endfacet
  facet normal -0.998889 0.0471337 0
    outer loop
      vertex 34.7109 -101.674 -15.3648
      vertex 34.7 -101.905 -16.1648
      vertex 34.7 -101.905 -15.3648
    endloop
  endfacet
  facet normal -0.989036 0.147678 0
    outer loop
      vertex 34.6673 -102.124 -16.1648
      vertex 34.7 -101.905 -15.3648
      vertex 34.7 -101.905 -16.1648
    endloop
  endfacet
  facet normal -0.989036 0.147678 0
    outer loop
      vertex 34.7 -101.905 -15.3648
      vertex 34.6673 -102.124 -16.1648
      vertex 34.6673 -102.124 -15.3648
    endloop
  endfacet
  facet normal -0.967044 0.254608 0
    outer loop
      vertex 34.6128 -102.331 -16.1648
      vertex 34.6673 -102.124 -15.3648
      vertex 34.6673 -102.124 -16.1648
    endloop
  endfacet
  facet normal -0.967044 0.254608 0
    outer loop
      vertex 34.6673 -102.124 -15.3648
      vertex 34.6128 -102.331 -16.1648
      vertex 34.6128 -102.331 -15.3648
    endloop
  endfacet
  facet normal -0.93125 0.364381 0
    outer loop
      vertex 34.5365 -102.526 -16.1648
      vertex 34.6128 -102.331 -15.3648
      vertex 34.6128 -102.331 -16.1648
    endloop
  endfacet
  facet normal -0.93125 0.364381 0
    outer loop
      vertex 34.6128 -102.331 -15.3648
      vertex 34.5365 -102.526 -16.1648
      vertex 34.5365 -102.526 -15.3648
    endloop
  endfacet
  facet normal -0.880269 0.474475 0
    outer loop
      vertex 34.4384 -102.708 -16.1648
      vertex 34.5365 -102.526 -15.3648
      vertex 34.5365 -102.526 -16.1648
    endloop
  endfacet
  facet normal -0.880269 0.474475 0
    outer loop
      vertex 34.5365 -102.526 -15.3648
      vertex 34.4384 -102.708 -16.1648
      vertex 34.4384 -102.708 -15.3648
    endloop
  endfacet
  facet normal -0.818782 0.574105 0
    outer loop
      vertex 34.3185 -102.879 -16.1648
      vertex 34.4384 -102.708 -15.3648
      vertex 34.4384 -102.708 -16.1648
    endloop
  endfacet
  facet normal -0.818782 0.574105 0
    outer loop
      vertex 34.4384 -102.708 -15.3648
      vertex 34.3185 -102.879 -16.1648
      vertex 34.3185 -102.879 -15.3648
    endloop
  endfacet
  facet normal -0.746554 0.665325 0
    outer loop
      vertex 34.1768 -103.038 -16.1648
      vertex 34.3185 -102.879 -15.3648
      vertex 34.3185 -102.879 -16.1648
    endloop
  endfacet
  facet normal -0.746554 0.665325 0
    outer loop
      vertex 34.3185 -102.879 -15.3648
      vertex 34.1768 -103.038 -16.1648
      vertex 34.1768 -103.038 -15.3648
    endloop
  endfacet
  facet normal -0.664822 0.747002 0
    outer loop
      vertex 34.1768 -103.038 -16.1648
      vertex 34.015 -103.182 -15.3648
      vertex 34.1768 -103.038 -15.3648
    endloop
  endfacet
  facet normal -0.664822 0.747002 0
    outer loop
      vertex 34.015 -103.182 -15.3648
      vertex 34.1768 -103.038 -16.1648
      vertex 34.015 -103.182 -16.1648
    endloop
  endfacet
  facet normal -0.575651 0.817696 0
    outer loop
      vertex 34.015 -103.182 -16.1648
      vertex 33.8346 -103.309 -15.3648
      vertex 34.015 -103.182 -15.3648
    endloop
  endfacet
  facet normal -0.575651 0.817696 0
    outer loop
      vertex 33.8346 -103.309 -15.3648
      vertex 34.015 -103.182 -16.1648
      vertex 33.8346 -103.309 -16.1648
    endloop
  endfacet
  facet normal -0.483775 0.875193 0
    outer loop
      vertex 33.8346 -103.309 -16.1648
      vertex 33.6356 -103.419 -15.3648
      vertex 33.8346 -103.309 -15.3648
    endloop
  endfacet
  facet normal -0.483775 0.875193 0
    outer loop
      vertex 33.6356 -103.419 -15.3648
      vertex 33.8346 -103.309 -16.1648
      vertex 33.6356 -103.419 -16.1648
    endloop
  endfacet
  facet normal -0.389571 0.920996 0
    outer loop
      vertex 33.6356 -103.419 -16.1648
      vertex 33.4181 -103.511 -15.3648
      vertex 33.6356 -103.419 -15.3648
    endloop
  endfacet
  facet normal -0.389571 0.920996 0
    outer loop
      vertex 33.4181 -103.511 -15.3648
      vertex 33.6356 -103.419 -16.1648
      vertex 33.4181 -103.511 -16.1648
    endloop
  endfacet
  facet normal -0.306414 0.951898 0
    outer loop
      vertex 33.4181 -103.511 -16.1648
      vertex 33.182 -103.587 -15.3648
      vertex 33.4181 -103.511 -15.3648
    endloop
  endfacet
  facet normal -0.306414 0.951898 0
    outer loop
      vertex 33.182 -103.587 -15.3648
      vertex 33.4181 -103.511 -16.1648
      vertex 33.182 -103.587 -16.1648
    endloop
  endfacet
  facet normal -0.225754 0.974184 0
    outer loop
      vertex 33.182 -103.587 -16.1648
      vertex 32.9274 -103.646 -15.3648
      vertex 33.182 -103.587 -15.3648
    endloop
  endfacet
  facet normal -0.225754 0.974184 0
    outer loop
      vertex 32.9274 -103.646 -15.3648
      vertex 33.182 -103.587 -16.1648
      vertex 32.9274 -103.646 -16.1648
    endloop
  endfacet
  facet normal -0.151948 0.988388 0
    outer loop
      vertex 32.9274 -103.646 -16.1648
      vertex 32.6542 -103.688 -15.3648
      vertex 32.9274 -103.646 -15.3648
    endloop
  endfacet
  facet normal -0.151948 0.988388 0
    outer loop
      vertex 32.6542 -103.688 -15.3648
      vertex 32.9274 -103.646 -16.1648
      vertex 32.6542 -103.688 -16.1648
    endloop
  endfacet
  facet normal -1 0 0
    outer loop
      vertex 32.6542 -103.712 -16.1648
      vertex 32.6542 -103.688 -15.3648
      vertex 32.6542 -103.688 -16.1648
    endloop
  endfacet
  facet normal -1 -0 0
    outer loop
      vertex 32.6542 -103.688 -15.3648
      vertex 32.6542 -103.712 -16.1648
      vertex 32.6542 -103.712 -15.3648
    endloop
  endfacet
  facet normal -0.221964 -0.975055 0
    outer loop
      vertex 32.6542 -103.712 -16.1648
      vertex 32.9002 -103.768 -15.3648
      vertex 32.6542 -103.712 -15.3648
    endloop
  endfacet
  facet normal -0.221964 -0.975055 -0
    outer loop
      vertex 32.9002 -103.768 -15.3648
      vertex 32.6542 -103.712 -16.1648
      vertex 32.9002 -103.768 -16.1648
    endloop
  endfacet
  facet normal -0.292325 -0.956319 0
    outer loop
      vertex 32.9002 -103.768 -16.1648
      vertex 33.1292 -103.838 -15.3648
      vertex 32.9002 -103.768 -15.3648
    endloop
  endfacet
  facet normal -0.292325 -0.956319 -0
    outer loop
      vertex 33.1292 -103.838 -15.3648
      vertex 32.9002 -103.768 -16.1648
      vertex 33.1292 -103.838 -16.1648
    endloop
  endfacet
  facet normal -0.368515 -0.929622 0
    outer loop
      vertex 33.1292 -103.838 -16.1648
      vertex 33.3411 -103.922 -15.3648
      vertex 33.1292 -103.838 -15.3648
    endloop
  endfacet
  facet normal -0.368515 -0.929622 -0
    outer loop
      vertex 33.3411 -103.922 -15.3648
      vertex 33.1292 -103.838 -16.1648
      vertex 33.3411 -103.922 -16.1648
    endloop
  endfacet
  facet normal -0.452877 -0.891573 0
    outer loop
      vertex 33.3411 -103.922 -16.1648
      vertex 33.536 -104.021 -15.3648
      vertex 33.3411 -103.922 -15.3648
    endloop
  endfacet
  facet normal -0.452877 -0.891573 -0
    outer loop
      vertex 33.536 -104.021 -15.3648
      vertex 33.3411 -103.922 -16.1648
      vertex 33.536 -104.021 -16.1648
    endloop
  endfacet
  facet normal -0.536384 -0.843974 0
    outer loop
      vertex 33.536 -104.021 -16.1648
      vertex 33.7138 -104.134 -15.3648
      vertex 33.536 -104.021 -15.3648
    endloop
  endfacet
  facet normal -0.536384 -0.843974 -0
    outer loop
      vertex 33.7138 -104.134 -15.3648
      vertex 33.536 -104.021 -16.1648
      vertex 33.7138 -104.134 -16.1648
    endloop
  endfacet
  facet normal -0.62004 -0.78457 0
    outer loop
      vertex 33.7138 -104.134 -16.1648
      vertex 33.8745 -104.261 -15.3648
      vertex 33.7138 -104.134 -15.3648
    endloop
  endfacet
  facet normal -0.62004 -0.78457 -0
    outer loop
      vertex 33.8745 -104.261 -15.3648
      vertex 33.7138 -104.134 -16.1648
      vertex 33.8745 -104.261 -16.1648
    endloop
  endfacet
  facet normal -0.700618 -0.713537 0
    outer loop
      vertex 33.8745 -104.261 -16.1648
      vertex 34.0181 -104.402 -15.3648
      vertex 33.8745 -104.261 -15.3648
    endloop
  endfacet
  facet normal -0.700618 -0.713537 -0
    outer loop
      vertex 34.0181 -104.402 -15.3648
      vertex 33.8745 -104.261 -16.1648
      vertex 34.0181 -104.402 -16.1648
    endloop
  endfacet
  facet normal -0.775189 -0.631729 0
    outer loop
      vertex 34.1436 -104.556 -16.1648
      vertex 34.0181 -104.402 -15.3648
      vertex 34.0181 -104.402 -16.1648
    endloop
  endfacet
  facet normal -0.775189 -0.631729 0
    outer loop
      vertex 34.0181 -104.402 -15.3648
      vertex 34.1436 -104.556 -16.1648
      vertex 34.1436 -104.556 -15.3648
    endloop
  endfacet
  facet normal -0.842364 -0.53891 0
    outer loop
      vertex 34.2498 -104.722 -16.1648
      vertex 34.1436 -104.556 -15.3648
      vertex 34.1436 -104.556 -16.1648
    endloop
  endfacet
  facet normal -0.842364 -0.53891 0
    outer loop
      vertex 34.1436 -104.556 -15.3648
      vertex 34.2498 -104.722 -16.1648
      vertex 34.2498 -104.722 -15.3648
    endloop
  endfacet
  facet normal -0.897649 -0.44071 0
    outer loop
      vertex 34.3367 -104.899 -16.1648
      vertex 34.2498 -104.722 -15.3648
      vertex 34.2498 -104.722 -16.1648
    endloop
  endfacet
  facet normal -0.897649 -0.44071 0
    outer loop
      vertex 34.2498 -104.722 -15.3648
      vertex 34.3367 -104.899 -16.1648
      vertex 34.3367 -104.899 -15.3648
    endloop
  endfacet
  facet normal -0.941584 -0.336778 0
    outer loop
      vertex 34.4043 -105.088 -16.1648
      vertex 34.3367 -104.899 -15.3648
      vertex 34.3367 -104.899 -16.1648
    endloop
  endfacet
  facet normal -0.941584 -0.336778 0
    outer loop
      vertex 34.3367 -104.899 -15.3648
      vertex 34.4043 -105.088 -16.1648
      vertex 34.4043 -105.088 -15.3648
    endloop
  endfacet
  facet normal -0.972321 -0.233647 0
    outer loop
      vertex 34.4526 -105.289 -16.1648
      vertex 34.4043 -105.088 -15.3648
      vertex 34.4043 -105.088 -16.1648
    endloop
  endfacet
  facet normal -0.972321 -0.233647 0
    outer loop
      vertex 34.4043 -105.088 -15.3648
      vertex 34.4526 -105.289 -16.1648
      vertex 34.4526 -105.289 -15.3648
    endloop
  endfacet
  facet normal -0.990921 -0.134449 0
    outer loop
      vertex 34.4815 -105.502 -16.1648
      vertex 34.4526 -105.289 -15.3648
      vertex 34.4526 -105.289 -16.1648
    endloop
  endfacet
  facet normal -0.990921 -0.134449 0
    outer loop
      vertex 34.4526 -105.289 -15.3648
      vertex 34.4815 -105.502 -16.1648
      vertex 34.4815 -105.502 -15.3648
    endloop
  endfacet
  facet normal -0.999064 -0.043263 0
    outer loop
      vertex 34.4912 -105.726 -16.1648
      vertex 34.4815 -105.502 -15.3648
      vertex 34.4815 -105.502 -16.1648
    endloop
  endfacet
  facet normal -0.999064 -0.043263 0
    outer loop
      vertex 34.4815 -105.502 -15.3648
      vertex 34.4912 -105.726 -16.1648
      vertex 34.4912 -105.726 -15.3648
    endloop
  endfacet
  facet normal -0.998641 0.0521176 0
    outer loop
      vertex 34.4757 -106.023 -16.1648
      vertex 34.4912 -105.726 -15.3648
      vertex 34.4912 -105.726 -16.1648
    endloop
  endfacet
  facet normal -0.998641 0.0521176 0
    outer loop
      vertex 34.4912 -105.726 -15.3648
      vertex 34.4757 -106.023 -16.1648
      vertex 34.4757 -106.023 -15.3648
    endloop
  endfacet
  facet normal -0.986394 0.164399 0
    outer loop
      vertex 34.4292 -106.302 -16.1648
      vertex 34.4757 -106.023 -15.3648
      vertex 34.4757 -106.023 -16.1648
    endloop
  endfacet
  facet normal -0.986394 0.164399 0
    outer loop
      vertex 34.4757 -106.023 -15.3648
      vertex 34.4292 -106.302 -16.1648
      vertex 34.4292 -106.302 -15.3648
    endloop
  endfacet
  facet normal -0.957928 0.287009 0
    outer loop
      vertex 34.3516 -106.561 -16.1648
      vertex 34.4292 -106.302 -15.3648
      vertex 34.4292 -106.302 -16.1648
    endloop
  endfacet
  facet normal -0.957928 0.287009 0
    outer loop
      vertex 34.4292 -106.302 -15.3648
      vertex 34.3516 -106.561 -16.1648
      vertex 34.3516 -106.561 -15.3648
    endloop
  endfacet
  facet normal -0.91121 0.411943 0
    outer loop
      vertex 34.2431 -106.801 -16.1648
      vertex 34.3516 -106.561 -15.3648
      vertex 34.3516 -106.561 -16.1648
    endloop
  endfacet
  facet normal -0.91121 0.411943 0
    outer loop
      vertex 34.3516 -106.561 -15.3648
      vertex 34.2431 -106.801 -16.1648
      vertex 34.2431 -106.801 -15.3648
    endloop
  endfacet
  facet normal -0.845453 0.534051 0
    outer loop
      vertex 34.1035 -107.022 -16.1648
      vertex 34.2431 -106.801 -15.3648
      vertex 34.2431 -106.801 -16.1648
    endloop
  endfacet
  facet normal -0.845453 0.534051 0
    outer loop
      vertex 34.2431 -106.801 -15.3648
      vertex 34.1035 -107.022 -16.1648
      vertex 34.1035 -107.022 -15.3648
    endloop
  endfacet
  facet normal -0.763988 0.64523 0
    outer loop
      vertex 33.9329 -107.224 -16.1648
      vertex 34.1035 -107.022 -15.3648
      vertex 34.1035 -107.022 -16.1648
    endloop
  endfacet
  facet normal -0.763988 0.64523 0
    outer loop
      vertex 34.1035 -107.022 -15.3648
      vertex 33.9329 -107.224 -16.1648
      vertex 33.9329 -107.224 -15.3648
    endloop
  endfacet
  facet normal -0.672124 0.740438 0
    outer loop
      vertex 33.9329 -107.224 -16.1648
      vertex 33.7313 -107.407 -15.3648
      vertex 33.9329 -107.224 -15.3648
    endloop
  endfacet
  facet normal -0.672124 0.740438 0
    outer loop
      vertex 33.7313 -107.407 -15.3648
      vertex 33.9329 -107.224 -16.1648
      vertex 33.7313 -107.407 -16.1648
    endloop
  endfacet
  facet normal -0.577355 0.816493 0
    outer loop
      vertex 33.7313 -107.407 -16.1648
      vertex 33.5022 -107.569 -15.3648
      vertex 33.7313 -107.407 -15.3648
    endloop
  endfacet
  facet normal -0.577355 0.816493 0
    outer loop
      vertex 33.5022 -107.569 -15.3648
      vertex 33.7313 -107.407 -16.1648
      vertex 33.5022 -107.569 -16.1648
    endloop
  endfacet
  facet normal -0.473332 0.880884 0
    outer loop
      vertex 33.5022 -107.569 -16.1648
      vertex 33.2491 -107.705 -15.3648
      vertex 33.5022 -107.569 -15.3648
    endloop
  endfacet
  facet normal -0.473332 0.880884 0
    outer loop
      vertex 33.2491 -107.705 -15.3648
      vertex 33.5022 -107.569 -16.1648
      vertex 33.2491 -107.705 -16.1648
    endloop
  endfacet
  facet normal -0.371737 0.928338 0
    outer loop
      vertex 33.2491 -107.705 -16.1648
      vertex 32.9719 -107.816 -15.3648
      vertex 33.2491 -107.705 -15.3648
    endloop
  endfacet
  facet normal -0.371737 0.928338 0
    outer loop
      vertex 32.9719 -107.816 -15.3648
      vertex 33.2491 -107.705 -16.1648
      vertex 32.9719 -107.816 -16.1648
    endloop
  endfacet
  facet normal -0.2775 0.960726 0
    outer loop
      vertex 32.9719 -107.816 -16.1648
      vertex 32.6707 -107.903 -15.3648
      vertex 32.9719 -107.816 -15.3648
    endloop
  endfacet
  facet normal -0.2775 0.960726 0
    outer loop
      vertex 32.6707 -107.903 -15.3648
      vertex 32.9719 -107.816 -16.1648
      vertex 32.6707 -107.903 -16.1648
    endloop
  endfacet
  facet normal -0.187223 0.982317 0
    outer loop
      vertex 32.6707 -107.903 -16.1648
      vertex 32.3454 -107.965 -15.3648
      vertex 32.6707 -107.903 -15.3648
    endloop
  endfacet
  facet normal -0.187223 0.982317 0
    outer loop
      vertex 32.3454 -107.965 -15.3648
      vertex 32.6707 -107.903 -16.1648
      vertex 32.3454 -107.965 -16.1648
    endloop
  endfacet
  facet normal -0.105337 0.994437 0
    outer loop
      vertex 32.3454 -107.965 -16.1648
      vertex 31.9961 -108.002 -15.3648
      vertex 32.3454 -107.965 -15.3648
    endloop
  endfacet
  facet normal -0.105337 0.994437 0
    outer loop
      vertex 31.9961 -108.002 -15.3648
      vertex 32.3454 -107.965 -16.1648
      vertex 31.9961 -108.002 -16.1648
    endloop
  endfacet
  facet normal -0.0347941 0.999395 0
    outer loop
      vertex 31.9961 -108.002 -16.1648
      vertex 31.6227 -108.015 -15.3648
      vertex 31.9961 -108.002 -15.3648
    endloop
  endfacet
  facet normal -0.0347941 0.999395 0
    outer loop
      vertex 31.6227 -108.015 -15.3648
      vertex 31.9961 -108.002 -16.1648
      vertex 31.6227 -108.015 -16.1648
    endloop
  endfacet
  facet normal 0.0368127 0.999322 -0
    outer loop
      vertex 31.6227 -108.015 -16.1648
      vertex 31.2698 -108.002 -15.3648
      vertex 31.6227 -108.015 -15.3648
    endloop
  endfacet
  facet normal 0.0368127 0.999322 0
    outer loop
      vertex 31.2698 -108.002 -15.3648
      vertex 31.6227 -108.015 -16.1648
      vertex 31.2698 -108.002 -16.1648
    endloop
  endfacet
  facet normal 0.116288 0.993216 -0
    outer loop
      vertex 31.2698 -108.002 -16.1648
      vertex 30.9367 -107.963 -15.3648
      vertex 31.2698 -108.002 -15.3648
    endloop
  endfacet
  facet normal 0.116288 0.993216 0
    outer loop
      vertex 30.9367 -107.963 -15.3648
      vertex 31.2698 -108.002 -16.1648
      vertex 30.9367 -107.963 -16.1648
    endloop
  endfacet
  facet normal 0.200021 0.979792 -0
    outer loop
      vertex 30.9367 -107.963 -16.1648
      vertex 30.6232 -107.899 -15.3648
      vertex 30.9367 -107.963 -15.3648
    endloop
  endfacet
  facet normal 0.200021 0.979792 0
    outer loop
      vertex 30.6232 -107.899 -15.3648
      vertex 30.9367 -107.963 -16.1648
      vertex 30.6232 -107.899 -16.1648
    endloop
  endfacet
  facet normal 0.289827 0.957079 -0
    outer loop
      vertex 30.6232 -107.899 -16.1648
      vertex 30.3293 -107.81 -15.3648
      vertex 30.6232 -107.899 -15.3648
    endloop
  endfacet
  facet normal 0.289827 0.957079 0
    outer loop
      vertex 30.3293 -107.81 -15.3648
      vertex 30.6232 -107.899 -16.1648
      vertex 30.3293 -107.81 -16.1648
    endloop
  endfacet
  facet normal 0.389739 0.920926 -0
    outer loop
      vertex 30.3293 -107.81 -16.1648
      vertex 30.0552 -107.694 -15.3648
      vertex 30.3293 -107.81 -15.3648
    endloop
  endfacet
  facet normal 0.389739 0.920926 0
    outer loop
      vertex 30.0552 -107.694 -15.3648
      vertex 30.3293 -107.81 -16.1648
      vertex 30.0552 -107.694 -16.1648
    endloop
  endfacet
  facet normal 0.484621 0.874724 -0
    outer loop
      vertex 30.0552 -107.694 -16.1648
      vertex 29.8007 -107.553 -15.3648
      vertex 30.0552 -107.694 -15.3648
    endloop
  endfacet
  facet normal 0.484621 0.874724 0
    outer loop
      vertex 29.8007 -107.553 -15.3648
      vertex 30.0552 -107.694 -16.1648
      vertex 29.8007 -107.553 -16.1648
    endloop
  endfacet
  facet normal 0.579595 0.814904 -0
    outer loop
      vertex 29.8007 -107.553 -16.1648
      vertex 29.5659 -107.386 -15.3648
      vertex 29.8007 -107.553 -15.3648
    endloop
  endfacet
  facet normal 0.579595 0.814904 0
    outer loop
      vertex 29.5659 -107.386 -15.3648
      vertex 29.8007 -107.553 -16.1648
      vertex 29.5659 -107.386 -16.1648
    endloop
  endfacet
  facet normal 0.666156 0.745813 -0
    outer loop
      vertex 29.5659 -107.386 -16.1648
      vertex 29.3543 -107.197 -15.3648
      vertex 29.5659 -107.386 -15.3648
    endloop
  endfacet
  facet normal 0.666156 0.745813 0
    outer loop
      vertex 29.3543 -107.197 -15.3648
      vertex 29.5659 -107.386 -16.1648
      vertex 29.3543 -107.197 -16.1648
    endloop
  endfacet
  facet normal 0.748969 0.662605 0
    outer loop
      vertex 29.3543 -107.197 -15.3648
      vertex 29.1694 -106.988 -16.1648
      vertex 29.1694 -106.988 -15.3648
    endloop
  endfacet
  facet normal 0.748969 0.662605 0
    outer loop
      vertex 29.1694 -106.988 -16.1648
      vertex 29.3543 -107.197 -15.3648
      vertex 29.3543 -107.197 -16.1648
    endloop
  endfacet
  facet normal 0.822593 0.568631 0
    outer loop
      vertex 29.1694 -106.988 -15.3648
      vertex 29.0111 -106.759 -16.1648
      vertex 29.0111 -106.759 -15.3648
    endloop
  endfacet
  facet normal 0.822593 0.568631 0
    outer loop
      vertex 29.0111 -106.759 -16.1648
      vertex 29.1694 -106.988 -15.3648
      vertex 29.1694 -106.988 -16.1648
    endloop
  endfacet
  facet normal 0.884116 0.467268 0
    outer loop
      vertex 29.0111 -106.759 -15.3648
      vertex 28.8795 -106.51 -16.1648
      vertex 28.8795 -106.51 -15.3648
    endloop
  endfacet
  facet normal 0.884116 0.467268 0
    outer loop
      vertex 28.8795 -106.51 -16.1648
      vertex 29.0111 -106.759 -15.3648
      vertex 29.0111 -106.759 -16.1648
    endloop
  endfacet
  facet normal 0.931089 0.364792 0
    outer loop
      vertex 28.8795 -106.51 -15.3648
      vertex 28.7745 -106.242 -16.1648
      vertex 28.7745 -106.242 -15.3648
    endloop
  endfacet
  facet normal 0.931089 0.364792 0
    outer loop
      vertex 28.7745 -106.242 -16.1648
      vertex 28.8795 -106.51 -15.3648
      vertex 28.8795 -106.51 -16.1648
    endloop
  endfacet
  facet normal 0.964887 0.262664 0
    outer loop
      vertex 28.7745 -106.242 -15.3648
      vertex 28.6961 -105.954 -16.1648
      vertex 28.6961 -105.954 -15.3648
    endloop
  endfacet
  facet normal 0.964887 0.262664 0
    outer loop
      vertex 28.6961 -105.954 -16.1648
      vertex 28.7745 -106.242 -15.3648
      vertex 28.7745 -106.242 -16.1648
    endloop
  endfacet
  facet normal 0.986115 0.166066 0
    outer loop
      vertex 28.6961 -105.954 -15.3648
      vertex 28.6444 -105.647 -16.1648
      vertex 28.6444 -105.647 -15.3648
    endloop
  endfacet
  facet normal 0.986115 0.166066 0
    outer loop
      vertex 28.6444 -105.647 -16.1648
      vertex 28.6961 -105.954 -15.3648
      vertex 28.6961 -105.954 -16.1648
    endloop
  endfacet
  facet normal 0.0709577 -0.997479 0
    outer loop
      vertex 28.6444 -105.647 -16.1648
      vertex 30.3594 -105.525 -15.3648
      vertex 28.6444 -105.647 -15.3648
    endloop
  endfacet
  facet normal 0.0709577 -0.997479 0
    outer loop
      vertex 30.3594 -105.525 -15.3648
      vertex 28.6444 -105.647 -16.1648
      vertex 30.3594 -105.525 -16.1648
    endloop
  endfacet
  facet normal -0.991345 -0.131286 0
    outer loop
      vertex 30.379 -105.673 -16.1648
      vertex 30.3594 -105.525 -15.3648
      vertex 30.3594 -105.525 -16.1648
    endloop
  endfacet
  facet normal -0.991345 -0.131286 0
    outer loop
      vertex 30.3594 -105.525 -15.3648
      vertex 30.379 -105.673 -16.1648
      vertex 30.379 -105.673 -15.3648
    endloop
  endfacet
  facet normal -0.976022 -0.217674 0
    outer loop
      vertex 30.41 -105.812 -16.1648
      vertex 30.379 -105.673 -15.3648
      vertex 30.379 -105.673 -16.1648
    endloop
  endfacet
  facet normal -0.976022 -0.217674 0
    outer loop
      vertex 30.379 -105.673 -15.3648
      vertex 30.41 -105.812 -16.1648
      vertex 30.41 -105.812 -15.3648
    endloop
  endfacet
  facet normal -0.949717 -0.31311 0
    outer loop
      vertex 30.4522 -105.94 -16.1648
      vertex 30.41 -105.812 -15.3648
      vertex 30.41 -105.812 -16.1648
    endloop
  endfacet
  facet normal -0.949717 -0.31311 0
    outer loop
      vertex 30.41 -105.812 -15.3648
      vertex 30.4522 -105.94 -16.1648
      vertex 30.4522 -105.94 -15.3648
    endloop
  endfacet
  facet normal -0.911491 -0.41132 0
    outer loop
      vertex 30.5059 -106.059 -16.1648
      vertex 30.4522 -105.94 -15.3648
      vertex 30.4522 -105.94 -16.1648
    endloop
  endfacet
  facet normal -0.911491 -0.41132 0
    outer loop
      vertex 30.4522 -105.94 -15.3648
      vertex 30.5059 -106.059 -16.1648
      vertex 30.5059 -106.059 -15.3648
    endloop
  endfacet
  facet normal -0.857143 -0.515079 0
    outer loop
      vertex 30.5708 -106.167 -16.1648
      vertex 30.5059 -106.059 -15.3648
      vertex 30.5059 -106.059 -16.1648
    endloop
  endfacet
  facet normal -0.857143 -0.515079 0
    outer loop
      vertex 30.5059 -106.059 -15.3648
      vertex 30.5708 -106.167 -16.1648
      vertex 30.5708 -106.167 -15.3648
    endloop
  endfacet
  facet normal -0.792059 -0.610445 0
    outer loop
      vertex 30.6471 -106.266 -16.1648
      vertex 30.5708 -106.167 -15.3648
      vertex 30.5708 -106.167 -16.1648
    endloop
  endfacet
  facet normal -0.792059 -0.610445 0
    outer loop
      vertex 30.5708 -106.167 -15.3648
      vertex 30.6471 -106.266 -16.1648
      vertex 30.6471 -106.266 -15.3648
    endloop
  endfacet
  facet normal -0.71269 -0.701479 0
    outer loop
      vertex 30.7347 -106.355 -16.1648
      vertex 30.6471 -106.266 -15.3648
      vertex 30.6471 -106.266 -16.1648
    endloop
  endfacet
  facet normal -0.71269 -0.701479 0
    outer loop
      vertex 30.6471 -106.266 -15.3648
      vertex 30.7347 -106.355 -16.1648
      vertex 30.7347 -106.355 -15.3648
    endloop
  endfacet
  facet normal -0.620166 -0.78447 0
    outer loop
      vertex 30.7347 -106.355 -16.1648
      vertex 30.8321 -106.432 -15.3648
      vertex 30.7347 -106.355 -15.3648
    endloop
  endfacet
  facet normal -0.620166 -0.78447 -0
    outer loop
      vertex 30.8321 -106.432 -15.3648
      vertex 30.7347 -106.355 -16.1648
      vertex 30.8321 -106.432 -16.1648
    endloop
  endfacet
  facet normal -0.529278 -0.848449 0
    outer loop
      vertex 30.8321 -106.432 -16.1648
      vertex 30.9379 -106.498 -15.3648
      vertex 30.8321 -106.432 -15.3648
    endloop
  endfacet
  facet normal -0.529278 -0.848449 -0
    outer loop
      vertex 30.9379 -106.498 -15.3648
      vertex 30.8321 -106.432 -16.1648
      vertex 30.9379 -106.498 -16.1648
    endloop
  endfacet
  facet normal -0.427474 -0.904028 0
    outer loop
      vertex 30.9379 -106.498 -16.1648
      vertex 31.0521 -106.552 -15.3648
      vertex 30.9379 -106.498 -15.3648
    endloop
  endfacet
  facet normal -0.427474 -0.904028 -0
    outer loop
      vertex 31.0521 -106.552 -15.3648
      vertex 30.9379 -106.498 -16.1648
      vertex 31.0521 -106.552 -16.1648
    endloop
  endfacet
  facet normal -0.324324 -0.945946 0
    outer loop
      vertex 31.0521 -106.552 -16.1648
      vertex 31.1746 -106.594 -15.3648
      vertex 31.0521 -106.552 -15.3648
    endloop
  endfacet
  facet normal -0.324324 -0.945946 -0
    outer loop
      vertex 31.1746 -106.594 -15.3648
      vertex 31.0521 -106.552 -16.1648
      vertex 31.1746 -106.594 -16.1648
    endloop
  endfacet
  facet normal -0.223391 -0.974729 0
    outer loop
      vertex 31.1746 -106.594 -16.1648
      vertex 31.3055 -106.624 -15.3648
      vertex 31.1746 -106.594 -15.3648
    endloop
  endfacet
  facet normal -0.223391 -0.974729 -0
    outer loop
      vertex 31.3055 -106.624 -15.3648
      vertex 31.1746 -106.594 -16.1648
      vertex 31.3055 -106.624 -16.1648
    endloop
  endfacet
  facet normal -0.128243 -0.991743 0
    outer loop
      vertex 31.3055 -106.624 -16.1648
      vertex 31.4447 -106.642 -15.3648
      vertex 31.3055 -106.624 -15.3648
    endloop
  endfacet
  facet normal -0.128243 -0.991743 -0
    outer loop
      vertex 31.4447 -106.642 -15.3648
      vertex 31.3055 -106.624 -16.1648
      vertex 31.4447 -106.642 -16.1648
    endloop
  endfacet
  facet normal -0.0406444 -0.999174 0
    outer loop
      vertex 31.4447 -106.642 -16.1648
      vertex 31.5922 -106.648 -15.3648
      vertex 31.4447 -106.642 -15.3648
    endloop
  endfacet
  facet normal -0.0406444 -0.999174 -0
    outer loop
      vertex 31.5922 -106.648 -15.3648
      vertex 31.4447 -106.642 -16.1648
      vertex 31.5922 -106.648 -16.1648
    endloop
  endfacet
  facet normal 0.0382861 -0.999267 0
    outer loop
      vertex 31.5922 -106.648 -16.1648
      vertex 31.7488 -106.642 -15.3648
      vertex 31.5922 -106.648 -15.3648
    endloop
  endfacet
  facet normal 0.0382861 -0.999267 0
    outer loop
      vertex 31.7488 -106.642 -15.3648
      vertex 31.5922 -106.648 -16.1648
      vertex 31.7488 -106.642 -16.1648
    endloop
  endfacet
  facet normal 0.129397 -0.991593 0
    outer loop
      vertex 31.7488 -106.642 -16.1648
      vertex 31.8944 -106.623 -15.3648
      vertex 31.7488 -106.642 -15.3648
    endloop
  endfacet
  facet normal 0.129397 -0.991593 0
    outer loop
      vertex 31.8944 -106.623 -15.3648
      vertex 31.7488 -106.642 -16.1648
      vertex 31.8944 -106.623 -16.1648
    endloop
  endfacet
  facet normal 0.224754 -0.974416 0
    outer loop
      vertex 31.8944 -106.623 -16.1648
      vertex 32.0288 -106.592 -15.3648
      vertex 31.8944 -106.623 -15.3648
    endloop
  endfacet
  facet normal 0.224754 -0.974416 0
    outer loop
      vertex 32.0288 -106.592 -15.3648
      vertex 31.8944 -106.623 -16.1648
      vertex 32.0288 -106.592 -16.1648
    endloop
  endfacet
  facet normal 0.329055 -0.944311 0
    outer loop
      vertex 32.0288 -106.592 -16.1648
      vertex 32.1522 -106.549 -15.3648
      vertex 32.0288 -106.592 -15.3648
    endloop
  endfacet
  facet normal 0.329055 -0.944311 0
    outer loop
      vertex 32.1522 -106.549 -15.3648
      vertex 32.0288 -106.592 -16.1648
      vertex 32.1522 -106.549 -16.1648
    endloop
  endfacet
  facet normal 0.439841 -0.898076 0
    outer loop
      vertex 32.1522 -106.549 -16.1648
      vertex 32.2645 -106.494 -15.3648
      vertex 32.1522 -106.549 -15.3648
    endloop
  endfacet
  facet normal 0.439841 -0.898076 0
    outer loop
      vertex 32.2645 -106.494 -15.3648
      vertex 32.1522 -106.549 -16.1648
      vertex 32.2645 -106.494 -16.1648
    endloop
  endfacet
  facet normal 0.557725 -0.830026 0
    outer loop
      vertex 32.2645 -106.494 -16.1648
      vertex 32.3657 -106.426 -15.3648
      vertex 32.2645 -106.494 -15.3648
    endloop
  endfacet
  facet normal 0.557725 -0.830026 0
    outer loop
      vertex 32.3657 -106.426 -15.3648
      vertex 32.2645 -106.494 -16.1648
      vertex 32.3657 -106.426 -16.1648
    endloop
  endfacet
  facet normal 0.663952 -0.747776 0
    outer loop
      vertex 32.3657 -106.426 -16.1648
      vertex 32.4558 -106.346 -15.3648
      vertex 32.3657 -106.426 -15.3648
    endloop
  endfacet
  facet normal 0.663952 -0.747776 0
    outer loop
      vertex 32.4558 -106.346 -15.3648
      vertex 32.3657 -106.426 -16.1648
      vertex 32.4558 -106.346 -16.1648
    endloop
  endfacet
  facet normal 0.756786 -0.653663 0
    outer loop
      vertex 32.4558 -106.346 -15.3648
      vertex 32.5344 -106.255 -16.1648
      vertex 32.5344 -106.255 -15.3648
    endloop
  endfacet
  facet normal 0.756786 -0.653663 0
    outer loop
      vertex 32.5344 -106.255 -16.1648
      vertex 32.4558 -106.346 -15.3648
      vertex 32.4558 -106.346 -16.1648
    endloop
  endfacet
  facet normal 0.835597 -0.549343 0
    outer loop
      vertex 32.5344 -106.255 -15.3648
      vertex 32.6008 -106.154 -16.1648
      vertex 32.6008 -106.154 -15.3648
    endloop
  endfacet
  facet normal 0.835597 -0.549343 0
    outer loop
      vertex 32.6008 -106.154 -16.1648
      vertex 32.5344 -106.255 -15.3648
      vertex 32.5344 -106.255 -16.1648
    endloop
  endfacet
  facet normal 0.894755 -0.446557 0
    outer loop
      vertex 32.6008 -106.154 -15.3648
      vertex 32.6552 -106.045 -16.1648
      vertex 32.6552 -106.045 -15.3648
    endloop
  endfacet
  facet normal 0.894755 -0.446557 0
    outer loop
      vertex 32.6552 -106.045 -16.1648
      vertex 32.6008 -106.154 -15.3648
      vertex 32.6008 -106.154 -16.1648
    endloop
  endfacet
  facet normal 0.942242 -0.334932 0
    outer loop
      vertex 32.6552 -106.045 -15.3648
      vertex 32.6975 -105.926 -16.1648
      vertex 32.6975 -105.926 -15.3648
    endloop
  endfacet
  facet normal 0.942242 -0.334932 0
    outer loop
      vertex 32.6975 -105.926 -16.1648
      vertex 32.6552 -106.045 -15.3648
      vertex 32.6552 -106.045 -16.1648
    endloop
  endfacet
  facet normal 0.973674 -0.227945 0
    outer loop
      vertex 32.6975 -105.926 -15.3648
      vertex 32.7277 -105.797 -16.1648
      vertex 32.7277 -105.797 -15.3648
    endloop
  endfacet
  facet normal 0.973674 -0.227945 0
    outer loop
      vertex 32.7277 -105.797 -16.1648
      vertex 32.6975 -105.926 -15.3648
      vertex 32.6975 -105.926 -16.1648
    endloop
  endfacet
  facet normal 0.991385 -0.130979 0
    outer loop
      vertex 32.7277 -105.797 -15.3648
      vertex 32.7458 -105.66 -16.1648
      vertex 32.7458 -105.66 -15.3648
    endloop
  endfacet
  facet normal 0.991385 -0.130979 0
    outer loop
      vertex 32.7458 -105.66 -16.1648
      vertex 32.7277 -105.797 -15.3648
      vertex 32.7277 -105.797 -16.1648
    endloop
  endfacet
  facet normal 0.999168 -0.0407824 0
    outer loop
      vertex 32.7458 -105.66 -15.3648
      vertex 32.7518 -105.513 -16.1648
      vertex 32.7518 -105.513 -15.3648
    endloop
  endfacet
  facet normal 0.999168 -0.0407824 0
    outer loop
      vertex 32.7518 -105.513 -16.1648
      vertex 32.7458 -105.66 -15.3648
      vertex 32.7458 -105.66 -16.1648
    endloop
  endfacet
  facet normal 0.998815 0.0486602 0
    outer loop
      vertex 32.7518 -105.513 -15.3648
      vertex 32.7442 -105.357 -16.1648
      vertex 32.7442 -105.357 -15.3648
    endloop
  endfacet
  facet normal 0.998815 0.0486602 0
    outer loop
      vertex 32.7442 -105.357 -16.1648
      vertex 32.7518 -105.513 -15.3648
      vertex 32.7518 -105.513 -16.1648
    endloop
  endfacet
  facet normal 0.987802 0.155716 0
    outer loop
      vertex 32.7442 -105.357 -15.3648
      vertex 32.7215 -105.213 -16.1648
      vertex 32.7215 -105.213 -15.3648
    endloop
  endfacet
  facet normal 0.987802 0.155716 0
    outer loop
      vertex 32.7215 -105.213 -16.1648
      vertex 32.7442 -105.357 -15.3648
      vertex 32.7442 -105.357 -16.1648
    endloop
  endfacet
  facet normal 0.962064 0.272824 0
    outer loop
      vertex 32.7215 -105.213 -15.3648
      vertex 32.6835 -105.079 -16.1648
      vertex 32.6835 -105.079 -15.3648
    endloop
  endfacet
  facet normal 0.962064 0.272824 0
    outer loop
      vertex 32.6835 -105.079 -16.1648
      vertex 32.7215 -105.213 -15.3648
      vertex 32.7215 -105.213 -16.1648
    endloop
  endfacet
  facet normal 0.917828 0.396979 0
    outer loop
      vertex 32.6835 -105.079 -15.3648
      vertex 32.6303 -104.956 -16.1648
      vertex 32.6303 -104.956 -15.3648
    endloop
  endfacet
  facet normal 0.917828 0.396979 0
    outer loop
      vertex 32.6303 -104.956 -16.1648
      vertex 32.6835 -105.079 -15.3648
      vertex 32.6835 -105.079 -16.1648
    endloop
  endfacet
  facet normal 0.855482 0.517832 0
    outer loop
      vertex 32.6303 -104.956 -15.3648
      vertex 32.5619 -104.843 -16.1648
      vertex 32.5619 -104.843 -15.3648
    endloop
  endfacet
  facet normal 0.855482 0.517832 0
    outer loop
      vertex 32.5619 -104.843 -16.1648
      vertex 32.6303 -104.956 -15.3648
      vertex 32.6303 -104.956 -16.1648
    endloop
  endfacet
  facet normal 0.773416 0.633898 0
    outer loop
      vertex 32.5619 -104.843 -15.3648
      vertex 32.4783 -104.741 -16.1648
      vertex 32.4783 -104.741 -15.3648
    endloop
  endfacet
  facet normal 0.773416 0.633898 0
    outer loop
      vertex 32.4783 -104.741 -16.1648
      vertex 32.5619 -104.843 -15.3648
      vertex 32.5619 -104.843 -16.1648
    endloop
  endfacet
  facet normal 0.681473 0.731843 -0
    outer loop
      vertex 32.4783 -104.741 -16.1648
      vertex 32.3795 -104.649 -15.3648
      vertex 32.4783 -104.741 -15.3648
    endloop
  endfacet
  facet normal 0.681473 0.731843 0
    outer loop
      vertex 32.3795 -104.649 -15.3648
      vertex 32.4783 -104.741 -16.1648
      vertex 32.3795 -104.649 -16.1648
    endloop
  endfacet
  facet normal 0.575102 0.818082 -0
    outer loop
      vertex 32.3795 -104.649 -16.1648
      vertex 32.2657 -104.569 -15.3648
      vertex 32.3795 -104.649 -15.3648
    endloop
  endfacet
  facet normal 0.575102 0.818082 0
    outer loop
      vertex 32.2657 -104.569 -15.3648
      vertex 32.3795 -104.649 -16.1648
      vertex 32.2657 -104.569 -16.1648
    endloop
  endfacet
  facet normal 0.466878 0.884322 -0
    outer loop
      vertex 32.2657 -104.569 -16.1648
      vertex 32.1369 -104.501 -15.3648
      vertex 32.2657 -104.569 -15.3648
    endloop
  endfacet
  facet normal 0.466878 0.884322 0
    outer loop
      vertex 32.1369 -104.501 -15.3648
      vertex 32.2657 -104.569 -16.1648
      vertex 32.1369 -104.501 -16.1648
    endloop
  endfacet
  facet normal 0.362884 0.931834 -0
    outer loop
      vertex 32.1369 -104.501 -16.1648
      vertex 31.9931 -104.445 -15.3648
      vertex 32.1369 -104.501 -15.3648
    endloop
  endfacet
  facet normal 0.362884 0.931834 0
    outer loop
      vertex 31.9931 -104.445 -15.3648
      vertex 32.1369 -104.501 -16.1648
      vertex 31.9931 -104.445 -16.1648
    endloop
  endfacet
  facet normal 0.261522 0.965198 -0
    outer loop
      vertex 31.9931 -104.445 -16.1648
      vertex 31.8344 -104.402 -15.3648
      vertex 31.9931 -104.445 -15.3648
    endloop
  endfacet
  facet normal 0.261522 0.965198 0
    outer loop
      vertex 31.8344 -104.402 -15.3648
      vertex 31.9931 -104.445 -16.1648
      vertex 31.8344 -104.402 -16.1648
    endloop
  endfacet
  facet normal 0.170287 0.985394 -0
    outer loop
      vertex 31.8344 -104.402 -16.1648
      vertex 31.6608 -104.372 -15.3648
      vertex 31.8344 -104.402 -15.3648
    endloop
  endfacet
  facet normal 0.170287 0.985394 0
    outer loop
      vertex 31.6608 -104.372 -15.3648
      vertex 31.8344 -104.402 -16.1648
      vertex 31.6608 -104.372 -16.1648
    endloop
  endfacet
  facet normal 0.100235 0.994964 -0
    outer loop
      vertex 31.6608 -104.372 -16.1648
      vertex 31.4722 -104.353 -15.3648
      vertex 31.6608 -104.372 -15.3648
    endloop
  endfacet
  facet normal 0.100235 0.994964 0
    outer loop
      vertex 31.4722 -104.353 -15.3648
      vertex 31.6608 -104.372 -16.1648
      vertex 31.4722 -104.353 -16.1648
    endloop
  endfacet
  facet normal 0.0294712 0.999566 -0
    outer loop
      vertex 31.4722 -104.353 -16.1648
      vertex 31.2687 -104.347 -15.3648
      vertex 31.4722 -104.353 -15.3648
    endloop
  endfacet
  facet normal 0.0294712 0.999566 0
    outer loop
      vertex 31.2687 -104.347 -15.3648
      vertex 31.4722 -104.353 -16.1648
      vertex 31.2687 -104.347 -16.1648
    endloop
  endfacet
  facet normal 0 1 -0
    outer loop
      vertex 31.2687 -104.347 -16.1648
      vertex 30.7072 -104.347 -15.3648
      vertex 31.2687 -104.347 -15.3648
    endloop
  endfacet
  facet normal 0 1 0
    outer loop
      vertex 30.7072 -104.347 -15.3648
      vertex 31.2687 -104.347 -16.1648
      vertex 30.7072 -104.347 -16.1648
    endloop
  endfacet
  facet normal 1 -0 0
    outer loop
      vertex 30.7072 -104.347 -15.3648
      vertex 30.7072 -102.961 -16.1648
      vertex 30.7072 -102.961 -15.3648
    endloop
  endfacet
  facet normal 1 0 0
    outer loop
      vertex 30.7072 -102.961 -16.1648
      vertex 30.7072 -104.347 -15.3648
      vertex 30.7072 -104.347 -16.1648
    endloop
  endfacet
  facet normal 0 -1 0
    outer loop
      vertex 30.7072 -102.961 -16.1648
      vertex 31.3054 -102.961 -15.3648
      vertex 30.7072 -102.961 -15.3648
    endloop
  endfacet
  facet normal 0 -1 -0
    outer loop
      vertex 31.3054 -102.961 -15.3648
      vertex 30.7072 -102.961 -16.1648
      vertex 31.3054 -102.961 -16.1648
    endloop
  endfacet
  facet normal 0.0266099 -0.999646 0
    outer loop
      vertex 31.3054 -102.961 -16.1648
      vertex 31.5308 -102.955 -15.3648
      vertex 31.3054 -102.961 -15.3648
    endloop
  endfacet
  facet normal 0.0266099 -0.999646 0
    outer loop
      vertex 31.5308 -102.955 -15.3648
      vertex 31.3054 -102.961 -16.1648
      vertex 31.5308 -102.955 -16.1648
    endloop
  endfacet
  facet normal 0.0858068 -0.996312 0
    outer loop
      vertex 31.5308 -102.955 -16.1648
      vertex 31.7398 -102.937 -15.3648
      vertex 31.5308 -102.955 -15.3648
    endloop
  endfacet
  facet normal 0.0858068 -0.996312 0
    outer loop
      vertex 31.7398 -102.937 -15.3648
      vertex 31.5308 -102.955 -16.1648
      vertex 31.7398 -102.937 -16.1648
    endloop
  endfacet
  facet normal 0.163901 -0.986477 0
    outer loop
      vertex 31.7398 -102.937 -16.1648
      vertex 31.9324 -102.905 -15.3648
      vertex 31.7398 -102.937 -15.3648
    endloop
  endfacet
  facet normal 0.163901 -0.986477 0
    outer loop
      vertex 31.9324 -102.905 -15.3648
      vertex 31.7398 -102.937 -16.1648
      vertex 31.9324 -102.905 -16.1648
    endloop
  endfacet
  facet normal 0.23721 -0.971458 0
    outer loop
      vertex 31.9324 -102.905 -16.1648
      vertex 32.1085 -102.862 -15.3648
      vertex 31.9324 -102.905 -15.3648
    endloop
  endfacet
  facet normal 0.23721 -0.971458 0
    outer loop
      vertex 32.1085 -102.862 -15.3648
      vertex 31.9324 -102.905 -16.1648
      vertex 32.1085 -102.862 -16.1648
    endloop
  endfacet
  facet normal 0.330903 -0.943665 0
    outer loop
      vertex 32.1085 -102.862 -16.1648
      vertex 32.2682 -102.806 -15.3648
      vertex 32.1085 -102.862 -15.3648
    endloop
  endfacet
  facet normal 0.330903 -0.943665 0
    outer loop
      vertex 32.2682 -102.806 -15.3648
      vertex 32.1085 -102.862 -16.1648
      vertex 32.2682 -102.806 -16.1648
    endloop
  endfacet
  facet normal 0.43408 -0.900874 0
    outer loop
      vertex 32.2682 -102.806 -16.1648
      vertex 32.4114 -102.737 -15.3648
      vertex 32.2682 -102.806 -15.3648
    endloop
  endfacet
  facet normal 0.43408 -0.900874 0
    outer loop
      vertex 32.4114 -102.737 -15.3648
      vertex 32.2682 -102.806 -16.1648
      vertex 32.4114 -102.737 -16.1648
    endloop
  endfacet
  facet normal 0.538337 -0.84273 0
    outer loop
      vertex 32.4114 -102.737 -16.1648
      vertex 32.5382 -102.656 -15.3648
      vertex 32.4114 -102.737 -15.3648
    endloop
  endfacet
  facet normal 0.538337 -0.84273 0
    outer loop
      vertex 32.5382 -102.656 -15.3648
      vertex 32.4114 -102.737 -16.1648
      vertex 32.5382 -102.656 -16.1648
    endloop
  endfacet
  facet normal 0.641212 -0.767364 0
    outer loop
      vertex 32.5382 -102.656 -16.1648
      vertex 32.6483 -102.564 -15.3648
      vertex 32.5382 -102.656 -15.3648
    endloop
  endfacet
  facet normal 0.641212 -0.767364 0
    outer loop
      vertex 32.6483 -102.564 -15.3648
      vertex 32.5382 -102.656 -16.1648
      vertex 32.6483 -102.564 -16.1648
    endloop
  endfacet
  facet normal 0.745073 -0.666983 0
    outer loop
      vertex 32.6483 -102.564 -15.3648
      vertex 32.7414 -102.46 -16.1648
      vertex 32.7414 -102.46 -15.3648
    endloop
  endfacet
  facet normal 0.745073 -0.666983 0
    outer loop
      vertex 32.7414 -102.46 -16.1648
      vertex 32.6483 -102.564 -15.3648
      vertex 32.6483 -102.564 -16.1648
    endloop
  endfacet
  facet normal 0.833274 -0.55286 0
    outer loop
      vertex 32.7414 -102.46 -15.3648
      vertex 32.8177 -102.345 -16.1648
      vertex 32.8177 -102.345 -15.3648
    endloop
  endfacet
  facet normal 0.833274 -0.55286 0
    outer loop
      vertex 32.8177 -102.345 -16.1648
      vertex 32.7414 -102.46 -15.3648
      vertex 32.7414 -102.46 -16.1648
    endloop
  endfacet
  facet normal 0.903487 -0.428614 0
    outer loop
      vertex 32.8177 -102.345 -15.3648
      vertex 32.877 -102.22 -16.1648
      vertex 32.877 -102.22 -15.3648
    endloop
  endfacet
  facet normal 0.903487 -0.428614 0
    outer loop
      vertex 32.877 -102.22 -16.1648
      vertex 32.8177 -102.345 -15.3648
      vertex 32.8177 -102.345 -16.1648
    endloop
  endfacet
  facet normal 0.955492 -0.295017 0
    outer loop
      vertex 32.877 -102.22 -15.3648
      vertex 32.9193 -102.083 -16.1648
      vertex 32.9193 -102.083 -15.3648
    endloop
  endfacet
  facet normal 0.955492 -0.295017 0
    outer loop
      vertex 32.9193 -102.083 -16.1648
      vertex 32.877 -102.22 -15.3648
      vertex 32.877 -102.22 -16.1648
    endloop
  endfacet
  facet normal 0.985398 -0.170266 0
    outer loop
      vertex 32.9193 -102.083 -15.3648
      vertex 32.9447 -101.936 -16.1648
      vertex 32.9447 -101.936 -15.3648
    endloop
  endfacet
  facet normal 0.985398 -0.170266 0
    outer loop
      vertex 32.9447 -101.936 -16.1648
      vertex 32.9193 -102.083 -15.3648
      vertex 32.9193 -102.083 -16.1648
    endloop
  endfacet
  facet normal 0.998574 -0.0533829 0
    outer loop
      vertex 32.9447 -101.936 -15.3648
      vertex 32.9532 -101.777 -16.1648
      vertex 32.9532 -101.777 -15.3648
    endloop
  endfacet
  facet normal 0.998574 -0.0533829 0
    outer loop
      vertex 32.9532 -101.777 -16.1648
      vertex 32.9447 -101.936 -15.3648
      vertex 32.9447 -101.936 -16.1648
    endloop
  endfacet
  facet normal 0.999182 0.0404293 0
    outer loop
      vertex 32.9532 -101.777 -15.3648
      vertex 32.9462 -101.604 -16.1648
      vertex 32.9462 -101.604 -15.3648
    endloop
  endfacet
  facet normal 0.999182 0.0404293 0
    outer loop
      vertex 32.9462 -101.604 -16.1648
      vertex 32.9532 -101.777 -15.3648
      vertex 32.9532 -101.777 -16.1648
    endloop
  endfacet
  facet normal 0.991471 0.130325 0
    outer loop
      vertex 32.9462 -101.604 -15.3648
      vertex 32.9253 -101.445 -16.1648
      vertex 32.9253 -101.445 -15.3648
    endloop
  endfacet
  facet normal 0.991471 0.130325 0
    outer loop
      vertex 32.9253 -101.445 -16.1648
      vertex 32.9462 -101.604 -15.3648
      vertex 32.9462 -101.604 -16.1648
    endloop
  endfacet
  facet normal 0.972955 0.230994 0
    outer loop
      vertex 32.9253 -101.445 -15.3648
      vertex 32.8904 -101.298 -16.1648
      vertex 32.8904 -101.298 -15.3648
    endloop
  endfacet
  facet normal 0.972955 0.230994 0
    outer loop
      vertex 32.8904 -101.298 -16.1648
      vertex 32.9253 -101.445 -15.3648
      vertex 32.9253 -101.445 -16.1648
    endloop
  endfacet
  facet normal 0.9388 0.344462 0
    outer loop
      vertex 32.8904 -101.298 -15.3648
      vertex 32.8416 -101.165 -16.1648
      vertex 32.8416 -101.165 -15.3648
    endloop
  endfacet
  facet normal 0.9388 0.344462 0
    outer loop
      vertex 32.8416 -101.165 -16.1648
      vertex 32.8904 -101.298 -15.3648
      vertex 32.8904 -101.298 -16.1648
    endloop
  endfacet
  facet normal 0.887577 0.46066 0
    outer loop
      vertex 32.8416 -101.165 -15.3648
      vertex 32.7788 -101.044 -16.1648
      vertex 32.7788 -101.044 -15.3648
    endloop
  endfacet
  facet normal 0.887577 0.46066 0
    outer loop
      vertex 32.7788 -101.044 -16.1648
      vertex 32.8416 -101.165 -15.3648
      vertex 32.8416 -101.165 -16.1648
    endloop
  endfacet
  facet normal 0.812398 0.583104 0
    outer loop
      vertex 32.7788 -101.044 -15.3648
      vertex 32.702 -100.937 -16.1648
      vertex 32.702 -100.937 -15.3648
    endloop
  endfacet
  facet normal 0.812398 0.583104 0
    outer loop
      vertex 32.702 -100.937 -16.1648
      vertex 32.7788 -101.044 -15.3648
      vertex 32.7788 -101.044 -16.1648
    endloop
  endfacet
  facet normal 0.716289 0.697804 0
    outer loop
      vertex 32.702 -100.937 -15.3648
      vertex 32.6114 -100.844 -16.1648
      vertex 32.6114 -100.844 -15.3648
    endloop
  endfacet
  facet normal 0.716289 0.697804 0
    outer loop
      vertex 32.6114 -100.844 -16.1648
      vertex 32.702 -100.937 -15.3648
      vertex 32.702 -100.937 -16.1648
    endloop
  endfacet
  facet normal 0.617047 0.786926 -0
    outer loop
      vertex 32.6114 -100.844 -16.1648
      vertex 32.5081 -100.763 -15.3648
      vertex 32.6114 -100.844 -15.3648
    endloop
  endfacet
  facet normal 0.617047 0.786926 0
    outer loop
      vertex 32.5081 -100.763 -15.3648
      vertex 32.6114 -100.844 -16.1648
      vertex 32.5081 -100.763 -16.1648
    endloop
  endfacet
  facet normal 0.516476 0.856302 -0
    outer loop
      vertex 32.5081 -100.763 -16.1648
      vertex 32.3937 -100.694 -15.3648
      vertex 32.5081 -100.763 -15.3648
    endloop
  endfacet
  facet normal 0.516476 0.856302 0
    outer loop
      vertex 32.3937 -100.694 -15.3648
      vertex 32.5081 -100.763 -16.1648
      vertex 32.3937 -100.694 -16.1648
    endloop
  endfacet
  facet normal 0.406947 0.913452 -0
    outer loop
      vertex 32.3937 -100.694 -16.1648
      vertex 32.268 -100.638 -15.3648
      vertex 32.3937 -100.694 -15.3648
    endloop
  endfacet
  facet normal 0.406947 0.913452 0
    outer loop
      vertex 32.268 -100.638 -15.3648
      vertex 32.3937 -100.694 -16.1648
      vertex 32.268 -100.638 -16.1648
    endloop
  endfacet
  facet normal 0.299664 0.954045 -0
    outer loop
      vertex 32.268 -100.638 -16.1648
      vertex 32.1311 -100.595 -15.3648
      vertex 32.268 -100.638 -15.3648
    endloop
  endfacet
  facet normal 0.299664 0.954045 0
    outer loop
      vertex 32.1311 -100.595 -15.3648
      vertex 32.268 -100.638 -16.1648
      vertex 32.1311 -100.595 -16.1648
    endloop
  endfacet
  facet normal 0.211196 0.977444 -0
    outer loop
      vertex 32.1311 -100.595 -16.1648
      vertex 31.983 -100.563 -15.3648
      vertex 32.1311 -100.595 -15.3648
    endloop
  endfacet
  facet normal 0.211196 0.977444 0
    outer loop
      vertex 31.983 -100.563 -15.3648
      vertex 32.1311 -100.595 -16.1648
      vertex 31.983 -100.563 -16.1648
    endloop
  endfacet
  facet normal 0.11228 0.993677 -0
    outer loop
      vertex 31.983 -100.563 -16.1648
      vertex 31.8237 -100.545 -15.3648
      vertex 31.983 -100.563 -15.3648
    endloop
  endfacet
  facet normal 0.11228 0.993677 0
    outer loop
      vertex 31.8237 -100.545 -15.3648
      vertex 31.983 -100.563 -16.1648
      vertex 31.8237 -100.545 -16.1648
    endloop
  endfacet
  facet normal 0.0351688 0.999381 -0
    outer loop
      vertex 31.8237 -100.545 -16.1648
      vertex 31.6532 -100.539 -15.3648
      vertex 31.8237 -100.545 -15.3648
    endloop
  endfacet
  facet normal 0.0351688 0.999381 0
    outer loop
      vertex 31.6532 -100.539 -15.3648
      vertex 31.8237 -100.545 -16.1648
      vertex 31.6532 -100.539 -16.1648
    endloop
  endfacet
  facet normal -0.0747082 0.997205 0
    outer loop
      vertex 31.6532 -100.539 -16.1648
      vertex 31.3195 -100.564 -15.3648
      vertex 31.6532 -100.539 -15.3648
    endloop
  endfacet
  facet normal -0.0747082 0.997205 0
    outer loop
      vertex 31.3195 -100.564 -15.3648
      vertex 31.6532 -100.539 -16.1648
      vertex 31.3195 -100.564 -16.1648
    endloop
  endfacet
  facet normal -0.253918 0.967226 0
    outer loop
      vertex 31.3195 -100.564 -16.1648
      vertex 31.03 -100.64 -15.3648
      vertex 31.3195 -100.564 -15.3648
    endloop
  endfacet
  facet normal -0.253918 0.967226 0
    outer loop
      vertex 31.03 -100.64 -15.3648
      vertex 31.3195 -100.564 -16.1648
      vertex 31.03 -100.64 -16.1648
    endloop
  endfacet
  facet normal -0.456611 0.889666 0
    outer loop
      vertex 31.03 -100.64 -16.1648
      vertex 30.7845 -100.766 -15.3648
      vertex 31.03 -100.64 -15.3648
    endloop
  endfacet
  facet normal -0.456611 0.889666 0
    outer loop
      vertex 30.7845 -100.766 -15.3648
      vertex 31.03 -100.64 -16.1648
      vertex 30.7845 -100.766 -16.1648
    endloop
  endfacet
  facet normal -0.66014 0.751142 0
    outer loop
      vertex 30.7845 -100.766 -16.1648
      vertex 30.5831 -100.943 -15.3648
      vertex 30.7845 -100.766 -15.3648
    endloop
  endfacet
  facet normal -0.66014 0.751142 0
    outer loop
      vertex 30.5831 -100.943 -15.3648
      vertex 30.7845 -100.766 -16.1648
      vertex 30.5831 -100.943 -16.1648
    endloop
  endfacet
  facet normal -0.823114 0.567876 0
    outer loop
      vertex 30.4258 -101.171 -16.1648
      vertex 30.5831 -100.943 -15.3648
      vertex 30.5831 -100.943 -16.1648
    endloop
  endfacet
  facet normal -0.823114 0.567876 0
    outer loop
      vertex 30.5831 -100.943 -15.3648
      vertex 30.4258 -101.171 -16.1648
      vertex 30.4258 -101.171 -15.3648
    endloop
  endfacet
  facet normal -0.926161 0.377128 0
    outer loop
      vertex 30.3126 -101.449 -16.1648
      vertex 30.4258 -101.171 -15.3648
      vertex 30.4258 -101.171 -16.1648
    endloop
  endfacet
  facet normal -0.926161 0.377128 0
    outer loop
      vertex 30.4258 -101.171 -15.3648
      vertex 30.3126 -101.449 -16.1648
      vertex 30.3126 -101.449 -15.3648
    endloop
  endfacet
  facet normal -0.978521 0.206146 0
    outer loop
      vertex 30.2435 -101.777 -16.1648
      vertex 30.3126 -101.449 -15.3648
      vertex 30.3126 -101.449 -16.1648
    endloop
  endfacet
  facet normal -0.978521 0.206146 0
    outer loop
      vertex 30.3126 -101.449 -15.3648
      vertex 30.2435 -101.777 -16.1648
      vertex 30.2435 -101.777 -15.3648
    endloop
  endfacet
  facet normal 0.0867478 0.99623 -0
    outer loop
      vertex 30.2435 -101.777 -16.1648
      vertex 28.4979 -101.625 -15.3648
      vertex 30.2435 -101.777 -15.3648
    endloop
  endfacet
  facet normal 0.0867478 0.99623 0
    outer loop
      vertex 28.4979 -101.625 -15.3648
      vertex 30.2435 -101.777 -16.1648
      vertex 28.4979 -101.625 -16.1648
    endloop
  endfacet
  facet normal 0.987076 -0.160251 0
    outer loop
      vertex 28.4979 -101.625 -15.3648
      vertex 28.5518 -101.293 -16.1648
      vertex 28.5518 -101.293 -15.3648
    endloop
  endfacet
  facet normal 0.987076 -0.160251 0
    outer loop
      vertex 28.5518 -101.293 -16.1648
      vertex 28.4979 -101.625 -15.3648
      vertex 28.4979 -101.625 -16.1648
    endloop
  endfacet
  facet normal 0.966855 -0.255325 0
    outer loop
      vertex 28.5518 -101.293 -15.3648
      vertex 28.6334 -100.984 -16.1648
      vertex 28.6334 -100.984 -15.3648
    endloop
  endfacet
  facet normal 0.966855 -0.255325 0
    outer loop
      vertex 28.6334 -100.984 -16.1648
      vertex 28.5518 -101.293 -15.3648
      vertex 28.5518 -101.293 -16.1648
    endloop
  endfacet
  facet normal 0.93411 -0.356987 0
    outer loop
      vertex 28.6334 -100.984 -15.3648
      vertex 28.7427 -100.698 -16.1648
      vertex 28.7427 -100.698 -15.3648
    endloop
  endfacet
  facet normal 0.93411 -0.356987 0
    outer loop
      vertex 28.7427 -100.698 -16.1648
      vertex 28.6334 -100.984 -15.3648
      vertex 28.6334 -100.984 -16.1648
    endloop
  endfacet
  facet normal 0.887023 -0.461724 0
    outer loop
      vertex 28.7427 -100.698 -15.3648
      vertex 28.8796 -100.435 -16.1648
      vertex 28.8796 -100.435 -15.3648
    endloop
  endfacet
  facet normal 0.887023 -0.461724 0
    outer loop
      vertex 28.8796 -100.435 -16.1648
      vertex 28.7427 -100.698 -15.3648
      vertex 28.7427 -100.698 -16.1648
    endloop
  endfacet
  facet normal 0.824843 -0.565361 0
    outer loop
      vertex 28.8796 -100.435 -15.3648
      vertex 29.0441 -100.195 -16.1648
      vertex 29.0441 -100.195 -15.3648
    endloop
  endfacet
  facet normal 0.824843 -0.565361 0
    outer loop
      vertex 29.0441 -100.195 -16.1648
      vertex 28.8796 -100.435 -15.3648
      vertex 28.8796 -100.435 -16.1648
    endloop
  endfacet
  facet normal 0.747981 -0.663721 0
    outer loop
      vertex 29.0441 -100.195 -15.3648
      vertex 29.2363 -99.9784 -16.1648
      vertex 29.2363 -99.9784 -15.3648
    endloop
  endfacet
  facet normal 0.747981 -0.663721 0
    outer loop
      vertex 29.2363 -99.9784 -16.1648
      vertex 29.0441 -100.195 -15.3648
      vertex 29.0441 -100.195 -16.1648
    endloop
  endfacet
  facet normal 0.661159 -0.750246 0
    outer loop
      vertex 29.2363 -99.9784 -16.1648
      vertex 29.4561 -99.7847 -15.3648
      vertex 29.2363 -99.9784 -15.3648
    endloop
  endfacet
  facet normal 0.661159 -0.750246 0
    outer loop
      vertex 29.4561 -99.7847 -15.3648
      vertex 29.2363 -99.9784 -16.1648
      vertex 29.4561 -99.7847 -16.1648
    endloop
  endfacet
  facet normal 0.567796 -0.82317 0
    outer loop
      vertex 29.4561 -99.7847 -16.1648
      vertex 29.7014 -99.6155 -15.3648
      vertex 29.4561 -99.7847 -15.3648
    endloop
  endfacet
  facet normal 0.567796 -0.82317 0
    outer loop
      vertex 29.7014 -99.6155 -15.3648
      vertex 29.4561 -99.7847 -16.1648
      vertex 29.7014 -99.6155 -16.1648
    endloop
  endfacet
  facet normal 0.470725 -0.88228 0
    outer loop
      vertex 29.7014 -99.6155 -16.1648
      vertex 29.9698 -99.4723 -15.3648
      vertex 29.7014 -99.6155 -15.3648
    endloop
  endfacet
  facet normal 0.470725 -0.88228 0
    outer loop
      vertex 29.9698 -99.4723 -15.3648
      vertex 29.7014 -99.6155 -16.1648
      vertex 29.9698 -99.4723 -16.1648
    endloop
  endfacet
  facet normal 0.372652 -0.927971 0
    outer loop
      vertex 29.9698 -99.4723 -16.1648
      vertex 30.2614 -99.3552 -15.3648
      vertex 29.9698 -99.4723 -15.3648
    endloop
  endfacet
  facet normal 0.372652 -0.927971 0
    outer loop
      vertex 30.2614 -99.3552 -15.3648
      vertex 29.9698 -99.4723 -16.1648
      vertex 30.2614 -99.3552 -16.1648
    endloop
  endfacet
  facet normal 0.278065 -0.960562 0
    outer loop
      vertex 30.2614 -99.3552 -16.1648
      vertex 30.5761 -99.2641 -15.3648
      vertex 30.2614 -99.3552 -15.3648
    endloop
  endfacet
  facet normal 0.278065 -0.960562 0
    outer loop
      vertex 30.5761 -99.2641 -15.3648
      vertex 30.2614 -99.3552 -16.1648
      vertex 30.5761 -99.2641 -16.1648
    endloop
  endfacet
  facet normal 0.189182 -0.981942 0
    outer loop
      vertex 30.5761 -99.2641 -16.1648
      vertex 30.914 -99.199 -15.3648
      vertex 30.5761 -99.2641 -15.3648
    endloop
  endfacet
  facet normal 0.189182 -0.981942 0
    outer loop
      vertex 30.914 -99.199 -15.3648
      vertex 30.5761 -99.2641 -16.1648
      vertex 30.914 -99.199 -16.1648
    endloop
  endfacet
  facet normal 0.107379 -0.994218 0
    outer loop
      vertex 30.914 -99.199 -16.1648
      vertex 31.2751 -99.16 -15.3648
      vertex 30.914 -99.199 -15.3648
    endloop
  endfacet
  facet normal 0.107379 -0.994218 0
    outer loop
      vertex 31.2751 -99.16 -15.3648
      vertex 30.914 -99.199 -16.1648
      vertex 31.2751 -99.16 -16.1648
    endloop
  endfacet
  facet normal 0.034077 -0.999419 0
    outer loop
      vertex 31.2751 -99.16 -16.1648
      vertex 31.6593 -99.1469 -15.3648
      vertex 31.2751 -99.16 -15.3648
    endloop
  endfacet
  facet normal 0.034077 -0.999419 0
    outer loop
      vertex 31.6593 -99.1469 -15.3648
      vertex 31.2751 -99.16 -16.1648
      vertex 31.6593 -99.1469 -16.1648
    endloop
  endfacet
  facet normal -0.0333313 -0.999444 0
    outer loop
      vertex 31.6593 -99.1469 -16.1648
      vertex 32.0641 -99.1604 -15.3648
      vertex 31.6593 -99.1469 -15.3648
    endloop
  endfacet
  facet normal -0.0333313 -0.999444 -0
    outer loop
      vertex 32.0641 -99.1604 -15.3648
      vertex 31.6593 -99.1469 -16.1648
      vertex 32.0641 -99.1604 -16.1648
    endloop
  endfacet
  facet normal 0 -1 0
    outer loop
      vertex 40.737 -101.039 -16.1648
      vertex 41.8844 -101.039 -15.3648
      vertex 40.737 -101.039 -15.3648
    endloop
  endfacet
  facet normal 0 -1 -0
    outer loop
      vertex 41.8844 -101.039 -15.3648
      vertex 40.737 -101.039 -16.1648
      vertex 41.8844 -101.039 -16.1648
    endloop
  endfacet
  facet normal -1 0 0
    outer loop
      vertex 41.8844 -102.314 -16.1648
      vertex 41.8844 -101.039 -15.3648
      vertex 41.8844 -101.039 -16.1648
    endloop
  endfacet
  facet normal -1 -0 0
    outer loop
      vertex 41.8844 -101.039 -15.3648
      vertex 41.8844 -102.314 -16.1648
      vertex 41.8844 -102.314 -15.3648
    endloop
  endfacet
  facet normal 0 1 -0
    outer loop
      vertex 41.8844 -102.314 -16.1648
      vertex 40.737 -102.314 -15.3648
      vertex 41.8844 -102.314 -15.3648
    endloop
  endfacet
  facet normal 0 1 0
    outer loop
      vertex 40.737 -102.314 -15.3648
      vertex 41.8844 -102.314 -16.1648
      vertex 40.737 -102.314 -16.1648
    endloop
  endfacet
  facet normal -1 0 0
    outer loop
      vertex 40.737 -107.887 -16.1648
      vertex 40.737 -102.314 -15.3648
      vertex 40.737 -102.314 -16.1648
    endloop
  endfacet
  facet normal -1 -0 0
    outer loop
      vertex 40.737 -102.314 -15.3648
      vertex 40.737 -107.887 -16.1648
      vertex 40.737 -107.887 -15.3648
    endloop
  endfacet
  facet normal 0 1 -0
    outer loop
      vertex 40.737 -107.887 -16.1648
      vertex 38.8206 -107.887 -15.3648
      vertex 40.737 -107.887 -15.3648
    endloop
  endfacet
  facet normal 0 1 0
    outer loop
      vertex 38.8206 -107.887 -15.3648
      vertex 40.737 -107.887 -16.1648
      vertex 38.8206 -107.887 -16.1648
    endloop
  endfacet
  facet normal 0.837244 0.546829 0
    outer loop
      vertex 38.8206 -107.887 -15.3648
      vertex 35.1892 -102.327 -16.1648
      vertex 35.1892 -102.327 -15.3648
    endloop
  endfacet
  facet normal 0.837244 0.546829 0
    outer loop
      vertex 35.1892 -102.327 -16.1648
      vertex 38.8206 -107.887 -15.3648
      vertex 38.8206 -107.887 -16.1648
    endloop
  endfacet
  facet normal 1 -0 0
    outer loop
      vertex 35.1892 -102.327 -15.3648
      vertex 35.1892 -101.039 -16.1648
      vertex 35.1892 -101.039 -15.3648
    endloop
  endfacet
  facet normal 1 0 0
    outer loop
      vertex 35.1892 -101.039 -16.1648
      vertex 35.1892 -102.327 -15.3648
      vertex 35.1892 -102.327 -16.1648
    endloop
  endfacet
  facet normal 0 -1 0
    outer loop
      vertex 35.1892 -101.039 -16.1648
      vertex 39.1013 -101.039 -15.3648
      vertex 35.1892 -101.039 -15.3648
    endloop
  endfacet
  facet normal 0 -1 -0
    outer loop
      vertex 39.1013 -101.039 -15.3648
      vertex 35.1892 -101.039 -16.1648
      vertex 39.1013 -101.039 -16.1648
    endloop
  endfacet
  facet normal 1 -0 0
    outer loop
      vertex 39.1013 -101.039 -15.3648
      vertex 39.1013 -99.2873 -16.1648
      vertex 39.1013 -99.2873 -15.3648
    endloop
  endfacet
  facet normal 1 0 0
    outer loop
      vertex 39.1013 -99.2873 -16.1648
      vertex 39.1013 -101.039 -15.3648
      vertex 39.1013 -101.039 -16.1648
    endloop
  endfacet
  facet normal 0 -1 0
    outer loop
      vertex 39.1013 -99.2873 -16.1648
      vertex 40.737 -99.2873 -15.3648
      vertex 39.1013 -99.2873 -15.3648
    endloop
  endfacet
  facet normal 0 -1 -0
    outer loop
      vertex 40.737 -99.2873 -15.3648
      vertex 39.1013 -99.2873 -16.1648
      vertex 40.737 -99.2873 -16.1648
    endloop
  endfacet
  facet normal -1 0 0
    outer loop
      vertex 40.737 -101.039 -16.1648
      vertex 40.737 -99.2873 -15.3648
      vertex 40.737 -99.2873 -16.1648
    endloop
  endfacet
  facet normal -1 -0 0
    outer loop
      vertex 40.737 -99.2873 -15.3648
      vertex 40.737 -101.039 -16.1648
      vertex 40.737 -101.039 -15.3648
    endloop
  endfacet
  facet normal -0.835462 -0.549549 0
    outer loop
      vertex 38.5825 -105.348 -16.1648
      vertex 36.5868 -102.314 -15.3648
      vertex 36.5868 -102.314 -16.1648
    endloop
  endfacet
  facet normal -0.835462 -0.549549 0
    outer loop
      vertex 36.5868 -102.314 -15.3648
      vertex 38.5825 -105.348 -16.1648
      vertex 38.5825 -105.348 -15.3648
    endloop
  endfacet
  facet normal -0.843388 -0.537305 0
    outer loop
      vertex 38.6959 -105.526 -16.1648
      vertex 38.5825 -105.348 -15.3648
      vertex 38.5825 -105.348 -16.1648
    endloop
  endfacet
  facet normal -0.843388 -0.537305 0
    outer loop
      vertex 38.5825 -105.348 -15.3648
      vertex 38.6959 -105.526 -16.1648
      vertex 38.6959 -105.526 -15.3648
    endloop
  endfacet
  facet normal -0.851361 -0.524581 0
    outer loop
      vertex 38.7988 -105.693 -16.1648
      vertex 38.6959 -105.526 -15.3648
      vertex 38.6959 -105.526 -16.1648
    endloop
  endfacet
  facet normal -0.851361 -0.524581 0
    outer loop
      vertex 38.6959 -105.526 -15.3648
      vertex 38.7988 -105.693 -16.1648
      vertex 38.7988 -105.693 -15.3648
    endloop
  endfacet
  facet normal -0.856008 -0.516962 0
    outer loop
      vertex 38.8912 -105.846 -16.1648
      vertex 38.7988 -105.693 -15.3648
      vertex 38.7988 -105.693 -16.1648
    endloop
  endfacet
  facet normal -0.856008 -0.516962 0
    outer loop
      vertex 38.7988 -105.693 -15.3648
      vertex 38.8912 -105.846 -16.1648
      vertex 38.8912 -105.846 -15.3648
    endloop
  endfacet
  facet normal -0.864712 -0.502269 0
    outer loop
      vertex 38.9731 -105.987 -16.1648
      vertex 38.8912 -105.846 -15.3648
      vertex 38.8912 -105.846 -16.1648
    endloop
  endfacet
  facet normal -0.864712 -0.502269 0
    outer loop
      vertex 38.8912 -105.846 -15.3648
      vertex 38.9731 -105.987 -16.1648
      vertex 38.9731 -105.987 -15.3648
    endloop
  endfacet
  facet normal -0.874637 -0.484779 0
    outer loop
      vertex 39.0446 -106.116 -16.1648
      vertex 38.9731 -105.987 -15.3648
      vertex 38.9731 -105.987 -16.1648
    endloop
  endfacet
  facet normal -0.874637 -0.484779 0
    outer loop
      vertex 38.9731 -105.987 -15.3648
      vertex 39.0446 -106.116 -16.1648
      vertex 39.0446 -106.116 -15.3648
    endloop
  endfacet
  facet normal -0.88672 -0.462307 0
    outer loop
      vertex 39.1056 -106.233 -16.1648
      vertex 39.0446 -106.116 -15.3648
      vertex 39.0446 -106.116 -16.1648
    endloop
  endfacet
  facet normal -0.88672 -0.462307 0
    outer loop
      vertex 39.0446 -106.116 -15.3648
      vertex 39.1056 -106.233 -16.1648
      vertex 39.1056 -106.233 -15.3648
    endloop
  endfacet
  facet normal -0.897542 -0.440929 0
    outer loop
      vertex 39.1562 -106.336 -16.1648
      vertex 39.1056 -106.233 -15.3648
      vertex 39.1056 -106.233 -16.1648
    endloop
  endfacet
  facet normal -0.897542 -0.440929 0
    outer loop
      vertex 39.1056 -106.233 -15.3648
      vertex 39.1562 -106.336 -16.1648
      vertex 39.1562 -106.336 -15.3648
    endloop
  endfacet
  facet normal 0.995037 0.0995037 0
    outer loop
      vertex 39.1562 -106.336 -15.3648
      vertex 39.1525 -106.299 -16.1648
      vertex 39.1525 -106.299 -15.3648
    endloop
  endfacet
  facet normal 0.995037 0.0995037 0
    outer loop
      vertex 39.1525 -106.299 -16.1648
      vertex 39.1562 -106.336 -15.3648
      vertex 39.1562 -106.336 -16.1648
    endloop
  endfacet
  facet normal 0.996546 0.0830455 0
    outer loop
      vertex 39.1525 -106.299 -15.3648
      vertex 39.1485 -106.251 -16.1648
      vertex 39.1485 -106.251 -15.3648
    endloop
  endfacet
  facet normal 0.996546 0.0830455 0
    outer loop
      vertex 39.1485 -106.251 -16.1648
      vertex 39.1525 -106.299 -15.3648
      vertex 39.1525 -106.299 -16.1648
    endloop
  endfacet
  facet normal 0.997231 0.0743697 0
    outer loop
      vertex 39.1485 -106.251 -15.3648
      vertex 39.1441 -106.192 -16.1648
      vertex 39.1441 -106.192 -15.3648
    endloop
  endfacet
  facet normal 0.997231 0.0743697 0
    outer loop
      vertex 39.1441 -106.192 -16.1648
      vertex 39.1485 -106.251 -15.3648
      vertex 39.1485 -106.251 -16.1648
    endloop
  endfacet
  facet normal 0.997723 0.0674517 0
    outer loop
      vertex 39.1441 -106.192 -15.3648
      vertex 39.1393 -106.121 -16.1648
      vertex 39.1393 -106.121 -15.3648
    endloop
  endfacet
  facet normal 0.997723 0.0674517 0
    outer loop
      vertex 39.1393 -106.121 -16.1648
      vertex 39.1441 -106.192 -15.3648
      vertex 39.1441 -106.192 -16.1648
    endloop
  endfacet
  facet normal 0.997995 0.0632875 0
    outer loop
      vertex 39.1393 -106.121 -15.3648
      vertex 39.1341 -106.039 -16.1648
      vertex 39.1341 -106.039 -15.3648
    endloop
  endfacet
  facet normal 0.997995 0.0632875 0
    outer loop
      vertex 39.1341 -106.039 -16.1648
      vertex 39.1393 -106.121 -15.3648
      vertex 39.1393 -106.121 -16.1648
    endloop
  endfacet
  facet normal 0.998256 0.0590366 0
    outer loop
      vertex 39.1341 -106.039 -15.3648
      vertex 39.1286 -105.946 -16.1648
      vertex 39.1286 -105.946 -15.3648
    endloop
  endfacet
  facet normal 0.998256 0.0590366 0
    outer loop
      vertex 39.1286 -105.946 -16.1648
      vertex 39.1341 -106.039 -15.3648
      vertex 39.1341 -106.039 -16.1648
    endloop
  endfacet
  facet normal 0.99834 0.0575965 0
    outer loop
      vertex 39.1286 -105.946 -15.3648
      vertex 39.1226 -105.842 -16.1648
      vertex 39.1226 -105.842 -15.3648
    endloop
  endfacet
  facet normal 0.99834 0.0575965 0
    outer loop
      vertex 39.1226 -105.842 -16.1648
      vertex 39.1286 -105.946 -15.3648
      vertex 39.1286 -105.946 -16.1648
    endloop
  endfacet
  facet normal 0.998683 0.0513085 0
    outer loop
      vertex 39.1226 -105.842 -15.3648
      vertex 39.117 -105.733 -16.1648
      vertex 39.117 -105.733 -15.3648
    endloop
  endfacet
  facet normal 0.998683 0.0513085 0
    outer loop
      vertex 39.117 -105.733 -16.1648
      vertex 39.1226 -105.842 -15.3648
      vertex 39.1226 -105.842 -16.1648
    endloop
  endfacet
  facet normal 0.998976 0.0452367 0
    outer loop
      vertex 39.117 -105.733 -15.3648
      vertex 39.1122 -105.627 -16.1648
      vertex 39.1122 -105.627 -15.3648
    endloop
  endfacet
  facet normal 0.998976 0.0452367 0
    outer loop
      vertex 39.1122 -105.627 -16.1648
      vertex 39.117 -105.733 -15.3648
      vertex 39.117 -105.733 -16.1648
    endloop
  endfacet
  facet normal 0.999298 0.0374737 0
    outer loop
      vertex 39.1122 -105.627 -15.3648
      vertex 39.1083 -105.523 -16.1648
      vertex 39.1083 -105.523 -15.3648
    endloop
  endfacet
  facet normal 0.999298 0.0374737 0
    outer loop
      vertex 39.1083 -105.523 -16.1648
      vertex 39.1122 -105.627 -15.3648
      vertex 39.1122 -105.627 -16.1648
    endloop
  endfacet
  facet normal 0.999538 0.0303781 0
    outer loop
      vertex 39.1083 -105.523 -15.3648
      vertex 39.1052 -105.421 -16.1648
      vertex 39.1052 -105.421 -15.3648
    endloop
  endfacet
  facet normal 0.999538 0.0303781 0
    outer loop
      vertex 39.1052 -105.421 -16.1648
      vertex 39.1083 -105.523 -15.3648
      vertex 39.1083 -105.523 -16.1648
    endloop
  endfacet
  facet normal 0.999758 0.0219947 0
    outer loop
      vertex 39.1052 -105.421 -15.3648
      vertex 39.103 -105.321 -16.1648
      vertex 39.103 -105.321 -15.3648
    endloop
  endfacet
  facet normal 0.999758 0.0219947 0
    outer loop
      vertex 39.103 -105.321 -16.1648
      vertex 39.1052 -105.421 -15.3648
      vertex 39.1052 -105.421 -16.1648
    endloop
  endfacet
  facet normal 0.999912 0.0132641 0
    outer loop
      vertex 39.103 -105.321 -15.3648
      vertex 39.1017 -105.223 -16.1648
      vertex 39.1017 -105.223 -15.3648
    endloop
  endfacet
  facet normal 0.999912 0.0132641 0
    outer loop
      vertex 39.1017 -105.223 -16.1648
      vertex 39.103 -105.321 -15.3648
      vertex 39.103 -105.321 -16.1648
    endloop
  endfacet
  facet normal 0.999991 0.00421049 0
    outer loop
      vertex 39.1017 -105.223 -15.3648
      vertex 39.1013 -105.128 -16.1648
      vertex 39.1013 -105.128 -15.3648
    endloop
  endfacet
  facet normal 0.999991 0.00421049 0
    outer loop
      vertex 39.1013 -105.128 -16.1648
      vertex 39.1017 -105.223 -15.3648
      vertex 39.1017 -105.223 -16.1648
    endloop
  endfacet
  facet normal 1 -0 0
    outer loop
      vertex 39.1013 -105.128 -15.3648
      vertex 39.1013 -102.314 -16.1648
      vertex 39.1013 -102.314 -15.3648
    endloop
  endfacet
  facet normal 1 0 0
    outer loop
      vertex 39.1013 -102.314 -16.1648
      vertex 39.1013 -105.128 -15.3648
      vertex 39.1013 -105.128 -16.1648
    endloop
  endfacet
  facet normal 0 1 -0
    outer loop
      vertex 39.1013 -102.314 -16.1648
      vertex 36.5868 -102.314 -15.3648
      vertex 39.1013 -102.314 -15.3648
    endloop
  endfacet
  facet normal 0 1 0
    outer loop
      vertex 36.5868 -102.314 -15.3648
      vertex 39.1013 -102.314 -16.1648
      vertex 36.5868 -102.314 -16.1648
    endloop
  endfacet
endsolid OpenSCAD_Model
