solid OpenSCAD_Model
  facet normal 0.99786 0.0653933 0
    outer loop
      vertex 3.25 0 4
      vertex 3.2222 0.42421 0
      vertex 3.2222 0.42421 4
    endloop
  endfacet
  facet normal 0.99786 0.0653933 0
    outer loop
      vertex 3.2222 0.42421 0
      vertex 3.25 0 4
      vertex 3.25 0 0
    endloop
  endfacet
  facet normal -0.99786 0.0653933 0
    outer loop
      vertex -3.25 0 0
      vertex -3.2222 0.42421 4
      vertex -3.2222 0.42421 0
    endloop
  endfacet
  facet normal -0.99786 0.0653933 0
    outer loop
      vertex -3.2222 0.42421 4
      vertex -3.25 0 0
      vertex -3.25 0 4
    endloop
  endfacet
  facet normal 0.0653933 0.99786 -0
    outer loop
      vertex 0.42421 3.2222 0
      vertex 0 3.25 4
      vertex 0.42421 3.2222 4
    endloop
  endfacet
  facet normal 0.0653933 0.99786 0
    outer loop
      vertex 0 3.25 4
      vertex 0.42421 3.2222 0
      vertex 0 3.25 0
    endloop
  endfacet
  facet normal 0.659335 0.751849 -0
    outer loop
      vertex 2.2981 2.2981 0
      vertex 1.97847 2.5784 4
      vertex 2.2981 2.2981 4
    endloop
  endfacet
  facet normal 0.659335 0.751849 0
    outer loop
      vertex 1.97847 2.5784 4
      vertex 2.2981 2.2981 0
      vertex 1.97847 2.5784 0
    endloop
  endfacet
  facet normal -0.659335 0.751849 0
    outer loop
      vertex -1.97847 2.5784 0
      vertex -2.2981 2.2981 4
      vertex -1.97847 2.5784 4
    endloop
  endfacet
  facet normal -0.659335 0.751849 0
    outer loop
      vertex -2.2981 2.2981 4
      vertex -1.97847 2.5784 0
      vertex -2.2981 2.2981 0
    endloop
  endfacet
  facet normal -0.321439 0.94693 0
    outer loop
      vertex -0.841162 3.13926 0
      vertex -1.24372 3.00261 4
      vertex -0.841162 3.13926 4
    endloop
  endfacet
  facet normal -0.321439 0.94693 0
    outer loop
      vertex -1.24372 3.00261 4
      vertex -0.841162 3.13926 0
      vertex -1.24372 3.00261 0
    endloop
  endfacet
  facet normal 0 0 -1
    outer loop
      vertex 1.45 0 0
      vertex 3.25 0 0
      vertex 3.2222 -0.42421 0
    endloop
  endfacet
  facet normal 0 0 -1
    outer loop
      vertex 1.43759 -0.189262 0
      vertex 3.2222 -0.42421 0
      vertex 3.13926 -0.841162 0
    endloop
  endfacet
  facet normal 0 0 -1
    outer loop
      vertex 3.25 0 0
      vertex 1.45 0 0
      vertex 3.2222 0.42421 0
    endloop
  endfacet
  facet normal 0 0 -1
    outer loop
      vertex 1.40059 -0.375287 0
      vertex 3.13926 -0.841162 0
      vertex 3.00261 -1.24372 0
    endloop
  endfacet
  facet normal 0 0 -1
    outer loop
      vertex 1.43759 0.189262 0
      vertex 3.2222 0.42421 0
      vertex 1.45 0 0
    endloop
  endfacet
  facet normal 0 0 -1
    outer loop
      vertex 1.33962 -0.554891 0
      vertex 3.00261 -1.24372 0
      vertex 2.81458 -1.625 0
    endloop
  endfacet
  facet normal -0 0 -1
    outer loop
      vertex 3.2222 0.42421 0
      vertex 1.43759 0.189262 0
      vertex 3.13926 0.841162 0
    endloop
  endfacet
  facet normal 0 0 -1
    outer loop
      vertex 1.25574 -0.724999 0
      vertex 2.81458 -1.625 0
      vertex 2.5784 -1.97847 0
    endloop
  endfacet
  facet normal 0 0 -1
    outer loop
      vertex 1.40059 0.375287 0
      vertex 3.13926 0.841162 0
      vertex 1.43759 0.189262 0
    endloop
  endfacet
  facet normal 0 0 -1
    outer loop
      vertex 1.15036 -0.882704 0
      vertex 2.5784 -1.97847 0
      vertex 2.2981 -2.2981 0
    endloop
  endfacet
  facet normal -0 0 -1
    outer loop
      vertex 3.13926 0.841162 0
      vertex 1.40059 0.375287 0
      vertex 3.00261 1.24372 0
    endloop
  endfacet
  facet normal 0 0 -1
    outer loop
      vertex 1.0253 -1.0253 0
      vertex 2.2981 -2.2981 0
      vertex 1.97847 -2.5784 0
    endloop
  endfacet
  facet normal 0 0 -1
    outer loop
      vertex 1.33962 0.554891 0
      vertex 3.00261 1.24372 0
      vertex 1.40059 0.375287 0
    endloop
  endfacet
  facet normal 0 0 -1
    outer loop
      vertex 0.882704 -1.15036 0
      vertex 1.97847 -2.5784 0
      vertex 1.625 -2.81458 0
    endloop
  endfacet
  facet normal -0 0 -1
    outer loop
      vertex 3.00261 1.24372 0
      vertex 1.33962 0.554891 0
      vertex 2.81458 1.625 0
    endloop
  endfacet
  facet normal 0 0 -1
    outer loop
      vertex 1.25574 0.724999 0
      vertex 2.81458 1.625 0
      vertex 1.33962 0.554891 0
    endloop
  endfacet
  facet normal 0 0 -1
    outer loop
      vertex 3.2222 -0.42421 0
      vertex 1.43759 -0.189262 0
      vertex 1.45 0 0
    endloop
  endfacet
  facet normal 0 0 -1
    outer loop
      vertex 3.13926 -0.841162 0
      vertex 1.40059 -0.375287 0
      vertex 1.43759 -0.189262 0
    endloop
  endfacet
  facet normal 0 0 -1
    outer loop
      vertex 3.00261 -1.24372 0
      vertex 1.33962 -0.554891 0
      vertex 1.40059 -0.375287 0
    endloop
  endfacet
  facet normal 0 0 -1
    outer loop
      vertex 2.81458 -1.625 0
      vertex 1.25574 -0.724999 0
      vertex 1.33962 -0.554891 0
    endloop
  endfacet
  facet normal 0 0 -1
    outer loop
      vertex 0.724999 -1.25574 0
      vertex 1.625 -2.81458 0
      vertex 1.24372 -3.00261 0
    endloop
  endfacet
  facet normal 0 0 -1
    outer loop
      vertex 2.5784 -1.97847 0
      vertex 1.15036 -0.882704 0
      vertex 1.25574 -0.724999 0
    endloop
  endfacet
  facet normal 0 0 -1
    outer loop
      vertex 2.2981 -2.2981 0
      vertex 1.0253 -1.0253 0
      vertex 1.15036 -0.882704 0
    endloop
  endfacet
  facet normal 0 0 -1
    outer loop
      vertex 1.97847 -2.5784 0
      vertex 0.882704 -1.15036 0
      vertex 1.0253 -1.0253 0
    endloop
  endfacet
  facet normal 0 0 -1
    outer loop
      vertex 0.554891 -1.33962 0
      vertex 1.24372 -3.00261 0
      vertex 0.841162 -3.13926 0
    endloop
  endfacet
  facet normal 0 0 -1
    outer loop
      vertex 1.625 -2.81458 0
      vertex 0.724999 -1.25574 0
      vertex 0.882704 -1.15036 0
    endloop
  endfacet
  facet normal 0 0 -1
    outer loop
      vertex 1.24372 -3.00261 0
      vertex 0.554891 -1.33962 0
      vertex 0.724999 -1.25574 0
    endloop
  endfacet
  facet normal 0 0 -1
    outer loop
      vertex 0.375287 -1.40059 0
      vertex 0.841162 -3.13926 0
      vertex 0.42421 -3.2222 0
    endloop
  endfacet
  facet normal 0 0 -1
    outer loop
      vertex 0.841162 -3.13926 0
      vertex 0.375287 -1.40059 0
      vertex 0.554891 -1.33962 0
    endloop
  endfacet
  facet normal 0 0 -1
    outer loop
      vertex 0.42421 -3.2222 0
      vertex 0.189262 -1.43759 0
      vertex 0.375287 -1.40059 0
    endloop
  endfacet
  facet normal 0 0 -1
    outer loop
      vertex 0 -3.25 0
      vertex 0.189262 -1.43759 0
      vertex 0.42421 -3.2222 0
    endloop
  endfacet
  facet normal 0 0 -1
    outer loop
      vertex 0 -3.25 0
      vertex 0 -1.45 0
      vertex 0.189262 -1.43759 0
    endloop
  endfacet
  facet normal 0 0 -1
    outer loop
      vertex 0 -3.25 0
      vertex -0.189262 -1.43759 0
      vertex 0 -1.45 0
    endloop
  endfacet
  facet normal 0 0 -1
    outer loop
      vertex -0.42421 -3.2222 0
      vertex -0.189262 -1.43759 0
      vertex 0 -3.25 0
    endloop
  endfacet
  facet normal -0 0 -1
    outer loop
      vertex -0.189262 -1.43759 0
      vertex -0.42421 -3.2222 0
      vertex -0.375287 -1.40059 0
    endloop
  endfacet
  facet normal 0 0 -1
    outer loop
      vertex -0.841162 -3.13926 0
      vertex -0.375287 -1.40059 0
      vertex -0.42421 -3.2222 0
    endloop
  endfacet
  facet normal -0 0 -1
    outer loop
      vertex -0.375287 -1.40059 0
      vertex -0.841162 -3.13926 0
      vertex -0.554891 -1.33962 0
    endloop
  endfacet
  facet normal 0 0 -1
    outer loop
      vertex -1.24372 -3.00261 0
      vertex -0.554891 -1.33962 0
      vertex -0.841162 -3.13926 0
    endloop
  endfacet
  facet normal -0 0 -1
    outer loop
      vertex -0.554891 -1.33962 0
      vertex -1.24372 -3.00261 0
      vertex -0.724999 -1.25574 0
    endloop
  endfacet
  facet normal 0 0 -1
    outer loop
      vertex -1.625 -2.81458 0
      vertex -0.724999 -1.25574 0
      vertex -1.24372 -3.00261 0
    endloop
  endfacet
  facet normal -0 0 -1
    outer loop
      vertex -0.724999 -1.25574 0
      vertex -1.625 -2.81458 0
      vertex -0.882704 -1.15036 0
    endloop
  endfacet
  facet normal 0 0 -1
    outer loop
      vertex -1.97847 -2.5784 0
      vertex -0.882704 -1.15036 0
      vertex -1.625 -2.81458 0
    endloop
  endfacet
  facet normal -0 0 -1
    outer loop
      vertex -0.882704 -1.15036 0
      vertex -1.97847 -2.5784 0
      vertex -1.0253 -1.0253 0
    endloop
  endfacet
  facet normal 0 0 -1
    outer loop
      vertex -2.2981 -2.2981 0
      vertex -1.0253 -1.0253 0
      vertex -1.97847 -2.5784 0
    endloop
  endfacet
  facet normal -0 0 -1
    outer loop
      vertex -1.0253 -1.0253 0
      vertex -2.2981 -2.2981 0
      vertex -1.15036 -0.882704 0
    endloop
  endfacet
  facet normal 0 0 -1
    outer loop
      vertex -2.5784 -1.97847 0
      vertex -1.15036 -0.882704 0
      vertex -2.2981 -2.2981 0
    endloop
  endfacet
  facet normal 0 0 -1
    outer loop
      vertex -2.81458 -1.625 0
      vertex -1.25574 -0.724999 0
      vertex -2.5784 -1.97847 0
    endloop
  endfacet
  facet normal -0 0 -1
    outer loop
      vertex -1.15036 -0.882704 0
      vertex -2.5784 -1.97847 0
      vertex -1.25574 -0.724999 0
    endloop
  endfacet
  facet normal -0 0 -1
    outer loop
      vertex 2.81458 1.625 0
      vertex 1.25574 0.724999 0
      vertex 2.5784 1.97847 0
    endloop
  endfacet
  facet normal 0 0 -1
    outer loop
      vertex 1.15036 0.882704 0
      vertex 2.5784 1.97847 0
      vertex 1.25574 0.724999 0
    endloop
  endfacet
  facet normal -0 0 -1
    outer loop
      vertex 2.5784 1.97847 0
      vertex 1.15036 0.882704 0
      vertex 2.2981 2.2981 0
    endloop
  endfacet
  facet normal 0 0 -1
    outer loop
      vertex 1.0253 1.0253 0
      vertex 2.2981 2.2981 0
      vertex 1.15036 0.882704 0
    endloop
  endfacet
  facet normal -0 0 -1
    outer loop
      vertex 2.2981 2.2981 0
      vertex 1.0253 1.0253 0
      vertex 1.97847 2.5784 0
    endloop
  endfacet
  facet normal 0 0 -1
    outer loop
      vertex 0.882704 1.15036 0
      vertex 1.97847 2.5784 0
      vertex 1.0253 1.0253 0
    endloop
  endfacet
  facet normal -0 0 -1
    outer loop
      vertex 1.97847 2.5784 0
      vertex 0.882704 1.15036 0
      vertex 1.625 2.81458 0
    endloop
  endfacet
  facet normal 0 0 -1
    outer loop
      vertex 0.724999 1.25574 0
      vertex 1.625 2.81458 0
      vertex 0.882704 1.15036 0
    endloop
  endfacet
  facet normal -0 0 -1
    outer loop
      vertex 1.625 2.81458 0
      vertex 0.724999 1.25574 0
      vertex 1.24372 3.00261 0
    endloop
  endfacet
  facet normal 0 0 -1
    outer loop
      vertex 0.554891 1.33962 0
      vertex 1.24372 3.00261 0
      vertex 0.724999 1.25574 0
    endloop
  endfacet
  facet normal -0 0 -1
    outer loop
      vertex 1.24372 3.00261 0
      vertex 0.554891 1.33962 0
      vertex 0.841162 3.13926 0
    endloop
  endfacet
  facet normal 0 0 -1
    outer loop
      vertex 0.375287 1.40059 0
      vertex 0.841162 3.13926 0
      vertex 0.554891 1.33962 0
    endloop
  endfacet
  facet normal -0 0 -1
    outer loop
      vertex 0.841162 3.13926 0
      vertex 0.375287 1.40059 0
      vertex 0.42421 3.2222 0
    endloop
  endfacet
  facet normal 0 0 -1
    outer loop
      vertex 0.189262 1.43759 0
      vertex 0.42421 3.2222 0
      vertex 0.375287 1.40059 0
    endloop
  endfacet
  facet normal 0 0 -1
    outer loop
      vertex 0 1.45 0
      vertex 0.42421 3.2222 0
      vertex 0.189262 1.43759 0
    endloop
  endfacet
  facet normal 0 0 -1
    outer loop
      vertex 0 1.45 0
      vertex 0 3.25 0
      vertex 0.42421 3.2222 0
    endloop
  endfacet
  facet normal 0 0 -1
    outer loop
      vertex -0.189262 1.43759 0
      vertex 0 3.25 0
      vertex 0 1.45 0
    endloop
  endfacet
  facet normal 0 0 -1
    outer loop
      vertex -0.42421 3.2222 0
      vertex -0.189262 1.43759 0
      vertex -0.375287 1.40059 0
    endloop
  endfacet
  facet normal 0 0 -1
    outer loop
      vertex -0.189262 1.43759 0
      vertex -0.42421 3.2222 0
      vertex 0 3.25 0
    endloop
  endfacet
  facet normal 0 0 -1
    outer loop
      vertex -0.841162 3.13926 0
      vertex -0.375287 1.40059 0
      vertex -0.554891 1.33962 0
    endloop
  endfacet
  facet normal 0 0 -1
    outer loop
      vertex -1.24372 3.00261 0
      vertex -0.554891 1.33962 0
      vertex -0.724999 1.25574 0
    endloop
  endfacet
  facet normal 0 0 -1
    outer loop
      vertex -0.375287 1.40059 0
      vertex -0.841162 3.13926 0
      vertex -0.42421 3.2222 0
    endloop
  endfacet
  facet normal 0 0 -1
    outer loop
      vertex -1.625 2.81458 0
      vertex -0.724999 1.25574 0
      vertex -0.882704 1.15036 0
    endloop
  endfacet
  facet normal 0 0 -1
    outer loop
      vertex -1.97847 2.5784 0
      vertex -0.882704 1.15036 0
      vertex -1.0253 1.0253 0
    endloop
  endfacet
  facet normal 0 0 -1
    outer loop
      vertex -2.2981 2.2981 0
      vertex -1.0253 1.0253 0
      vertex -1.15036 0.882704 0
    endloop
  endfacet
  facet normal 0 0 -1
    outer loop
      vertex -0.554891 1.33962 0
      vertex -1.24372 3.00261 0
      vertex -0.841162 3.13926 0
    endloop
  endfacet
  facet normal 0 0 -1
    outer loop
      vertex -2.5784 1.97847 0
      vertex -1.15036 0.882704 0
      vertex -1.25574 0.724999 0
    endloop
  endfacet
  facet normal 0 0 -1
    outer loop
      vertex -2.81458 1.625 0
      vertex -1.25574 0.724999 0
      vertex -1.33962 0.554891 0
    endloop
  endfacet
  facet normal 0 0 -1
    outer loop
      vertex -3.00261 1.24372 0
      vertex -1.33962 0.554891 0
      vertex -1.40059 0.375287 0
    endloop
  endfacet
  facet normal 0 0 -1
    outer loop
      vertex -3.13926 0.841162 0
      vertex -1.40059 0.375287 0
      vertex -1.43759 0.189262 0
    endloop
  endfacet
  facet normal 0 0 -1
    outer loop
      vertex -0.724999 1.25574 0
      vertex -1.625 2.81458 0
      vertex -1.24372 3.00261 0
    endloop
  endfacet
  facet normal 0 0 -1
    outer loop
      vertex -3.2222 0.42421 0
      vertex -1.43759 0.189262 0
      vertex -1.45 0 0
    endloop
  endfacet
  facet normal -0 0 -1
    outer loop
      vertex -1.25574 -0.724999 0
      vertex -2.81458 -1.625 0
      vertex -1.33962 -0.554891 0
    endloop
  endfacet
  facet normal 0 0 -1
    outer loop
      vertex -3.00261 -1.24372 0
      vertex -1.33962 -0.554891 0
      vertex -2.81458 -1.625 0
    endloop
  endfacet
  facet normal 0 0 -1
    outer loop
      vertex -0.882704 1.15036 0
      vertex -1.97847 2.5784 0
      vertex -1.625 2.81458 0
    endloop
  endfacet
  facet normal -0 0 -1
    outer loop
      vertex -1.33962 -0.554891 0
      vertex -3.00261 -1.24372 0
      vertex -1.40059 -0.375287 0
    endloop
  endfacet
  facet normal 0 0 -1
    outer loop
      vertex -1.0253 1.0253 0
      vertex -2.2981 2.2981 0
      vertex -1.97847 2.5784 0
    endloop
  endfacet
  facet normal 0 0 -1
    outer loop
      vertex -3.13926 -0.841162 0
      vertex -1.40059 -0.375287 0
      vertex -3.00261 -1.24372 0
    endloop
  endfacet
  facet normal 0 0 -1
    outer loop
      vertex -1.15036 0.882704 0
      vertex -2.5784 1.97847 0
      vertex -2.2981 2.2981 0
    endloop
  endfacet
  facet normal -0 0 -1
    outer loop
      vertex -1.40059 -0.375287 0
      vertex -3.13926 -0.841162 0
      vertex -1.43759 -0.189262 0
    endloop
  endfacet
  facet normal 0 0 -1
    outer loop
      vertex -1.25574 0.724999 0
      vertex -2.81458 1.625 0
      vertex -2.5784 1.97847 0
    endloop
  endfacet
  facet normal 0 0 -1
    outer loop
      vertex -3.2222 -0.42421 0
      vertex -1.43759 -0.189262 0
      vertex -3.13926 -0.841162 0
    endloop
  endfacet
  facet normal 0 0 -1
    outer loop
      vertex -1.33962 0.554891 0
      vertex -3.00261 1.24372 0
      vertex -2.81458 1.625 0
    endloop
  endfacet
  facet normal -0 0 -1
    outer loop
      vertex -1.43759 -0.189262 0
      vertex -3.2222 -0.42421 0
      vertex -1.45 0 0
    endloop
  endfacet
  facet normal 0 0 -1
    outer loop
      vertex -1.40059 0.375287 0
      vertex -3.13926 0.841162 0
      vertex -3.00261 1.24372 0
    endloop
  endfacet
  facet normal 0 0 -1
    outer loop
      vertex -3.25 0 0
      vertex -1.45 0 0
      vertex -3.2222 -0.42421 0
    endloop
  endfacet
  facet normal 0 0 -1
    outer loop
      vertex -1.43759 0.189262 0
      vertex -3.2222 0.42421 0
      vertex -3.13926 0.841162 0
    endloop
  endfacet
  facet normal 0 0 -1
    outer loop
      vertex -1.45 0 0
      vertex -3.25 0 0
      vertex -3.2222 0.42421 0
    endloop
  endfacet
  facet normal 0.896869 0.442295 0
    outer loop
      vertex 3.00261 1.24372 4
      vertex 2.81458 1.625 0
      vertex 2.81458 1.625 4
    endloop
  endfacet
  facet normal 0.896869 0.442295 0
    outer loop
      vertex 2.81458 1.625 0
      vertex 3.00261 1.24372 4
      vertex 3.00261 1.24372 0
    endloop
  endfacet
  facet normal 0.831471 0.555568 0
    outer loop
      vertex 2.81458 1.625 4
      vertex 2.5784 1.97847 0
      vertex 2.5784 1.97847 4
    endloop
  endfacet
  facet normal 0.831471 0.555568 0
    outer loop
      vertex 2.5784 1.97847 0
      vertex 2.81458 1.625 4
      vertex 2.81458 1.625 0
    endloop
  endfacet
  facet normal 0.442295 0.896869 -0
    outer loop
      vertex 1.625 2.81458 0
      vertex 1.24372 3.00261 4
      vertex 1.625 2.81458 4
    endloop
  endfacet
  facet normal 0.442295 0.896869 0
    outer loop
      vertex 1.24372 3.00261 4
      vertex 1.625 2.81458 0
      vertex 1.24372 3.00261 0
    endloop
  endfacet
  facet normal 0.555568 0.831471 -0
    outer loop
      vertex 1.97847 2.5784 0
      vertex 1.625 2.81458 4
      vertex 1.97847 2.5784 4
    endloop
  endfacet
  facet normal 0.555568 0.831471 0
    outer loop
      vertex 1.625 2.81458 4
      vertex 1.97847 2.5784 0
      vertex 1.625 2.81458 0
    endloop
  endfacet
  facet normal -0.896869 0.442295 0
    outer loop
      vertex -3.00261 1.24372 0
      vertex -2.81458 1.625 4
      vertex -2.81458 1.625 0
    endloop
  endfacet
  facet normal -0.896869 0.442295 0
    outer loop
      vertex -2.81458 1.625 4
      vertex -3.00261 1.24372 0
      vertex -3.00261 1.24372 4
    endloop
  endfacet
  facet normal -0.751849 0.659335 0
    outer loop
      vertex -2.5784 1.97847 0
      vertex -2.2981 2.2981 4
      vertex -2.2981 2.2981 0
    endloop
  endfacet
  facet normal -0.751849 0.659335 0
    outer loop
      vertex -2.2981 2.2981 4
      vertex -2.5784 1.97847 0
      vertex -2.5784 1.97847 4
    endloop
  endfacet
  facet normal 0 0 1
    outer loop
      vertex 1.45 0 4
      vertex 3.25 0 4
      vertex 3.2222 0.42421 4
    endloop
  endfacet
  facet normal 0 0 1
    outer loop
      vertex 1.43759 0.189262 4
      vertex 3.2222 0.42421 4
      vertex 3.13926 0.841162 4
    endloop
  endfacet
  facet normal 0 0 1
    outer loop
      vertex 3.25 0 4
      vertex 1.45 0 4
      vertex 3.2222 -0.42421 4
    endloop
  endfacet
  facet normal 0 0 1
    outer loop
      vertex 1.40059 0.375287 4
      vertex 3.13926 0.841162 4
      vertex 3.00261 1.24372 4
    endloop
  endfacet
  facet normal -0 0 1
    outer loop
      vertex 1.43759 -0.189262 4
      vertex 3.2222 -0.42421 4
      vertex 1.45 0 4
    endloop
  endfacet
  facet normal 0 0 1
    outer loop
      vertex 1.33962 0.554891 4
      vertex 3.00261 1.24372 4
      vertex 2.81458 1.625 4
    endloop
  endfacet
  facet normal 0 0 1
    outer loop
      vertex 3.2222 -0.42421 4
      vertex 1.43759 -0.189262 4
      vertex 3.13926 -0.841162 4
    endloop
  endfacet
  facet normal 0 0 1
    outer loop
      vertex 1.25574 0.724999 4
      vertex 2.81458 1.625 4
      vertex 2.5784 1.97847 4
    endloop
  endfacet
  facet normal -0 0 1
    outer loop
      vertex 1.40059 -0.375287 4
      vertex 3.13926 -0.841162 4
      vertex 1.43759 -0.189262 4
    endloop
  endfacet
  facet normal 0 0 1
    outer loop
      vertex 1.15036 0.882704 4
      vertex 2.5784 1.97847 4
      vertex 2.2981 2.2981 4
    endloop
  endfacet
  facet normal 0 0 1
    outer loop
      vertex 3.13926 -0.841162 4
      vertex 1.40059 -0.375287 4
      vertex 3.00261 -1.24372 4
    endloop
  endfacet
  facet normal 0 0 1
    outer loop
      vertex 1.0253 1.0253 4
      vertex 2.2981 2.2981 4
      vertex 1.97847 2.5784 4
    endloop
  endfacet
  facet normal -0 0 1
    outer loop
      vertex 1.33962 -0.554891 4
      vertex 3.00261 -1.24372 4
      vertex 1.40059 -0.375287 4
    endloop
  endfacet
  facet normal 0 0 1
    outer loop
      vertex 0.882704 1.15036 4
      vertex 1.97847 2.5784 4
      vertex 1.625 2.81458 4
    endloop
  endfacet
  facet normal 0 0 1
    outer loop
      vertex 3.00261 -1.24372 4
      vertex 1.33962 -0.554891 4
      vertex 2.81458 -1.625 4
    endloop
  endfacet
  facet normal -0 0 1
    outer loop
      vertex 1.25574 -0.724999 4
      vertex 2.81458 -1.625 4
      vertex 1.33962 -0.554891 4
    endloop
  endfacet
  facet normal 0 0 1
    outer loop
      vertex 3.2222 0.42421 4
      vertex 1.43759 0.189262 4
      vertex 1.45 0 4
    endloop
  endfacet
  facet normal 0 0 1
    outer loop
      vertex 3.13926 0.841162 4
      vertex 1.40059 0.375287 4
      vertex 1.43759 0.189262 4
    endloop
  endfacet
  facet normal 0 0 1
    outer loop
      vertex 3.00261 1.24372 4
      vertex 1.33962 0.554891 4
      vertex 1.40059 0.375287 4
    endloop
  endfacet
  facet normal 0 0 1
    outer loop
      vertex 2.81458 1.625 4
      vertex 1.25574 0.724999 4
      vertex 1.33962 0.554891 4
    endloop
  endfacet
  facet normal 0 0 1
    outer loop
      vertex 0.724999 1.25574 4
      vertex 1.625 2.81458 4
      vertex 1.24372 3.00261 4
    endloop
  endfacet
  facet normal 0 0 1
    outer loop
      vertex 2.5784 1.97847 4
      vertex 1.15036 0.882704 4
      vertex 1.25574 0.724999 4
    endloop
  endfacet
  facet normal 0 0 1
    outer loop
      vertex 2.2981 2.2981 4
      vertex 1.0253 1.0253 4
      vertex 1.15036 0.882704 4
    endloop
  endfacet
  facet normal 0 0 1
    outer loop
      vertex 1.97847 2.5784 4
      vertex 0.882704 1.15036 4
      vertex 1.0253 1.0253 4
    endloop
  endfacet
  facet normal 0 0 1
    outer loop
      vertex 0.554891 1.33962 4
      vertex 1.24372 3.00261 4
      vertex 0.841162 3.13926 4
    endloop
  endfacet
  facet normal 0 0 1
    outer loop
      vertex 1.625 2.81458 4
      vertex 0.724999 1.25574 4
      vertex 0.882704 1.15036 4
    endloop
  endfacet
  facet normal 0 0 1
    outer loop
      vertex 1.24372 3.00261 4
      vertex 0.554891 1.33962 4
      vertex 0.724999 1.25574 4
    endloop
  endfacet
  facet normal 0 0 1
    outer loop
      vertex 0.375287 1.40059 4
      vertex 0.841162 3.13926 4
      vertex 0.42421 3.2222 4
    endloop
  endfacet
  facet normal 0 0 1
    outer loop
      vertex 0.841162 3.13926 4
      vertex 0.375287 1.40059 4
      vertex 0.554891 1.33962 4
    endloop
  endfacet
  facet normal 0 0 1
    outer loop
      vertex 0.42421 3.2222 4
      vertex 0.189262 1.43759 4
      vertex 0.375287 1.40059 4
    endloop
  endfacet
  facet normal 0 0 1
    outer loop
      vertex 0 3.25 4
      vertex 0.189262 1.43759 4
      vertex 0.42421 3.2222 4
    endloop
  endfacet
  facet normal 0 0 1
    outer loop
      vertex 0 3.25 4
      vertex 0 1.45 4
      vertex 0.189262 1.43759 4
    endloop
  endfacet
  facet normal 0 0 1
    outer loop
      vertex 0 3.25 4
      vertex -0.189262 1.43759 4
      vertex 0 1.45 4
    endloop
  endfacet
  facet normal -0 0 1
    outer loop
      vertex -0.42421 3.2222 4
      vertex -0.189262 1.43759 4
      vertex 0 3.25 4
    endloop
  endfacet
  facet normal 0 0 1
    outer loop
      vertex -0.189262 1.43759 4
      vertex -0.42421 3.2222 4
      vertex -0.375287 1.40059 4
    endloop
  endfacet
  facet normal -0 0 1
    outer loop
      vertex -0.841162 3.13926 4
      vertex -0.375287 1.40059 4
      vertex -0.42421 3.2222 4
    endloop
  endfacet
  facet normal 0 0 1
    outer loop
      vertex -0.375287 1.40059 4
      vertex -0.841162 3.13926 4
      vertex -0.554891 1.33962 4
    endloop
  endfacet
  facet normal -0 0 1
    outer loop
      vertex -1.24372 3.00261 4
      vertex -0.554891 1.33962 4
      vertex -0.841162 3.13926 4
    endloop
  endfacet
  facet normal 0 0 1
    outer loop
      vertex -0.554891 1.33962 4
      vertex -1.24372 3.00261 4
      vertex -0.724999 1.25574 4
    endloop
  endfacet
  facet normal -0 0 1
    outer loop
      vertex -1.625 2.81458 4
      vertex -0.724999 1.25574 4
      vertex -1.24372 3.00261 4
    endloop
  endfacet
  facet normal 0 0 1
    outer loop
      vertex -0.724999 1.25574 4
      vertex -1.625 2.81458 4
      vertex -0.882704 1.15036 4
    endloop
  endfacet
  facet normal -0 0 1
    outer loop
      vertex -1.97847 2.5784 4
      vertex -0.882704 1.15036 4
      vertex -1.625 2.81458 4
    endloop
  endfacet
  facet normal 0 0 1
    outer loop
      vertex -0.882704 1.15036 4
      vertex -1.97847 2.5784 4
      vertex -1.0253 1.0253 4
    endloop
  endfacet
  facet normal -0 0 1
    outer loop
      vertex -2.2981 2.2981 4
      vertex -1.0253 1.0253 4
      vertex -1.97847 2.5784 4
    endloop
  endfacet
  facet normal 0 0 1
    outer loop
      vertex -1.0253 1.0253 4
      vertex -2.2981 2.2981 4
      vertex -1.15036 0.882704 4
    endloop
  endfacet
  facet normal -0 0 1
    outer loop
      vertex -2.5784 1.97847 4
      vertex -1.15036 0.882704 4
      vertex -2.2981 2.2981 4
    endloop
  endfacet
  facet normal -0 0 1
    outer loop
      vertex -2.81458 1.625 4
      vertex -1.25574 0.724999 4
      vertex -2.5784 1.97847 4
    endloop
  endfacet
  facet normal 0 0 1
    outer loop
      vertex -1.15036 0.882704 4
      vertex -2.5784 1.97847 4
      vertex -1.25574 0.724999 4
    endloop
  endfacet
  facet normal 0 0 1
    outer loop
      vertex 2.81458 -1.625 4
      vertex 1.25574 -0.724999 4
      vertex 2.5784 -1.97847 4
    endloop
  endfacet
  facet normal -0 0 1
    outer loop
      vertex 1.15036 -0.882704 4
      vertex 2.5784 -1.97847 4
      vertex 1.25574 -0.724999 4
    endloop
  endfacet
  facet normal 0 0 1
    outer loop
      vertex 2.5784 -1.97847 4
      vertex 1.15036 -0.882704 4
      vertex 2.2981 -2.2981 4
    endloop
  endfacet
  facet normal -0 0 1
    outer loop
      vertex 1.0253 -1.0253 4
      vertex 2.2981 -2.2981 4
      vertex 1.15036 -0.882704 4
    endloop
  endfacet
  facet normal 0 0 1
    outer loop
      vertex 2.2981 -2.2981 4
      vertex 1.0253 -1.0253 4
      vertex 1.97847 -2.5784 4
    endloop
  endfacet
  facet normal -0 0 1
    outer loop
      vertex 0.882704 -1.15036 4
      vertex 1.97847 -2.5784 4
      vertex 1.0253 -1.0253 4
    endloop
  endfacet
  facet normal 0 0 1
    outer loop
      vertex 1.97847 -2.5784 4
      vertex 0.882704 -1.15036 4
      vertex 1.625 -2.81458 4
    endloop
  endfacet
  facet normal -0 0 1
    outer loop
      vertex 0.724999 -1.25574 4
      vertex 1.625 -2.81458 4
      vertex 0.882704 -1.15036 4
    endloop
  endfacet
  facet normal 0 0 1
    outer loop
      vertex 1.625 -2.81458 4
      vertex 0.724999 -1.25574 4
      vertex 1.24372 -3.00261 4
    endloop
  endfacet
  facet normal -0 0 1
    outer loop
      vertex 0.554891 -1.33962 4
      vertex 1.24372 -3.00261 4
      vertex 0.724999 -1.25574 4
    endloop
  endfacet
  facet normal 0 0 1
    outer loop
      vertex 1.24372 -3.00261 4
      vertex 0.554891 -1.33962 4
      vertex 0.841162 -3.13926 4
    endloop
  endfacet
  facet normal -0 0 1
    outer loop
      vertex 0.375287 -1.40059 4
      vertex 0.841162 -3.13926 4
      vertex 0.554891 -1.33962 4
    endloop
  endfacet
  facet normal 0 0 1
    outer loop
      vertex 0.841162 -3.13926 4
      vertex 0.375287 -1.40059 4
      vertex 0.42421 -3.2222 4
    endloop
  endfacet
  facet normal -0 0 1
    outer loop
      vertex 0.189262 -1.43759 4
      vertex 0.42421 -3.2222 4
      vertex 0.375287 -1.40059 4
    endloop
  endfacet
  facet normal -0 0 1
    outer loop
      vertex 0 -1.45 4
      vertex 0.42421 -3.2222 4
      vertex 0.189262 -1.43759 4
    endloop
  endfacet
  facet normal 0 0 1
    outer loop
      vertex 0 -1.45 4
      vertex 0 -3.25 4
      vertex 0.42421 -3.2222 4
    endloop
  endfacet
  facet normal 0 0 1
    outer loop
      vertex -0.189262 -1.43759 4
      vertex 0 -3.25 4
      vertex 0 -1.45 4
    endloop
  endfacet
  facet normal 0 0 1
    outer loop
      vertex -0.42421 -3.2222 4
      vertex -0.189262 -1.43759 4
      vertex -0.375287 -1.40059 4
    endloop
  endfacet
  facet normal 0 0 1
    outer loop
      vertex -0.189262 -1.43759 4
      vertex -0.42421 -3.2222 4
      vertex 0 -3.25 4
    endloop
  endfacet
  facet normal 0 0 1
    outer loop
      vertex -0.841162 -3.13926 4
      vertex -0.375287 -1.40059 4
      vertex -0.554891 -1.33962 4
    endloop
  endfacet
  facet normal 0 0 1
    outer loop
      vertex -1.24372 -3.00261 4
      vertex -0.554891 -1.33962 4
      vertex -0.724999 -1.25574 4
    endloop
  endfacet
  facet normal 0 0 1
    outer loop
      vertex -0.375287 -1.40059 4
      vertex -0.841162 -3.13926 4
      vertex -0.42421 -3.2222 4
    endloop
  endfacet
  facet normal 0 0 1
    outer loop
      vertex -1.625 -2.81458 4
      vertex -0.724999 -1.25574 4
      vertex -0.882704 -1.15036 4
    endloop
  endfacet
  facet normal 0 0 1
    outer loop
      vertex -1.97847 -2.5784 4
      vertex -0.882704 -1.15036 4
      vertex -1.0253 -1.0253 4
    endloop
  endfacet
  facet normal 0 0 1
    outer loop
      vertex -2.2981 -2.2981 4
      vertex -1.0253 -1.0253 4
      vertex -1.15036 -0.882704 4
    endloop
  endfacet
  facet normal 0 0 1
    outer loop
      vertex -0.554891 -1.33962 4
      vertex -1.24372 -3.00261 4
      vertex -0.841162 -3.13926 4
    endloop
  endfacet
  facet normal 0 0 1
    outer loop
      vertex -2.5784 -1.97847 4
      vertex -1.15036 -0.882704 4
      vertex -1.25574 -0.724999 4
    endloop
  endfacet
  facet normal 0 0 1
    outer loop
      vertex -2.81458 -1.625 4
      vertex -1.25574 -0.724999 4
      vertex -1.33962 -0.554891 4
    endloop
  endfacet
  facet normal 0 0 1
    outer loop
      vertex -3.00261 -1.24372 4
      vertex -1.33962 -0.554891 4
      vertex -1.40059 -0.375287 4
    endloop
  endfacet
  facet normal 0 0 1
    outer loop
      vertex -3.13926 -0.841162 4
      vertex -1.40059 -0.375287 4
      vertex -1.43759 -0.189262 4
    endloop
  endfacet
  facet normal 0 0 1
    outer loop
      vertex -0.724999 -1.25574 4
      vertex -1.625 -2.81458 4
      vertex -1.24372 -3.00261 4
    endloop
  endfacet
  facet normal 0 0 1
    outer loop
      vertex -3.2222 -0.42421 4
      vertex -1.43759 -0.189262 4
      vertex -1.45 0 4
    endloop
  endfacet
  facet normal 0 0 1
    outer loop
      vertex -1.25574 0.724999 4
      vertex -2.81458 1.625 4
      vertex -1.33962 0.554891 4
    endloop
  endfacet
  facet normal -0 0 1
    outer loop
      vertex -3.00261 1.24372 4
      vertex -1.33962 0.554891 4
      vertex -2.81458 1.625 4
    endloop
  endfacet
  facet normal 0 0 1
    outer loop
      vertex -0.882704 -1.15036 4
      vertex -1.97847 -2.5784 4
      vertex -1.625 -2.81458 4
    endloop
  endfacet
  facet normal 0 0 1
    outer loop
      vertex -1.33962 0.554891 4
      vertex -3.00261 1.24372 4
      vertex -1.40059 0.375287 4
    endloop
  endfacet
  facet normal 0 0 1
    outer loop
      vertex -1.0253 -1.0253 4
      vertex -2.2981 -2.2981 4
      vertex -1.97847 -2.5784 4
    endloop
  endfacet
  facet normal -0 0 1
    outer loop
      vertex -3.13926 0.841162 4
      vertex -1.40059 0.375287 4
      vertex -3.00261 1.24372 4
    endloop
  endfacet
  facet normal 0 0 1
    outer loop
      vertex -1.15036 -0.882704 4
      vertex -2.5784 -1.97847 4
      vertex -2.2981 -2.2981 4
    endloop
  endfacet
  facet normal 0 0 1
    outer loop
      vertex -1.40059 0.375287 4
      vertex -3.13926 0.841162 4
      vertex -1.43759 0.189262 4
    endloop
  endfacet
  facet normal 0 0 1
    outer loop
      vertex -1.25574 -0.724999 4
      vertex -2.81458 -1.625 4
      vertex -2.5784 -1.97847 4
    endloop
  endfacet
  facet normal -0 0 1
    outer loop
      vertex -3.2222 0.42421 4
      vertex -1.43759 0.189262 4
      vertex -3.13926 0.841162 4
    endloop
  endfacet
  facet normal 0 0 1
    outer loop
      vertex -1.33962 -0.554891 4
      vertex -3.00261 -1.24372 4
      vertex -2.81458 -1.625 4
    endloop
  endfacet
  facet normal 0 0 1
    outer loop
      vertex -1.43759 0.189262 4
      vertex -3.2222 0.42421 4
      vertex -1.45 0 4
    endloop
  endfacet
  facet normal 0 0 1
    outer loop
      vertex -1.40059 -0.375287 4
      vertex -3.13926 -0.841162 4
      vertex -3.00261 -1.24372 4
    endloop
  endfacet
  facet normal 0 0 1
    outer loop
      vertex -3.25 0 4
      vertex -1.45 0 4
      vertex -3.2222 0.42421 4
    endloop
  endfacet
  facet normal 0 0 1
    outer loop
      vertex -1.43759 -0.189262 4
      vertex -3.2222 -0.42421 4
      vertex -3.13926 -0.841162 4
    endloop
  endfacet
  facet normal 0 0 1
    outer loop
      vertex -1.45 0 4
      vertex -3.25 0 4
      vertex -3.2222 -0.42421 4
    endloop
  endfacet
  facet normal -0.0653933 0.99786 0
    outer loop
      vertex 0 3.25 0
      vertex -0.42421 3.2222 4
      vertex 0 3.25 4
    endloop
  endfacet
  facet normal -0.0653933 0.99786 0
    outer loop
      vertex -0.42421 3.2222 4
      vertex 0 3.25 0
      vertex -0.42421 3.2222 0
    endloop
  endfacet
  facet normal 0.94693 -0.321439 0
    outer loop
      vertex 3.00261 -1.24372 4
      vertex 3.13926 -0.841162 0
      vertex 3.13926 -0.841162 4
    endloop
  endfacet
  facet normal 0.94693 -0.321439 0
    outer loop
      vertex 3.13926 -0.841162 0
      vertex 3.00261 -1.24372 4
      vertex 3.00261 -1.24372 0
    endloop
  endfacet
  facet normal 0.0653933 -0.99786 0
    outer loop
      vertex 0 -3.25 0
      vertex 0.42421 -3.2222 4
      vertex 0 -3.25 4
    endloop
  endfacet
  facet normal 0.0653933 -0.99786 0
    outer loop
      vertex 0.42421 -3.2222 4
      vertex 0 -3.25 0
      vertex 0.42421 -3.2222 0
    endloop
  endfacet
  facet normal -0.659335 -0.751849 0
    outer loop
      vertex -2.2981 -2.2981 0
      vertex -1.97847 -2.5784 4
      vertex -2.2981 -2.2981 4
    endloop
  endfacet
  facet normal -0.659335 -0.751849 -0
    outer loop
      vertex -1.97847 -2.5784 4
      vertex -2.2981 -2.2981 0
      vertex -1.97847 -2.5784 0
    endloop
  endfacet
  facet normal -0.99786 -0.0653933 0
    outer loop
      vertex -3.2222 -0.42421 0
      vertex -3.25 0 4
      vertex -3.25 0 0
    endloop
  endfacet
  facet normal -0.99786 -0.0653933 0
    outer loop
      vertex -3.25 0 4
      vertex -3.2222 -0.42421 0
      vertex -3.2222 -0.42421 4
    endloop
  endfacet
  facet normal 0.94693 0.321439 0
    outer loop
      vertex 3.13926 0.841162 4
      vertex 3.00261 1.24372 0
      vertex 3.00261 1.24372 4
    endloop
  endfacet
  facet normal 0.94693 0.321439 0
    outer loop
      vertex 3.00261 1.24372 0
      vertex 3.13926 0.841162 4
      vertex 3.13926 0.841162 0
    endloop
  endfacet
  facet normal 0.980784 0.195097 0
    outer loop
      vertex 3.2222 0.42421 4
      vertex 3.13926 0.841162 0
      vertex 3.13926 0.841162 4
    endloop
  endfacet
  facet normal 0.980784 0.195097 0
    outer loop
      vertex 3.13926 0.841162 0
      vertex 3.2222 0.42421 4
      vertex 3.2222 0.42421 0
    endloop
  endfacet
  facet normal 0.751849 0.659335 0
    outer loop
      vertex 2.5784 1.97847 4
      vertex 2.2981 2.2981 0
      vertex 2.2981 2.2981 4
    endloop
  endfacet
  facet normal 0.751849 0.659335 0
    outer loop
      vertex 2.2981 2.2981 0
      vertex 2.5784 1.97847 4
      vertex 2.5784 1.97847 0
    endloop
  endfacet
  facet normal 0.321439 0.94693 -0
    outer loop
      vertex 1.24372 3.00261 0
      vertex 0.841162 3.13926 4
      vertex 1.24372 3.00261 4
    endloop
  endfacet
  facet normal 0.321439 0.94693 0
    outer loop
      vertex 0.841162 3.13926 4
      vertex 1.24372 3.00261 0
      vertex 0.841162 3.13926 0
    endloop
  endfacet
  facet normal 0.195097 0.980784 -0
    outer loop
      vertex 0.841162 3.13926 0
      vertex 0.42421 3.2222 4
      vertex 0.841162 3.13926 4
    endloop
  endfacet
  facet normal 0.195097 0.980784 0
    outer loop
      vertex 0.42421 3.2222 4
      vertex 0.841162 3.13926 0
      vertex 0.42421 3.2222 0
    endloop
  endfacet
  facet normal -0.831471 0.555568 0
    outer loop
      vertex -2.81458 1.625 0
      vertex -2.5784 1.97847 4
      vertex -2.5784 1.97847 0
    endloop
  endfacet
  facet normal -0.831471 0.555568 0
    outer loop
      vertex -2.5784 1.97847 4
      vertex -2.81458 1.625 0
      vertex -2.81458 1.625 4
    endloop
  endfacet
  facet normal -0.94693 0.321439 0
    outer loop
      vertex -3.13926 0.841162 0
      vertex -3.00261 1.24372 4
      vertex -3.00261 1.24372 0
    endloop
  endfacet
  facet normal -0.94693 0.321439 0
    outer loop
      vertex -3.00261 1.24372 4
      vertex -3.13926 0.841162 0
      vertex -3.13926 0.841162 4
    endloop
  endfacet
  facet normal -0.980784 0.195097 0
    outer loop
      vertex -3.2222 0.42421 0
      vertex -3.13926 0.841162 4
      vertex -3.13926 0.841162 0
    endloop
  endfacet
  facet normal -0.980784 0.195097 0
    outer loop
      vertex -3.13926 0.841162 4
      vertex -3.2222 0.42421 0
      vertex -3.2222 0.42421 4
    endloop
  endfacet
  facet normal -0.442295 0.896869 0
    outer loop
      vertex -1.24372 3.00261 0
      vertex -1.625 2.81458 4
      vertex -1.24372 3.00261 4
    endloop
  endfacet
  facet normal -0.442295 0.896869 0
    outer loop
      vertex -1.625 2.81458 4
      vertex -1.24372 3.00261 0
      vertex -1.625 2.81458 0
    endloop
  endfacet
  facet normal -0.555568 0.831471 0
    outer loop
      vertex -1.625 2.81458 0
      vertex -1.97847 2.5784 4
      vertex -1.625 2.81458 4
    endloop
  endfacet
  facet normal -0.555568 0.831471 0
    outer loop
      vertex -1.97847 2.5784 4
      vertex -1.625 2.81458 0
      vertex -1.97847 2.5784 0
    endloop
  endfacet
  facet normal -0.195097 0.980784 0
    outer loop
      vertex -0.42421 3.2222 0
      vertex -0.841162 3.13926 4
      vertex -0.42421 3.2222 4
    endloop
  endfacet
  facet normal -0.195097 0.980784 0
    outer loop
      vertex -0.841162 3.13926 4
      vertex -0.42421 3.2222 0
      vertex -0.841162 3.13926 0
    endloop
  endfacet
  facet normal 0.195097 -0.980784 0
    outer loop
      vertex 0.42421 -3.2222 0
      vertex 0.841162 -3.13926 4
      vertex 0.42421 -3.2222 4
    endloop
  endfacet
  facet normal 0.195097 -0.980784 0
    outer loop
      vertex 0.841162 -3.13926 4
      vertex 0.42421 -3.2222 0
      vertex 0.841162 -3.13926 0
    endloop
  endfacet
  facet normal 0.659335 -0.751849 0
    outer loop
      vertex 1.97847 -2.5784 0
      vertex 2.2981 -2.2981 4
      vertex 1.97847 -2.5784 4
    endloop
  endfacet
  facet normal 0.659335 -0.751849 0
    outer loop
      vertex 2.2981 -2.2981 4
      vertex 1.97847 -2.5784 0
      vertex 2.2981 -2.2981 0
    endloop
  endfacet
  facet normal 0.442295 -0.896869 0
    outer loop
      vertex 1.24372 -3.00261 0
      vertex 1.625 -2.81458 4
      vertex 1.24372 -3.00261 4
    endloop
  endfacet
  facet normal 0.442295 -0.896869 0
    outer loop
      vertex 1.625 -2.81458 4
      vertex 1.24372 -3.00261 0
      vertex 1.625 -2.81458 0
    endloop
  endfacet
  facet normal 0.831471 -0.555568 0
    outer loop
      vertex 2.5784 -1.97847 4
      vertex 2.81458 -1.625 0
      vertex 2.81458 -1.625 4
    endloop
  endfacet
  facet normal 0.831471 -0.555568 0
    outer loop
      vertex 2.81458 -1.625 0
      vertex 2.5784 -1.97847 4
      vertex 2.5784 -1.97847 0
    endloop
  endfacet
  facet normal -0.555568 -0.831471 0
    outer loop
      vertex -1.97847 -2.5784 0
      vertex -1.625 -2.81458 4
      vertex -1.97847 -2.5784 4
    endloop
  endfacet
  facet normal -0.555568 -0.831471 -0
    outer loop
      vertex -1.625 -2.81458 4
      vertex -1.97847 -2.5784 0
      vertex -1.625 -2.81458 0
    endloop
  endfacet
  facet normal -0.321439 -0.94693 0
    outer loop
      vertex -1.24372 -3.00261 0
      vertex -0.841162 -3.13926 4
      vertex -1.24372 -3.00261 4
    endloop
  endfacet
  facet normal -0.321439 -0.94693 -0
    outer loop
      vertex -0.841162 -3.13926 4
      vertex -1.24372 -3.00261 0
      vertex -0.841162 -3.13926 0
    endloop
  endfacet
  facet normal -0.0653933 -0.99786 0
    outer loop
      vertex -0.42421 -3.2222 0
      vertex 0 -3.25 4
      vertex -0.42421 -3.2222 4
    endloop
  endfacet
  facet normal -0.0653933 -0.99786 -0
    outer loop
      vertex 0 -3.25 4
      vertex -0.42421 -3.2222 0
      vertex 0 -3.25 0
    endloop
  endfacet
  facet normal -0.896869 -0.442295 0
    outer loop
      vertex -2.81458 -1.625 0
      vertex -3.00261 -1.24372 4
      vertex -3.00261 -1.24372 0
    endloop
  endfacet
  facet normal -0.896869 -0.442295 0
    outer loop
      vertex -3.00261 -1.24372 4
      vertex -2.81458 -1.625 0
      vertex -2.81458 -1.625 4
    endloop
  endfacet
  facet normal -0.751849 -0.659335 0
    outer loop
      vertex -2.2981 -2.2981 0
      vertex -2.5784 -1.97847 4
      vertex -2.5784 -1.97847 0
    endloop
  endfacet
  facet normal -0.751849 -0.659335 0
    outer loop
      vertex -2.5784 -1.97847 4
      vertex -2.2981 -2.2981 0
      vertex -2.2981 -2.2981 4
    endloop
  endfacet
  facet normal -0.980784 -0.195097 0
    outer loop
      vertex -3.13926 -0.841162 0
      vertex -3.2222 -0.42421 4
      vertex -3.2222 -0.42421 0
    endloop
  endfacet
  facet normal -0.980784 -0.195097 0
    outer loop
      vertex -3.2222 -0.42421 4
      vertex -3.13926 -0.841162 0
      vertex -3.13926 -0.841162 4
    endloop
  endfacet
  facet normal 0.321439 -0.94693 0
    outer loop
      vertex 0.841162 -3.13926 0
      vertex 1.24372 -3.00261 4
      vertex 0.841162 -3.13926 4
    endloop
  endfacet
  facet normal 0.321439 -0.94693 0
    outer loop
      vertex 1.24372 -3.00261 4
      vertex 0.841162 -3.13926 0
      vertex 1.24372 -3.00261 0
    endloop
  endfacet
  facet normal 0.751849 -0.659335 0
    outer loop
      vertex 2.2981 -2.2981 4
      vertex 2.5784 -1.97847 0
      vertex 2.5784 -1.97847 4
    endloop
  endfacet
  facet normal 0.751849 -0.659335 0
    outer loop
      vertex 2.5784 -1.97847 0
      vertex 2.2981 -2.2981 4
      vertex 2.2981 -2.2981 0
    endloop
  endfacet
  facet normal 0.555568 -0.831471 0
    outer loop
      vertex 1.625 -2.81458 0
      vertex 1.97847 -2.5784 4
      vertex 1.625 -2.81458 4
    endloop
  endfacet
  facet normal 0.555568 -0.831471 0
    outer loop
      vertex 1.97847 -2.5784 4
      vertex 1.625 -2.81458 0
      vertex 1.97847 -2.5784 0
    endloop
  endfacet
  facet normal 0.980784 -0.195097 0
    outer loop
      vertex 3.13926 -0.841162 4
      vertex 3.2222 -0.42421 0
      vertex 3.2222 -0.42421 4
    endloop
  endfacet
  facet normal 0.980784 -0.195097 0
    outer loop
      vertex 3.2222 -0.42421 0
      vertex 3.13926 -0.841162 4
      vertex 3.13926 -0.841162 0
    endloop
  endfacet
  facet normal 0.896869 -0.442295 0
    outer loop
      vertex 2.81458 -1.625 4
      vertex 3.00261 -1.24372 0
      vertex 3.00261 -1.24372 4
    endloop
  endfacet
  facet normal 0.896869 -0.442295 0
    outer loop
      vertex 3.00261 -1.24372 0
      vertex 2.81458 -1.625 4
      vertex 2.81458 -1.625 0
    endloop
  endfacet
  facet normal -0.442295 -0.896869 0
    outer loop
      vertex -1.625 -2.81458 0
      vertex -1.24372 -3.00261 4
      vertex -1.625 -2.81458 4
    endloop
  endfacet
  facet normal -0.442295 -0.896869 -0
    outer loop
      vertex -1.24372 -3.00261 4
      vertex -1.625 -2.81458 0
      vertex -1.24372 -3.00261 0
    endloop
  endfacet
  facet normal -0.195097 -0.980784 0
    outer loop
      vertex -0.841162 -3.13926 0
      vertex -0.42421 -3.2222 4
      vertex -0.841162 -3.13926 4
    endloop
  endfacet
  facet normal -0.195097 -0.980784 -0
    outer loop
      vertex -0.42421 -3.2222 4
      vertex -0.841162 -3.13926 0
      vertex -0.42421 -3.2222 0
    endloop
  endfacet
  facet normal -0.831471 -0.555568 0
    outer loop
      vertex -2.5784 -1.97847 0
      vertex -2.81458 -1.625 4
      vertex -2.81458 -1.625 0
    endloop
  endfacet
  facet normal -0.831471 -0.555568 0
    outer loop
      vertex -2.81458 -1.625 4
      vertex -2.5784 -1.97847 0
      vertex -2.5784 -1.97847 4
    endloop
  endfacet
  facet normal -0.94693 -0.321439 0
    outer loop
      vertex -3.00261 -1.24372 0
      vertex -3.13926 -0.841162 4
      vertex -3.13926 -0.841162 0
    endloop
  endfacet
  facet normal -0.94693 -0.321439 0
    outer loop
      vertex -3.13926 -0.841162 4
      vertex -3.00261 -1.24372 0
      vertex -3.00261 -1.24372 4
    endloop
  endfacet
  facet normal 0.99786 -0.0653933 0
    outer loop
      vertex 3.2222 -0.42421 4
      vertex 3.25 0 0
      vertex 3.25 0 4
    endloop
  endfacet
  facet normal 0.99786 -0.0653933 0
    outer loop
      vertex 3.25 0 0
      vertex 3.2222 -0.42421 4
      vertex 3.2222 -0.42421 0
    endloop
  endfacet
  facet normal -0.997857 -0.06543 0
    outer loop
      vertex 1.45 0 0
      vertex 1.43759 0.189262 4
      vertex 1.43759 0.189262 0
    endloop
  endfacet
  facet normal -0.997857 -0.06543 0
    outer loop
      vertex 1.43759 0.189262 4
      vertex 1.45 0 0
      vertex 1.45 0 4
    endloop
  endfacet
  facet normal 0.997857 -0.06543 0
    outer loop
      vertex -1.45 0 4
      vertex -1.43759 0.189262 0
      vertex -1.43759 0.189262 4
    endloop
  endfacet
  facet normal 0.997857 -0.06543 0
    outer loop
      vertex -1.43759 0.189262 0
      vertex -1.45 0 4
      vertex -1.45 0 0
    endloop
  endfacet
  facet normal -0.06543 -0.997857 0
    outer loop
      vertex 0 1.45 0
      vertex 0.189262 1.43759 4
      vertex 0 1.45 4
    endloop
  endfacet
  facet normal -0.06543 -0.997857 -0
    outer loop
      vertex 0.189262 1.43759 4
      vertex 0 1.45 0
      vertex 0.189262 1.43759 0
    endloop
  endfacet
  facet normal -0.751822 -0.659366 0
    outer loop
      vertex 1.15036 0.882704 0
      vertex 1.0253 1.0253 4
      vertex 1.0253 1.0253 0
    endloop
  endfacet
  facet normal -0.751822 -0.659366 0
    outer loop
      vertex 1.0253 1.0253 4
      vertex 1.15036 0.882704 0
      vertex 1.15036 0.882704 4
    endloop
  endfacet
  facet normal 0.659366 -0.751822 0
    outer loop
      vertex -1.0253 1.0253 0
      vertex -0.882704 1.15036 4
      vertex -1.0253 1.0253 4
    endloop
  endfacet
  facet normal 0.659366 -0.751822 0
    outer loop
      vertex -0.882704 1.15036 4
      vertex -1.0253 1.0253 0
      vertex -0.882704 1.15036 0
    endloop
  endfacet
  facet normal 0.321452 -0.946926 0
    outer loop
      vertex -0.554891 1.33962 0
      vertex -0.375287 1.40059 4
      vertex -0.554891 1.33962 4
    endloop
  endfacet
  facet normal 0.321452 -0.946926 0
    outer loop
      vertex -0.375287 1.40059 4
      vertex -0.554891 1.33962 0
      vertex -0.375287 1.40059 0
    endloop
  endfacet
  facet normal -0.896889 -0.442255 0
    outer loop
      vertex 1.33962 0.554891 0
      vertex 1.25574 0.724999 4
      vertex 1.25574 0.724999 0
    endloop
  endfacet
  facet normal -0.896889 -0.442255 0
    outer loop
      vertex 1.25574 0.724999 4
      vertex 1.33962 0.554891 0
      vertex 1.33962 0.554891 4
    endloop
  endfacet
  facet normal -0.980788 -0.195077 0
    outer loop
      vertex 1.43759 0.189262 0
      vertex 1.40059 0.375287 4
      vertex 1.40059 0.375287 0
    endloop
  endfacet
  facet normal -0.980788 -0.195077 0
    outer loop
      vertex 1.40059 0.375287 4
      vertex 1.43759 0.189262 0
      vertex 1.43759 0.189262 4
    endloop
  endfacet
  facet normal -0.831458 -0.555588 0
    outer loop
      vertex 1.25574 0.724999 0
      vertex 1.15036 0.882704 4
      vertex 1.15036 0.882704 0
    endloop
  endfacet
  facet normal -0.831458 -0.555588 0
    outer loop
      vertex 1.15036 0.882704 4
      vertex 1.25574 0.724999 0
      vertex 1.25574 0.724999 4
    endloop
  endfacet
  facet normal -0.442255 -0.896889 0
    outer loop
      vertex 0.554891 1.33962 0
      vertex 0.724999 1.25574 4
      vertex 0.554891 1.33962 4
    endloop
  endfacet
  facet normal -0.442255 -0.896889 -0
    outer loop
      vertex 0.724999 1.25574 4
      vertex 0.554891 1.33962 0
      vertex 0.724999 1.25574 0
    endloop
  endfacet
  facet normal -0.321452 -0.946926 0
    outer loop
      vertex 0.375287 1.40059 0
      vertex 0.554891 1.33962 4
      vertex 0.375287 1.40059 4
    endloop
  endfacet
  facet normal -0.321452 -0.946926 -0
    outer loop
      vertex 0.554891 1.33962 4
      vertex 0.375287 1.40059 0
      vertex 0.554891 1.33962 0
    endloop
  endfacet
  facet normal -0.555588 -0.831458 0
    outer loop
      vertex 0.724999 1.25574 0
      vertex 0.882704 1.15036 4
      vertex 0.724999 1.25574 4
    endloop
  endfacet
  facet normal -0.555588 -0.831458 -0
    outer loop
      vertex 0.882704 1.15036 4
      vertex 0.724999 1.25574 0
      vertex 0.882704 1.15036 0
    endloop
  endfacet
  facet normal 0.896889 -0.442255 0
    outer loop
      vertex -1.33962 0.554891 4
      vertex -1.25574 0.724999 0
      vertex -1.25574 0.724999 4
    endloop
  endfacet
  facet normal 0.896889 -0.442255 0
    outer loop
      vertex -1.25574 0.724999 0
      vertex -1.33962 0.554891 4
      vertex -1.33962 0.554891 0
    endloop
  endfacet
  facet normal 0.831458 -0.555588 0
    outer loop
      vertex -1.25574 0.724999 4
      vertex -1.15036 0.882704 0
      vertex -1.15036 0.882704 4
    endloop
  endfacet
  facet normal 0.831458 -0.555588 0
    outer loop
      vertex -1.15036 0.882704 0
      vertex -1.25574 0.724999 4
      vertex -1.25574 0.724999 0
    endloop
  endfacet
  facet normal 0.946926 -0.321452 0
    outer loop
      vertex -1.40059 0.375287 4
      vertex -1.33962 0.554891 0
      vertex -1.33962 0.554891 4
    endloop
  endfacet
  facet normal 0.946926 -0.321452 0
    outer loop
      vertex -1.33962 0.554891 0
      vertex -1.40059 0.375287 4
      vertex -1.40059 0.375287 0
    endloop
  endfacet
  facet normal 0.442255 -0.896889 0
    outer loop
      vertex -0.724999 1.25574 0
      vertex -0.554891 1.33962 4
      vertex -0.724999 1.25574 4
    endloop
  endfacet
  facet normal 0.442255 -0.896889 0
    outer loop
      vertex -0.554891 1.33962 4
      vertex -0.724999 1.25574 0
      vertex -0.554891 1.33962 0
    endloop
  endfacet
  facet normal 0.195077 -0.980788 0
    outer loop
      vertex -0.375287 1.40059 0
      vertex -0.189262 1.43759 4
      vertex -0.375287 1.40059 4
    endloop
  endfacet
  facet normal 0.195077 -0.980788 0
    outer loop
      vertex -0.189262 1.43759 4
      vertex -0.375287 1.40059 0
      vertex -0.189262 1.43759 0
    endloop
  endfacet
  facet normal -0.659366 0.751822 0
    outer loop
      vertex 1.0253 -1.0253 0
      vertex 0.882704 -1.15036 4
      vertex 1.0253 -1.0253 4
    endloop
  endfacet
  facet normal -0.659366 0.751822 0
    outer loop
      vertex 0.882704 -1.15036 4
      vertex 1.0253 -1.0253 0
      vertex 0.882704 -1.15036 0
    endloop
  endfacet
  facet normal -0.442255 0.896889 0
    outer loop
      vertex 0.724999 -1.25574 0
      vertex 0.554891 -1.33962 4
      vertex 0.724999 -1.25574 4
    endloop
  endfacet
  facet normal -0.442255 0.896889 0
    outer loop
      vertex 0.554891 -1.33962 4
      vertex 0.724999 -1.25574 0
      vertex 0.554891 -1.33962 0
    endloop
  endfacet
  facet normal 0.321452 0.946926 -0
    outer loop
      vertex -0.375287 -1.40059 0
      vertex -0.554891 -1.33962 4
      vertex -0.375287 -1.40059 4
    endloop
  endfacet
  facet normal 0.321452 0.946926 0
    outer loop
      vertex -0.554891 -1.33962 4
      vertex -0.375287 -1.40059 0
      vertex -0.554891 -1.33962 0
    endloop
  endfacet
  facet normal 0.896889 0.442255 0
    outer loop
      vertex -1.25574 -0.724999 4
      vertex -1.33962 -0.554891 0
      vertex -1.33962 -0.554891 4
    endloop
  endfacet
  facet normal 0.896889 0.442255 0
    outer loop
      vertex -1.33962 -0.554891 0
      vertex -1.25574 -0.724999 4
      vertex -1.25574 -0.724999 0
    endloop
  endfacet
  facet normal 0.831458 0.555588 0
    outer loop
      vertex -1.15036 -0.882704 4
      vertex -1.25574 -0.724999 0
      vertex -1.25574 -0.724999 4
    endloop
  endfacet
  facet normal 0.831458 0.555588 0
    outer loop
      vertex -1.25574 -0.724999 0
      vertex -1.15036 -0.882704 4
      vertex -1.15036 -0.882704 0
    endloop
  endfacet
  facet normal -0.946926 -0.321452 0
    outer loop
      vertex 1.40059 0.375287 0
      vertex 1.33962 0.554891 4
      vertex 1.33962 0.554891 0
    endloop
  endfacet
  facet normal -0.946926 -0.321452 0
    outer loop
      vertex 1.33962 0.554891 4
      vertex 1.40059 0.375287 0
      vertex 1.40059 0.375287 4
    endloop
  endfacet
  facet normal -0.195077 -0.980788 0
    outer loop
      vertex 0.189262 1.43759 0
      vertex 0.375287 1.40059 4
      vertex 0.189262 1.43759 4
    endloop
  endfacet
  facet normal -0.195077 -0.980788 -0
    outer loop
      vertex 0.375287 1.40059 4
      vertex 0.189262 1.43759 0
      vertex 0.375287 1.40059 0
    endloop
  endfacet
  facet normal -0.659366 -0.751822 0
    outer loop
      vertex 0.882704 1.15036 0
      vertex 1.0253 1.0253 4
      vertex 0.882704 1.15036 4
    endloop
  endfacet
  facet normal -0.659366 -0.751822 -0
    outer loop
      vertex 1.0253 1.0253 4
      vertex 0.882704 1.15036 0
      vertex 1.0253 1.0253 0
    endloop
  endfacet
  facet normal 0.751822 -0.659366 0
    outer loop
      vertex -1.15036 0.882704 4
      vertex -1.0253 1.0253 0
      vertex -1.0253 1.0253 4
    endloop
  endfacet
  facet normal 0.751822 -0.659366 0
    outer loop
      vertex -1.0253 1.0253 0
      vertex -1.15036 0.882704 4
      vertex -1.15036 0.882704 0
    endloop
  endfacet
  facet normal 0.980788 -0.195077 0
    outer loop
      vertex -1.43759 0.189262 4
      vertex -1.40059 0.375287 0
      vertex -1.40059 0.375287 4
    endloop
  endfacet
  facet normal 0.980788 -0.195077 0
    outer loop
      vertex -1.40059 0.375287 0
      vertex -1.43759 0.189262 4
      vertex -1.43759 0.189262 0
    endloop
  endfacet
  facet normal 0.555588 -0.831458 0
    outer loop
      vertex -0.882704 1.15036 0
      vertex -0.724999 1.25574 4
      vertex -0.882704 1.15036 4
    endloop
  endfacet
  facet normal 0.555588 -0.831458 0
    outer loop
      vertex -0.724999 1.25574 4
      vertex -0.882704 1.15036 0
      vertex -0.724999 1.25574 0
    endloop
  endfacet
  facet normal 0.06543 -0.997857 0
    outer loop
      vertex -0.189262 1.43759 0
      vertex 0 1.45 4
      vertex -0.189262 1.43759 4
    endloop
  endfacet
  facet normal 0.06543 -0.997857 0
    outer loop
      vertex 0 1.45 4
      vertex -0.189262 1.43759 0
      vertex 0 1.45 0
    endloop
  endfacet
  facet normal -0.997857 0.06543 0
    outer loop
      vertex 1.43759 -0.189262 0
      vertex 1.45 0 4
      vertex 1.45 0 0
    endloop
  endfacet
  facet normal -0.997857 0.06543 0
    outer loop
      vertex 1.45 0 4
      vertex 1.43759 -0.189262 0
      vertex 1.43759 -0.189262 4
    endloop
  endfacet
  facet normal -0.06543 0.997857 0
    outer loop
      vertex 0.189262 -1.43759 0
      vertex 0 -1.45 4
      vertex 0.189262 -1.43759 4
    endloop
  endfacet
  facet normal -0.06543 0.997857 0
    outer loop
      vertex 0 -1.45 4
      vertex 0.189262 -1.43759 0
      vertex 0 -1.45 0
    endloop
  endfacet
  facet normal -0.321452 0.946926 0
    outer loop
      vertex 0.554891 -1.33962 0
      vertex 0.375287 -1.40059 4
      vertex 0.554891 -1.33962 4
    endloop
  endfacet
  facet normal -0.321452 0.946926 0
    outer loop
      vertex 0.375287 -1.40059 4
      vertex 0.554891 -1.33962 0
      vertex 0.375287 -1.40059 0
    endloop
  endfacet
  facet normal -0.555588 0.831458 0
    outer loop
      vertex 0.882704 -1.15036 0
      vertex 0.724999 -1.25574 4
      vertex 0.882704 -1.15036 4
    endloop
  endfacet
  facet normal -0.555588 0.831458 0
    outer loop
      vertex 0.724999 -1.25574 4
      vertex 0.882704 -1.15036 0
      vertex 0.724999 -1.25574 0
    endloop
  endfacet
  facet normal -0.831458 0.555588 0
    outer loop
      vertex 1.15036 -0.882704 0
      vertex 1.25574 -0.724999 4
      vertex 1.25574 -0.724999 0
    endloop
  endfacet
  facet normal -0.831458 0.555588 0
    outer loop
      vertex 1.25574 -0.724999 4
      vertex 1.15036 -0.882704 0
      vertex 1.15036 -0.882704 4
    endloop
  endfacet
  facet normal -0.751822 0.659366 0
    outer loop
      vertex 1.0253 -1.0253 0
      vertex 1.15036 -0.882704 4
      vertex 1.15036 -0.882704 0
    endloop
  endfacet
  facet normal -0.751822 0.659366 0
    outer loop
      vertex 1.15036 -0.882704 4
      vertex 1.0253 -1.0253 0
      vertex 1.0253 -1.0253 4
    endloop
  endfacet
  facet normal 0.555588 0.831458 -0
    outer loop
      vertex -0.724999 -1.25574 0
      vertex -0.882704 -1.15036 4
      vertex -0.724999 -1.25574 4
    endloop
  endfacet
  facet normal 0.555588 0.831458 0
    outer loop
      vertex -0.882704 -1.15036 4
      vertex -0.724999 -1.25574 0
      vertex -0.882704 -1.15036 0
    endloop
  endfacet
  facet normal 0.659366 0.751822 -0
    outer loop
      vertex -0.882704 -1.15036 0
      vertex -1.0253 -1.0253 4
      vertex -0.882704 -1.15036 4
    endloop
  endfacet
  facet normal 0.659366 0.751822 0
    outer loop
      vertex -1.0253 -1.0253 4
      vertex -0.882704 -1.15036 0
      vertex -1.0253 -1.0253 0
    endloop
  endfacet
  facet normal 0.442255 0.896889 -0
    outer loop
      vertex -0.554891 -1.33962 0
      vertex -0.724999 -1.25574 4
      vertex -0.554891 -1.33962 4
    endloop
  endfacet
  facet normal 0.442255 0.896889 0
    outer loop
      vertex -0.724999 -1.25574 4
      vertex -0.554891 -1.33962 0
      vertex -0.724999 -1.25574 0
    endloop
  endfacet
  facet normal 0.195077 0.980788 -0
    outer loop
      vertex -0.189262 -1.43759 0
      vertex -0.375287 -1.40059 4
      vertex -0.189262 -1.43759 4
    endloop
  endfacet
  facet normal 0.195077 0.980788 0
    outer loop
      vertex -0.375287 -1.40059 4
      vertex -0.189262 -1.43759 0
      vertex -0.375287 -1.40059 0
    endloop
  endfacet
  facet normal 0.751822 0.659366 0
    outer loop
      vertex -1.0253 -1.0253 4
      vertex -1.15036 -0.882704 0
      vertex -1.15036 -0.882704 4
    endloop
  endfacet
  facet normal 0.751822 0.659366 0
    outer loop
      vertex -1.15036 -0.882704 0
      vertex -1.0253 -1.0253 4
      vertex -1.0253 -1.0253 0
    endloop
  endfacet
  facet normal 0.946926 0.321452 0
    outer loop
      vertex -1.33962 -0.554891 4
      vertex -1.40059 -0.375287 0
      vertex -1.40059 -0.375287 4
    endloop
  endfacet
  facet normal 0.946926 0.321452 0
    outer loop
      vertex -1.40059 -0.375287 0
      vertex -1.33962 -0.554891 4
      vertex -1.33962 -0.554891 0
    endloop
  endfacet
  facet normal 0.997857 0.06543 0
    outer loop
      vertex -1.43759 -0.189262 4
      vertex -1.45 0 0
      vertex -1.45 0 4
    endloop
  endfacet
  facet normal 0.997857 0.06543 0
    outer loop
      vertex -1.45 0 0
      vertex -1.43759 -0.189262 4
      vertex -1.43759 -0.189262 0
    endloop
  endfacet
  facet normal -0.195077 0.980788 0
    outer loop
      vertex 0.375287 -1.40059 0
      vertex 0.189262 -1.43759 4
      vertex 0.375287 -1.40059 4
    endloop
  endfacet
  facet normal -0.195077 0.980788 0
    outer loop
      vertex 0.189262 -1.43759 4
      vertex 0.375287 -1.40059 0
      vertex 0.189262 -1.43759 0
    endloop
  endfacet
  facet normal -0.896889 0.442255 0
    outer loop
      vertex 1.25574 -0.724999 0
      vertex 1.33962 -0.554891 4
      vertex 1.33962 -0.554891 0
    endloop
  endfacet
  facet normal -0.896889 0.442255 0
    outer loop
      vertex 1.33962 -0.554891 4
      vertex 1.25574 -0.724999 0
      vertex 1.25574 -0.724999 4
    endloop
  endfacet
  facet normal -0.946926 0.321452 0
    outer loop
      vertex 1.33962 -0.554891 0
      vertex 1.40059 -0.375287 4
      vertex 1.40059 -0.375287 0
    endloop
  endfacet
  facet normal -0.946926 0.321452 0
    outer loop
      vertex 1.40059 -0.375287 4
      vertex 1.33962 -0.554891 0
      vertex 1.33962 -0.554891 4
    endloop
  endfacet
  facet normal -0.980788 0.195077 0
    outer loop
      vertex 1.40059 -0.375287 0
      vertex 1.43759 -0.189262 4
      vertex 1.43759 -0.189262 0
    endloop
  endfacet
  facet normal -0.980788 0.195077 0
    outer loop
      vertex 1.43759 -0.189262 4
      vertex 1.40059 -0.375287 0
      vertex 1.40059 -0.375287 4
    endloop
  endfacet
  facet normal 0.06543 0.997857 -0
    outer loop
      vertex 0 -1.45 0
      vertex -0.189262 -1.43759 4
      vertex 0 -1.45 4
    endloop
  endfacet
  facet normal 0.06543 0.997857 0
    outer loop
      vertex -0.189262 -1.43759 4
      vertex 0 -1.45 0
      vertex -0.189262 -1.43759 0
    endloop
  endfacet
  facet normal 0.980788 0.195077 0
    outer loop
      vertex -1.40059 -0.375287 4
      vertex -1.43759 -0.189262 0
      vertex -1.43759 -0.189262 4
    endloop
  endfacet
  facet normal 0.980788 0.195077 0
    outer loop
      vertex -1.43759 -0.189262 0
      vertex -1.40059 -0.375287 4
      vertex -1.40059 -0.375287 0
    endloop
  endfacet
  facet normal 0.99786 0.0653933 0
    outer loop
      vertex 15.25 0 4
      vertex 15.2222 0.42421 0
      vertex 15.2222 0.42421 4
    endloop
  endfacet
  facet normal 0.99786 0.0653933 0
    outer loop
      vertex 15.2222 0.42421 0
      vertex 15.25 0 4
      vertex 15.25 0 0
    endloop
  endfacet
  facet normal -0.99786 0.0653933 0
    outer loop
      vertex 8.75 0 0
      vertex 8.7778 0.42421 4
      vertex 8.7778 0.42421 0
    endloop
  endfacet
  facet normal -0.99786 0.0653933 0
    outer loop
      vertex 8.7778 0.42421 4
      vertex 8.75 0 0
      vertex 8.75 0 4
    endloop
  endfacet
  facet normal 0.0653948 0.997859 -0
    outer loop
      vertex 12.4242 3.2222 0
      vertex 12 3.25 4
      vertex 12.4242 3.2222 4
    endloop
  endfacet
  facet normal 0.0653948 0.997859 0
    outer loop
      vertex 12 3.25 4
      vertex 12.4242 3.2222 0
      vertex 12 3.25 0
    endloop
  endfacet
  facet normal 0.65937 0.751818 -0
    outer loop
      vertex 14.2981 2.2981 0
      vertex 13.9785 2.5784 4
      vertex 14.2981 2.2981 4
    endloop
  endfacet
  facet normal 0.65937 0.751818 0
    outer loop
      vertex 13.9785 2.5784 4
      vertex 14.2981 2.2981 0
      vertex 13.9785 2.5784 0
    endloop
  endfacet
  facet normal -0.65937 0.751818 0
    outer loop
      vertex 10.0215 2.5784 0
      vertex 9.7019 2.2981 4
      vertex 10.0215 2.5784 4
    endloop
  endfacet
  facet normal -0.65937 0.751818 0
    outer loop
      vertex 9.7019 2.2981 4
      vertex 10.0215 2.5784 0
      vertex 9.7019 2.2981 0
    endloop
  endfacet
  facet normal -0.321481 0.946916 0
    outer loop
      vertex 11.1588 3.13926 0
      vertex 10.7563 3.00261 4
      vertex 11.1588 3.13926 4
    endloop
  endfacet
  facet normal -0.321481 0.946916 0
    outer loop
      vertex 10.7563 3.00261 4
      vertex 11.1588 3.13926 0
      vertex 10.7563 3.00261 0
    endloop
  endfacet
  facet normal 0 0 -1
    outer loop
      vertex 13.45 0 0
      vertex 15.25 0 0
      vertex 15.2222 -0.42421 0
    endloop
  endfacet
  facet normal 0 0 -1
    outer loop
      vertex 13.4376 -0.189262 0
      vertex 15.2222 -0.42421 0
      vertex 15.1393 -0.841162 0
    endloop
  endfacet
  facet normal 0 0 -1
    outer loop
      vertex 15.25 0 0
      vertex 13.45 0 0
      vertex 15.2222 0.42421 0
    endloop
  endfacet
  facet normal 0 0 -1
    outer loop
      vertex 13.4006 -0.375287 0
      vertex 15.1393 -0.841162 0
      vertex 15.0026 -1.24372 0
    endloop
  endfacet
  facet normal 0 0 -1
    outer loop
      vertex 13.4376 0.189262 0
      vertex 15.2222 0.42421 0
      vertex 13.45 0 0
    endloop
  endfacet
  facet normal 0 0 -1
    outer loop
      vertex 13.3396 -0.554891 0
      vertex 15.0026 -1.24372 0
      vertex 14.8146 -1.625 0
    endloop
  endfacet
  facet normal -0 0 -1
    outer loop
      vertex 15.2222 0.42421 0
      vertex 13.4376 0.189262 0
      vertex 15.1393 0.841162 0
    endloop
  endfacet
  facet normal 0 0 -1
    outer loop
      vertex 13.2557 -0.724999 0
      vertex 14.8146 -1.625 0
      vertex 14.5784 -1.97847 0
    endloop
  endfacet
  facet normal 0 0 -1
    outer loop
      vertex 13.4006 0.375287 0
      vertex 15.1393 0.841162 0
      vertex 13.4376 0.189262 0
    endloop
  endfacet
  facet normal 0 0 -1
    outer loop
      vertex 13.1504 -0.882704 0
      vertex 14.5784 -1.97847 0
      vertex 14.2981 -2.2981 0
    endloop
  endfacet
  facet normal -0 0 -1
    outer loop
      vertex 15.1393 0.841162 0
      vertex 13.4006 0.375287 0
      vertex 15.0026 1.24372 0
    endloop
  endfacet
  facet normal 0 0 -1
    outer loop
      vertex 13.0253 -1.0253 0
      vertex 14.2981 -2.2981 0
      vertex 13.9785 -2.5784 0
    endloop
  endfacet
  facet normal 0 0 -1
    outer loop
      vertex 13.3396 0.554891 0
      vertex 15.0026 1.24372 0
      vertex 13.4006 0.375287 0
    endloop
  endfacet
  facet normal 0 0 -1
    outer loop
      vertex 12.8827 -1.15036 0
      vertex 13.9785 -2.5784 0
      vertex 13.625 -2.81458 0
    endloop
  endfacet
  facet normal -0 0 -1
    outer loop
      vertex 15.0026 1.24372 0
      vertex 13.3396 0.554891 0
      vertex 14.8146 1.625 0
    endloop
  endfacet
  facet normal 0 0 -1
    outer loop
      vertex 13.2557 0.724999 0
      vertex 14.8146 1.625 0
      vertex 13.3396 0.554891 0
    endloop
  endfacet
  facet normal 0 0 -1
    outer loop
      vertex 15.2222 -0.42421 0
      vertex 13.4376 -0.189262 0
      vertex 13.45 0 0
    endloop
  endfacet
  facet normal 0 0 -1
    outer loop
      vertex 15.1393 -0.841162 0
      vertex 13.4006 -0.375287 0
      vertex 13.4376 -0.189262 0
    endloop
  endfacet
  facet normal 0 0 -1
    outer loop
      vertex 15.0026 -1.24372 0
      vertex 13.3396 -0.554891 0
      vertex 13.4006 -0.375287 0
    endloop
  endfacet
  facet normal 0 0 -1
    outer loop
      vertex 14.8146 -1.625 0
      vertex 13.2557 -0.724999 0
      vertex 13.3396 -0.554891 0
    endloop
  endfacet
  facet normal 0 0 -1
    outer loop
      vertex 12.725 -1.25574 0
      vertex 13.625 -2.81458 0
      vertex 13.2437 -3.00261 0
    endloop
  endfacet
  facet normal 0 0 -1
    outer loop
      vertex 14.5784 -1.97847 0
      vertex 13.1504 -0.882704 0
      vertex 13.2557 -0.724999 0
    endloop
  endfacet
  facet normal 0 0 -1
    outer loop
      vertex 14.2981 -2.2981 0
      vertex 13.0253 -1.0253 0
      vertex 13.1504 -0.882704 0
    endloop
  endfacet
  facet normal 0 0 -1
    outer loop
      vertex 13.9785 -2.5784 0
      vertex 12.8827 -1.15036 0
      vertex 13.0253 -1.0253 0
    endloop
  endfacet
  facet normal 0 0 -1
    outer loop
      vertex 12.5549 -1.33962 0
      vertex 13.2437 -3.00261 0
      vertex 12.8412 -3.13926 0
    endloop
  endfacet
  facet normal 0 0 -1
    outer loop
      vertex 13.625 -2.81458 0
      vertex 12.725 -1.25574 0
      vertex 12.8827 -1.15036 0
    endloop
  endfacet
  facet normal 0 0 -1
    outer loop
      vertex 13.2437 -3.00261 0
      vertex 12.5549 -1.33962 0
      vertex 12.725 -1.25574 0
    endloop
  endfacet
  facet normal 0 0 -1
    outer loop
      vertex 12.3753 -1.40059 0
      vertex 12.8412 -3.13926 0
      vertex 12.4242 -3.2222 0
    endloop
  endfacet
  facet normal 0 0 -1
    outer loop
      vertex 12.8412 -3.13926 0
      vertex 12.3753 -1.40059 0
      vertex 12.5549 -1.33962 0
    endloop
  endfacet
  facet normal 0 0 -1
    outer loop
      vertex 12.4242 -3.2222 0
      vertex 12.1893 -1.43759 0
      vertex 12.3753 -1.40059 0
    endloop
  endfacet
  facet normal 0 0 -1
    outer loop
      vertex 12 -3.25 0
      vertex 12.1893 -1.43759 0
      vertex 12.4242 -3.2222 0
    endloop
  endfacet
  facet normal 0 0 -1
    outer loop
      vertex 12 -3.25 0
      vertex 12 -1.45 0
      vertex 12.1893 -1.43759 0
    endloop
  endfacet
  facet normal 0 0 -1
    outer loop
      vertex 12 -3.25 0
      vertex 11.8107 -1.43759 0
      vertex 12 -1.45 0
    endloop
  endfacet
  facet normal 0 0 -1
    outer loop
      vertex 11.5758 -3.2222 0
      vertex 11.8107 -1.43759 0
      vertex 12 -3.25 0
    endloop
  endfacet
  facet normal -0 0 -1
    outer loop
      vertex 11.8107 -1.43759 0
      vertex 11.5758 -3.2222 0
      vertex 11.6247 -1.40059 0
    endloop
  endfacet
  facet normal 0 0 -1
    outer loop
      vertex 11.1588 -3.13926 0
      vertex 11.6247 -1.40059 0
      vertex 11.5758 -3.2222 0
    endloop
  endfacet
  facet normal -0 0 -1
    outer loop
      vertex 11.6247 -1.40059 0
      vertex 11.1588 -3.13926 0
      vertex 11.4451 -1.33962 0
    endloop
  endfacet
  facet normal 0 0 -1
    outer loop
      vertex 10.7563 -3.00261 0
      vertex 11.4451 -1.33962 0
      vertex 11.1588 -3.13926 0
    endloop
  endfacet
  facet normal -0 0 -1
    outer loop
      vertex 11.4451 -1.33962 0
      vertex 10.7563 -3.00261 0
      vertex 11.275 -1.25574 0
    endloop
  endfacet
  facet normal 0 0 -1
    outer loop
      vertex 10.375 -2.81458 0
      vertex 11.275 -1.25574 0
      vertex 10.7563 -3.00261 0
    endloop
  endfacet
  facet normal -0 0 -1
    outer loop
      vertex 11.275 -1.25574 0
      vertex 10.375 -2.81458 0
      vertex 11.1173 -1.15036 0
    endloop
  endfacet
  facet normal 0 0 -1
    outer loop
      vertex 10.0215 -2.5784 0
      vertex 11.1173 -1.15036 0
      vertex 10.375 -2.81458 0
    endloop
  endfacet
  facet normal -0 0 -1
    outer loop
      vertex 11.1173 -1.15036 0
      vertex 10.0215 -2.5784 0
      vertex 10.9747 -1.0253 0
    endloop
  endfacet
  facet normal 0 0 -1
    outer loop
      vertex 9.7019 -2.2981 0
      vertex 10.9747 -1.0253 0
      vertex 10.0215 -2.5784 0
    endloop
  endfacet
  facet normal -0 0 -1
    outer loop
      vertex 10.9747 -1.0253 0
      vertex 9.7019 -2.2981 0
      vertex 10.8496 -0.882704 0
    endloop
  endfacet
  facet normal 0 0 -1
    outer loop
      vertex 9.4216 -1.97847 0
      vertex 10.8496 -0.882704 0
      vertex 9.7019 -2.2981 0
    endloop
  endfacet
  facet normal 0 0 -1
    outer loop
      vertex 9.18542 -1.625 0
      vertex 10.7443 -0.724999 0
      vertex 9.4216 -1.97847 0
    endloop
  endfacet
  facet normal -0 0 -1
    outer loop
      vertex 10.8496 -0.882704 0
      vertex 9.4216 -1.97847 0
      vertex 10.7443 -0.724999 0
    endloop
  endfacet
  facet normal -0 0 -1
    outer loop
      vertex 14.8146 1.625 0
      vertex 13.2557 0.724999 0
      vertex 14.5784 1.97847 0
    endloop
  endfacet
  facet normal 0 0 -1
    outer loop
      vertex 13.1504 0.882704 0
      vertex 14.5784 1.97847 0
      vertex 13.2557 0.724999 0
    endloop
  endfacet
  facet normal -0 0 -1
    outer loop
      vertex 14.5784 1.97847 0
      vertex 13.1504 0.882704 0
      vertex 14.2981 2.2981 0
    endloop
  endfacet
  facet normal 0 0 -1
    outer loop
      vertex 13.0253 1.0253 0
      vertex 14.2981 2.2981 0
      vertex 13.1504 0.882704 0
    endloop
  endfacet
  facet normal -0 0 -1
    outer loop
      vertex 14.2981 2.2981 0
      vertex 13.0253 1.0253 0
      vertex 13.9785 2.5784 0
    endloop
  endfacet
  facet normal 0 0 -1
    outer loop
      vertex 12.8827 1.15036 0
      vertex 13.9785 2.5784 0
      vertex 13.0253 1.0253 0
    endloop
  endfacet
  facet normal -0 0 -1
    outer loop
      vertex 13.9785 2.5784 0
      vertex 12.8827 1.15036 0
      vertex 13.625 2.81458 0
    endloop
  endfacet
  facet normal 0 0 -1
    outer loop
      vertex 12.725 1.25574 0
      vertex 13.625 2.81458 0
      vertex 12.8827 1.15036 0
    endloop
  endfacet
  facet normal -0 0 -1
    outer loop
      vertex 13.625 2.81458 0
      vertex 12.725 1.25574 0
      vertex 13.2437 3.00261 0
    endloop
  endfacet
  facet normal 0 0 -1
    outer loop
      vertex 12.5549 1.33962 0
      vertex 13.2437 3.00261 0
      vertex 12.725 1.25574 0
    endloop
  endfacet
  facet normal -0 0 -1
    outer loop
      vertex 13.2437 3.00261 0
      vertex 12.5549 1.33962 0
      vertex 12.8412 3.13926 0
    endloop
  endfacet
  facet normal 0 0 -1
    outer loop
      vertex 12.3753 1.40059 0
      vertex 12.8412 3.13926 0
      vertex 12.5549 1.33962 0
    endloop
  endfacet
  facet normal -0 0 -1
    outer loop
      vertex 12.8412 3.13926 0
      vertex 12.3753 1.40059 0
      vertex 12.4242 3.2222 0
    endloop
  endfacet
  facet normal 0 0 -1
    outer loop
      vertex 12.1893 1.43759 0
      vertex 12.4242 3.2222 0
      vertex 12.3753 1.40059 0
    endloop
  endfacet
  facet normal 0 0 -1
    outer loop
      vertex 12 1.45 0
      vertex 12.4242 3.2222 0
      vertex 12.1893 1.43759 0
    endloop
  endfacet
  facet normal 0 0 -1
    outer loop
      vertex 12 1.45 0
      vertex 12 3.25 0
      vertex 12.4242 3.2222 0
    endloop
  endfacet
  facet normal 0 0 -1
    outer loop
      vertex 11.8107 1.43759 0
      vertex 12 3.25 0
      vertex 12 1.45 0
    endloop
  endfacet
  facet normal 0 0 -1
    outer loop
      vertex 11.5758 3.2222 0
      vertex 11.8107 1.43759 0
      vertex 11.6247 1.40059 0
    endloop
  endfacet
  facet normal 0 0 -1
    outer loop
      vertex 11.8107 1.43759 0
      vertex 11.5758 3.2222 0
      vertex 12 3.25 0
    endloop
  endfacet
  facet normal 0 0 -1
    outer loop
      vertex 11.1588 3.13926 0
      vertex 11.6247 1.40059 0
      vertex 11.4451 1.33962 0
    endloop
  endfacet
  facet normal 0 0 -1
    outer loop
      vertex 10.7563 3.00261 0
      vertex 11.4451 1.33962 0
      vertex 11.275 1.25574 0
    endloop
  endfacet
  facet normal 0 0 -1
    outer loop
      vertex 11.6247 1.40059 0
      vertex 11.1588 3.13926 0
      vertex 11.5758 3.2222 0
    endloop
  endfacet
  facet normal 0 0 -1
    outer loop
      vertex 10.375 2.81458 0
      vertex 11.275 1.25574 0
      vertex 11.1173 1.15036 0
    endloop
  endfacet
  facet normal 0 0 -1
    outer loop
      vertex 10.0215 2.5784 0
      vertex 11.1173 1.15036 0
      vertex 10.9747 1.0253 0
    endloop
  endfacet
  facet normal 0 0 -1
    outer loop
      vertex 9.7019 2.2981 0
      vertex 10.9747 1.0253 0
      vertex 10.8496 0.882704 0
    endloop
  endfacet
  facet normal 0 0 -1
    outer loop
      vertex 11.4451 1.33962 0
      vertex 10.7563 3.00261 0
      vertex 11.1588 3.13926 0
    endloop
  endfacet
  facet normal 0 0 -1
    outer loop
      vertex 9.4216 1.97847 0
      vertex 10.8496 0.882704 0
      vertex 10.7443 0.724999 0
    endloop
  endfacet
  facet normal 0 0 -1
    outer loop
      vertex 9.18542 1.625 0
      vertex 10.7443 0.724999 0
      vertex 10.6604 0.554891 0
    endloop
  endfacet
  facet normal 0 0 -1
    outer loop
      vertex 8.99739 1.24372 0
      vertex 10.6604 0.554891 0
      vertex 10.5994 0.375287 0
    endloop
  endfacet
  facet normal 0 0 -1
    outer loop
      vertex 8.86074 0.841162 0
      vertex 10.5994 0.375287 0
      vertex 10.5624 0.189262 0
    endloop
  endfacet
  facet normal 0 0 -1
    outer loop
      vertex 11.275 1.25574 0
      vertex 10.375 2.81458 0
      vertex 10.7563 3.00261 0
    endloop
  endfacet
  facet normal 0 0 -1
    outer loop
      vertex 8.7778 0.42421 0
      vertex 10.5624 0.189262 0
      vertex 10.55 0 0
    endloop
  endfacet
  facet normal -0 0 -1
    outer loop
      vertex 10.7443 -0.724999 0
      vertex 9.18542 -1.625 0
      vertex 10.6604 -0.554891 0
    endloop
  endfacet
  facet normal 0 0 -1
    outer loop
      vertex 8.99739 -1.24372 0
      vertex 10.6604 -0.554891 0
      vertex 9.18542 -1.625 0
    endloop
  endfacet
  facet normal 0 0 -1
    outer loop
      vertex 11.1173 1.15036 0
      vertex 10.0215 2.5784 0
      vertex 10.375 2.81458 0
    endloop
  endfacet
  facet normal -0 0 -1
    outer loop
      vertex 10.6604 -0.554891 0
      vertex 8.99739 -1.24372 0
      vertex 10.5994 -0.375287 0
    endloop
  endfacet
  facet normal 0 0 -1
    outer loop
      vertex 10.9747 1.0253 0
      vertex 9.7019 2.2981 0
      vertex 10.0215 2.5784 0
    endloop
  endfacet
  facet normal 0 0 -1
    outer loop
      vertex 8.86074 -0.841162 0
      vertex 10.5994 -0.375287 0
      vertex 8.99739 -1.24372 0
    endloop
  endfacet
  facet normal 0 0 -1
    outer loop
      vertex 10.8496 0.882704 0
      vertex 9.4216 1.97847 0
      vertex 9.7019 2.2981 0
    endloop
  endfacet
  facet normal -0 0 -1
    outer loop
      vertex 10.5994 -0.375287 0
      vertex 8.86074 -0.841162 0
      vertex 10.5624 -0.189262 0
    endloop
  endfacet
  facet normal 0 0 -1
    outer loop
      vertex 10.7443 0.724999 0
      vertex 9.18542 1.625 0
      vertex 9.4216 1.97847 0
    endloop
  endfacet
  facet normal 0 0 -1
    outer loop
      vertex 8.7778 -0.42421 0
      vertex 10.5624 -0.189262 0
      vertex 8.86074 -0.841162 0
    endloop
  endfacet
  facet normal 0 0 -1
    outer loop
      vertex 10.6604 0.554891 0
      vertex 8.99739 1.24372 0
      vertex 9.18542 1.625 0
    endloop
  endfacet
  facet normal -0 0 -1
    outer loop
      vertex 10.5624 -0.189262 0
      vertex 8.7778 -0.42421 0
      vertex 10.55 0 0
    endloop
  endfacet
  facet normal 0 0 -1
    outer loop
      vertex 10.5994 0.375287 0
      vertex 8.86074 0.841162 0
      vertex 8.99739 1.24372 0
    endloop
  endfacet
  facet normal 0 0 -1
    outer loop
      vertex 8.75 0 0
      vertex 10.55 0 0
      vertex 8.7778 -0.42421 0
    endloop
  endfacet
  facet normal 0 0 -1
    outer loop
      vertex 10.5624 0.189262 0
      vertex 8.7778 0.42421 0
      vertex 8.86074 0.841162 0
    endloop
  endfacet
  facet normal 0 0 -1
    outer loop
      vertex 10.55 0 0
      vertex 8.75 0 0
      vertex 8.7778 0.42421 0
    endloop
  endfacet
  facet normal 0.896897 0.442239 0
    outer loop
      vertex 15.0026 1.24372 4
      vertex 14.8146 1.625 0
      vertex 14.8146 1.625 4
    endloop
  endfacet
  facet normal 0.896897 0.442239 0
    outer loop
      vertex 14.8146 1.625 0
      vertex 15.0026 1.24372 4
      vertex 15.0026 1.24372 0
    endloop
  endfacet
  facet normal 0.831449 0.555601 0
    outer loop
      vertex 14.8146 1.625 4
      vertex 14.5784 1.97847 0
      vertex 14.5784 1.97847 4
    endloop
  endfacet
  facet normal 0.831449 0.555601 0
    outer loop
      vertex 14.5784 1.97847 0
      vertex 14.8146 1.625 4
      vertex 14.8146 1.625 0
    endloop
  endfacet
  facet normal 0.442277 0.896879 -0
    outer loop
      vertex 13.625 2.81458 0
      vertex 13.2437 3.00261 4
      vertex 13.625 2.81458 4
    endloop
  endfacet
  facet normal 0.442277 0.896879 0
    outer loop
      vertex 13.2437 3.00261 4
      vertex 13.625 2.81458 0
      vertex 13.2437 3.00261 0
    endloop
  endfacet
  facet normal 0.555536 0.831493 -0
    outer loop
      vertex 13.9785 2.5784 0
      vertex 13.625 2.81458 4
      vertex 13.9785 2.5784 4
    endloop
  endfacet
  facet normal 0.555536 0.831493 0
    outer loop
      vertex 13.625 2.81458 4
      vertex 13.9785 2.5784 0
      vertex 13.625 2.81458 0
    endloop
  endfacet
  facet normal -0.896869 0.442295 0
    outer loop
      vertex 8.99739 1.24372 0
      vertex 9.18542 1.625 4
      vertex 9.18542 1.625 0
    endloop
  endfacet
  facet normal -0.896869 0.442295 0
    outer loop
      vertex 9.18542 1.625 4
      vertex 8.99739 1.24372 0
      vertex 8.99739 1.24372 4
    endloop
  endfacet
  facet normal -0.751849 0.659335 0
    outer loop
      vertex 9.4216 1.97847 0
      vertex 9.7019 2.2981 4
      vertex 9.7019 2.2981 0
    endloop
  endfacet
  facet normal -0.751849 0.659335 0
    outer loop
      vertex 9.7019 2.2981 4
      vertex 9.4216 1.97847 0
      vertex 9.4216 1.97847 4
    endloop
  endfacet
  facet normal 0 0 1
    outer loop
      vertex 13.45 0 4
      vertex 15.25 0 4
      vertex 15.2222 0.42421 4
    endloop
  endfacet
  facet normal 0 0 1
    outer loop
      vertex 13.4376 0.189262 4
      vertex 15.2222 0.42421 4
      vertex 15.1393 0.841162 4
    endloop
  endfacet
  facet normal 0 0 1
    outer loop
      vertex 15.25 0 4
      vertex 13.45 0 4
      vertex 15.2222 -0.42421 4
    endloop
  endfacet
  facet normal 0 0 1
    outer loop
      vertex 13.4006 0.375287 4
      vertex 15.1393 0.841162 4
      vertex 15.0026 1.24372 4
    endloop
  endfacet
  facet normal -0 0 1
    outer loop
      vertex 13.4376 -0.189262 4
      vertex 15.2222 -0.42421 4
      vertex 13.45 0 4
    endloop
  endfacet
  facet normal 0 0 1
    outer loop
      vertex 13.3396 0.554891 4
      vertex 15.0026 1.24372 4
      vertex 14.8146 1.625 4
    endloop
  endfacet
  facet normal 0 0 1
    outer loop
      vertex 15.2222 -0.42421 4
      vertex 13.4376 -0.189262 4
      vertex 15.1393 -0.841162 4
    endloop
  endfacet
  facet normal 0 0 1
    outer loop
      vertex 13.2557 0.724999 4
      vertex 14.8146 1.625 4
      vertex 14.5784 1.97847 4
    endloop
  endfacet
  facet normal -0 0 1
    outer loop
      vertex 13.4006 -0.375287 4
      vertex 15.1393 -0.841162 4
      vertex 13.4376 -0.189262 4
    endloop
  endfacet
  facet normal 0 0 1
    outer loop
      vertex 13.1504 0.882704 4
      vertex 14.5784 1.97847 4
      vertex 14.2981 2.2981 4
    endloop
  endfacet
  facet normal 0 0 1
    outer loop
      vertex 15.1393 -0.841162 4
      vertex 13.4006 -0.375287 4
      vertex 15.0026 -1.24372 4
    endloop
  endfacet
  facet normal 0 0 1
    outer loop
      vertex 13.0253 1.0253 4
      vertex 14.2981 2.2981 4
      vertex 13.9785 2.5784 4
    endloop
  endfacet
  facet normal -0 0 1
    outer loop
      vertex 13.3396 -0.554891 4
      vertex 15.0026 -1.24372 4
      vertex 13.4006 -0.375287 4
    endloop
  endfacet
  facet normal 0 0 1
    outer loop
      vertex 12.8827 1.15036 4
      vertex 13.9785 2.5784 4
      vertex 13.625 2.81458 4
    endloop
  endfacet
  facet normal 0 0 1
    outer loop
      vertex 15.0026 -1.24372 4
      vertex 13.3396 -0.554891 4
      vertex 14.8146 -1.625 4
    endloop
  endfacet
  facet normal -0 0 1
    outer loop
      vertex 13.2557 -0.724999 4
      vertex 14.8146 -1.625 4
      vertex 13.3396 -0.554891 4
    endloop
  endfacet
  facet normal 0 0 1
    outer loop
      vertex 15.2222 0.42421 4
      vertex 13.4376 0.189262 4
      vertex 13.45 0 4
    endloop
  endfacet
  facet normal 0 0 1
    outer loop
      vertex 15.1393 0.841162 4
      vertex 13.4006 0.375287 4
      vertex 13.4376 0.189262 4
    endloop
  endfacet
  facet normal 0 0 1
    outer loop
      vertex 15.0026 1.24372 4
      vertex 13.3396 0.554891 4
      vertex 13.4006 0.375287 4
    endloop
  endfacet
  facet normal 0 0 1
    outer loop
      vertex 14.8146 1.625 4
      vertex 13.2557 0.724999 4
      vertex 13.3396 0.554891 4
    endloop
  endfacet
  facet normal 0 0 1
    outer loop
      vertex 12.725 1.25574 4
      vertex 13.625 2.81458 4
      vertex 13.2437 3.00261 4
    endloop
  endfacet
  facet normal 0 0 1
    outer loop
      vertex 14.5784 1.97847 4
      vertex 13.1504 0.882704 4
      vertex 13.2557 0.724999 4
    endloop
  endfacet
  facet normal 0 0 1
    outer loop
      vertex 14.2981 2.2981 4
      vertex 13.0253 1.0253 4
      vertex 13.1504 0.882704 4
    endloop
  endfacet
  facet normal 0 0 1
    outer loop
      vertex 13.9785 2.5784 4
      vertex 12.8827 1.15036 4
      vertex 13.0253 1.0253 4
    endloop
  endfacet
  facet normal 0 0 1
    outer loop
      vertex 12.5549 1.33962 4
      vertex 13.2437 3.00261 4
      vertex 12.8412 3.13926 4
    endloop
  endfacet
  facet normal 0 0 1
    outer loop
      vertex 13.625 2.81458 4
      vertex 12.725 1.25574 4
      vertex 12.8827 1.15036 4
    endloop
  endfacet
  facet normal 0 0 1
    outer loop
      vertex 13.2437 3.00261 4
      vertex 12.5549 1.33962 4
      vertex 12.725 1.25574 4
    endloop
  endfacet
  facet normal 0 0 1
    outer loop
      vertex 12.3753 1.40059 4
      vertex 12.8412 3.13926 4
      vertex 12.4242 3.2222 4
    endloop
  endfacet
  facet normal 0 0 1
    outer loop
      vertex 12.8412 3.13926 4
      vertex 12.3753 1.40059 4
      vertex 12.5549 1.33962 4
    endloop
  endfacet
  facet normal 0 0 1
    outer loop
      vertex 12.4242 3.2222 4
      vertex 12.1893 1.43759 4
      vertex 12.3753 1.40059 4
    endloop
  endfacet
  facet normal 0 0 1
    outer loop
      vertex 12 3.25 4
      vertex 12.1893 1.43759 4
      vertex 12.4242 3.2222 4
    endloop
  endfacet
  facet normal 0 0 1
    outer loop
      vertex 12 3.25 4
      vertex 12 1.45 4
      vertex 12.1893 1.43759 4
    endloop
  endfacet
  facet normal 0 0 1
    outer loop
      vertex 12 3.25 4
      vertex 11.8107 1.43759 4
      vertex 12 1.45 4
    endloop
  endfacet
  facet normal -0 0 1
    outer loop
      vertex 11.5758 3.2222 4
      vertex 11.8107 1.43759 4
      vertex 12 3.25 4
    endloop
  endfacet
  facet normal 0 0 1
    outer loop
      vertex 11.8107 1.43759 4
      vertex 11.5758 3.2222 4
      vertex 11.6247 1.40059 4
    endloop
  endfacet
  facet normal -0 0 1
    outer loop
      vertex 11.1588 3.13926 4
      vertex 11.6247 1.40059 4
      vertex 11.5758 3.2222 4
    endloop
  endfacet
  facet normal 0 0 1
    outer loop
      vertex 11.6247 1.40059 4
      vertex 11.1588 3.13926 4
      vertex 11.4451 1.33962 4
    endloop
  endfacet
  facet normal -0 0 1
    outer loop
      vertex 10.7563 3.00261 4
      vertex 11.4451 1.33962 4
      vertex 11.1588 3.13926 4
    endloop
  endfacet
  facet normal 0 0 1
    outer loop
      vertex 11.4451 1.33962 4
      vertex 10.7563 3.00261 4
      vertex 11.275 1.25574 4
    endloop
  endfacet
  facet normal -0 0 1
    outer loop
      vertex 10.375 2.81458 4
      vertex 11.275 1.25574 4
      vertex 10.7563 3.00261 4
    endloop
  endfacet
  facet normal 0 0 1
    outer loop
      vertex 11.275 1.25574 4
      vertex 10.375 2.81458 4
      vertex 11.1173 1.15036 4
    endloop
  endfacet
  facet normal -0 0 1
    outer loop
      vertex 10.0215 2.5784 4
      vertex 11.1173 1.15036 4
      vertex 10.375 2.81458 4
    endloop
  endfacet
  facet normal 0 0 1
    outer loop
      vertex 11.1173 1.15036 4
      vertex 10.0215 2.5784 4
      vertex 10.9747 1.0253 4
    endloop
  endfacet
  facet normal -0 0 1
    outer loop
      vertex 9.7019 2.2981 4
      vertex 10.9747 1.0253 4
      vertex 10.0215 2.5784 4
    endloop
  endfacet
  facet normal 0 0 1
    outer loop
      vertex 10.9747 1.0253 4
      vertex 9.7019 2.2981 4
      vertex 10.8496 0.882704 4
    endloop
  endfacet
  facet normal -0 0 1
    outer loop
      vertex 9.4216 1.97847 4
      vertex 10.8496 0.882704 4
      vertex 9.7019 2.2981 4
    endloop
  endfacet
  facet normal -0 0 1
    outer loop
      vertex 9.18542 1.625 4
      vertex 10.7443 0.724999 4
      vertex 9.4216 1.97847 4
    endloop
  endfacet
  facet normal 0 0 1
    outer loop
      vertex 10.8496 0.882704 4
      vertex 9.4216 1.97847 4
      vertex 10.7443 0.724999 4
    endloop
  endfacet
  facet normal 0 0 1
    outer loop
      vertex 14.8146 -1.625 4
      vertex 13.2557 -0.724999 4
      vertex 14.5784 -1.97847 4
    endloop
  endfacet
  facet normal -0 0 1
    outer loop
      vertex 13.1504 -0.882704 4
      vertex 14.5784 -1.97847 4
      vertex 13.2557 -0.724999 4
    endloop
  endfacet
  facet normal 0 0 1
    outer loop
      vertex 14.5784 -1.97847 4
      vertex 13.1504 -0.882704 4
      vertex 14.2981 -2.2981 4
    endloop
  endfacet
  facet normal -0 0 1
    outer loop
      vertex 13.0253 -1.0253 4
      vertex 14.2981 -2.2981 4
      vertex 13.1504 -0.882704 4
    endloop
  endfacet
  facet normal 0 0 1
    outer loop
      vertex 14.2981 -2.2981 4
      vertex 13.0253 -1.0253 4
      vertex 13.9785 -2.5784 4
    endloop
  endfacet
  facet normal -0 0 1
    outer loop
      vertex 12.8827 -1.15036 4
      vertex 13.9785 -2.5784 4
      vertex 13.0253 -1.0253 4
    endloop
  endfacet
  facet normal 0 0 1
    outer loop
      vertex 13.9785 -2.5784 4
      vertex 12.8827 -1.15036 4
      vertex 13.625 -2.81458 4
    endloop
  endfacet
  facet normal -0 0 1
    outer loop
      vertex 12.725 -1.25574 4
      vertex 13.625 -2.81458 4
      vertex 12.8827 -1.15036 4
    endloop
  endfacet
  facet normal 0 0 1
    outer loop
      vertex 13.625 -2.81458 4
      vertex 12.725 -1.25574 4
      vertex 13.2437 -3.00261 4
    endloop
  endfacet
  facet normal -0 0 1
    outer loop
      vertex 12.5549 -1.33962 4
      vertex 13.2437 -3.00261 4
      vertex 12.725 -1.25574 4
    endloop
  endfacet
  facet normal 0 0 1
    outer loop
      vertex 13.2437 -3.00261 4
      vertex 12.5549 -1.33962 4
      vertex 12.8412 -3.13926 4
    endloop
  endfacet
  facet normal -0 0 1
    outer loop
      vertex 12.3753 -1.40059 4
      vertex 12.8412 -3.13926 4
      vertex 12.5549 -1.33962 4
    endloop
  endfacet
  facet normal 0 0 1
    outer loop
      vertex 12.8412 -3.13926 4
      vertex 12.3753 -1.40059 4
      vertex 12.4242 -3.2222 4
    endloop
  endfacet
  facet normal -0 0 1
    outer loop
      vertex 12.1893 -1.43759 4
      vertex 12.4242 -3.2222 4
      vertex 12.3753 -1.40059 4
    endloop
  endfacet
  facet normal -0 0 1
    outer loop
      vertex 12 -1.45 4
      vertex 12.4242 -3.2222 4
      vertex 12.1893 -1.43759 4
    endloop
  endfacet
  facet normal 0 0 1
    outer loop
      vertex 12 -1.45 4
      vertex 12 -3.25 4
      vertex 12.4242 -3.2222 4
    endloop
  endfacet
  facet normal 0 0 1
    outer loop
      vertex 11.8107 -1.43759 4
      vertex 12 -3.25 4
      vertex 12 -1.45 4
    endloop
  endfacet
  facet normal 0 0 1
    outer loop
      vertex 11.5758 -3.2222 4
      vertex 11.8107 -1.43759 4
      vertex 11.6247 -1.40059 4
    endloop
  endfacet
  facet normal 0 0 1
    outer loop
      vertex 11.8107 -1.43759 4
      vertex 11.5758 -3.2222 4
      vertex 12 -3.25 4
    endloop
  endfacet
  facet normal 0 0 1
    outer loop
      vertex 11.1588 -3.13926 4
      vertex 11.6247 -1.40059 4
      vertex 11.4451 -1.33962 4
    endloop
  endfacet
  facet normal 0 0 1
    outer loop
      vertex 10.7563 -3.00261 4
      vertex 11.4451 -1.33962 4
      vertex 11.275 -1.25574 4
    endloop
  endfacet
  facet normal 0 0 1
    outer loop
      vertex 11.6247 -1.40059 4
      vertex 11.1588 -3.13926 4
      vertex 11.5758 -3.2222 4
    endloop
  endfacet
  facet normal 0 0 1
    outer loop
      vertex 10.375 -2.81458 4
      vertex 11.275 -1.25574 4
      vertex 11.1173 -1.15036 4
    endloop
  endfacet
  facet normal 0 0 1
    outer loop
      vertex 10.0215 -2.5784 4
      vertex 11.1173 -1.15036 4
      vertex 10.9747 -1.0253 4
    endloop
  endfacet
  facet normal 0 0 1
    outer loop
      vertex 9.7019 -2.2981 4
      vertex 10.9747 -1.0253 4
      vertex 10.8496 -0.882704 4
    endloop
  endfacet
  facet normal 0 0 1
    outer loop
      vertex 11.4451 -1.33962 4
      vertex 10.7563 -3.00261 4
      vertex 11.1588 -3.13926 4
    endloop
  endfacet
  facet normal 0 0 1
    outer loop
      vertex 9.4216 -1.97847 4
      vertex 10.8496 -0.882704 4
      vertex 10.7443 -0.724999 4
    endloop
  endfacet
  facet normal 0 0 1
    outer loop
      vertex 9.18542 -1.625 4
      vertex 10.7443 -0.724999 4
      vertex 10.6604 -0.554891 4
    endloop
  endfacet
  facet normal 0 0 1
    outer loop
      vertex 8.99739 -1.24372 4
      vertex 10.6604 -0.554891 4
      vertex 10.5994 -0.375287 4
    endloop
  endfacet
  facet normal 0 0 1
    outer loop
      vertex 8.86074 -0.841162 4
      vertex 10.5994 -0.375287 4
      vertex 10.5624 -0.189262 4
    endloop
  endfacet
  facet normal 0 0 1
    outer loop
      vertex 11.275 -1.25574 4
      vertex 10.375 -2.81458 4
      vertex 10.7563 -3.00261 4
    endloop
  endfacet
  facet normal 0 0 1
    outer loop
      vertex 8.7778 -0.42421 4
      vertex 10.5624 -0.189262 4
      vertex 10.55 0 4
    endloop
  endfacet
  facet normal 0 0 1
    outer loop
      vertex 10.7443 0.724999 4
      vertex 9.18542 1.625 4
      vertex 10.6604 0.554891 4
    endloop
  endfacet
  facet normal -0 0 1
    outer loop
      vertex 8.99739 1.24372 4
      vertex 10.6604 0.554891 4
      vertex 9.18542 1.625 4
    endloop
  endfacet
  facet normal 0 0 1
    outer loop
      vertex 11.1173 -1.15036 4
      vertex 10.0215 -2.5784 4
      vertex 10.375 -2.81458 4
    endloop
  endfacet
  facet normal 0 0 1
    outer loop
      vertex 10.6604 0.554891 4
      vertex 8.99739 1.24372 4
      vertex 10.5994 0.375287 4
    endloop
  endfacet
  facet normal 0 0 1
    outer loop
      vertex 10.9747 -1.0253 4
      vertex 9.7019 -2.2981 4
      vertex 10.0215 -2.5784 4
    endloop
  endfacet
  facet normal -0 0 1
    outer loop
      vertex 8.86074 0.841162 4
      vertex 10.5994 0.375287 4
      vertex 8.99739 1.24372 4
    endloop
  endfacet
  facet normal 0 0 1
    outer loop
      vertex 10.8496 -0.882704 4
      vertex 9.4216 -1.97847 4
      vertex 9.7019 -2.2981 4
    endloop
  endfacet
  facet normal 0 0 1
    outer loop
      vertex 10.5994 0.375287 4
      vertex 8.86074 0.841162 4
      vertex 10.5624 0.189262 4
    endloop
  endfacet
  facet normal 0 0 1
    outer loop
      vertex 10.7443 -0.724999 4
      vertex 9.18542 -1.625 4
      vertex 9.4216 -1.97847 4
    endloop
  endfacet
  facet normal -0 0 1
    outer loop
      vertex 8.7778 0.42421 4
      vertex 10.5624 0.189262 4
      vertex 8.86074 0.841162 4
    endloop
  endfacet
  facet normal 0 0 1
    outer loop
      vertex 10.6604 -0.554891 4
      vertex 8.99739 -1.24372 4
      vertex 9.18542 -1.625 4
    endloop
  endfacet
  facet normal 0 0 1
    outer loop
      vertex 10.5624 0.189262 4
      vertex 8.7778 0.42421 4
      vertex 10.55 0 4
    endloop
  endfacet
  facet normal 0 0 1
    outer loop
      vertex 10.5994 -0.375287 4
      vertex 8.86074 -0.841162 4
      vertex 8.99739 -1.24372 4
    endloop
  endfacet
  facet normal 0 0 1
    outer loop
      vertex 8.75 0 4
      vertex 10.55 0 4
      vertex 8.7778 0.42421 4
    endloop
  endfacet
  facet normal 0 0 1
    outer loop
      vertex 10.5624 -0.189262 4
      vertex 8.7778 -0.42421 4
      vertex 8.86074 -0.841162 4
    endloop
  endfacet
  facet normal 0 0 1
    outer loop
      vertex 10.55 0 4
      vertex 8.75 0 4
      vertex 8.7778 -0.42421 4
    endloop
  endfacet
  facet normal -0.0653948 0.997859 0
    outer loop
      vertex 12 3.25 0
      vertex 11.5758 3.2222 4
      vertex 12 3.25 4
    endloop
  endfacet
  facet normal -0.0653948 0.997859 0
    outer loop
      vertex 11.5758 3.2222 4
      vertex 12 3.25 0
      vertex 11.5758 3.2222 0
    endloop
  endfacet
  facet normal 0.946894 -0.321545 0
    outer loop
      vertex 15.0026 -1.24372 4
      vertex 15.1393 -0.841162 0
      vertex 15.1393 -0.841162 4
    endloop
  endfacet
  facet normal 0.946894 -0.321545 0
    outer loop
      vertex 15.1393 -0.841162 0
      vertex 15.0026 -1.24372 4
      vertex 15.0026 -1.24372 0
    endloop
  endfacet
  facet normal 0.0653948 -0.997859 0
    outer loop
      vertex 12 -3.25 0
      vertex 12.4242 -3.2222 4
      vertex 12 -3.25 4
    endloop
  endfacet
  facet normal 0.0653948 -0.997859 0
    outer loop
      vertex 12.4242 -3.2222 4
      vertex 12 -3.25 0
      vertex 12.4242 -3.2222 0
    endloop
  endfacet
  facet normal -0.65937 -0.751818 0
    outer loop
      vertex 9.7019 -2.2981 0
      vertex 10.0215 -2.5784 4
      vertex 9.7019 -2.2981 4
    endloop
  endfacet
  facet normal -0.65937 -0.751818 -0
    outer loop
      vertex 10.0215 -2.5784 4
      vertex 9.7019 -2.2981 0
      vertex 10.0215 -2.5784 0
    endloop
  endfacet
  facet normal -0.99786 -0.0653933 0
    outer loop
      vertex 8.7778 -0.42421 0
      vertex 8.75 0 4
      vertex 8.75 0 0
    endloop
  endfacet
  facet normal -0.99786 -0.0653933 0
    outer loop
      vertex 8.75 0 4
      vertex 8.7778 -0.42421 0
      vertex 8.7778 -0.42421 4
    endloop
  endfacet
  facet normal 0.946894 0.321545 0
    outer loop
      vertex 15.1393 0.841162 4
      vertex 15.0026 1.24372 0
      vertex 15.0026 1.24372 4
    endloop
  endfacet
  facet normal 0.946894 0.321545 0
    outer loop
      vertex 15.0026 1.24372 0
      vertex 15.1393 0.841162 4
      vertex 15.1393 0.841162 0
    endloop
  endfacet
  facet normal 0.980802 0.195007 0
    outer loop
      vertex 15.2222 0.42421 4
      vertex 15.1393 0.841162 0
      vertex 15.1393 0.841162 4
    endloop
  endfacet
  facet normal 0.980802 0.195007 0
    outer loop
      vertex 15.1393 0.841162 0
      vertex 15.2222 0.42421 4
      vertex 15.2222 0.42421 0
    endloop
  endfacet
  facet normal 0.751849 0.659335 0
    outer loop
      vertex 14.5784 1.97847 4
      vertex 14.2981 2.2981 0
      vertex 14.2981 2.2981 4
    endloop
  endfacet
  facet normal 0.751849 0.659335 0
    outer loop
      vertex 14.2981 2.2981 0
      vertex 14.5784 1.97847 4
      vertex 14.5784 1.97847 0
    endloop
  endfacet
  facet normal 0.321481 0.946916 -0
    outer loop
      vertex 13.2437 3.00261 0
      vertex 12.8412 3.13926 4
      vertex 13.2437 3.00261 4
    endloop
  endfacet
  facet normal 0.321481 0.946916 0
    outer loop
      vertex 12.8412 3.13926 4
      vertex 13.2437 3.00261 0
      vertex 12.8412 3.13926 0
    endloop
  endfacet
  facet normal 0.195076 0.980788 -0
    outer loop
      vertex 12.8412 3.13926 0
      vertex 12.4242 3.2222 4
      vertex 12.8412 3.13926 4
    endloop
  endfacet
  facet normal 0.195076 0.980788 0
    outer loop
      vertex 12.4242 3.2222 4
      vertex 12.8412 3.13926 0
      vertex 12.4242 3.2222 0
    endloop
  endfacet
  facet normal -0.831471 0.555568 0
    outer loop
      vertex 9.18542 1.625 0
      vertex 9.4216 1.97847 4
      vertex 9.4216 1.97847 0
    endloop
  endfacet
  facet normal -0.831471 0.555568 0
    outer loop
      vertex 9.4216 1.97847 4
      vertex 9.18542 1.625 0
      vertex 9.18542 1.625 4
    endloop
  endfacet
  facet normal -0.94693 0.321439 0
    outer loop
      vertex 8.86074 0.841162 0
      vertex 8.99739 1.24372 4
      vertex 8.99739 1.24372 0
    endloop
  endfacet
  facet normal -0.94693 0.321439 0
    outer loop
      vertex 8.99739 1.24372 4
      vertex 8.86074 0.841162 0
      vertex 8.86074 0.841162 4
    endloop
  endfacet
  facet normal -0.980784 0.195097 0
    outer loop
      vertex 8.7778 0.42421 0
      vertex 8.86074 0.841162 4
      vertex 8.86074 0.841162 0
    endloop
  endfacet
  facet normal -0.980784 0.195097 0
    outer loop
      vertex 8.86074 0.841162 4
      vertex 8.7778 0.42421 0
      vertex 8.7778 0.42421 4
    endloop
  endfacet
  facet normal -0.442277 0.896879 0
    outer loop
      vertex 10.7563 3.00261 0
      vertex 10.375 2.81458 4
      vertex 10.7563 3.00261 4
    endloop
  endfacet
  facet normal -0.442277 0.896879 0
    outer loop
      vertex 10.375 2.81458 4
      vertex 10.7563 3.00261 0
      vertex 10.375 2.81458 0
    endloop
  endfacet
  facet normal -0.555536 0.831493 0
    outer loop
      vertex 10.375 2.81458 0
      vertex 10.0215 2.5784 4
      vertex 10.375 2.81458 4
    endloop
  endfacet
  facet normal -0.555536 0.831493 0
    outer loop
      vertex 10.0215 2.5784 4
      vertex 10.375 2.81458 0
      vertex 10.0215 2.5784 0
    endloop
  endfacet
  facet normal -0.195076 0.980788 0
    outer loop
      vertex 11.5758 3.2222 0
      vertex 11.1588 3.13926 4
      vertex 11.5758 3.2222 4
    endloop
  endfacet
  facet normal -0.195076 0.980788 0
    outer loop
      vertex 11.1588 3.13926 4
      vertex 11.5758 3.2222 0
      vertex 11.1588 3.13926 0
    endloop
  endfacet
  facet normal 0.195076 -0.980788 0
    outer loop
      vertex 12.4242 -3.2222 0
      vertex 12.8412 -3.13926 4
      vertex 12.4242 -3.2222 4
    endloop
  endfacet
  facet normal 0.195076 -0.980788 0
    outer loop
      vertex 12.8412 -3.13926 4
      vertex 12.4242 -3.2222 0
      vertex 12.8412 -3.13926 0
    endloop
  endfacet
  facet normal 0.65937 -0.751818 0
    outer loop
      vertex 13.9785 -2.5784 0
      vertex 14.2981 -2.2981 4
      vertex 13.9785 -2.5784 4
    endloop
  endfacet
  facet normal 0.65937 -0.751818 0
    outer loop
      vertex 14.2981 -2.2981 4
      vertex 13.9785 -2.5784 0
      vertex 14.2981 -2.2981 0
    endloop
  endfacet
  facet normal 0.442277 -0.896879 0
    outer loop
      vertex 13.2437 -3.00261 0
      vertex 13.625 -2.81458 4
      vertex 13.2437 -3.00261 4
    endloop
  endfacet
  facet normal 0.442277 -0.896879 0
    outer loop
      vertex 13.625 -2.81458 4
      vertex 13.2437 -3.00261 0
      vertex 13.625 -2.81458 0
    endloop
  endfacet
  facet normal 0.831449 -0.555601 0
    outer loop
      vertex 14.5784 -1.97847 4
      vertex 14.8146 -1.625 0
      vertex 14.8146 -1.625 4
    endloop
  endfacet
  facet normal 0.831449 -0.555601 0
    outer loop
      vertex 14.8146 -1.625 0
      vertex 14.5784 -1.97847 4
      vertex 14.5784 -1.97847 0
    endloop
  endfacet
  facet normal -0.555536 -0.831493 0
    outer loop
      vertex 10.0215 -2.5784 0
      vertex 10.375 -2.81458 4
      vertex 10.0215 -2.5784 4
    endloop
  endfacet
  facet normal -0.555536 -0.831493 -0
    outer loop
      vertex 10.375 -2.81458 4
      vertex 10.0215 -2.5784 0
      vertex 10.375 -2.81458 0
    endloop
  endfacet
  facet normal -0.321481 -0.946916 0
    outer loop
      vertex 10.7563 -3.00261 0
      vertex 11.1588 -3.13926 4
      vertex 10.7563 -3.00261 4
    endloop
  endfacet
  facet normal -0.321481 -0.946916 -0
    outer loop
      vertex 11.1588 -3.13926 4
      vertex 10.7563 -3.00261 0
      vertex 11.1588 -3.13926 0
    endloop
  endfacet
  facet normal -0.0653948 -0.997859 0
    outer loop
      vertex 11.5758 -3.2222 0
      vertex 12 -3.25 4
      vertex 11.5758 -3.2222 4
    endloop
  endfacet
  facet normal -0.0653948 -0.997859 -0
    outer loop
      vertex 12 -3.25 4
      vertex 11.5758 -3.2222 0
      vertex 12 -3.25 0
    endloop
  endfacet
  facet normal -0.896869 -0.442295 0
    outer loop
      vertex 9.18542 -1.625 0
      vertex 8.99739 -1.24372 4
      vertex 8.99739 -1.24372 0
    endloop
  endfacet
  facet normal -0.896869 -0.442295 0
    outer loop
      vertex 8.99739 -1.24372 4
      vertex 9.18542 -1.625 0
      vertex 9.18542 -1.625 4
    endloop
  endfacet
  facet normal -0.751849 -0.659335 0
    outer loop
      vertex 9.7019 -2.2981 0
      vertex 9.4216 -1.97847 4
      vertex 9.4216 -1.97847 0
    endloop
  endfacet
  facet normal -0.751849 -0.659335 0
    outer loop
      vertex 9.4216 -1.97847 4
      vertex 9.7019 -2.2981 0
      vertex 9.7019 -2.2981 4
    endloop
  endfacet
  facet normal -0.980784 -0.195097 0
    outer loop
      vertex 8.86074 -0.841162 0
      vertex 8.7778 -0.42421 4
      vertex 8.7778 -0.42421 0
    endloop
  endfacet
  facet normal -0.980784 -0.195097 0
    outer loop
      vertex 8.7778 -0.42421 4
      vertex 8.86074 -0.841162 0
      vertex 8.86074 -0.841162 4
    endloop
  endfacet
  facet normal 0.321481 -0.946916 0
    outer loop
      vertex 12.8412 -3.13926 0
      vertex 13.2437 -3.00261 4
      vertex 12.8412 -3.13926 4
    endloop
  endfacet
  facet normal 0.321481 -0.946916 0
    outer loop
      vertex 13.2437 -3.00261 4
      vertex 12.8412 -3.13926 0
      vertex 13.2437 -3.00261 0
    endloop
  endfacet
  facet normal 0.751849 -0.659335 0
    outer loop
      vertex 14.2981 -2.2981 4
      vertex 14.5784 -1.97847 0
      vertex 14.5784 -1.97847 4
    endloop
  endfacet
  facet normal 0.751849 -0.659335 0
    outer loop
      vertex 14.5784 -1.97847 0
      vertex 14.2981 -2.2981 4
      vertex 14.2981 -2.2981 0
    endloop
  endfacet
  facet normal 0.555536 -0.831493 0
    outer loop
      vertex 13.625 -2.81458 0
      vertex 13.9785 -2.5784 4
      vertex 13.625 -2.81458 4
    endloop
  endfacet
  facet normal 0.555536 -0.831493 0
    outer loop
      vertex 13.9785 -2.5784 4
      vertex 13.625 -2.81458 0
      vertex 13.9785 -2.5784 0
    endloop
  endfacet
  facet normal 0.980802 -0.195007 0
    outer loop
      vertex 15.1393 -0.841162 4
      vertex 15.2222 -0.42421 0
      vertex 15.2222 -0.42421 4
    endloop
  endfacet
  facet normal 0.980802 -0.195007 0
    outer loop
      vertex 15.2222 -0.42421 0
      vertex 15.1393 -0.841162 4
      vertex 15.1393 -0.841162 0
    endloop
  endfacet
  facet normal 0.896897 -0.442239 0
    outer loop
      vertex 14.8146 -1.625 4
      vertex 15.0026 -1.24372 0
      vertex 15.0026 -1.24372 4
    endloop
  endfacet
  facet normal 0.896897 -0.442239 0
    outer loop
      vertex 15.0026 -1.24372 0
      vertex 14.8146 -1.625 4
      vertex 14.8146 -1.625 0
    endloop
  endfacet
  facet normal -0.442277 -0.896879 0
    outer loop
      vertex 10.375 -2.81458 0
      vertex 10.7563 -3.00261 4
      vertex 10.375 -2.81458 4
    endloop
  endfacet
  facet normal -0.442277 -0.896879 -0
    outer loop
      vertex 10.7563 -3.00261 4
      vertex 10.375 -2.81458 0
      vertex 10.7563 -3.00261 0
    endloop
  endfacet
  facet normal -0.195076 -0.980788 0
    outer loop
      vertex 11.1588 -3.13926 0
      vertex 11.5758 -3.2222 4
      vertex 11.1588 -3.13926 4
    endloop
  endfacet
  facet normal -0.195076 -0.980788 -0
    outer loop
      vertex 11.5758 -3.2222 4
      vertex 11.1588 -3.13926 0
      vertex 11.5758 -3.2222 0
    endloop
  endfacet
  facet normal -0.831471 -0.555568 0
    outer loop
      vertex 9.4216 -1.97847 0
      vertex 9.18542 -1.625 4
      vertex 9.18542 -1.625 0
    endloop
  endfacet
  facet normal -0.831471 -0.555568 0
    outer loop
      vertex 9.18542 -1.625 4
      vertex 9.4216 -1.97847 0
      vertex 9.4216 -1.97847 4
    endloop
  endfacet
  facet normal -0.94693 -0.321439 0
    outer loop
      vertex 8.99739 -1.24372 0
      vertex 8.86074 -0.841162 4
      vertex 8.86074 -0.841162 0
    endloop
  endfacet
  facet normal -0.94693 -0.321439 0
    outer loop
      vertex 8.86074 -0.841162 4
      vertex 8.99739 -1.24372 0
      vertex 8.99739 -1.24372 4
    endloop
  endfacet
  facet normal 0.99786 -0.0653933 0
    outer loop
      vertex 15.2222 -0.42421 4
      vertex 15.25 0 0
      vertex 15.25 0 4
    endloop
  endfacet
  facet normal 0.99786 -0.0653933 0
    outer loop
      vertex 15.25 0 0
      vertex 15.2222 -0.42421 4
      vertex 15.2222 -0.42421 0
    endloop
  endfacet
  facet normal -0.997861 -0.0653775 0
    outer loop
      vertex 13.45 0 0
      vertex 13.4376 0.189262 4
      vertex 13.4376 0.189262 0
    endloop
  endfacet
  facet normal -0.997861 -0.0653775 0
    outer loop
      vertex 13.4376 0.189262 4
      vertex 13.45 0 0
      vertex 13.45 0 4
    endloop
  endfacet
  facet normal 0.997861 -0.0653775 0
    outer loop
      vertex 10.55 0 4
      vertex 10.5624 0.189262 0
      vertex 10.5624 0.189262 4
    endloop
  endfacet
  facet normal 0.997861 -0.0653775 0
    outer loop
      vertex 10.5624 0.189262 0
      vertex 10.55 0 4
      vertex 10.55 0 0
    endloop
  endfacet
  facet normal -0.0654169 -0.997858 0
    outer loop
      vertex 12 1.45 0
      vertex 12.1893 1.43759 4
      vertex 12 1.45 4
    endloop
  endfacet
  facet normal -0.0654169 -0.997858 -0
    outer loop
      vertex 12.1893 1.43759 4
      vertex 12 1.45 0
      vertex 12.1893 1.43759 0
    endloop
  endfacet
  facet normal -0.751718 -0.659485 0
    outer loop
      vertex 13.1504 0.882704 0
      vertex 13.0253 1.0253 4
      vertex 13.0253 1.0253 0
    endloop
  endfacet
  facet normal -0.751718 -0.659485 0
    outer loop
      vertex 13.0253 1.0253 4
      vertex 13.1504 0.882704 0
      vertex 13.1504 0.882704 4
    endloop
  endfacet
  facet normal 0.659355 -0.751832 0
    outer loop
      vertex 10.9747 1.0253 0
      vertex 11.1173 1.15036 4
      vertex 10.9747 1.0253 4
    endloop
  endfacet
  facet normal 0.659355 -0.751832 0
    outer loop
      vertex 11.1173 1.15036 4
      vertex 10.9747 1.0253 0
      vertex 11.1173 1.15036 0
    endloop
  endfacet
  facet normal 0.321458 -0.946924 0
    outer loop
      vertex 11.4451 1.33962 0
      vertex 11.6247 1.40059 4
      vertex 11.4451 1.33962 4
    endloop
  endfacet
  facet normal 0.321458 -0.946924 0
    outer loop
      vertex 11.6247 1.40059 4
      vertex 11.4451 1.33962 0
      vertex 11.6247 1.40059 0
    endloop
  endfacet
  facet normal -0.896848 -0.44234 0
    outer loop
      vertex 13.3396 0.554891 0
      vertex 13.2557 0.724999 4
      vertex 13.2557 0.724999 0
    endloop
  endfacet
  facet normal -0.896848 -0.44234 0
    outer loop
      vertex 13.2557 0.724999 4
      vertex 13.3396 0.554891 0
      vertex 13.3396 0.554891 4
    endloop
  endfacet
  facet normal -0.980788 -0.195077 0
    outer loop
      vertex 13.4376 0.189262 0
      vertex 13.4006 0.375287 4
      vertex 13.4006 0.375287 0
    endloop
  endfacet
  facet normal -0.980788 -0.195077 0
    outer loop
      vertex 13.4006 0.375287 4
      vertex 13.4376 0.189262 0
      vertex 13.4376 0.189262 4
    endloop
  endfacet
  facet normal -0.831653 -0.555296 0
    outer loop
      vertex 13.2557 0.724999 0
      vertex 13.1504 0.882704 4
      vertex 13.1504 0.882704 0
    endloop
  endfacet
  facet normal -0.831653 -0.555296 0
    outer loop
      vertex 13.1504 0.882704 4
      vertex 13.2557 0.724999 0
      vertex 13.2557 0.724999 4
    endloop
  endfacet
  facet normal -0.442272 -0.896881 0
    outer loop
      vertex 12.5549 1.33962 0
      vertex 12.725 1.25574 4
      vertex 12.5549 1.33962 4
    endloop
  endfacet
  facet normal -0.442272 -0.896881 -0
    outer loop
      vertex 12.725 1.25574 4
      vertex 12.5549 1.33962 0
      vertex 12.725 1.25574 0
    endloop
  endfacet
  facet normal -0.321458 -0.946924 0
    outer loop
      vertex 12.3753 1.40059 0
      vertex 12.5549 1.33962 4
      vertex 12.3753 1.40059 4
    endloop
  endfacet
  facet normal -0.321458 -0.946924 -0
    outer loop
      vertex 12.5549 1.33962 4
      vertex 12.3753 1.40059 0
      vertex 12.5549 1.33962 0
    endloop
  endfacet
  facet normal -0.5556 -0.83145 0
    outer loop
      vertex 12.725 1.25574 0
      vertex 12.8827 1.15036 4
      vertex 12.725 1.25574 4
    endloop
  endfacet
  facet normal -0.5556 -0.83145 -0
    outer loop
      vertex 12.8827 1.15036 4
      vertex 12.725 1.25574 0
      vertex 12.8827 1.15036 0
    endloop
  endfacet
  facet normal 0.896848 -0.44234 0
    outer loop
      vertex 10.6604 0.554891 4
      vertex 10.7443 0.724999 0
      vertex 10.7443 0.724999 4
    endloop
  endfacet
  facet normal 0.896848 -0.44234 0
    outer loop
      vertex 10.7443 0.724999 0
      vertex 10.6604 0.554891 4
      vertex 10.6604 0.554891 0
    endloop
  endfacet
  facet normal 0.831653 -0.555296 0
    outer loop
      vertex 10.7443 0.724999 4
      vertex 10.8496 0.882704 0
      vertex 10.8496 0.882704 4
    endloop
  endfacet
  facet normal 0.831653 -0.555296 0
    outer loop
      vertex 10.8496 0.882704 0
      vertex 10.7443 0.724999 4
      vertex 10.7443 0.724999 0
    endloop
  endfacet
  facet normal 0.946878 -0.321594 0
    outer loop
      vertex 10.5994 0.375287 4
      vertex 10.6604 0.554891 0
      vertex 10.6604 0.554891 4
    endloop
  endfacet
  facet normal 0.946878 -0.321594 0
    outer loop
      vertex 10.6604 0.554891 0
      vertex 10.5994 0.375287 4
      vertex 10.5994 0.375287 0
    endloop
  endfacet
  facet normal 0.442272 -0.896881 0
    outer loop
      vertex 11.275 1.25574 0
      vertex 11.4451 1.33962 4
      vertex 11.275 1.25574 4
    endloop
  endfacet
  facet normal 0.442272 -0.896881 0
    outer loop
      vertex 11.4451 1.33962 4
      vertex 11.275 1.25574 0
      vertex 11.4451 1.33962 0
    endloop
  endfacet
  facet normal 0.195102 -0.980783 0
    outer loop
      vertex 11.6247 1.40059 0
      vertex 11.8107 1.43759 4
      vertex 11.6247 1.40059 4
    endloop
  endfacet
  facet normal 0.195102 -0.980783 0
    outer loop
      vertex 11.8107 1.43759 4
      vertex 11.6247 1.40059 0
      vertex 11.8107 1.43759 0
    endloop
  endfacet
  facet normal -0.659355 0.751832 0
    outer loop
      vertex 13.0253 -1.0253 0
      vertex 12.8827 -1.15036 4
      vertex 13.0253 -1.0253 4
    endloop
  endfacet
  facet normal -0.659355 0.751832 0
    outer loop
      vertex 12.8827 -1.15036 4
      vertex 13.0253 -1.0253 0
      vertex 12.8827 -1.15036 0
    endloop
  endfacet
  facet normal -0.442272 0.896881 0
    outer loop
      vertex 12.725 -1.25574 0
      vertex 12.5549 -1.33962 4
      vertex 12.725 -1.25574 4
    endloop
  endfacet
  facet normal -0.442272 0.896881 0
    outer loop
      vertex 12.5549 -1.33962 4
      vertex 12.725 -1.25574 0
      vertex 12.5549 -1.33962 0
    endloop
  endfacet
  facet normal 0.321458 0.946924 -0
    outer loop
      vertex 11.6247 -1.40059 0
      vertex 11.4451 -1.33962 4
      vertex 11.6247 -1.40059 4
    endloop
  endfacet
  facet normal 0.321458 0.946924 0
    outer loop
      vertex 11.4451 -1.33962 4
      vertex 11.6247 -1.40059 0
      vertex 11.4451 -1.33962 0
    endloop
  endfacet
  facet normal 0.896848 0.44234 0
    outer loop
      vertex 10.7443 -0.724999 4
      vertex 10.6604 -0.554891 0
      vertex 10.6604 -0.554891 4
    endloop
  endfacet
  facet normal 0.896848 0.44234 0
    outer loop
      vertex 10.6604 -0.554891 0
      vertex 10.7443 -0.724999 4
      vertex 10.7443 -0.724999 0
    endloop
  endfacet
  facet normal 0.831653 0.555296 0
    outer loop
      vertex 10.8496 -0.882704 4
      vertex 10.7443 -0.724999 0
      vertex 10.7443 -0.724999 4
    endloop
  endfacet
  facet normal 0.831653 0.555296 0
    outer loop
      vertex 10.7443 -0.724999 0
      vertex 10.8496 -0.882704 4
      vertex 10.8496 -0.882704 0
    endloop
  endfacet
  facet normal -0.946878 -0.321594 0
    outer loop
      vertex 13.4006 0.375287 0
      vertex 13.3396 0.554891 4
      vertex 13.3396 0.554891 0
    endloop
  endfacet
  facet normal -0.946878 -0.321594 0
    outer loop
      vertex 13.3396 0.554891 4
      vertex 13.4006 0.375287 0
      vertex 13.4006 0.375287 4
    endloop
  endfacet
  facet normal -0.195102 -0.980783 0
    outer loop
      vertex 12.1893 1.43759 0
      vertex 12.3753 1.40059 4
      vertex 12.1893 1.43759 4
    endloop
  endfacet
  facet normal -0.195102 -0.980783 -0
    outer loop
      vertex 12.3753 1.40059 4
      vertex 12.1893 1.43759 0
      vertex 12.3753 1.40059 0
    endloop
  endfacet
  facet normal -0.659355 -0.751832 0
    outer loop
      vertex 12.8827 1.15036 0
      vertex 13.0253 1.0253 4
      vertex 12.8827 1.15036 4
    endloop
  endfacet
  facet normal -0.659355 -0.751832 -0
    outer loop
      vertex 13.0253 1.0253 4
      vertex 12.8827 1.15036 0
      vertex 13.0253 1.0253 0
    endloop
  endfacet
  facet normal 0.751718 -0.659485 0
    outer loop
      vertex 10.8496 0.882704 4
      vertex 10.9747 1.0253 0
      vertex 10.9747 1.0253 4
    endloop
  endfacet
  facet normal 0.751718 -0.659485 0
    outer loop
      vertex 10.9747 1.0253 0
      vertex 10.8496 0.882704 4
      vertex 10.8496 0.882704 0
    endloop
  endfacet
  facet normal 0.980788 -0.195077 0
    outer loop
      vertex 10.5624 0.189262 4
      vertex 10.5994 0.375287 0
      vertex 10.5994 0.375287 4
    endloop
  endfacet
  facet normal 0.980788 -0.195077 0
    outer loop
      vertex 10.5994 0.375287 0
      vertex 10.5624 0.189262 4
      vertex 10.5624 0.189262 0
    endloop
  endfacet
  facet normal 0.5556 -0.83145 0
    outer loop
      vertex 11.1173 1.15036 0
      vertex 11.275 1.25574 4
      vertex 11.1173 1.15036 4
    endloop
  endfacet
  facet normal 0.5556 -0.83145 0
    outer loop
      vertex 11.275 1.25574 4
      vertex 11.1173 1.15036 0
      vertex 11.275 1.25574 0
    endloop
  endfacet
  facet normal 0.0654169 -0.997858 0
    outer loop
      vertex 11.8107 1.43759 0
      vertex 12 1.45 4
      vertex 11.8107 1.43759 4
    endloop
  endfacet
  facet normal 0.0654169 -0.997858 0
    outer loop
      vertex 12 1.45 4
      vertex 11.8107 1.43759 0
      vertex 12 1.45 0
    endloop
  endfacet
  facet normal -0.997861 0.0653775 0
    outer loop
      vertex 13.4376 -0.189262 0
      vertex 13.45 0 4
      vertex 13.45 0 0
    endloop
  endfacet
  facet normal -0.997861 0.0653775 0
    outer loop
      vertex 13.45 0 4
      vertex 13.4376 -0.189262 0
      vertex 13.4376 -0.189262 4
    endloop
  endfacet
  facet normal -0.0654169 0.997858 0
    outer loop
      vertex 12.1893 -1.43759 0
      vertex 12 -1.45 4
      vertex 12.1893 -1.43759 4
    endloop
  endfacet
  facet normal -0.0654169 0.997858 0
    outer loop
      vertex 12 -1.45 4
      vertex 12.1893 -1.43759 0
      vertex 12 -1.45 0
    endloop
  endfacet
  facet normal -0.321458 0.946924 0
    outer loop
      vertex 12.5549 -1.33962 0
      vertex 12.3753 -1.40059 4
      vertex 12.5549 -1.33962 4
    endloop
  endfacet
  facet normal -0.321458 0.946924 0
    outer loop
      vertex 12.3753 -1.40059 4
      vertex 12.5549 -1.33962 0
      vertex 12.3753 -1.40059 0
    endloop
  endfacet
  facet normal -0.5556 0.83145 0
    outer loop
      vertex 12.8827 -1.15036 0
      vertex 12.725 -1.25574 4
      vertex 12.8827 -1.15036 4
    endloop
  endfacet
  facet normal -0.5556 0.83145 0
    outer loop
      vertex 12.725 -1.25574 4
      vertex 12.8827 -1.15036 0
      vertex 12.725 -1.25574 0
    endloop
  endfacet
  facet normal -0.831653 0.555296 0
    outer loop
      vertex 13.1504 -0.882704 0
      vertex 13.2557 -0.724999 4
      vertex 13.2557 -0.724999 0
    endloop
  endfacet
  facet normal -0.831653 0.555296 0
    outer loop
      vertex 13.2557 -0.724999 4
      vertex 13.1504 -0.882704 0
      vertex 13.1504 -0.882704 4
    endloop
  endfacet
  facet normal -0.751718 0.659485 0
    outer loop
      vertex 13.0253 -1.0253 0
      vertex 13.1504 -0.882704 4
      vertex 13.1504 -0.882704 0
    endloop
  endfacet
  facet normal -0.751718 0.659485 0
    outer loop
      vertex 13.1504 -0.882704 4
      vertex 13.0253 -1.0253 0
      vertex 13.0253 -1.0253 4
    endloop
  endfacet
  facet normal 0.5556 0.83145 -0
    outer loop
      vertex 11.275 -1.25574 0
      vertex 11.1173 -1.15036 4
      vertex 11.275 -1.25574 4
    endloop
  endfacet
  facet normal 0.5556 0.83145 0
    outer loop
      vertex 11.1173 -1.15036 4
      vertex 11.275 -1.25574 0
      vertex 11.1173 -1.15036 0
    endloop
  endfacet
  facet normal 0.659355 0.751832 -0
    outer loop
      vertex 11.1173 -1.15036 0
      vertex 10.9747 -1.0253 4
      vertex 11.1173 -1.15036 4
    endloop
  endfacet
  facet normal 0.659355 0.751832 0
    outer loop
      vertex 10.9747 -1.0253 4
      vertex 11.1173 -1.15036 0
      vertex 10.9747 -1.0253 0
    endloop
  endfacet
  facet normal 0.442272 0.896881 -0
    outer loop
      vertex 11.4451 -1.33962 0
      vertex 11.275 -1.25574 4
      vertex 11.4451 -1.33962 4
    endloop
  endfacet
  facet normal 0.442272 0.896881 0
    outer loop
      vertex 11.275 -1.25574 4
      vertex 11.4451 -1.33962 0
      vertex 11.275 -1.25574 0
    endloop
  endfacet
  facet normal 0.195102 0.980783 -0
    outer loop
      vertex 11.8107 -1.43759 0
      vertex 11.6247 -1.40059 4
      vertex 11.8107 -1.43759 4
    endloop
  endfacet
  facet normal 0.195102 0.980783 0
    outer loop
      vertex 11.6247 -1.40059 4
      vertex 11.8107 -1.43759 0
      vertex 11.6247 -1.40059 0
    endloop
  endfacet
  facet normal 0.751718 0.659485 0
    outer loop
      vertex 10.9747 -1.0253 4
      vertex 10.8496 -0.882704 0
      vertex 10.8496 -0.882704 4
    endloop
  endfacet
  facet normal 0.751718 0.659485 0
    outer loop
      vertex 10.8496 -0.882704 0
      vertex 10.9747 -1.0253 4
      vertex 10.9747 -1.0253 0
    endloop
  endfacet
  facet normal 0.946878 0.321594 0
    outer loop
      vertex 10.6604 -0.554891 4
      vertex 10.5994 -0.375287 0
      vertex 10.5994 -0.375287 4
    endloop
  endfacet
  facet normal 0.946878 0.321594 0
    outer loop
      vertex 10.5994 -0.375287 0
      vertex 10.6604 -0.554891 4
      vertex 10.6604 -0.554891 0
    endloop
  endfacet
  facet normal 0.997861 0.0653775 0
    outer loop
      vertex 10.5624 -0.189262 4
      vertex 10.55 0 0
      vertex 10.55 0 4
    endloop
  endfacet
  facet normal 0.997861 0.0653775 0
    outer loop
      vertex 10.55 0 0
      vertex 10.5624 -0.189262 4
      vertex 10.5624 -0.189262 0
    endloop
  endfacet
  facet normal -0.195102 0.980783 0
    outer loop
      vertex 12.3753 -1.40059 0
      vertex 12.1893 -1.43759 4
      vertex 12.3753 -1.40059 4
    endloop
  endfacet
  facet normal -0.195102 0.980783 0
    outer loop
      vertex 12.1893 -1.43759 4
      vertex 12.3753 -1.40059 0
      vertex 12.1893 -1.43759 0
    endloop
  endfacet
  facet normal -0.896848 0.44234 0
    outer loop
      vertex 13.2557 -0.724999 0
      vertex 13.3396 -0.554891 4
      vertex 13.3396 -0.554891 0
    endloop
  endfacet
  facet normal -0.896848 0.44234 0
    outer loop
      vertex 13.3396 -0.554891 4
      vertex 13.2557 -0.724999 0
      vertex 13.2557 -0.724999 4
    endloop
  endfacet
  facet normal -0.946878 0.321594 0
    outer loop
      vertex 13.3396 -0.554891 0
      vertex 13.4006 -0.375287 4
      vertex 13.4006 -0.375287 0
    endloop
  endfacet
  facet normal -0.946878 0.321594 0
    outer loop
      vertex 13.4006 -0.375287 4
      vertex 13.3396 -0.554891 0
      vertex 13.3396 -0.554891 4
    endloop
  endfacet
  facet normal -0.980788 0.195077 0
    outer loop
      vertex 13.4006 -0.375287 0
      vertex 13.4376 -0.189262 4
      vertex 13.4376 -0.189262 0
    endloop
  endfacet
  facet normal -0.980788 0.195077 0
    outer loop
      vertex 13.4376 -0.189262 4
      vertex 13.4006 -0.375287 0
      vertex 13.4006 -0.375287 4
    endloop
  endfacet
  facet normal 0.0654169 0.997858 -0
    outer loop
      vertex 12 -1.45 0
      vertex 11.8107 -1.43759 4
      vertex 12 -1.45 4
    endloop
  endfacet
  facet normal 0.0654169 0.997858 0
    outer loop
      vertex 11.8107 -1.43759 4
      vertex 12 -1.45 0
      vertex 11.8107 -1.43759 0
    endloop
  endfacet
  facet normal 0.980788 0.195077 0
    outer loop
      vertex 10.5994 -0.375287 4
      vertex 10.5624 -0.189262 0
      vertex 10.5624 -0.189262 4
    endloop
  endfacet
  facet normal 0.980788 0.195077 0
    outer loop
      vertex 10.5624 -0.189262 0
      vertex 10.5994 -0.375287 4
      vertex 10.5994 -0.375287 0
    endloop
  endfacet
  facet normal 0.99786 0.0653933 0
    outer loop
      vertex 27.25 0 4
      vertex 27.2222 0.42421 0
      vertex 27.2222 0.42421 4
    endloop
  endfacet
  facet normal 0.99786 0.0653933 0
    outer loop
      vertex 27.2222 0.42421 0
      vertex 27.25 0 4
      vertex 27.25 0 0
    endloop
  endfacet
  facet normal -0.99786 0.0653933 0
    outer loop
      vertex 20.75 0 0
      vertex 20.7778 0.42421 4
      vertex 20.7778 0.42421 0
    endloop
  endfacet
  facet normal -0.99786 0.0653933 0
    outer loop
      vertex 20.7778 0.42421 4
      vertex 20.75 0 0
      vertex 20.75 0 4
    endloop
  endfacet
  facet normal 0.0653948 0.997859 -0
    outer loop
      vertex 24.4242 3.2222 0
      vertex 24 3.25 4
      vertex 24.4242 3.2222 4
    endloop
  endfacet
  facet normal 0.0653948 0.997859 0
    outer loop
      vertex 24 3.25 4
      vertex 24.4242 3.2222 0
      vertex 24 3.25 0
    endloop
  endfacet
  facet normal 0.65937 0.751818 -0
    outer loop
      vertex 26.2981 2.2981 0
      vertex 25.9785 2.5784 4
      vertex 26.2981 2.2981 4
    endloop
  endfacet
  facet normal 0.65937 0.751818 0
    outer loop
      vertex 25.9785 2.5784 4
      vertex 26.2981 2.2981 0
      vertex 25.9785 2.5784 0
    endloop
  endfacet
  facet normal -0.65937 0.751818 0
    outer loop
      vertex 22.0215 2.5784 0
      vertex 21.7019 2.2981 4
      vertex 22.0215 2.5784 4
    endloop
  endfacet
  facet normal -0.65937 0.751818 0
    outer loop
      vertex 21.7019 2.2981 4
      vertex 22.0215 2.5784 0
      vertex 21.7019 2.2981 0
    endloop
  endfacet
  facet normal -0.321481 0.946916 0
    outer loop
      vertex 23.1588 3.13926 0
      vertex 22.7563 3.00261 4
      vertex 23.1588 3.13926 4
    endloop
  endfacet
  facet normal -0.321481 0.946916 0
    outer loop
      vertex 22.7563 3.00261 4
      vertex 23.1588 3.13926 0
      vertex 22.7563 3.00261 0
    endloop
  endfacet
  facet normal 0 0 -1
    outer loop
      vertex 25.45 0 0
      vertex 27.25 0 0
      vertex 27.2222 -0.42421 0
    endloop
  endfacet
  facet normal 0 0 -1
    outer loop
      vertex 25.4376 -0.189262 0
      vertex 27.2222 -0.42421 0
      vertex 27.1393 -0.841162 0
    endloop
  endfacet
  facet normal 0 0 -1
    outer loop
      vertex 27.25 0 0
      vertex 25.45 0 0
      vertex 27.2222 0.42421 0
    endloop
  endfacet
  facet normal 0 0 -1
    outer loop
      vertex 25.4006 -0.375287 0
      vertex 27.1393 -0.841162 0
      vertex 27.0026 -1.24372 0
    endloop
  endfacet
  facet normal 0 0 -1
    outer loop
      vertex 25.4376 0.189262 0
      vertex 27.2222 0.42421 0
      vertex 25.45 0 0
    endloop
  endfacet
  facet normal 0 0 -1
    outer loop
      vertex 25.3396 -0.554891 0
      vertex 27.0026 -1.24372 0
      vertex 26.8146 -1.625 0
    endloop
  endfacet
  facet normal -0 0 -1
    outer loop
      vertex 27.2222 0.42421 0
      vertex 25.4376 0.189262 0
      vertex 27.1393 0.841162 0
    endloop
  endfacet
  facet normal 0 0 -1
    outer loop
      vertex 25.2557 -0.724999 0
      vertex 26.8146 -1.625 0
      vertex 26.5784 -1.97847 0
    endloop
  endfacet
  facet normal 0 0 -1
    outer loop
      vertex 25.4006 0.375287 0
      vertex 27.1393 0.841162 0
      vertex 25.4376 0.189262 0
    endloop
  endfacet
  facet normal 0 0 -1
    outer loop
      vertex 25.1504 -0.882704 0
      vertex 26.5784 -1.97847 0
      vertex 26.2981 -2.2981 0
    endloop
  endfacet
  facet normal -0 0 -1
    outer loop
      vertex 27.1393 0.841162 0
      vertex 25.4006 0.375287 0
      vertex 27.0026 1.24372 0
    endloop
  endfacet
  facet normal 0 0 -1
    outer loop
      vertex 25.0253 -1.0253 0
      vertex 26.2981 -2.2981 0
      vertex 25.9785 -2.5784 0
    endloop
  endfacet
  facet normal 0 0 -1
    outer loop
      vertex 25.3396 0.554891 0
      vertex 27.0026 1.24372 0
      vertex 25.4006 0.375287 0
    endloop
  endfacet
  facet normal 0 0 -1
    outer loop
      vertex 24.8827 -1.15036 0
      vertex 25.9785 -2.5784 0
      vertex 25.625 -2.81458 0
    endloop
  endfacet
  facet normal -0 0 -1
    outer loop
      vertex 27.0026 1.24372 0
      vertex 25.3396 0.554891 0
      vertex 26.8146 1.625 0
    endloop
  endfacet
  facet normal 0 0 -1
    outer loop
      vertex 25.2557 0.724999 0
      vertex 26.8146 1.625 0
      vertex 25.3396 0.554891 0
    endloop
  endfacet
  facet normal 0 0 -1
    outer loop
      vertex 27.2222 -0.42421 0
      vertex 25.4376 -0.189262 0
      vertex 25.45 0 0
    endloop
  endfacet
  facet normal 0 0 -1
    outer loop
      vertex 27.1393 -0.841162 0
      vertex 25.4006 -0.375287 0
      vertex 25.4376 -0.189262 0
    endloop
  endfacet
  facet normal 0 0 -1
    outer loop
      vertex 27.0026 -1.24372 0
      vertex 25.3396 -0.554891 0
      vertex 25.4006 -0.375287 0
    endloop
  endfacet
  facet normal 0 0 -1
    outer loop
      vertex 26.8146 -1.625 0
      vertex 25.2557 -0.724999 0
      vertex 25.3396 -0.554891 0
    endloop
  endfacet
  facet normal 0 0 -1
    outer loop
      vertex 24.725 -1.25574 0
      vertex 25.625 -2.81458 0
      vertex 25.2437 -3.00261 0
    endloop
  endfacet
  facet normal 0 0 -1
    outer loop
      vertex 26.5784 -1.97847 0
      vertex 25.1504 -0.882704 0
      vertex 25.2557 -0.724999 0
    endloop
  endfacet
  facet normal 0 0 -1
    outer loop
      vertex 26.2981 -2.2981 0
      vertex 25.0253 -1.0253 0
      vertex 25.1504 -0.882704 0
    endloop
  endfacet
  facet normal 0 0 -1
    outer loop
      vertex 25.9785 -2.5784 0
      vertex 24.8827 -1.15036 0
      vertex 25.0253 -1.0253 0
    endloop
  endfacet
  facet normal 0 0 -1
    outer loop
      vertex 24.5549 -1.33962 0
      vertex 25.2437 -3.00261 0
      vertex 24.8412 -3.13926 0
    endloop
  endfacet
  facet normal 0 0 -1
    outer loop
      vertex 25.625 -2.81458 0
      vertex 24.725 -1.25574 0
      vertex 24.8827 -1.15036 0
    endloop
  endfacet
  facet normal 0 0 -1
    outer loop
      vertex 25.2437 -3.00261 0
      vertex 24.5549 -1.33962 0
      vertex 24.725 -1.25574 0
    endloop
  endfacet
  facet normal 0 0 -1
    outer loop
      vertex 24.3753 -1.40059 0
      vertex 24.8412 -3.13926 0
      vertex 24.4242 -3.2222 0
    endloop
  endfacet
  facet normal 0 0 -1
    outer loop
      vertex 24.8412 -3.13926 0
      vertex 24.3753 -1.40059 0
      vertex 24.5549 -1.33962 0
    endloop
  endfacet
  facet normal 0 0 -1
    outer loop
      vertex 24.4242 -3.2222 0
      vertex 24.1893 -1.43759 0
      vertex 24.3753 -1.40059 0
    endloop
  endfacet
  facet normal 0 0 -1
    outer loop
      vertex 24 -3.25 0
      vertex 24.1893 -1.43759 0
      vertex 24.4242 -3.2222 0
    endloop
  endfacet
  facet normal 0 0 -1
    outer loop
      vertex 24 -3.25 0
      vertex 24 -1.45 0
      vertex 24.1893 -1.43759 0
    endloop
  endfacet
  facet normal 0 0 -1
    outer loop
      vertex 24 -3.25 0
      vertex 23.8107 -1.43759 0
      vertex 24 -1.45 0
    endloop
  endfacet
  facet normal 0 0 -1
    outer loop
      vertex 23.5758 -3.2222 0
      vertex 23.8107 -1.43759 0
      vertex 24 -3.25 0
    endloop
  endfacet
  facet normal -0 0 -1
    outer loop
      vertex 23.8107 -1.43759 0
      vertex 23.5758 -3.2222 0
      vertex 23.6247 -1.40059 0
    endloop
  endfacet
  facet normal 0 0 -1
    outer loop
      vertex 23.1588 -3.13926 0
      vertex 23.6247 -1.40059 0
      vertex 23.5758 -3.2222 0
    endloop
  endfacet
  facet normal -0 0 -1
    outer loop
      vertex 23.6247 -1.40059 0
      vertex 23.1588 -3.13926 0
      vertex 23.4451 -1.33962 0
    endloop
  endfacet
  facet normal 0 0 -1
    outer loop
      vertex 22.7563 -3.00261 0
      vertex 23.4451 -1.33962 0
      vertex 23.1588 -3.13926 0
    endloop
  endfacet
  facet normal -0 0 -1
    outer loop
      vertex 23.4451 -1.33962 0
      vertex 22.7563 -3.00261 0
      vertex 23.275 -1.25574 0
    endloop
  endfacet
  facet normal 0 0 -1
    outer loop
      vertex 22.375 -2.81458 0
      vertex 23.275 -1.25574 0
      vertex 22.7563 -3.00261 0
    endloop
  endfacet
  facet normal -0 0 -1
    outer loop
      vertex 23.275 -1.25574 0
      vertex 22.375 -2.81458 0
      vertex 23.1173 -1.15036 0
    endloop
  endfacet
  facet normal 0 0 -1
    outer loop
      vertex 22.0215 -2.5784 0
      vertex 23.1173 -1.15036 0
      vertex 22.375 -2.81458 0
    endloop
  endfacet
  facet normal -0 0 -1
    outer loop
      vertex 23.1173 -1.15036 0
      vertex 22.0215 -2.5784 0
      vertex 22.9747 -1.0253 0
    endloop
  endfacet
  facet normal 0 0 -1
    outer loop
      vertex 21.7019 -2.2981 0
      vertex 22.9747 -1.0253 0
      vertex 22.0215 -2.5784 0
    endloop
  endfacet
  facet normal -0 0 -1
    outer loop
      vertex 22.9747 -1.0253 0
      vertex 21.7019 -2.2981 0
      vertex 22.8496 -0.882704 0
    endloop
  endfacet
  facet normal 0 0 -1
    outer loop
      vertex 21.4216 -1.97847 0
      vertex 22.8496 -0.882704 0
      vertex 21.7019 -2.2981 0
    endloop
  endfacet
  facet normal 0 0 -1
    outer loop
      vertex 21.1854 -1.625 0
      vertex 22.7443 -0.724999 0
      vertex 21.4216 -1.97847 0
    endloop
  endfacet
  facet normal -0 0 -1
    outer loop
      vertex 22.8496 -0.882704 0
      vertex 21.4216 -1.97847 0
      vertex 22.7443 -0.724999 0
    endloop
  endfacet
  facet normal -0 0 -1
    outer loop
      vertex 26.8146 1.625 0
      vertex 25.2557 0.724999 0
      vertex 26.5784 1.97847 0
    endloop
  endfacet
  facet normal 0 0 -1
    outer loop
      vertex 25.1504 0.882704 0
      vertex 26.5784 1.97847 0
      vertex 25.2557 0.724999 0
    endloop
  endfacet
  facet normal -0 0 -1
    outer loop
      vertex 26.5784 1.97847 0
      vertex 25.1504 0.882704 0
      vertex 26.2981 2.2981 0
    endloop
  endfacet
  facet normal 0 0 -1
    outer loop
      vertex 25.0253 1.0253 0
      vertex 26.2981 2.2981 0
      vertex 25.1504 0.882704 0
    endloop
  endfacet
  facet normal -0 0 -1
    outer loop
      vertex 26.2981 2.2981 0
      vertex 25.0253 1.0253 0
      vertex 25.9785 2.5784 0
    endloop
  endfacet
  facet normal 0 0 -1
    outer loop
      vertex 24.8827 1.15036 0
      vertex 25.9785 2.5784 0
      vertex 25.0253 1.0253 0
    endloop
  endfacet
  facet normal -0 0 -1
    outer loop
      vertex 25.9785 2.5784 0
      vertex 24.8827 1.15036 0
      vertex 25.625 2.81458 0
    endloop
  endfacet
  facet normal 0 0 -1
    outer loop
      vertex 24.725 1.25574 0
      vertex 25.625 2.81458 0
      vertex 24.8827 1.15036 0
    endloop
  endfacet
  facet normal -0 0 -1
    outer loop
      vertex 25.625 2.81458 0
      vertex 24.725 1.25574 0
      vertex 25.2437 3.00261 0
    endloop
  endfacet
  facet normal 0 0 -1
    outer loop
      vertex 24.5549 1.33962 0
      vertex 25.2437 3.00261 0
      vertex 24.725 1.25574 0
    endloop
  endfacet
  facet normal -0 0 -1
    outer loop
      vertex 25.2437 3.00261 0
      vertex 24.5549 1.33962 0
      vertex 24.8412 3.13926 0
    endloop
  endfacet
  facet normal 0 0 -1
    outer loop
      vertex 24.3753 1.40059 0
      vertex 24.8412 3.13926 0
      vertex 24.5549 1.33962 0
    endloop
  endfacet
  facet normal -0 0 -1
    outer loop
      vertex 24.8412 3.13926 0
      vertex 24.3753 1.40059 0
      vertex 24.4242 3.2222 0
    endloop
  endfacet
  facet normal 0 0 -1
    outer loop
      vertex 24.1893 1.43759 0
      vertex 24.4242 3.2222 0
      vertex 24.3753 1.40059 0
    endloop
  endfacet
  facet normal 0 0 -1
    outer loop
      vertex 24 1.45 0
      vertex 24.4242 3.2222 0
      vertex 24.1893 1.43759 0
    endloop
  endfacet
  facet normal 0 0 -1
    outer loop
      vertex 24 1.45 0
      vertex 24 3.25 0
      vertex 24.4242 3.2222 0
    endloop
  endfacet
  facet normal 0 0 -1
    outer loop
      vertex 23.8107 1.43759 0
      vertex 24 3.25 0
      vertex 24 1.45 0
    endloop
  endfacet
  facet normal 0 0 -1
    outer loop
      vertex 23.5758 3.2222 0
      vertex 23.8107 1.43759 0
      vertex 23.6247 1.40059 0
    endloop
  endfacet
  facet normal 0 0 -1
    outer loop
      vertex 23.8107 1.43759 0
      vertex 23.5758 3.2222 0
      vertex 24 3.25 0
    endloop
  endfacet
  facet normal 0 0 -1
    outer loop
      vertex 23.1588 3.13926 0
      vertex 23.6247 1.40059 0
      vertex 23.4451 1.33962 0
    endloop
  endfacet
  facet normal 0 0 -1
    outer loop
      vertex 22.7563 3.00261 0
      vertex 23.4451 1.33962 0
      vertex 23.275 1.25574 0
    endloop
  endfacet
  facet normal 0 0 -1
    outer loop
      vertex 23.6247 1.40059 0
      vertex 23.1588 3.13926 0
      vertex 23.5758 3.2222 0
    endloop
  endfacet
  facet normal 0 0 -1
    outer loop
      vertex 22.375 2.81458 0
      vertex 23.275 1.25574 0
      vertex 23.1173 1.15036 0
    endloop
  endfacet
  facet normal 0 0 -1
    outer loop
      vertex 22.0215 2.5784 0
      vertex 23.1173 1.15036 0
      vertex 22.9747 1.0253 0
    endloop
  endfacet
  facet normal 0 0 -1
    outer loop
      vertex 21.7019 2.2981 0
      vertex 22.9747 1.0253 0
      vertex 22.8496 0.882704 0
    endloop
  endfacet
  facet normal 0 0 -1
    outer loop
      vertex 23.4451 1.33962 0
      vertex 22.7563 3.00261 0
      vertex 23.1588 3.13926 0
    endloop
  endfacet
  facet normal 0 0 -1
    outer loop
      vertex 21.4216 1.97847 0
      vertex 22.8496 0.882704 0
      vertex 22.7443 0.724999 0
    endloop
  endfacet
  facet normal 0 0 -1
    outer loop
      vertex 21.1854 1.625 0
      vertex 22.7443 0.724999 0
      vertex 22.6604 0.554891 0
    endloop
  endfacet
  facet normal 0 0 -1
    outer loop
      vertex 20.9974 1.24372 0
      vertex 22.6604 0.554891 0
      vertex 22.5994 0.375287 0
    endloop
  endfacet
  facet normal 0 0 -1
    outer loop
      vertex 20.8607 0.841162 0
      vertex 22.5994 0.375287 0
      vertex 22.5624 0.189262 0
    endloop
  endfacet
  facet normal 0 0 -1
    outer loop
      vertex 23.275 1.25574 0
      vertex 22.375 2.81458 0
      vertex 22.7563 3.00261 0
    endloop
  endfacet
  facet normal 0 0 -1
    outer loop
      vertex 20.7778 0.42421 0
      vertex 22.5624 0.189262 0
      vertex 22.55 0 0
    endloop
  endfacet
  facet normal -0 0 -1
    outer loop
      vertex 22.7443 -0.724999 0
      vertex 21.1854 -1.625 0
      vertex 22.6604 -0.554891 0
    endloop
  endfacet
  facet normal 0 0 -1
    outer loop
      vertex 20.9974 -1.24372 0
      vertex 22.6604 -0.554891 0
      vertex 21.1854 -1.625 0
    endloop
  endfacet
  facet normal 0 0 -1
    outer loop
      vertex 23.1173 1.15036 0
      vertex 22.0215 2.5784 0
      vertex 22.375 2.81458 0
    endloop
  endfacet
  facet normal -0 0 -1
    outer loop
      vertex 22.6604 -0.554891 0
      vertex 20.9974 -1.24372 0
      vertex 22.5994 -0.375287 0
    endloop
  endfacet
  facet normal 0 0 -1
    outer loop
      vertex 22.9747 1.0253 0
      vertex 21.7019 2.2981 0
      vertex 22.0215 2.5784 0
    endloop
  endfacet
  facet normal 0 0 -1
    outer loop
      vertex 20.8607 -0.841162 0
      vertex 22.5994 -0.375287 0
      vertex 20.9974 -1.24372 0
    endloop
  endfacet
  facet normal 0 0 -1
    outer loop
      vertex 22.8496 0.882704 0
      vertex 21.4216 1.97847 0
      vertex 21.7019 2.2981 0
    endloop
  endfacet
  facet normal -0 0 -1
    outer loop
      vertex 22.5994 -0.375287 0
      vertex 20.8607 -0.841162 0
      vertex 22.5624 -0.189262 0
    endloop
  endfacet
  facet normal 0 0 -1
    outer loop
      vertex 22.7443 0.724999 0
      vertex 21.1854 1.625 0
      vertex 21.4216 1.97847 0
    endloop
  endfacet
  facet normal 0 0 -1
    outer loop
      vertex 20.7778 -0.42421 0
      vertex 22.5624 -0.189262 0
      vertex 20.8607 -0.841162 0
    endloop
  endfacet
  facet normal 0 0 -1
    outer loop
      vertex 22.6604 0.554891 0
      vertex 20.9974 1.24372 0
      vertex 21.1854 1.625 0
    endloop
  endfacet
  facet normal -0 0 -1
    outer loop
      vertex 22.5624 -0.189262 0
      vertex 20.7778 -0.42421 0
      vertex 22.55 0 0
    endloop
  endfacet
  facet normal 0 0 -1
    outer loop
      vertex 22.5994 0.375287 0
      vertex 20.8607 0.841162 0
      vertex 20.9974 1.24372 0
    endloop
  endfacet
  facet normal 0 0 -1
    outer loop
      vertex 20.75 0 0
      vertex 22.55 0 0
      vertex 20.7778 -0.42421 0
    endloop
  endfacet
  facet normal 0 0 -1
    outer loop
      vertex 22.5624 0.189262 0
      vertex 20.7778 0.42421 0
      vertex 20.8607 0.841162 0
    endloop
  endfacet
  facet normal 0 0 -1
    outer loop
      vertex 22.55 0 0
      vertex 20.75 0 0
      vertex 20.7778 0.42421 0
    endloop
  endfacet
  facet normal 0.896897 0.442239 0
    outer loop
      vertex 27.0026 1.24372 4
      vertex 26.8146 1.625 0
      vertex 26.8146 1.625 4
    endloop
  endfacet
  facet normal 0.896897 0.442239 0
    outer loop
      vertex 26.8146 1.625 0
      vertex 27.0026 1.24372 4
      vertex 27.0026 1.24372 0
    endloop
  endfacet
  facet normal 0.831449 0.555601 0
    outer loop
      vertex 26.8146 1.625 4
      vertex 26.5784 1.97847 0
      vertex 26.5784 1.97847 4
    endloop
  endfacet
  facet normal 0.831449 0.555601 0
    outer loop
      vertex 26.5784 1.97847 0
      vertex 26.8146 1.625 4
      vertex 26.8146 1.625 0
    endloop
  endfacet
  facet normal 0.442277 0.896879 -0
    outer loop
      vertex 25.625 2.81458 0
      vertex 25.2437 3.00261 4
      vertex 25.625 2.81458 4
    endloop
  endfacet
  facet normal 0.442277 0.896879 0
    outer loop
      vertex 25.2437 3.00261 4
      vertex 25.625 2.81458 0
      vertex 25.2437 3.00261 0
    endloop
  endfacet
  facet normal 0.555536 0.831493 -0
    outer loop
      vertex 25.9785 2.5784 0
      vertex 25.625 2.81458 4
      vertex 25.9785 2.5784 4
    endloop
  endfacet
  facet normal 0.555536 0.831493 0
    outer loop
      vertex 25.625 2.81458 4
      vertex 25.9785 2.5784 0
      vertex 25.625 2.81458 0
    endloop
  endfacet
  facet normal -0.896897 0.442239 0
    outer loop
      vertex 20.9974 1.24372 0
      vertex 21.1854 1.625 4
      vertex 21.1854 1.625 0
    endloop
  endfacet
  facet normal -0.896897 0.442239 0
    outer loop
      vertex 21.1854 1.625 4
      vertex 20.9974 1.24372 0
      vertex 20.9974 1.24372 4
    endloop
  endfacet
  facet normal -0.751849 0.659335 0
    outer loop
      vertex 21.4216 1.97847 0
      vertex 21.7019 2.2981 4
      vertex 21.7019 2.2981 0
    endloop
  endfacet
  facet normal -0.751849 0.659335 0
    outer loop
      vertex 21.7019 2.2981 4
      vertex 21.4216 1.97847 0
      vertex 21.4216 1.97847 4
    endloop
  endfacet
  facet normal 0 0 1
    outer loop
      vertex 25.45 0 4
      vertex 27.25 0 4
      vertex 27.2222 0.42421 4
    endloop
  endfacet
  facet normal 0 0 1
    outer loop
      vertex 25.4376 0.189262 4
      vertex 27.2222 0.42421 4
      vertex 27.1393 0.841162 4
    endloop
  endfacet
  facet normal 0 0 1
    outer loop
      vertex 27.25 0 4
      vertex 25.45 0 4
      vertex 27.2222 -0.42421 4
    endloop
  endfacet
  facet normal 0 0 1
    outer loop
      vertex 25.4006 0.375287 4
      vertex 27.1393 0.841162 4
      vertex 27.0026 1.24372 4
    endloop
  endfacet
  facet normal -0 0 1
    outer loop
      vertex 25.4376 -0.189262 4
      vertex 27.2222 -0.42421 4
      vertex 25.45 0 4
    endloop
  endfacet
  facet normal 0 0 1
    outer loop
      vertex 25.3396 0.554891 4
      vertex 27.0026 1.24372 4
      vertex 26.8146 1.625 4
    endloop
  endfacet
  facet normal 0 0 1
    outer loop
      vertex 27.2222 -0.42421 4
      vertex 25.4376 -0.189262 4
      vertex 27.1393 -0.841162 4
    endloop
  endfacet
  facet normal 0 0 1
    outer loop
      vertex 25.2557 0.724999 4
      vertex 26.8146 1.625 4
      vertex 26.5784 1.97847 4
    endloop
  endfacet
  facet normal -0 0 1
    outer loop
      vertex 25.4006 -0.375287 4
      vertex 27.1393 -0.841162 4
      vertex 25.4376 -0.189262 4
    endloop
  endfacet
  facet normal 0 0 1
    outer loop
      vertex 25.1504 0.882704 4
      vertex 26.5784 1.97847 4
      vertex 26.2981 2.2981 4
    endloop
  endfacet
  facet normal 0 0 1
    outer loop
      vertex 27.1393 -0.841162 4
      vertex 25.4006 -0.375287 4
      vertex 27.0026 -1.24372 4
    endloop
  endfacet
  facet normal 0 0 1
    outer loop
      vertex 25.0253 1.0253 4
      vertex 26.2981 2.2981 4
      vertex 25.9785 2.5784 4
    endloop
  endfacet
  facet normal -0 0 1
    outer loop
      vertex 25.3396 -0.554891 4
      vertex 27.0026 -1.24372 4
      vertex 25.4006 -0.375287 4
    endloop
  endfacet
  facet normal 0 0 1
    outer loop
      vertex 24.8827 1.15036 4
      vertex 25.9785 2.5784 4
      vertex 25.625 2.81458 4
    endloop
  endfacet
  facet normal 0 0 1
    outer loop
      vertex 27.0026 -1.24372 4
      vertex 25.3396 -0.554891 4
      vertex 26.8146 -1.625 4
    endloop
  endfacet
  facet normal -0 0 1
    outer loop
      vertex 25.2557 -0.724999 4
      vertex 26.8146 -1.625 4
      vertex 25.3396 -0.554891 4
    endloop
  endfacet
  facet normal 0 0 1
    outer loop
      vertex 27.2222 0.42421 4
      vertex 25.4376 0.189262 4
      vertex 25.45 0 4
    endloop
  endfacet
  facet normal 0 0 1
    outer loop
      vertex 27.1393 0.841162 4
      vertex 25.4006 0.375287 4
      vertex 25.4376 0.189262 4
    endloop
  endfacet
  facet normal 0 0 1
    outer loop
      vertex 27.0026 1.24372 4
      vertex 25.3396 0.554891 4
      vertex 25.4006 0.375287 4
    endloop
  endfacet
  facet normal 0 0 1
    outer loop
      vertex 26.8146 1.625 4
      vertex 25.2557 0.724999 4
      vertex 25.3396 0.554891 4
    endloop
  endfacet
  facet normal 0 0 1
    outer loop
      vertex 24.725 1.25574 4
      vertex 25.625 2.81458 4
      vertex 25.2437 3.00261 4
    endloop
  endfacet
  facet normal 0 0 1
    outer loop
      vertex 26.5784 1.97847 4
      vertex 25.1504 0.882704 4
      vertex 25.2557 0.724999 4
    endloop
  endfacet
  facet normal 0 0 1
    outer loop
      vertex 26.2981 2.2981 4
      vertex 25.0253 1.0253 4
      vertex 25.1504 0.882704 4
    endloop
  endfacet
  facet normal 0 0 1
    outer loop
      vertex 25.9785 2.5784 4
      vertex 24.8827 1.15036 4
      vertex 25.0253 1.0253 4
    endloop
  endfacet
  facet normal 0 0 1
    outer loop
      vertex 24.5549 1.33962 4
      vertex 25.2437 3.00261 4
      vertex 24.8412 3.13926 4
    endloop
  endfacet
  facet normal 0 0 1
    outer loop
      vertex 25.625 2.81458 4
      vertex 24.725 1.25574 4
      vertex 24.8827 1.15036 4
    endloop
  endfacet
  facet normal 0 0 1
    outer loop
      vertex 25.2437 3.00261 4
      vertex 24.5549 1.33962 4
      vertex 24.725 1.25574 4
    endloop
  endfacet
  facet normal 0 0 1
    outer loop
      vertex 24.3753 1.40059 4
      vertex 24.8412 3.13926 4
      vertex 24.4242 3.2222 4
    endloop
  endfacet
  facet normal 0 0 1
    outer loop
      vertex 24.8412 3.13926 4
      vertex 24.3753 1.40059 4
      vertex 24.5549 1.33962 4
    endloop
  endfacet
  facet normal 0 0 1
    outer loop
      vertex 24.4242 3.2222 4
      vertex 24.1893 1.43759 4
      vertex 24.3753 1.40059 4
    endloop
  endfacet
  facet normal 0 0 1
    outer loop
      vertex 24 3.25 4
      vertex 24.1893 1.43759 4
      vertex 24.4242 3.2222 4
    endloop
  endfacet
  facet normal 0 0 1
    outer loop
      vertex 24 3.25 4
      vertex 24 1.45 4
      vertex 24.1893 1.43759 4
    endloop
  endfacet
  facet normal 0 0 1
    outer loop
      vertex 24 3.25 4
      vertex 23.8107 1.43759 4
      vertex 24 1.45 4
    endloop
  endfacet
  facet normal -0 0 1
    outer loop
      vertex 23.5758 3.2222 4
      vertex 23.8107 1.43759 4
      vertex 24 3.25 4
    endloop
  endfacet
  facet normal 0 0 1
    outer loop
      vertex 23.8107 1.43759 4
      vertex 23.5758 3.2222 4
      vertex 23.6247 1.40059 4
    endloop
  endfacet
  facet normal -0 0 1
    outer loop
      vertex 23.1588 3.13926 4
      vertex 23.6247 1.40059 4
      vertex 23.5758 3.2222 4
    endloop
  endfacet
  facet normal 0 0 1
    outer loop
      vertex 23.6247 1.40059 4
      vertex 23.1588 3.13926 4
      vertex 23.4451 1.33962 4
    endloop
  endfacet
  facet normal -0 0 1
    outer loop
      vertex 22.7563 3.00261 4
      vertex 23.4451 1.33962 4
      vertex 23.1588 3.13926 4
    endloop
  endfacet
  facet normal 0 0 1
    outer loop
      vertex 23.4451 1.33962 4
      vertex 22.7563 3.00261 4
      vertex 23.275 1.25574 4
    endloop
  endfacet
  facet normal -0 0 1
    outer loop
      vertex 22.375 2.81458 4
      vertex 23.275 1.25574 4
      vertex 22.7563 3.00261 4
    endloop
  endfacet
  facet normal 0 0 1
    outer loop
      vertex 23.275 1.25574 4
      vertex 22.375 2.81458 4
      vertex 23.1173 1.15036 4
    endloop
  endfacet
  facet normal -0 0 1
    outer loop
      vertex 22.0215 2.5784 4
      vertex 23.1173 1.15036 4
      vertex 22.375 2.81458 4
    endloop
  endfacet
  facet normal 0 0 1
    outer loop
      vertex 23.1173 1.15036 4
      vertex 22.0215 2.5784 4
      vertex 22.9747 1.0253 4
    endloop
  endfacet
  facet normal -0 0 1
    outer loop
      vertex 21.7019 2.2981 4
      vertex 22.9747 1.0253 4
      vertex 22.0215 2.5784 4
    endloop
  endfacet
  facet normal 0 0 1
    outer loop
      vertex 22.9747 1.0253 4
      vertex 21.7019 2.2981 4
      vertex 22.8496 0.882704 4
    endloop
  endfacet
  facet normal -0 0 1
    outer loop
      vertex 21.4216 1.97847 4
      vertex 22.8496 0.882704 4
      vertex 21.7019 2.2981 4
    endloop
  endfacet
  facet normal -0 0 1
    outer loop
      vertex 21.1854 1.625 4
      vertex 22.7443 0.724999 4
      vertex 21.4216 1.97847 4
    endloop
  endfacet
  facet normal 0 0 1
    outer loop
      vertex 22.8496 0.882704 4
      vertex 21.4216 1.97847 4
      vertex 22.7443 0.724999 4
    endloop
  endfacet
  facet normal 0 0 1
    outer loop
      vertex 26.8146 -1.625 4
      vertex 25.2557 -0.724999 4
      vertex 26.5784 -1.97847 4
    endloop
  endfacet
  facet normal -0 0 1
    outer loop
      vertex 25.1504 -0.882704 4
      vertex 26.5784 -1.97847 4
      vertex 25.2557 -0.724999 4
    endloop
  endfacet
  facet normal 0 0 1
    outer loop
      vertex 26.5784 -1.97847 4
      vertex 25.1504 -0.882704 4
      vertex 26.2981 -2.2981 4
    endloop
  endfacet
  facet normal -0 0 1
    outer loop
      vertex 25.0253 -1.0253 4
      vertex 26.2981 -2.2981 4
      vertex 25.1504 -0.882704 4
    endloop
  endfacet
  facet normal 0 0 1
    outer loop
      vertex 26.2981 -2.2981 4
      vertex 25.0253 -1.0253 4
      vertex 25.9785 -2.5784 4
    endloop
  endfacet
  facet normal -0 0 1
    outer loop
      vertex 24.8827 -1.15036 4
      vertex 25.9785 -2.5784 4
      vertex 25.0253 -1.0253 4
    endloop
  endfacet
  facet normal 0 0 1
    outer loop
      vertex 25.9785 -2.5784 4
      vertex 24.8827 -1.15036 4
      vertex 25.625 -2.81458 4
    endloop
  endfacet
  facet normal -0 0 1
    outer loop
      vertex 24.725 -1.25574 4
      vertex 25.625 -2.81458 4
      vertex 24.8827 -1.15036 4
    endloop
  endfacet
  facet normal 0 0 1
    outer loop
      vertex 25.625 -2.81458 4
      vertex 24.725 -1.25574 4
      vertex 25.2437 -3.00261 4
    endloop
  endfacet
  facet normal -0 0 1
    outer loop
      vertex 24.5549 -1.33962 4
      vertex 25.2437 -3.00261 4
      vertex 24.725 -1.25574 4
    endloop
  endfacet
  facet normal 0 0 1
    outer loop
      vertex 25.2437 -3.00261 4
      vertex 24.5549 -1.33962 4
      vertex 24.8412 -3.13926 4
    endloop
  endfacet
  facet normal -0 0 1
    outer loop
      vertex 24.3753 -1.40059 4
      vertex 24.8412 -3.13926 4
      vertex 24.5549 -1.33962 4
    endloop
  endfacet
  facet normal 0 0 1
    outer loop
      vertex 24.8412 -3.13926 4
      vertex 24.3753 -1.40059 4
      vertex 24.4242 -3.2222 4
    endloop
  endfacet
  facet normal -0 0 1
    outer loop
      vertex 24.1893 -1.43759 4
      vertex 24.4242 -3.2222 4
      vertex 24.3753 -1.40059 4
    endloop
  endfacet
  facet normal -0 0 1
    outer loop
      vertex 24 -1.45 4
      vertex 24.4242 -3.2222 4
      vertex 24.1893 -1.43759 4
    endloop
  endfacet
  facet normal 0 0 1
    outer loop
      vertex 24 -1.45 4
      vertex 24 -3.25 4
      vertex 24.4242 -3.2222 4
    endloop
  endfacet
  facet normal 0 0 1
    outer loop
      vertex 23.8107 -1.43759 4
      vertex 24 -3.25 4
      vertex 24 -1.45 4
    endloop
  endfacet
  facet normal 0 0 1
    outer loop
      vertex 23.5758 -3.2222 4
      vertex 23.8107 -1.43759 4
      vertex 23.6247 -1.40059 4
    endloop
  endfacet
  facet normal 0 0 1
    outer loop
      vertex 23.8107 -1.43759 4
      vertex 23.5758 -3.2222 4
      vertex 24 -3.25 4
    endloop
  endfacet
  facet normal 0 0 1
    outer loop
      vertex 23.1588 -3.13926 4
      vertex 23.6247 -1.40059 4
      vertex 23.4451 -1.33962 4
    endloop
  endfacet
  facet normal 0 0 1
    outer loop
      vertex 22.7563 -3.00261 4
      vertex 23.4451 -1.33962 4
      vertex 23.275 -1.25574 4
    endloop
  endfacet
  facet normal 0 0 1
    outer loop
      vertex 23.6247 -1.40059 4
      vertex 23.1588 -3.13926 4
      vertex 23.5758 -3.2222 4
    endloop
  endfacet
  facet normal 0 0 1
    outer loop
      vertex 22.375 -2.81458 4
      vertex 23.275 -1.25574 4
      vertex 23.1173 -1.15036 4
    endloop
  endfacet
  facet normal 0 0 1
    outer loop
      vertex 22.0215 -2.5784 4
      vertex 23.1173 -1.15036 4
      vertex 22.9747 -1.0253 4
    endloop
  endfacet
  facet normal 0 0 1
    outer loop
      vertex 21.7019 -2.2981 4
      vertex 22.9747 -1.0253 4
      vertex 22.8496 -0.882704 4
    endloop
  endfacet
  facet normal 0 0 1
    outer loop
      vertex 23.4451 -1.33962 4
      vertex 22.7563 -3.00261 4
      vertex 23.1588 -3.13926 4
    endloop
  endfacet
  facet normal 0 0 1
    outer loop
      vertex 21.4216 -1.97847 4
      vertex 22.8496 -0.882704 4
      vertex 22.7443 -0.724999 4
    endloop
  endfacet
  facet normal 0 0 1
    outer loop
      vertex 21.1854 -1.625 4
      vertex 22.7443 -0.724999 4
      vertex 22.6604 -0.554891 4
    endloop
  endfacet
  facet normal 0 0 1
    outer loop
      vertex 20.9974 -1.24372 4
      vertex 22.6604 -0.554891 4
      vertex 22.5994 -0.375287 4
    endloop
  endfacet
  facet normal 0 0 1
    outer loop
      vertex 20.8607 -0.841162 4
      vertex 22.5994 -0.375287 4
      vertex 22.5624 -0.189262 4
    endloop
  endfacet
  facet normal 0 0 1
    outer loop
      vertex 23.275 -1.25574 4
      vertex 22.375 -2.81458 4
      vertex 22.7563 -3.00261 4
    endloop
  endfacet
  facet normal 0 0 1
    outer loop
      vertex 20.7778 -0.42421 4
      vertex 22.5624 -0.189262 4
      vertex 22.55 0 4
    endloop
  endfacet
  facet normal 0 0 1
    outer loop
      vertex 22.7443 0.724999 4
      vertex 21.1854 1.625 4
      vertex 22.6604 0.554891 4
    endloop
  endfacet
  facet normal -0 0 1
    outer loop
      vertex 20.9974 1.24372 4
      vertex 22.6604 0.554891 4
      vertex 21.1854 1.625 4
    endloop
  endfacet
  facet normal 0 0 1
    outer loop
      vertex 23.1173 -1.15036 4
      vertex 22.0215 -2.5784 4
      vertex 22.375 -2.81458 4
    endloop
  endfacet
  facet normal 0 0 1
    outer loop
      vertex 22.6604 0.554891 4
      vertex 20.9974 1.24372 4
      vertex 22.5994 0.375287 4
    endloop
  endfacet
  facet normal 0 0 1
    outer loop
      vertex 22.9747 -1.0253 4
      vertex 21.7019 -2.2981 4
      vertex 22.0215 -2.5784 4
    endloop
  endfacet
  facet normal -0 0 1
    outer loop
      vertex 20.8607 0.841162 4
      vertex 22.5994 0.375287 4
      vertex 20.9974 1.24372 4
    endloop
  endfacet
  facet normal 0 0 1
    outer loop
      vertex 22.8496 -0.882704 4
      vertex 21.4216 -1.97847 4
      vertex 21.7019 -2.2981 4
    endloop
  endfacet
  facet normal 0 0 1
    outer loop
      vertex 22.5994 0.375287 4
      vertex 20.8607 0.841162 4
      vertex 22.5624 0.189262 4
    endloop
  endfacet
  facet normal 0 0 1
    outer loop
      vertex 22.7443 -0.724999 4
      vertex 21.1854 -1.625 4
      vertex 21.4216 -1.97847 4
    endloop
  endfacet
  facet normal -0 0 1
    outer loop
      vertex 20.7778 0.42421 4
      vertex 22.5624 0.189262 4
      vertex 20.8607 0.841162 4
    endloop
  endfacet
  facet normal 0 0 1
    outer loop
      vertex 22.6604 -0.554891 4
      vertex 20.9974 -1.24372 4
      vertex 21.1854 -1.625 4
    endloop
  endfacet
  facet normal 0 0 1
    outer loop
      vertex 22.5624 0.189262 4
      vertex 20.7778 0.42421 4
      vertex 22.55 0 4
    endloop
  endfacet
  facet normal 0 0 1
    outer loop
      vertex 22.5994 -0.375287 4
      vertex 20.8607 -0.841162 4
      vertex 20.9974 -1.24372 4
    endloop
  endfacet
  facet normal 0 0 1
    outer loop
      vertex 20.75 0 4
      vertex 22.55 0 4
      vertex 20.7778 0.42421 4
    endloop
  endfacet
  facet normal 0 0 1
    outer loop
      vertex 22.5624 -0.189262 4
      vertex 20.7778 -0.42421 4
      vertex 20.8607 -0.841162 4
    endloop
  endfacet
  facet normal 0 0 1
    outer loop
      vertex 22.55 0 4
      vertex 20.75 0 4
      vertex 20.7778 -0.42421 4
    endloop
  endfacet
  facet normal -0.0653948 0.997859 0
    outer loop
      vertex 24 3.25 0
      vertex 23.5758 3.2222 4
      vertex 24 3.25 4
    endloop
  endfacet
  facet normal -0.0653948 0.997859 0
    outer loop
      vertex 23.5758 3.2222 4
      vertex 24 3.25 0
      vertex 23.5758 3.2222 0
    endloop
  endfacet
  facet normal 0.946894 -0.321545 0
    outer loop
      vertex 27.0026 -1.24372 4
      vertex 27.1393 -0.841162 0
      vertex 27.1393 -0.841162 4
    endloop
  endfacet
  facet normal 0.946894 -0.321545 0
    outer loop
      vertex 27.1393 -0.841162 0
      vertex 27.0026 -1.24372 4
      vertex 27.0026 -1.24372 0
    endloop
  endfacet
  facet normal 0.0653948 -0.997859 0
    outer loop
      vertex 24 -3.25 0
      vertex 24.4242 -3.2222 4
      vertex 24 -3.25 4
    endloop
  endfacet
  facet normal 0.0653948 -0.997859 0
    outer loop
      vertex 24.4242 -3.2222 4
      vertex 24 -3.25 0
      vertex 24.4242 -3.2222 0
    endloop
  endfacet
  facet normal -0.65937 -0.751818 0
    outer loop
      vertex 21.7019 -2.2981 0
      vertex 22.0215 -2.5784 4
      vertex 21.7019 -2.2981 4
    endloop
  endfacet
  facet normal -0.65937 -0.751818 -0
    outer loop
      vertex 22.0215 -2.5784 4
      vertex 21.7019 -2.2981 0
      vertex 22.0215 -2.5784 0
    endloop
  endfacet
  facet normal -0.99786 -0.0653933 0
    outer loop
      vertex 20.7778 -0.42421 0
      vertex 20.75 0 4
      vertex 20.75 0 0
    endloop
  endfacet
  facet normal -0.99786 -0.0653933 0
    outer loop
      vertex 20.75 0 4
      vertex 20.7778 -0.42421 0
      vertex 20.7778 -0.42421 4
    endloop
  endfacet
  facet normal 0.946894 0.321545 0
    outer loop
      vertex 27.1393 0.841162 4
      vertex 27.0026 1.24372 0
      vertex 27.0026 1.24372 4
    endloop
  endfacet
  facet normal 0.946894 0.321545 0
    outer loop
      vertex 27.0026 1.24372 0
      vertex 27.1393 0.841162 4
      vertex 27.1393 0.841162 0
    endloop
  endfacet
  facet normal 0.980802 0.195007 0
    outer loop
      vertex 27.2222 0.42421 4
      vertex 27.1393 0.841162 0
      vertex 27.1393 0.841162 4
    endloop
  endfacet
  facet normal 0.980802 0.195007 0
    outer loop
      vertex 27.1393 0.841162 0
      vertex 27.2222 0.42421 4
      vertex 27.2222 0.42421 0
    endloop
  endfacet
  facet normal 0.751849 0.659335 0
    outer loop
      vertex 26.5784 1.97847 4
      vertex 26.2981 2.2981 0
      vertex 26.2981 2.2981 4
    endloop
  endfacet
  facet normal 0.751849 0.659335 0
    outer loop
      vertex 26.2981 2.2981 0
      vertex 26.5784 1.97847 4
      vertex 26.5784 1.97847 0
    endloop
  endfacet
  facet normal 0.321481 0.946916 -0
    outer loop
      vertex 25.2437 3.00261 0
      vertex 24.8412 3.13926 4
      vertex 25.2437 3.00261 4
    endloop
  endfacet
  facet normal 0.321481 0.946916 0
    outer loop
      vertex 24.8412 3.13926 4
      vertex 25.2437 3.00261 0
      vertex 24.8412 3.13926 0
    endloop
  endfacet
  facet normal 0.195076 0.980788 -0
    outer loop
      vertex 24.8412 3.13926 0
      vertex 24.4242 3.2222 4
      vertex 24.8412 3.13926 4
    endloop
  endfacet
  facet normal 0.195076 0.980788 0
    outer loop
      vertex 24.4242 3.2222 4
      vertex 24.8412 3.13926 0
      vertex 24.4242 3.2222 0
    endloop
  endfacet
  facet normal -0.831449 0.555601 0
    outer loop
      vertex 21.1854 1.625 0
      vertex 21.4216 1.97847 4
      vertex 21.4216 1.97847 0
    endloop
  endfacet
  facet normal -0.831449 0.555601 0
    outer loop
      vertex 21.4216 1.97847 4
      vertex 21.1854 1.625 0
      vertex 21.1854 1.625 4
    endloop
  endfacet
  facet normal -0.946894 0.321545 0
    outer loop
      vertex 20.8607 0.841162 0
      vertex 20.9974 1.24372 4
      vertex 20.9974 1.24372 0
    endloop
  endfacet
  facet normal -0.946894 0.321545 0
    outer loop
      vertex 20.9974 1.24372 4
      vertex 20.8607 0.841162 0
      vertex 20.8607 0.841162 4
    endloop
  endfacet
  facet normal -0.980802 0.195007 0
    outer loop
      vertex 20.7778 0.42421 0
      vertex 20.8607 0.841162 4
      vertex 20.8607 0.841162 0
    endloop
  endfacet
  facet normal -0.980802 0.195007 0
    outer loop
      vertex 20.8607 0.841162 4
      vertex 20.7778 0.42421 0
      vertex 20.7778 0.42421 4
    endloop
  endfacet
  facet normal -0.442277 0.896879 0
    outer loop
      vertex 22.7563 3.00261 0
      vertex 22.375 2.81458 4
      vertex 22.7563 3.00261 4
    endloop
  endfacet
  facet normal -0.442277 0.896879 0
    outer loop
      vertex 22.375 2.81458 4
      vertex 22.7563 3.00261 0
      vertex 22.375 2.81458 0
    endloop
  endfacet
  facet normal -0.555536 0.831493 0
    outer loop
      vertex 22.375 2.81458 0
      vertex 22.0215 2.5784 4
      vertex 22.375 2.81458 4
    endloop
  endfacet
  facet normal -0.555536 0.831493 0
    outer loop
      vertex 22.0215 2.5784 4
      vertex 22.375 2.81458 0
      vertex 22.0215 2.5784 0
    endloop
  endfacet
  facet normal -0.195076 0.980788 0
    outer loop
      vertex 23.5758 3.2222 0
      vertex 23.1588 3.13926 4
      vertex 23.5758 3.2222 4
    endloop
  endfacet
  facet normal -0.195076 0.980788 0
    outer loop
      vertex 23.1588 3.13926 4
      vertex 23.5758 3.2222 0
      vertex 23.1588 3.13926 0
    endloop
  endfacet
  facet normal 0.195076 -0.980788 0
    outer loop
      vertex 24.4242 -3.2222 0
      vertex 24.8412 -3.13926 4
      vertex 24.4242 -3.2222 4
    endloop
  endfacet
  facet normal 0.195076 -0.980788 0
    outer loop
      vertex 24.8412 -3.13926 4
      vertex 24.4242 -3.2222 0
      vertex 24.8412 -3.13926 0
    endloop
  endfacet
  facet normal 0.65937 -0.751818 0
    outer loop
      vertex 25.9785 -2.5784 0
      vertex 26.2981 -2.2981 4
      vertex 25.9785 -2.5784 4
    endloop
  endfacet
  facet normal 0.65937 -0.751818 0
    outer loop
      vertex 26.2981 -2.2981 4
      vertex 25.9785 -2.5784 0
      vertex 26.2981 -2.2981 0
    endloop
  endfacet
  facet normal 0.442277 -0.896879 0
    outer loop
      vertex 25.2437 -3.00261 0
      vertex 25.625 -2.81458 4
      vertex 25.2437 -3.00261 4
    endloop
  endfacet
  facet normal 0.442277 -0.896879 0
    outer loop
      vertex 25.625 -2.81458 4
      vertex 25.2437 -3.00261 0
      vertex 25.625 -2.81458 0
    endloop
  endfacet
  facet normal 0.831449 -0.555601 0
    outer loop
      vertex 26.5784 -1.97847 4
      vertex 26.8146 -1.625 0
      vertex 26.8146 -1.625 4
    endloop
  endfacet
  facet normal 0.831449 -0.555601 0
    outer loop
      vertex 26.8146 -1.625 0
      vertex 26.5784 -1.97847 4
      vertex 26.5784 -1.97847 0
    endloop
  endfacet
  facet normal -0.555536 -0.831493 0
    outer loop
      vertex 22.0215 -2.5784 0
      vertex 22.375 -2.81458 4
      vertex 22.0215 -2.5784 4
    endloop
  endfacet
  facet normal -0.555536 -0.831493 -0
    outer loop
      vertex 22.375 -2.81458 4
      vertex 22.0215 -2.5784 0
      vertex 22.375 -2.81458 0
    endloop
  endfacet
  facet normal -0.321481 -0.946916 0
    outer loop
      vertex 22.7563 -3.00261 0
      vertex 23.1588 -3.13926 4
      vertex 22.7563 -3.00261 4
    endloop
  endfacet
  facet normal -0.321481 -0.946916 -0
    outer loop
      vertex 23.1588 -3.13926 4
      vertex 22.7563 -3.00261 0
      vertex 23.1588 -3.13926 0
    endloop
  endfacet
  facet normal -0.0653948 -0.997859 0
    outer loop
      vertex 23.5758 -3.2222 0
      vertex 24 -3.25 4
      vertex 23.5758 -3.2222 4
    endloop
  endfacet
  facet normal -0.0653948 -0.997859 -0
    outer loop
      vertex 24 -3.25 4
      vertex 23.5758 -3.2222 0
      vertex 24 -3.25 0
    endloop
  endfacet
  facet normal -0.896897 -0.442239 0
    outer loop
      vertex 21.1854 -1.625 0
      vertex 20.9974 -1.24372 4
      vertex 20.9974 -1.24372 0
    endloop
  endfacet
  facet normal -0.896897 -0.442239 0
    outer loop
      vertex 20.9974 -1.24372 4
      vertex 21.1854 -1.625 0
      vertex 21.1854 -1.625 4
    endloop
  endfacet
  facet normal -0.751849 -0.659335 0
    outer loop
      vertex 21.7019 -2.2981 0
      vertex 21.4216 -1.97847 4
      vertex 21.4216 -1.97847 0
    endloop
  endfacet
  facet normal -0.751849 -0.659335 0
    outer loop
      vertex 21.4216 -1.97847 4
      vertex 21.7019 -2.2981 0
      vertex 21.7019 -2.2981 4
    endloop
  endfacet
  facet normal -0.980802 -0.195007 0
    outer loop
      vertex 20.8607 -0.841162 0
      vertex 20.7778 -0.42421 4
      vertex 20.7778 -0.42421 0
    endloop
  endfacet
  facet normal -0.980802 -0.195007 0
    outer loop
      vertex 20.7778 -0.42421 4
      vertex 20.8607 -0.841162 0
      vertex 20.8607 -0.841162 4
    endloop
  endfacet
  facet normal 0.321481 -0.946916 0
    outer loop
      vertex 24.8412 -3.13926 0
      vertex 25.2437 -3.00261 4
      vertex 24.8412 -3.13926 4
    endloop
  endfacet
  facet normal 0.321481 -0.946916 0
    outer loop
      vertex 25.2437 -3.00261 4
      vertex 24.8412 -3.13926 0
      vertex 25.2437 -3.00261 0
    endloop
  endfacet
  facet normal 0.751849 -0.659335 0
    outer loop
      vertex 26.2981 -2.2981 4
      vertex 26.5784 -1.97847 0
      vertex 26.5784 -1.97847 4
    endloop
  endfacet
  facet normal 0.751849 -0.659335 0
    outer loop
      vertex 26.5784 -1.97847 0
      vertex 26.2981 -2.2981 4
      vertex 26.2981 -2.2981 0
    endloop
  endfacet
  facet normal 0.555536 -0.831493 0
    outer loop
      vertex 25.625 -2.81458 0
      vertex 25.9785 -2.5784 4
      vertex 25.625 -2.81458 4
    endloop
  endfacet
  facet normal 0.555536 -0.831493 0
    outer loop
      vertex 25.9785 -2.5784 4
      vertex 25.625 -2.81458 0
      vertex 25.9785 -2.5784 0
    endloop
  endfacet
  facet normal 0.980802 -0.195007 0
    outer loop
      vertex 27.1393 -0.841162 4
      vertex 27.2222 -0.42421 0
      vertex 27.2222 -0.42421 4
    endloop
  endfacet
  facet normal 0.980802 -0.195007 0
    outer loop
      vertex 27.2222 -0.42421 0
      vertex 27.1393 -0.841162 4
      vertex 27.1393 -0.841162 0
    endloop
  endfacet
  facet normal 0.896897 -0.442239 0
    outer loop
      vertex 26.8146 -1.625 4
      vertex 27.0026 -1.24372 0
      vertex 27.0026 -1.24372 4
    endloop
  endfacet
  facet normal 0.896897 -0.442239 0
    outer loop
      vertex 27.0026 -1.24372 0
      vertex 26.8146 -1.625 4
      vertex 26.8146 -1.625 0
    endloop
  endfacet
  facet normal -0.442277 -0.896879 0
    outer loop
      vertex 22.375 -2.81458 0
      vertex 22.7563 -3.00261 4
      vertex 22.375 -2.81458 4
    endloop
  endfacet
  facet normal -0.442277 -0.896879 -0
    outer loop
      vertex 22.7563 -3.00261 4
      vertex 22.375 -2.81458 0
      vertex 22.7563 -3.00261 0
    endloop
  endfacet
  facet normal -0.195076 -0.980788 0
    outer loop
      vertex 23.1588 -3.13926 0
      vertex 23.5758 -3.2222 4
      vertex 23.1588 -3.13926 4
    endloop
  endfacet
  facet normal -0.195076 -0.980788 -0
    outer loop
      vertex 23.5758 -3.2222 4
      vertex 23.1588 -3.13926 0
      vertex 23.5758 -3.2222 0
    endloop
  endfacet
  facet normal -0.831449 -0.555601 0
    outer loop
      vertex 21.4216 -1.97847 0
      vertex 21.1854 -1.625 4
      vertex 21.1854 -1.625 0
    endloop
  endfacet
  facet normal -0.831449 -0.555601 0
    outer loop
      vertex 21.1854 -1.625 4
      vertex 21.4216 -1.97847 0
      vertex 21.4216 -1.97847 4
    endloop
  endfacet
  facet normal -0.946894 -0.321545 0
    outer loop
      vertex 20.9974 -1.24372 0
      vertex 20.8607 -0.841162 4
      vertex 20.8607 -0.841162 0
    endloop
  endfacet
  facet normal -0.946894 -0.321545 0
    outer loop
      vertex 20.8607 -0.841162 4
      vertex 20.9974 -1.24372 0
      vertex 20.9974 -1.24372 4
    endloop
  endfacet
  facet normal 0.99786 -0.0653933 0
    outer loop
      vertex 27.2222 -0.42421 4
      vertex 27.25 0 0
      vertex 27.25 0 4
    endloop
  endfacet
  facet normal 0.99786 -0.0653933 0
    outer loop
      vertex 27.25 0 0
      vertex 27.2222 -0.42421 4
      vertex 27.2222 -0.42421 0
    endloop
  endfacet
  facet normal -0.997861 -0.0653775 0
    outer loop
      vertex 25.45 0 0
      vertex 25.4376 0.189262 4
      vertex 25.4376 0.189262 0
    endloop
  endfacet
  facet normal -0.997861 -0.0653775 0
    outer loop
      vertex 25.4376 0.189262 4
      vertex 25.45 0 0
      vertex 25.45 0 4
    endloop
  endfacet
  facet normal 0.997861 -0.0653775 0
    outer loop
      vertex 22.55 0 4
      vertex 22.5624 0.189262 0
      vertex 22.5624 0.189262 4
    endloop
  endfacet
  facet normal 0.997861 -0.0653775 0
    outer loop
      vertex 22.5624 0.189262 0
      vertex 22.55 0 4
      vertex 22.55 0 0
    endloop
  endfacet
  facet normal -0.0654169 -0.997858 0
    outer loop
      vertex 24 1.45 0
      vertex 24.1893 1.43759 4
      vertex 24 1.45 4
    endloop
  endfacet
  facet normal -0.0654169 -0.997858 -0
    outer loop
      vertex 24.1893 1.43759 4
      vertex 24 1.45 0
      vertex 24.1893 1.43759 0
    endloop
  endfacet
  facet normal -0.751718 -0.659485 0
    outer loop
      vertex 25.1504 0.882704 0
      vertex 25.0253 1.0253 4
      vertex 25.0253 1.0253 0
    endloop
  endfacet
  facet normal -0.751718 -0.659485 0
    outer loop
      vertex 25.0253 1.0253 4
      vertex 25.1504 0.882704 0
      vertex 25.1504 0.882704 4
    endloop
  endfacet
  facet normal 0.659355 -0.751832 0
    outer loop
      vertex 22.9747 1.0253 0
      vertex 23.1173 1.15036 4
      vertex 22.9747 1.0253 4
    endloop
  endfacet
  facet normal 0.659355 -0.751832 0
    outer loop
      vertex 23.1173 1.15036 4
      vertex 22.9747 1.0253 0
      vertex 23.1173 1.15036 0
    endloop
  endfacet
  facet normal 0.321458 -0.946924 0
    outer loop
      vertex 23.4451 1.33962 0
      vertex 23.6247 1.40059 4
      vertex 23.4451 1.33962 4
    endloop
  endfacet
  facet normal 0.321458 -0.946924 0
    outer loop
      vertex 23.6247 1.40059 4
      vertex 23.4451 1.33962 0
      vertex 23.6247 1.40059 0
    endloop
  endfacet
  facet normal -0.896848 -0.44234 0
    outer loop
      vertex 25.3396 0.554891 0
      vertex 25.2557 0.724999 4
      vertex 25.2557 0.724999 0
    endloop
  endfacet
  facet normal -0.896848 -0.44234 0
    outer loop
      vertex 25.2557 0.724999 4
      vertex 25.3396 0.554891 0
      vertex 25.3396 0.554891 4
    endloop
  endfacet
  facet normal -0.980788 -0.195077 0
    outer loop
      vertex 25.4376 0.189262 0
      vertex 25.4006 0.375287 4
      vertex 25.4006 0.375287 0
    endloop
  endfacet
  facet normal -0.980788 -0.195077 0
    outer loop
      vertex 25.4006 0.375287 4
      vertex 25.4376 0.189262 0
      vertex 25.4376 0.189262 4
    endloop
  endfacet
  facet normal -0.831653 -0.555296 0
    outer loop
      vertex 25.2557 0.724999 0
      vertex 25.1504 0.882704 4
      vertex 25.1504 0.882704 0
    endloop
  endfacet
  facet normal -0.831653 -0.555296 0
    outer loop
      vertex 25.1504 0.882704 4
      vertex 25.2557 0.724999 0
      vertex 25.2557 0.724999 4
    endloop
  endfacet
  facet normal -0.442272 -0.896881 0
    outer loop
      vertex 24.5549 1.33962 0
      vertex 24.725 1.25574 4
      vertex 24.5549 1.33962 4
    endloop
  endfacet
  facet normal -0.442272 -0.896881 -0
    outer loop
      vertex 24.725 1.25574 4
      vertex 24.5549 1.33962 0
      vertex 24.725 1.25574 0
    endloop
  endfacet
  facet normal -0.321458 -0.946924 0
    outer loop
      vertex 24.3753 1.40059 0
      vertex 24.5549 1.33962 4
      vertex 24.3753 1.40059 4
    endloop
  endfacet
  facet normal -0.321458 -0.946924 -0
    outer loop
      vertex 24.5549 1.33962 4
      vertex 24.3753 1.40059 0
      vertex 24.5549 1.33962 0
    endloop
  endfacet
  facet normal -0.5556 -0.83145 0
    outer loop
      vertex 24.725 1.25574 0
      vertex 24.8827 1.15036 4
      vertex 24.725 1.25574 4
    endloop
  endfacet
  facet normal -0.5556 -0.83145 -0
    outer loop
      vertex 24.8827 1.15036 4
      vertex 24.725 1.25574 0
      vertex 24.8827 1.15036 0
    endloop
  endfacet
  facet normal 0.896848 -0.44234 0
    outer loop
      vertex 22.6604 0.554891 4
      vertex 22.7443 0.724999 0
      vertex 22.7443 0.724999 4
    endloop
  endfacet
  facet normal 0.896848 -0.44234 0
    outer loop
      vertex 22.7443 0.724999 0
      vertex 22.6604 0.554891 4
      vertex 22.6604 0.554891 0
    endloop
  endfacet
  facet normal 0.831653 -0.555296 0
    outer loop
      vertex 22.7443 0.724999 4
      vertex 22.8496 0.882704 0
      vertex 22.8496 0.882704 4
    endloop
  endfacet
  facet normal 0.831653 -0.555296 0
    outer loop
      vertex 22.8496 0.882704 0
      vertex 22.7443 0.724999 4
      vertex 22.7443 0.724999 0
    endloop
  endfacet
  facet normal 0.946878 -0.321594 0
    outer loop
      vertex 22.5994 0.375287 4
      vertex 22.6604 0.554891 0
      vertex 22.6604 0.554891 4
    endloop
  endfacet
  facet normal 0.946878 -0.321594 0
    outer loop
      vertex 22.6604 0.554891 0
      vertex 22.5994 0.375287 4
      vertex 22.5994 0.375287 0
    endloop
  endfacet
  facet normal 0.442272 -0.896881 0
    outer loop
      vertex 23.275 1.25574 0
      vertex 23.4451 1.33962 4
      vertex 23.275 1.25574 4
    endloop
  endfacet
  facet normal 0.442272 -0.896881 0
    outer loop
      vertex 23.4451 1.33962 4
      vertex 23.275 1.25574 0
      vertex 23.4451 1.33962 0
    endloop
  endfacet
  facet normal 0.195102 -0.980783 0
    outer loop
      vertex 23.6247 1.40059 0
      vertex 23.8107 1.43759 4
      vertex 23.6247 1.40059 4
    endloop
  endfacet
  facet normal 0.195102 -0.980783 0
    outer loop
      vertex 23.8107 1.43759 4
      vertex 23.6247 1.40059 0
      vertex 23.8107 1.43759 0
    endloop
  endfacet
  facet normal -0.659355 0.751832 0
    outer loop
      vertex 25.0253 -1.0253 0
      vertex 24.8827 -1.15036 4
      vertex 25.0253 -1.0253 4
    endloop
  endfacet
  facet normal -0.659355 0.751832 0
    outer loop
      vertex 24.8827 -1.15036 4
      vertex 25.0253 -1.0253 0
      vertex 24.8827 -1.15036 0
    endloop
  endfacet
  facet normal -0.442272 0.896881 0
    outer loop
      vertex 24.725 -1.25574 0
      vertex 24.5549 -1.33962 4
      vertex 24.725 -1.25574 4
    endloop
  endfacet
  facet normal -0.442272 0.896881 0
    outer loop
      vertex 24.5549 -1.33962 4
      vertex 24.725 -1.25574 0
      vertex 24.5549 -1.33962 0
    endloop
  endfacet
  facet normal 0.321458 0.946924 -0
    outer loop
      vertex 23.6247 -1.40059 0
      vertex 23.4451 -1.33962 4
      vertex 23.6247 -1.40059 4
    endloop
  endfacet
  facet normal 0.321458 0.946924 0
    outer loop
      vertex 23.4451 -1.33962 4
      vertex 23.6247 -1.40059 0
      vertex 23.4451 -1.33962 0
    endloop
  endfacet
  facet normal 0.896848 0.44234 0
    outer loop
      vertex 22.7443 -0.724999 4
      vertex 22.6604 -0.554891 0
      vertex 22.6604 -0.554891 4
    endloop
  endfacet
  facet normal 0.896848 0.44234 0
    outer loop
      vertex 22.6604 -0.554891 0
      vertex 22.7443 -0.724999 4
      vertex 22.7443 -0.724999 0
    endloop
  endfacet
  facet normal 0.831653 0.555296 0
    outer loop
      vertex 22.8496 -0.882704 4
      vertex 22.7443 -0.724999 0
      vertex 22.7443 -0.724999 4
    endloop
  endfacet
  facet normal 0.831653 0.555296 0
    outer loop
      vertex 22.7443 -0.724999 0
      vertex 22.8496 -0.882704 4
      vertex 22.8496 -0.882704 0
    endloop
  endfacet
  facet normal -0.946878 -0.321594 0
    outer loop
      vertex 25.4006 0.375287 0
      vertex 25.3396 0.554891 4
      vertex 25.3396 0.554891 0
    endloop
  endfacet
  facet normal -0.946878 -0.321594 0
    outer loop
      vertex 25.3396 0.554891 4
      vertex 25.4006 0.375287 0
      vertex 25.4006 0.375287 4
    endloop
  endfacet
  facet normal -0.195102 -0.980783 0
    outer loop
      vertex 24.1893 1.43759 0
      vertex 24.3753 1.40059 4
      vertex 24.1893 1.43759 4
    endloop
  endfacet
  facet normal -0.195102 -0.980783 -0
    outer loop
      vertex 24.3753 1.40059 4
      vertex 24.1893 1.43759 0
      vertex 24.3753 1.40059 0
    endloop
  endfacet
  facet normal -0.659355 -0.751832 0
    outer loop
      vertex 24.8827 1.15036 0
      vertex 25.0253 1.0253 4
      vertex 24.8827 1.15036 4
    endloop
  endfacet
  facet normal -0.659355 -0.751832 -0
    outer loop
      vertex 25.0253 1.0253 4
      vertex 24.8827 1.15036 0
      vertex 25.0253 1.0253 0
    endloop
  endfacet
  facet normal 0.751718 -0.659485 0
    outer loop
      vertex 22.8496 0.882704 4
      vertex 22.9747 1.0253 0
      vertex 22.9747 1.0253 4
    endloop
  endfacet
  facet normal 0.751718 -0.659485 0
    outer loop
      vertex 22.9747 1.0253 0
      vertex 22.8496 0.882704 4
      vertex 22.8496 0.882704 0
    endloop
  endfacet
  facet normal 0.980788 -0.195077 0
    outer loop
      vertex 22.5624 0.189262 4
      vertex 22.5994 0.375287 0
      vertex 22.5994 0.375287 4
    endloop
  endfacet
  facet normal 0.980788 -0.195077 0
    outer loop
      vertex 22.5994 0.375287 0
      vertex 22.5624 0.189262 4
      vertex 22.5624 0.189262 0
    endloop
  endfacet
  facet normal 0.5556 -0.83145 0
    outer loop
      vertex 23.1173 1.15036 0
      vertex 23.275 1.25574 4
      vertex 23.1173 1.15036 4
    endloop
  endfacet
  facet normal 0.5556 -0.83145 0
    outer loop
      vertex 23.275 1.25574 4
      vertex 23.1173 1.15036 0
      vertex 23.275 1.25574 0
    endloop
  endfacet
  facet normal 0.0654169 -0.997858 0
    outer loop
      vertex 23.8107 1.43759 0
      vertex 24 1.45 4
      vertex 23.8107 1.43759 4
    endloop
  endfacet
  facet normal 0.0654169 -0.997858 0
    outer loop
      vertex 24 1.45 4
      vertex 23.8107 1.43759 0
      vertex 24 1.45 0
    endloop
  endfacet
  facet normal -0.997861 0.0653775 0
    outer loop
      vertex 25.4376 -0.189262 0
      vertex 25.45 0 4
      vertex 25.45 0 0
    endloop
  endfacet
  facet normal -0.997861 0.0653775 0
    outer loop
      vertex 25.45 0 4
      vertex 25.4376 -0.189262 0
      vertex 25.4376 -0.189262 4
    endloop
  endfacet
  facet normal -0.0654169 0.997858 0
    outer loop
      vertex 24.1893 -1.43759 0
      vertex 24 -1.45 4
      vertex 24.1893 -1.43759 4
    endloop
  endfacet
  facet normal -0.0654169 0.997858 0
    outer loop
      vertex 24 -1.45 4
      vertex 24.1893 -1.43759 0
      vertex 24 -1.45 0
    endloop
  endfacet
  facet normal -0.321458 0.946924 0
    outer loop
      vertex 24.5549 -1.33962 0
      vertex 24.3753 -1.40059 4
      vertex 24.5549 -1.33962 4
    endloop
  endfacet
  facet normal -0.321458 0.946924 0
    outer loop
      vertex 24.3753 -1.40059 4
      vertex 24.5549 -1.33962 0
      vertex 24.3753 -1.40059 0
    endloop
  endfacet
  facet normal -0.5556 0.83145 0
    outer loop
      vertex 24.8827 -1.15036 0
      vertex 24.725 -1.25574 4
      vertex 24.8827 -1.15036 4
    endloop
  endfacet
  facet normal -0.5556 0.83145 0
    outer loop
      vertex 24.725 -1.25574 4
      vertex 24.8827 -1.15036 0
      vertex 24.725 -1.25574 0
    endloop
  endfacet
  facet normal -0.831653 0.555296 0
    outer loop
      vertex 25.1504 -0.882704 0
      vertex 25.2557 -0.724999 4
      vertex 25.2557 -0.724999 0
    endloop
  endfacet
  facet normal -0.831653 0.555296 0
    outer loop
      vertex 25.2557 -0.724999 4
      vertex 25.1504 -0.882704 0
      vertex 25.1504 -0.882704 4
    endloop
  endfacet
  facet normal -0.751718 0.659485 0
    outer loop
      vertex 25.0253 -1.0253 0
      vertex 25.1504 -0.882704 4
      vertex 25.1504 -0.882704 0
    endloop
  endfacet
  facet normal -0.751718 0.659485 0
    outer loop
      vertex 25.1504 -0.882704 4
      vertex 25.0253 -1.0253 0
      vertex 25.0253 -1.0253 4
    endloop
  endfacet
  facet normal 0.5556 0.83145 -0
    outer loop
      vertex 23.275 -1.25574 0
      vertex 23.1173 -1.15036 4
      vertex 23.275 -1.25574 4
    endloop
  endfacet
  facet normal 0.5556 0.83145 0
    outer loop
      vertex 23.1173 -1.15036 4
      vertex 23.275 -1.25574 0
      vertex 23.1173 -1.15036 0
    endloop
  endfacet
  facet normal 0.659355 0.751832 -0
    outer loop
      vertex 23.1173 -1.15036 0
      vertex 22.9747 -1.0253 4
      vertex 23.1173 -1.15036 4
    endloop
  endfacet
  facet normal 0.659355 0.751832 0
    outer loop
      vertex 22.9747 -1.0253 4
      vertex 23.1173 -1.15036 0
      vertex 22.9747 -1.0253 0
    endloop
  endfacet
  facet normal 0.442272 0.896881 -0
    outer loop
      vertex 23.4451 -1.33962 0
      vertex 23.275 -1.25574 4
      vertex 23.4451 -1.33962 4
    endloop
  endfacet
  facet normal 0.442272 0.896881 0
    outer loop
      vertex 23.275 -1.25574 4
      vertex 23.4451 -1.33962 0
      vertex 23.275 -1.25574 0
    endloop
  endfacet
  facet normal 0.195102 0.980783 -0
    outer loop
      vertex 23.8107 -1.43759 0
      vertex 23.6247 -1.40059 4
      vertex 23.8107 -1.43759 4
    endloop
  endfacet
  facet normal 0.195102 0.980783 0
    outer loop
      vertex 23.6247 -1.40059 4
      vertex 23.8107 -1.43759 0
      vertex 23.6247 -1.40059 0
    endloop
  endfacet
  facet normal 0.751718 0.659485 0
    outer loop
      vertex 22.9747 -1.0253 4
      vertex 22.8496 -0.882704 0
      vertex 22.8496 -0.882704 4
    endloop
  endfacet
  facet normal 0.751718 0.659485 0
    outer loop
      vertex 22.8496 -0.882704 0
      vertex 22.9747 -1.0253 4
      vertex 22.9747 -1.0253 0
    endloop
  endfacet
  facet normal 0.946878 0.321594 0
    outer loop
      vertex 22.6604 -0.554891 4
      vertex 22.5994 -0.375287 0
      vertex 22.5994 -0.375287 4
    endloop
  endfacet
  facet normal 0.946878 0.321594 0
    outer loop
      vertex 22.5994 -0.375287 0
      vertex 22.6604 -0.554891 4
      vertex 22.6604 -0.554891 0
    endloop
  endfacet
  facet normal 0.997861 0.0653775 0
    outer loop
      vertex 22.5624 -0.189262 4
      vertex 22.55 0 0
      vertex 22.55 0 4
    endloop
  endfacet
  facet normal 0.997861 0.0653775 0
    outer loop
      vertex 22.55 0 0
      vertex 22.5624 -0.189262 4
      vertex 22.5624 -0.189262 0
    endloop
  endfacet
  facet normal -0.195102 0.980783 0
    outer loop
      vertex 24.3753 -1.40059 0
      vertex 24.1893 -1.43759 4
      vertex 24.3753 -1.40059 4
    endloop
  endfacet
  facet normal -0.195102 0.980783 0
    outer loop
      vertex 24.1893 -1.43759 4
      vertex 24.3753 -1.40059 0
      vertex 24.1893 -1.43759 0
    endloop
  endfacet
  facet normal -0.896848 0.44234 0
    outer loop
      vertex 25.2557 -0.724999 0
      vertex 25.3396 -0.554891 4
      vertex 25.3396 -0.554891 0
    endloop
  endfacet
  facet normal -0.896848 0.44234 0
    outer loop
      vertex 25.3396 -0.554891 4
      vertex 25.2557 -0.724999 0
      vertex 25.2557 -0.724999 4
    endloop
  endfacet
  facet normal -0.946878 0.321594 0
    outer loop
      vertex 25.3396 -0.554891 0
      vertex 25.4006 -0.375287 4
      vertex 25.4006 -0.375287 0
    endloop
  endfacet
  facet normal -0.946878 0.321594 0
    outer loop
      vertex 25.4006 -0.375287 4
      vertex 25.3396 -0.554891 0
      vertex 25.3396 -0.554891 4
    endloop
  endfacet
  facet normal -0.980788 0.195077 0
    outer loop
      vertex 25.4006 -0.375287 0
      vertex 25.4376 -0.189262 4
      vertex 25.4376 -0.189262 0
    endloop
  endfacet
  facet normal -0.980788 0.195077 0
    outer loop
      vertex 25.4376 -0.189262 4
      vertex 25.4006 -0.375287 0
      vertex 25.4006 -0.375287 4
    endloop
  endfacet
  facet normal 0.0654169 0.997858 -0
    outer loop
      vertex 24 -1.45 0
      vertex 23.8107 -1.43759 4
      vertex 24 -1.45 4
    endloop
  endfacet
  facet normal 0.0654169 0.997858 0
    outer loop
      vertex 23.8107 -1.43759 4
      vertex 24 -1.45 0
      vertex 23.8107 -1.43759 0
    endloop
  endfacet
  facet normal 0.980788 0.195077 0
    outer loop
      vertex 22.5994 -0.375287 4
      vertex 22.5624 -0.189262 0
      vertex 22.5624 -0.189262 4
    endloop
  endfacet
  facet normal 0.980788 0.195077 0
    outer loop
      vertex 22.5624 -0.189262 0
      vertex 22.5994 -0.375287 4
      vertex 22.5994 -0.375287 0
    endloop
  endfacet
  facet normal 0.99786 0.0653933 0
    outer loop
      vertex 39.25 0 4
      vertex 39.2222 0.42421 0
      vertex 39.2222 0.42421 4
    endloop
  endfacet
  facet normal 0.99786 0.0653933 0
    outer loop
      vertex 39.2222 0.42421 0
      vertex 39.25 0 4
      vertex 39.25 0 0
    endloop
  endfacet
  facet normal -0.99786 0.0653933 0
    outer loop
      vertex 32.75 0 0
      vertex 32.7778 0.42421 4
      vertex 32.7778 0.42421 0
    endloop
  endfacet
  facet normal -0.99786 0.0653933 0
    outer loop
      vertex 32.7778 0.42421 4
      vertex 32.75 0 0
      vertex 32.75 0 4
    endloop
  endfacet
  facet normal 0.0653948 0.997859 -0
    outer loop
      vertex 36.4242 3.2222 0
      vertex 36 3.25 4
      vertex 36.4242 3.2222 4
    endloop
  endfacet
  facet normal 0.0653948 0.997859 0
    outer loop
      vertex 36 3.25 4
      vertex 36.4242 3.2222 0
      vertex 36 3.25 0
    endloop
  endfacet
  facet normal 0.65937 0.751818 -0
    outer loop
      vertex 38.2981 2.2981 0
      vertex 37.9785 2.5784 4
      vertex 38.2981 2.2981 4
    endloop
  endfacet
  facet normal 0.65937 0.751818 0
    outer loop
      vertex 37.9785 2.5784 4
      vertex 38.2981 2.2981 0
      vertex 37.9785 2.5784 0
    endloop
  endfacet
  facet normal -0.65937 0.751818 0
    outer loop
      vertex 34.0215 2.5784 0
      vertex 33.7019 2.2981 4
      vertex 34.0215 2.5784 4
    endloop
  endfacet
  facet normal -0.65937 0.751818 0
    outer loop
      vertex 33.7019 2.2981 4
      vertex 34.0215 2.5784 0
      vertex 33.7019 2.2981 0
    endloop
  endfacet
  facet normal -0.321481 0.946916 0
    outer loop
      vertex 35.1588 3.13926 0
      vertex 34.7563 3.00261 4
      vertex 35.1588 3.13926 4
    endloop
  endfacet
  facet normal -0.321481 0.946916 0
    outer loop
      vertex 34.7563 3.00261 4
      vertex 35.1588 3.13926 0
      vertex 34.7563 3.00261 0
    endloop
  endfacet
  facet normal 0 0 -1
    outer loop
      vertex 37.45 0 0
      vertex 39.25 0 0
      vertex 39.2222 -0.42421 0
    endloop
  endfacet
  facet normal 0 0 -1
    outer loop
      vertex 37.4376 -0.189262 0
      vertex 39.2222 -0.42421 0
      vertex 39.1393 -0.841162 0
    endloop
  endfacet
  facet normal 0 0 -1
    outer loop
      vertex 39.25 0 0
      vertex 37.45 0 0
      vertex 39.2222 0.42421 0
    endloop
  endfacet
  facet normal 0 0 -1
    outer loop
      vertex 37.4006 -0.375287 0
      vertex 39.1393 -0.841162 0
      vertex 39.0026 -1.24372 0
    endloop
  endfacet
  facet normal 0 0 -1
    outer loop
      vertex 37.4376 0.189262 0
      vertex 39.2222 0.42421 0
      vertex 37.45 0 0
    endloop
  endfacet
  facet normal 0 0 -1
    outer loop
      vertex 37.3396 -0.554891 0
      vertex 39.0026 -1.24372 0
      vertex 38.8146 -1.625 0
    endloop
  endfacet
  facet normal -0 0 -1
    outer loop
      vertex 39.2222 0.42421 0
      vertex 37.4376 0.189262 0
      vertex 39.1393 0.841162 0
    endloop
  endfacet
  facet normal 0 0 -1
    outer loop
      vertex 37.2557 -0.724999 0
      vertex 38.8146 -1.625 0
      vertex 38.5784 -1.97847 0
    endloop
  endfacet
  facet normal 0 0 -1
    outer loop
      vertex 37.4006 0.375287 0
      vertex 39.1393 0.841162 0
      vertex 37.4376 0.189262 0
    endloop
  endfacet
  facet normal 0 0 -1
    outer loop
      vertex 37.1504 -0.882704 0
      vertex 38.5784 -1.97847 0
      vertex 38.2981 -2.2981 0
    endloop
  endfacet
  facet normal -0 0 -1
    outer loop
      vertex 39.1393 0.841162 0
      vertex 37.4006 0.375287 0
      vertex 39.0026 1.24372 0
    endloop
  endfacet
  facet normal 0 0 -1
    outer loop
      vertex 37.0253 -1.0253 0
      vertex 38.2981 -2.2981 0
      vertex 37.9785 -2.5784 0
    endloop
  endfacet
  facet normal 0 0 -1
    outer loop
      vertex 37.3396 0.554891 0
      vertex 39.0026 1.24372 0
      vertex 37.4006 0.375287 0
    endloop
  endfacet
  facet normal 0 0 -1
    outer loop
      vertex 36.8827 -1.15036 0
      vertex 37.9785 -2.5784 0
      vertex 37.625 -2.81458 0
    endloop
  endfacet
  facet normal -0 0 -1
    outer loop
      vertex 39.0026 1.24372 0
      vertex 37.3396 0.554891 0
      vertex 38.8146 1.625 0
    endloop
  endfacet
  facet normal 0 0 -1
    outer loop
      vertex 37.2557 0.724999 0
      vertex 38.8146 1.625 0
      vertex 37.3396 0.554891 0
    endloop
  endfacet
  facet normal 0 0 -1
    outer loop
      vertex 39.2222 -0.42421 0
      vertex 37.4376 -0.189262 0
      vertex 37.45 0 0
    endloop
  endfacet
  facet normal 0 0 -1
    outer loop
      vertex 39.1393 -0.841162 0
      vertex 37.4006 -0.375287 0
      vertex 37.4376 -0.189262 0
    endloop
  endfacet
  facet normal 0 0 -1
    outer loop
      vertex 39.0026 -1.24372 0
      vertex 37.3396 -0.554891 0
      vertex 37.4006 -0.375287 0
    endloop
  endfacet
  facet normal 0 0 -1
    outer loop
      vertex 38.8146 -1.625 0
      vertex 37.2557 -0.724999 0
      vertex 37.3396 -0.554891 0
    endloop
  endfacet
  facet normal 0 0 -1
    outer loop
      vertex 36.725 -1.25574 0
      vertex 37.625 -2.81458 0
      vertex 37.2437 -3.00261 0
    endloop
  endfacet
  facet normal 0 0 -1
    outer loop
      vertex 38.5784 -1.97847 0
      vertex 37.1504 -0.882704 0
      vertex 37.2557 -0.724999 0
    endloop
  endfacet
  facet normal 0 0 -1
    outer loop
      vertex 38.2981 -2.2981 0
      vertex 37.0253 -1.0253 0
      vertex 37.1504 -0.882704 0
    endloop
  endfacet
  facet normal 0 0 -1
    outer loop
      vertex 37.9785 -2.5784 0
      vertex 36.8827 -1.15036 0
      vertex 37.0253 -1.0253 0
    endloop
  endfacet
  facet normal 0 0 -1
    outer loop
      vertex 36.5549 -1.33962 0
      vertex 37.2437 -3.00261 0
      vertex 36.8412 -3.13926 0
    endloop
  endfacet
  facet normal 0 0 -1
    outer loop
      vertex 37.625 -2.81458 0
      vertex 36.725 -1.25574 0
      vertex 36.8827 -1.15036 0
    endloop
  endfacet
  facet normal 0 0 -1
    outer loop
      vertex 37.2437 -3.00261 0
      vertex 36.5549 -1.33962 0
      vertex 36.725 -1.25574 0
    endloop
  endfacet
  facet normal 0 0 -1
    outer loop
      vertex 36.3753 -1.40059 0
      vertex 36.8412 -3.13926 0
      vertex 36.4242 -3.2222 0
    endloop
  endfacet
  facet normal 0 0 -1
    outer loop
      vertex 36.8412 -3.13926 0
      vertex 36.3753 -1.40059 0
      vertex 36.5549 -1.33962 0
    endloop
  endfacet
  facet normal 0 0 -1
    outer loop
      vertex 36.4242 -3.2222 0
      vertex 36.1893 -1.43759 0
      vertex 36.3753 -1.40059 0
    endloop
  endfacet
  facet normal 0 0 -1
    outer loop
      vertex 36 -3.25 0
      vertex 36.1893 -1.43759 0
      vertex 36.4242 -3.2222 0
    endloop
  endfacet
  facet normal 0 0 -1
    outer loop
      vertex 36 -3.25 0
      vertex 36 -1.45 0
      vertex 36.1893 -1.43759 0
    endloop
  endfacet
  facet normal 0 0 -1
    outer loop
      vertex 36 -3.25 0
      vertex 35.8107 -1.43759 0
      vertex 36 -1.45 0
    endloop
  endfacet
  facet normal 0 0 -1
    outer loop
      vertex 35.5758 -3.2222 0
      vertex 35.8107 -1.43759 0
      vertex 36 -3.25 0
    endloop
  endfacet
  facet normal -0 0 -1
    outer loop
      vertex 35.8107 -1.43759 0
      vertex 35.5758 -3.2222 0
      vertex 35.6247 -1.40059 0
    endloop
  endfacet
  facet normal 0 0 -1
    outer loop
      vertex 35.1588 -3.13926 0
      vertex 35.6247 -1.40059 0
      vertex 35.5758 -3.2222 0
    endloop
  endfacet
  facet normal -0 0 -1
    outer loop
      vertex 35.6247 -1.40059 0
      vertex 35.1588 -3.13926 0
      vertex 35.4451 -1.33962 0
    endloop
  endfacet
  facet normal 0 0 -1
    outer loop
      vertex 34.7563 -3.00261 0
      vertex 35.4451 -1.33962 0
      vertex 35.1588 -3.13926 0
    endloop
  endfacet
  facet normal -0 0 -1
    outer loop
      vertex 35.4451 -1.33962 0
      vertex 34.7563 -3.00261 0
      vertex 35.275 -1.25574 0
    endloop
  endfacet
  facet normal 0 0 -1
    outer loop
      vertex 34.375 -2.81458 0
      vertex 35.275 -1.25574 0
      vertex 34.7563 -3.00261 0
    endloop
  endfacet
  facet normal -0 0 -1
    outer loop
      vertex 35.275 -1.25574 0
      vertex 34.375 -2.81458 0
      vertex 35.1173 -1.15036 0
    endloop
  endfacet
  facet normal 0 0 -1
    outer loop
      vertex 34.0215 -2.5784 0
      vertex 35.1173 -1.15036 0
      vertex 34.375 -2.81458 0
    endloop
  endfacet
  facet normal -0 0 -1
    outer loop
      vertex 35.1173 -1.15036 0
      vertex 34.0215 -2.5784 0
      vertex 34.9747 -1.0253 0
    endloop
  endfacet
  facet normal 0 0 -1
    outer loop
      vertex 33.7019 -2.2981 0
      vertex 34.9747 -1.0253 0
      vertex 34.0215 -2.5784 0
    endloop
  endfacet
  facet normal -0 0 -1
    outer loop
      vertex 34.9747 -1.0253 0
      vertex 33.7019 -2.2981 0
      vertex 34.8496 -0.882704 0
    endloop
  endfacet
  facet normal 0 0 -1
    outer loop
      vertex 33.4216 -1.97847 0
      vertex 34.8496 -0.882704 0
      vertex 33.7019 -2.2981 0
    endloop
  endfacet
  facet normal 0 0 -1
    outer loop
      vertex 33.1854 -1.625 0
      vertex 34.7443 -0.724999 0
      vertex 33.4216 -1.97847 0
    endloop
  endfacet
  facet normal -0 0 -1
    outer loop
      vertex 34.8496 -0.882704 0
      vertex 33.4216 -1.97847 0
      vertex 34.7443 -0.724999 0
    endloop
  endfacet
  facet normal -0 0 -1
    outer loop
      vertex 38.8146 1.625 0
      vertex 37.2557 0.724999 0
      vertex 38.5784 1.97847 0
    endloop
  endfacet
  facet normal 0 0 -1
    outer loop
      vertex 37.1504 0.882704 0
      vertex 38.5784 1.97847 0
      vertex 37.2557 0.724999 0
    endloop
  endfacet
  facet normal -0 0 -1
    outer loop
      vertex 38.5784 1.97847 0
      vertex 37.1504 0.882704 0
      vertex 38.2981 2.2981 0
    endloop
  endfacet
  facet normal 0 0 -1
    outer loop
      vertex 37.0253 1.0253 0
      vertex 38.2981 2.2981 0
      vertex 37.1504 0.882704 0
    endloop
  endfacet
  facet normal -0 0 -1
    outer loop
      vertex 38.2981 2.2981 0
      vertex 37.0253 1.0253 0
      vertex 37.9785 2.5784 0
    endloop
  endfacet
  facet normal 0 0 -1
    outer loop
      vertex 36.8827 1.15036 0
      vertex 37.9785 2.5784 0
      vertex 37.0253 1.0253 0
    endloop
  endfacet
  facet normal -0 0 -1
    outer loop
      vertex 37.9785 2.5784 0
      vertex 36.8827 1.15036 0
      vertex 37.625 2.81458 0
    endloop
  endfacet
  facet normal 0 0 -1
    outer loop
      vertex 36.725 1.25574 0
      vertex 37.625 2.81458 0
      vertex 36.8827 1.15036 0
    endloop
  endfacet
  facet normal -0 0 -1
    outer loop
      vertex 37.625 2.81458 0
      vertex 36.725 1.25574 0
      vertex 37.2437 3.00261 0
    endloop
  endfacet
  facet normal 0 0 -1
    outer loop
      vertex 36.5549 1.33962 0
      vertex 37.2437 3.00261 0
      vertex 36.725 1.25574 0
    endloop
  endfacet
  facet normal -0 0 -1
    outer loop
      vertex 37.2437 3.00261 0
      vertex 36.5549 1.33962 0
      vertex 36.8412 3.13926 0
    endloop
  endfacet
  facet normal 0 0 -1
    outer loop
      vertex 36.3753 1.40059 0
      vertex 36.8412 3.13926 0
      vertex 36.5549 1.33962 0
    endloop
  endfacet
  facet normal -0 0 -1
    outer loop
      vertex 36.8412 3.13926 0
      vertex 36.3753 1.40059 0
      vertex 36.4242 3.2222 0
    endloop
  endfacet
  facet normal 0 0 -1
    outer loop
      vertex 36.1893 1.43759 0
      vertex 36.4242 3.2222 0
      vertex 36.3753 1.40059 0
    endloop
  endfacet
  facet normal 0 0 -1
    outer loop
      vertex 36 1.45 0
      vertex 36.4242 3.2222 0
      vertex 36.1893 1.43759 0
    endloop
  endfacet
  facet normal 0 0 -1
    outer loop
      vertex 36 1.45 0
      vertex 36 3.25 0
      vertex 36.4242 3.2222 0
    endloop
  endfacet
  facet normal 0 0 -1
    outer loop
      vertex 35.8107 1.43759 0
      vertex 36 3.25 0
      vertex 36 1.45 0
    endloop
  endfacet
  facet normal 0 0 -1
    outer loop
      vertex 35.5758 3.2222 0
      vertex 35.8107 1.43759 0
      vertex 35.6247 1.40059 0
    endloop
  endfacet
  facet normal 0 0 -1
    outer loop
      vertex 35.8107 1.43759 0
      vertex 35.5758 3.2222 0
      vertex 36 3.25 0
    endloop
  endfacet
  facet normal 0 0 -1
    outer loop
      vertex 35.1588 3.13926 0
      vertex 35.6247 1.40059 0
      vertex 35.4451 1.33962 0
    endloop
  endfacet
  facet normal 0 0 -1
    outer loop
      vertex 34.7563 3.00261 0
      vertex 35.4451 1.33962 0
      vertex 35.275 1.25574 0
    endloop
  endfacet
  facet normal 0 0 -1
    outer loop
      vertex 35.6247 1.40059 0
      vertex 35.1588 3.13926 0
      vertex 35.5758 3.2222 0
    endloop
  endfacet
  facet normal 0 0 -1
    outer loop
      vertex 34.375 2.81458 0
      vertex 35.275 1.25574 0
      vertex 35.1173 1.15036 0
    endloop
  endfacet
  facet normal 0 0 -1
    outer loop
      vertex 34.0215 2.5784 0
      vertex 35.1173 1.15036 0
      vertex 34.9747 1.0253 0
    endloop
  endfacet
  facet normal 0 0 -1
    outer loop
      vertex 33.7019 2.2981 0
      vertex 34.9747 1.0253 0
      vertex 34.8496 0.882704 0
    endloop
  endfacet
  facet normal 0 0 -1
    outer loop
      vertex 35.4451 1.33962 0
      vertex 34.7563 3.00261 0
      vertex 35.1588 3.13926 0
    endloop
  endfacet
  facet normal 0 0 -1
    outer loop
      vertex 33.4216 1.97847 0
      vertex 34.8496 0.882704 0
      vertex 34.7443 0.724999 0
    endloop
  endfacet
  facet normal 0 0 -1
    outer loop
      vertex 33.1854 1.625 0
      vertex 34.7443 0.724999 0
      vertex 34.6604 0.554891 0
    endloop
  endfacet
  facet normal 0 0 -1
    outer loop
      vertex 32.9974 1.24372 0
      vertex 34.6604 0.554891 0
      vertex 34.5994 0.375287 0
    endloop
  endfacet
  facet normal 0 0 -1
    outer loop
      vertex 32.8607 0.841162 0
      vertex 34.5994 0.375287 0
      vertex 34.5624 0.189262 0
    endloop
  endfacet
  facet normal 0 0 -1
    outer loop
      vertex 35.275 1.25574 0
      vertex 34.375 2.81458 0
      vertex 34.7563 3.00261 0
    endloop
  endfacet
  facet normal 0 0 -1
    outer loop
      vertex 32.7778 0.42421 0
      vertex 34.5624 0.189262 0
      vertex 34.55 0 0
    endloop
  endfacet
  facet normal -0 0 -1
    outer loop
      vertex 34.7443 -0.724999 0
      vertex 33.1854 -1.625 0
      vertex 34.6604 -0.554891 0
    endloop
  endfacet
  facet normal 0 0 -1
    outer loop
      vertex 32.9974 -1.24372 0
      vertex 34.6604 -0.554891 0
      vertex 33.1854 -1.625 0
    endloop
  endfacet
  facet normal 0 0 -1
    outer loop
      vertex 35.1173 1.15036 0
      vertex 34.0215 2.5784 0
      vertex 34.375 2.81458 0
    endloop
  endfacet
  facet normal -0 0 -1
    outer loop
      vertex 34.6604 -0.554891 0
      vertex 32.9974 -1.24372 0
      vertex 34.5994 -0.375287 0
    endloop
  endfacet
  facet normal 0 0 -1
    outer loop
      vertex 34.9747 1.0253 0
      vertex 33.7019 2.2981 0
      vertex 34.0215 2.5784 0
    endloop
  endfacet
  facet normal 0 0 -1
    outer loop
      vertex 32.8607 -0.841162 0
      vertex 34.5994 -0.375287 0
      vertex 32.9974 -1.24372 0
    endloop
  endfacet
  facet normal 0 0 -1
    outer loop
      vertex 34.8496 0.882704 0
      vertex 33.4216 1.97847 0
      vertex 33.7019 2.2981 0
    endloop
  endfacet
  facet normal -0 0 -1
    outer loop
      vertex 34.5994 -0.375287 0
      vertex 32.8607 -0.841162 0
      vertex 34.5624 -0.189262 0
    endloop
  endfacet
  facet normal 0 0 -1
    outer loop
      vertex 34.7443 0.724999 0
      vertex 33.1854 1.625 0
      vertex 33.4216 1.97847 0
    endloop
  endfacet
  facet normal 0 0 -1
    outer loop
      vertex 32.7778 -0.42421 0
      vertex 34.5624 -0.189262 0
      vertex 32.8607 -0.841162 0
    endloop
  endfacet
  facet normal 0 0 -1
    outer loop
      vertex 34.6604 0.554891 0
      vertex 32.9974 1.24372 0
      vertex 33.1854 1.625 0
    endloop
  endfacet
  facet normal -0 0 -1
    outer loop
      vertex 34.5624 -0.189262 0
      vertex 32.7778 -0.42421 0
      vertex 34.55 0 0
    endloop
  endfacet
  facet normal 0 0 -1
    outer loop
      vertex 34.5994 0.375287 0
      vertex 32.8607 0.841162 0
      vertex 32.9974 1.24372 0
    endloop
  endfacet
  facet normal 0 0 -1
    outer loop
      vertex 32.75 0 0
      vertex 34.55 0 0
      vertex 32.7778 -0.42421 0
    endloop
  endfacet
  facet normal 0 0 -1
    outer loop
      vertex 34.5624 0.189262 0
      vertex 32.7778 0.42421 0
      vertex 32.8607 0.841162 0
    endloop
  endfacet
  facet normal 0 0 -1
    outer loop
      vertex 34.55 0 0
      vertex 32.75 0 0
      vertex 32.7778 0.42421 0
    endloop
  endfacet
  facet normal 0.896897 0.442239 0
    outer loop
      vertex 39.0026 1.24372 4
      vertex 38.8146 1.625 0
      vertex 38.8146 1.625 4
    endloop
  endfacet
  facet normal 0.896897 0.442239 0
    outer loop
      vertex 38.8146 1.625 0
      vertex 39.0026 1.24372 4
      vertex 39.0026 1.24372 0
    endloop
  endfacet
  facet normal 0.831449 0.555601 0
    outer loop
      vertex 38.8146 1.625 4
      vertex 38.5784 1.97847 0
      vertex 38.5784 1.97847 4
    endloop
  endfacet
  facet normal 0.831449 0.555601 0
    outer loop
      vertex 38.5784 1.97847 0
      vertex 38.8146 1.625 4
      vertex 38.8146 1.625 0
    endloop
  endfacet
  facet normal 0.442277 0.896879 -0
    outer loop
      vertex 37.625 2.81458 0
      vertex 37.2437 3.00261 4
      vertex 37.625 2.81458 4
    endloop
  endfacet
  facet normal 0.442277 0.896879 0
    outer loop
      vertex 37.2437 3.00261 4
      vertex 37.625 2.81458 0
      vertex 37.2437 3.00261 0
    endloop
  endfacet
  facet normal 0.555536 0.831493 -0
    outer loop
      vertex 37.9785 2.5784 0
      vertex 37.625 2.81458 4
      vertex 37.9785 2.5784 4
    endloop
  endfacet
  facet normal 0.555536 0.831493 0
    outer loop
      vertex 37.625 2.81458 4
      vertex 37.9785 2.5784 0
      vertex 37.625 2.81458 0
    endloop
  endfacet
  facet normal -0.896897 0.442239 0
    outer loop
      vertex 32.9974 1.24372 0
      vertex 33.1854 1.625 4
      vertex 33.1854 1.625 0
    endloop
  endfacet
  facet normal -0.896897 0.442239 0
    outer loop
      vertex 33.1854 1.625 4
      vertex 32.9974 1.24372 0
      vertex 32.9974 1.24372 4
    endloop
  endfacet
  facet normal -0.751849 0.659335 0
    outer loop
      vertex 33.4216 1.97847 0
      vertex 33.7019 2.2981 4
      vertex 33.7019 2.2981 0
    endloop
  endfacet
  facet normal -0.751849 0.659335 0
    outer loop
      vertex 33.7019 2.2981 4
      vertex 33.4216 1.97847 0
      vertex 33.4216 1.97847 4
    endloop
  endfacet
  facet normal 0 0 1
    outer loop
      vertex 37.45 0 4
      vertex 39.25 0 4
      vertex 39.2222 0.42421 4
    endloop
  endfacet
  facet normal 0 0 1
    outer loop
      vertex 37.4376 0.189262 4
      vertex 39.2222 0.42421 4
      vertex 39.1393 0.841162 4
    endloop
  endfacet
  facet normal 0 0 1
    outer loop
      vertex 39.25 0 4
      vertex 37.45 0 4
      vertex 39.2222 -0.42421 4
    endloop
  endfacet
  facet normal 0 0 1
    outer loop
      vertex 37.4006 0.375287 4
      vertex 39.1393 0.841162 4
      vertex 39.0026 1.24372 4
    endloop
  endfacet
  facet normal -0 0 1
    outer loop
      vertex 37.4376 -0.189262 4
      vertex 39.2222 -0.42421 4
      vertex 37.45 0 4
    endloop
  endfacet
  facet normal 0 0 1
    outer loop
      vertex 37.3396 0.554891 4
      vertex 39.0026 1.24372 4
      vertex 38.8146 1.625 4
    endloop
  endfacet
  facet normal 0 0 1
    outer loop
      vertex 39.2222 -0.42421 4
      vertex 37.4376 -0.189262 4
      vertex 39.1393 -0.841162 4
    endloop
  endfacet
  facet normal 0 0 1
    outer loop
      vertex 37.2557 0.724999 4
      vertex 38.8146 1.625 4
      vertex 38.5784 1.97847 4
    endloop
  endfacet
  facet normal -0 0 1
    outer loop
      vertex 37.4006 -0.375287 4
      vertex 39.1393 -0.841162 4
      vertex 37.4376 -0.189262 4
    endloop
  endfacet
  facet normal 0 0 1
    outer loop
      vertex 37.1504 0.882704 4
      vertex 38.5784 1.97847 4
      vertex 38.2981 2.2981 4
    endloop
  endfacet
  facet normal 0 0 1
    outer loop
      vertex 39.1393 -0.841162 4
      vertex 37.4006 -0.375287 4
      vertex 39.0026 -1.24372 4
    endloop
  endfacet
  facet normal 0 0 1
    outer loop
      vertex 37.0253 1.0253 4
      vertex 38.2981 2.2981 4
      vertex 37.9785 2.5784 4
    endloop
  endfacet
  facet normal -0 0 1
    outer loop
      vertex 37.3396 -0.554891 4
      vertex 39.0026 -1.24372 4
      vertex 37.4006 -0.375287 4
    endloop
  endfacet
  facet normal 0 0 1
    outer loop
      vertex 36.8827 1.15036 4
      vertex 37.9785 2.5784 4
      vertex 37.625 2.81458 4
    endloop
  endfacet
  facet normal 0 0 1
    outer loop
      vertex 39.0026 -1.24372 4
      vertex 37.3396 -0.554891 4
      vertex 38.8146 -1.625 4
    endloop
  endfacet
  facet normal -0 0 1
    outer loop
      vertex 37.2557 -0.724999 4
      vertex 38.8146 -1.625 4
      vertex 37.3396 -0.554891 4
    endloop
  endfacet
  facet normal 0 0 1
    outer loop
      vertex 39.2222 0.42421 4
      vertex 37.4376 0.189262 4
      vertex 37.45 0 4
    endloop
  endfacet
  facet normal 0 0 1
    outer loop
      vertex 39.1393 0.841162 4
      vertex 37.4006 0.375287 4
      vertex 37.4376 0.189262 4
    endloop
  endfacet
  facet normal 0 0 1
    outer loop
      vertex 39.0026 1.24372 4
      vertex 37.3396 0.554891 4
      vertex 37.4006 0.375287 4
    endloop
  endfacet
  facet normal 0 0 1
    outer loop
      vertex 38.8146 1.625 4
      vertex 37.2557 0.724999 4
      vertex 37.3396 0.554891 4
    endloop
  endfacet
  facet normal 0 0 1
    outer loop
      vertex 36.725 1.25574 4
      vertex 37.625 2.81458 4
      vertex 37.2437 3.00261 4
    endloop
  endfacet
  facet normal 0 0 1
    outer loop
      vertex 38.5784 1.97847 4
      vertex 37.1504 0.882704 4
      vertex 37.2557 0.724999 4
    endloop
  endfacet
  facet normal 0 0 1
    outer loop
      vertex 38.2981 2.2981 4
      vertex 37.0253 1.0253 4
      vertex 37.1504 0.882704 4
    endloop
  endfacet
  facet normal 0 0 1
    outer loop
      vertex 37.9785 2.5784 4
      vertex 36.8827 1.15036 4
      vertex 37.0253 1.0253 4
    endloop
  endfacet
  facet normal 0 0 1
    outer loop
      vertex 36.5549 1.33962 4
      vertex 37.2437 3.00261 4
      vertex 36.8412 3.13926 4
    endloop
  endfacet
  facet normal 0 0 1
    outer loop
      vertex 37.625 2.81458 4
      vertex 36.725 1.25574 4
      vertex 36.8827 1.15036 4
    endloop
  endfacet
  facet normal 0 0 1
    outer loop
      vertex 37.2437 3.00261 4
      vertex 36.5549 1.33962 4
      vertex 36.725 1.25574 4
    endloop
  endfacet
  facet normal 0 0 1
    outer loop
      vertex 36.3753 1.40059 4
      vertex 36.8412 3.13926 4
      vertex 36.4242 3.2222 4
    endloop
  endfacet
  facet normal 0 0 1
    outer loop
      vertex 36.8412 3.13926 4
      vertex 36.3753 1.40059 4
      vertex 36.5549 1.33962 4
    endloop
  endfacet
  facet normal 0 0 1
    outer loop
      vertex 36.4242 3.2222 4
      vertex 36.1893 1.43759 4
      vertex 36.3753 1.40059 4
    endloop
  endfacet
  facet normal 0 0 1
    outer loop
      vertex 36 3.25 4
      vertex 36.1893 1.43759 4
      vertex 36.4242 3.2222 4
    endloop
  endfacet
  facet normal 0 0 1
    outer loop
      vertex 36 3.25 4
      vertex 36 1.45 4
      vertex 36.1893 1.43759 4
    endloop
  endfacet
  facet normal 0 0 1
    outer loop
      vertex 36 3.25 4
      vertex 35.8107 1.43759 4
      vertex 36 1.45 4
    endloop
  endfacet
  facet normal -0 0 1
    outer loop
      vertex 35.5758 3.2222 4
      vertex 35.8107 1.43759 4
      vertex 36 3.25 4
    endloop
  endfacet
  facet normal 0 0 1
    outer loop
      vertex 35.8107 1.43759 4
      vertex 35.5758 3.2222 4
      vertex 35.6247 1.40059 4
    endloop
  endfacet
  facet normal -0 0 1
    outer loop
      vertex 35.1588 3.13926 4
      vertex 35.6247 1.40059 4
      vertex 35.5758 3.2222 4
    endloop
  endfacet
  facet normal 0 0 1
    outer loop
      vertex 35.6247 1.40059 4
      vertex 35.1588 3.13926 4
      vertex 35.4451 1.33962 4
    endloop
  endfacet
  facet normal -0 0 1
    outer loop
      vertex 34.7563 3.00261 4
      vertex 35.4451 1.33962 4
      vertex 35.1588 3.13926 4
    endloop
  endfacet
  facet normal 0 0 1
    outer loop
      vertex 35.4451 1.33962 4
      vertex 34.7563 3.00261 4
      vertex 35.275 1.25574 4
    endloop
  endfacet
  facet normal -0 0 1
    outer loop
      vertex 34.375 2.81458 4
      vertex 35.275 1.25574 4
      vertex 34.7563 3.00261 4
    endloop
  endfacet
  facet normal 0 0 1
    outer loop
      vertex 35.275 1.25574 4
      vertex 34.375 2.81458 4
      vertex 35.1173 1.15036 4
    endloop
  endfacet
  facet normal -0 0 1
    outer loop
      vertex 34.0215 2.5784 4
      vertex 35.1173 1.15036 4
      vertex 34.375 2.81458 4
    endloop
  endfacet
  facet normal 0 0 1
    outer loop
      vertex 35.1173 1.15036 4
      vertex 34.0215 2.5784 4
      vertex 34.9747 1.0253 4
    endloop
  endfacet
  facet normal -0 0 1
    outer loop
      vertex 33.7019 2.2981 4
      vertex 34.9747 1.0253 4
      vertex 34.0215 2.5784 4
    endloop
  endfacet
  facet normal 0 0 1
    outer loop
      vertex 34.9747 1.0253 4
      vertex 33.7019 2.2981 4
      vertex 34.8496 0.882704 4
    endloop
  endfacet
  facet normal -0 0 1
    outer loop
      vertex 33.4216 1.97847 4
      vertex 34.8496 0.882704 4
      vertex 33.7019 2.2981 4
    endloop
  endfacet
  facet normal -0 0 1
    outer loop
      vertex 33.1854 1.625 4
      vertex 34.7443 0.724999 4
      vertex 33.4216 1.97847 4
    endloop
  endfacet
  facet normal 0 0 1
    outer loop
      vertex 34.8496 0.882704 4
      vertex 33.4216 1.97847 4
      vertex 34.7443 0.724999 4
    endloop
  endfacet
  facet normal 0 0 1
    outer loop
      vertex 38.8146 -1.625 4
      vertex 37.2557 -0.724999 4
      vertex 38.5784 -1.97847 4
    endloop
  endfacet
  facet normal -0 0 1
    outer loop
      vertex 37.1504 -0.882704 4
      vertex 38.5784 -1.97847 4
      vertex 37.2557 -0.724999 4
    endloop
  endfacet
  facet normal 0 0 1
    outer loop
      vertex 38.5784 -1.97847 4
      vertex 37.1504 -0.882704 4
      vertex 38.2981 -2.2981 4
    endloop
  endfacet
  facet normal -0 0 1
    outer loop
      vertex 37.0253 -1.0253 4
      vertex 38.2981 -2.2981 4
      vertex 37.1504 -0.882704 4
    endloop
  endfacet
  facet normal 0 0 1
    outer loop
      vertex 38.2981 -2.2981 4
      vertex 37.0253 -1.0253 4
      vertex 37.9785 -2.5784 4
    endloop
  endfacet
  facet normal -0 0 1
    outer loop
      vertex 36.8827 -1.15036 4
      vertex 37.9785 -2.5784 4
      vertex 37.0253 -1.0253 4
    endloop
  endfacet
  facet normal 0 0 1
    outer loop
      vertex 37.9785 -2.5784 4
      vertex 36.8827 -1.15036 4
      vertex 37.625 -2.81458 4
    endloop
  endfacet
  facet normal -0 0 1
    outer loop
      vertex 36.725 -1.25574 4
      vertex 37.625 -2.81458 4
      vertex 36.8827 -1.15036 4
    endloop
  endfacet
  facet normal 0 0 1
    outer loop
      vertex 37.625 -2.81458 4
      vertex 36.725 -1.25574 4
      vertex 37.2437 -3.00261 4
    endloop
  endfacet
  facet normal -0 0 1
    outer loop
      vertex 36.5549 -1.33962 4
      vertex 37.2437 -3.00261 4
      vertex 36.725 -1.25574 4
    endloop
  endfacet
  facet normal 0 0 1
    outer loop
      vertex 37.2437 -3.00261 4
      vertex 36.5549 -1.33962 4
      vertex 36.8412 -3.13926 4
    endloop
  endfacet
  facet normal -0 0 1
    outer loop
      vertex 36.3753 -1.40059 4
      vertex 36.8412 -3.13926 4
      vertex 36.5549 -1.33962 4
    endloop
  endfacet
  facet normal 0 0 1
    outer loop
      vertex 36.8412 -3.13926 4
      vertex 36.3753 -1.40059 4
      vertex 36.4242 -3.2222 4
    endloop
  endfacet
  facet normal -0 0 1
    outer loop
      vertex 36.1893 -1.43759 4
      vertex 36.4242 -3.2222 4
      vertex 36.3753 -1.40059 4
    endloop
  endfacet
  facet normal -0 0 1
    outer loop
      vertex 36 -1.45 4
      vertex 36.4242 -3.2222 4
      vertex 36.1893 -1.43759 4
    endloop
  endfacet
  facet normal 0 0 1
    outer loop
      vertex 36 -1.45 4
      vertex 36 -3.25 4
      vertex 36.4242 -3.2222 4
    endloop
  endfacet
  facet normal 0 0 1
    outer loop
      vertex 35.8107 -1.43759 4
      vertex 36 -3.25 4
      vertex 36 -1.45 4
    endloop
  endfacet
  facet normal 0 0 1
    outer loop
      vertex 35.5758 -3.2222 4
      vertex 35.8107 -1.43759 4
      vertex 35.6247 -1.40059 4
    endloop
  endfacet
  facet normal 0 0 1
    outer loop
      vertex 35.8107 -1.43759 4
      vertex 35.5758 -3.2222 4
      vertex 36 -3.25 4
    endloop
  endfacet
  facet normal 0 0 1
    outer loop
      vertex 35.1588 -3.13926 4
      vertex 35.6247 -1.40059 4
      vertex 35.4451 -1.33962 4
    endloop
  endfacet
  facet normal 0 0 1
    outer loop
      vertex 34.7563 -3.00261 4
      vertex 35.4451 -1.33962 4
      vertex 35.275 -1.25574 4
    endloop
  endfacet
  facet normal 0 0 1
    outer loop
      vertex 35.6247 -1.40059 4
      vertex 35.1588 -3.13926 4
      vertex 35.5758 -3.2222 4
    endloop
  endfacet
  facet normal 0 0 1
    outer loop
      vertex 34.375 -2.81458 4
      vertex 35.275 -1.25574 4
      vertex 35.1173 -1.15036 4
    endloop
  endfacet
  facet normal 0 0 1
    outer loop
      vertex 34.0215 -2.5784 4
      vertex 35.1173 -1.15036 4
      vertex 34.9747 -1.0253 4
    endloop
  endfacet
  facet normal 0 0 1
    outer loop
      vertex 33.7019 -2.2981 4
      vertex 34.9747 -1.0253 4
      vertex 34.8496 -0.882704 4
    endloop
  endfacet
  facet normal 0 0 1
    outer loop
      vertex 35.4451 -1.33962 4
      vertex 34.7563 -3.00261 4
      vertex 35.1588 -3.13926 4
    endloop
  endfacet
  facet normal 0 0 1
    outer loop
      vertex 33.4216 -1.97847 4
      vertex 34.8496 -0.882704 4
      vertex 34.7443 -0.724999 4
    endloop
  endfacet
  facet normal 0 0 1
    outer loop
      vertex 33.1854 -1.625 4
      vertex 34.7443 -0.724999 4
      vertex 34.6604 -0.554891 4
    endloop
  endfacet
  facet normal 0 0 1
    outer loop
      vertex 32.9974 -1.24372 4
      vertex 34.6604 -0.554891 4
      vertex 34.5994 -0.375287 4
    endloop
  endfacet
  facet normal 0 0 1
    outer loop
      vertex 32.8607 -0.841162 4
      vertex 34.5994 -0.375287 4
      vertex 34.5624 -0.189262 4
    endloop
  endfacet
  facet normal 0 0 1
    outer loop
      vertex 35.275 -1.25574 4
      vertex 34.375 -2.81458 4
      vertex 34.7563 -3.00261 4
    endloop
  endfacet
  facet normal 0 0 1
    outer loop
      vertex 32.7778 -0.42421 4
      vertex 34.5624 -0.189262 4
      vertex 34.55 0 4
    endloop
  endfacet
  facet normal 0 0 1
    outer loop
      vertex 34.7443 0.724999 4
      vertex 33.1854 1.625 4
      vertex 34.6604 0.554891 4
    endloop
  endfacet
  facet normal -0 0 1
    outer loop
      vertex 32.9974 1.24372 4
      vertex 34.6604 0.554891 4
      vertex 33.1854 1.625 4
    endloop
  endfacet
  facet normal 0 0 1
    outer loop
      vertex 35.1173 -1.15036 4
      vertex 34.0215 -2.5784 4
      vertex 34.375 -2.81458 4
    endloop
  endfacet
  facet normal 0 0 1
    outer loop
      vertex 34.6604 0.554891 4
      vertex 32.9974 1.24372 4
      vertex 34.5994 0.375287 4
    endloop
  endfacet
  facet normal 0 0 1
    outer loop
      vertex 34.9747 -1.0253 4
      vertex 33.7019 -2.2981 4
      vertex 34.0215 -2.5784 4
    endloop
  endfacet
  facet normal -0 0 1
    outer loop
      vertex 32.8607 0.841162 4
      vertex 34.5994 0.375287 4
      vertex 32.9974 1.24372 4
    endloop
  endfacet
  facet normal 0 0 1
    outer loop
      vertex 34.8496 -0.882704 4
      vertex 33.4216 -1.97847 4
      vertex 33.7019 -2.2981 4
    endloop
  endfacet
  facet normal 0 0 1
    outer loop
      vertex 34.5994 0.375287 4
      vertex 32.8607 0.841162 4
      vertex 34.5624 0.189262 4
    endloop
  endfacet
  facet normal 0 0 1
    outer loop
      vertex 34.7443 -0.724999 4
      vertex 33.1854 -1.625 4
      vertex 33.4216 -1.97847 4
    endloop
  endfacet
  facet normal -0 0 1
    outer loop
      vertex 32.7778 0.42421 4
      vertex 34.5624 0.189262 4
      vertex 32.8607 0.841162 4
    endloop
  endfacet
  facet normal 0 0 1
    outer loop
      vertex 34.6604 -0.554891 4
      vertex 32.9974 -1.24372 4
      vertex 33.1854 -1.625 4
    endloop
  endfacet
  facet normal 0 0 1
    outer loop
      vertex 34.5624 0.189262 4
      vertex 32.7778 0.42421 4
      vertex 34.55 0 4
    endloop
  endfacet
  facet normal 0 0 1
    outer loop
      vertex 34.5994 -0.375287 4
      vertex 32.8607 -0.841162 4
      vertex 32.9974 -1.24372 4
    endloop
  endfacet
  facet normal 0 0 1
    outer loop
      vertex 32.75 0 4
      vertex 34.55 0 4
      vertex 32.7778 0.42421 4
    endloop
  endfacet
  facet normal 0 0 1
    outer loop
      vertex 34.5624 -0.189262 4
      vertex 32.7778 -0.42421 4
      vertex 32.8607 -0.841162 4
    endloop
  endfacet
  facet normal 0 0 1
    outer loop
      vertex 34.55 0 4
      vertex 32.75 0 4
      vertex 32.7778 -0.42421 4
    endloop
  endfacet
  facet normal -0.0653948 0.997859 0
    outer loop
      vertex 36 3.25 0
      vertex 35.5758 3.2222 4
      vertex 36 3.25 4
    endloop
  endfacet
  facet normal -0.0653948 0.997859 0
    outer loop
      vertex 35.5758 3.2222 4
      vertex 36 3.25 0
      vertex 35.5758 3.2222 0
    endloop
  endfacet
  facet normal 0.946894 -0.321545 0
    outer loop
      vertex 39.0026 -1.24372 4
      vertex 39.1393 -0.841162 0
      vertex 39.1393 -0.841162 4
    endloop
  endfacet
  facet normal 0.946894 -0.321545 0
    outer loop
      vertex 39.1393 -0.841162 0
      vertex 39.0026 -1.24372 4
      vertex 39.0026 -1.24372 0
    endloop
  endfacet
  facet normal 0.0653948 -0.997859 0
    outer loop
      vertex 36 -3.25 0
      vertex 36.4242 -3.2222 4
      vertex 36 -3.25 4
    endloop
  endfacet
  facet normal 0.0653948 -0.997859 0
    outer loop
      vertex 36.4242 -3.2222 4
      vertex 36 -3.25 0
      vertex 36.4242 -3.2222 0
    endloop
  endfacet
  facet normal -0.65937 -0.751818 0
    outer loop
      vertex 33.7019 -2.2981 0
      vertex 34.0215 -2.5784 4
      vertex 33.7019 -2.2981 4
    endloop
  endfacet
  facet normal -0.65937 -0.751818 -0
    outer loop
      vertex 34.0215 -2.5784 4
      vertex 33.7019 -2.2981 0
      vertex 34.0215 -2.5784 0
    endloop
  endfacet
  facet normal -0.99786 -0.0653933 0
    outer loop
      vertex 32.7778 -0.42421 0
      vertex 32.75 0 4
      vertex 32.75 0 0
    endloop
  endfacet
  facet normal -0.99786 -0.0653933 0
    outer loop
      vertex 32.75 0 4
      vertex 32.7778 -0.42421 0
      vertex 32.7778 -0.42421 4
    endloop
  endfacet
  facet normal 0.946894 0.321545 0
    outer loop
      vertex 39.1393 0.841162 4
      vertex 39.0026 1.24372 0
      vertex 39.0026 1.24372 4
    endloop
  endfacet
  facet normal 0.946894 0.321545 0
    outer loop
      vertex 39.0026 1.24372 0
      vertex 39.1393 0.841162 4
      vertex 39.1393 0.841162 0
    endloop
  endfacet
  facet normal 0.980802 0.195007 0
    outer loop
      vertex 39.2222 0.42421 4
      vertex 39.1393 0.841162 0
      vertex 39.1393 0.841162 4
    endloop
  endfacet
  facet normal 0.980802 0.195007 0
    outer loop
      vertex 39.1393 0.841162 0
      vertex 39.2222 0.42421 4
      vertex 39.2222 0.42421 0
    endloop
  endfacet
  facet normal 0.751849 0.659335 0
    outer loop
      vertex 38.5784 1.97847 4
      vertex 38.2981 2.2981 0
      vertex 38.2981 2.2981 4
    endloop
  endfacet
  facet normal 0.751849 0.659335 0
    outer loop
      vertex 38.2981 2.2981 0
      vertex 38.5784 1.97847 4
      vertex 38.5784 1.97847 0
    endloop
  endfacet
  facet normal 0.321481 0.946916 -0
    outer loop
      vertex 37.2437 3.00261 0
      vertex 36.8412 3.13926 4
      vertex 37.2437 3.00261 4
    endloop
  endfacet
  facet normal 0.321481 0.946916 0
    outer loop
      vertex 36.8412 3.13926 4
      vertex 37.2437 3.00261 0
      vertex 36.8412 3.13926 0
    endloop
  endfacet
  facet normal 0.195076 0.980788 -0
    outer loop
      vertex 36.8412 3.13926 0
      vertex 36.4242 3.2222 4
      vertex 36.8412 3.13926 4
    endloop
  endfacet
  facet normal 0.195076 0.980788 0
    outer loop
      vertex 36.4242 3.2222 4
      vertex 36.8412 3.13926 0
      vertex 36.4242 3.2222 0
    endloop
  endfacet
  facet normal -0.831449 0.555601 0
    outer loop
      vertex 33.1854 1.625 0
      vertex 33.4216 1.97847 4
      vertex 33.4216 1.97847 0
    endloop
  endfacet
  facet normal -0.831449 0.555601 0
    outer loop
      vertex 33.4216 1.97847 4
      vertex 33.1854 1.625 0
      vertex 33.1854 1.625 4
    endloop
  endfacet
  facet normal -0.946894 0.321545 0
    outer loop
      vertex 32.8607 0.841162 0
      vertex 32.9974 1.24372 4
      vertex 32.9974 1.24372 0
    endloop
  endfacet
  facet normal -0.946894 0.321545 0
    outer loop
      vertex 32.9974 1.24372 4
      vertex 32.8607 0.841162 0
      vertex 32.8607 0.841162 4
    endloop
  endfacet
  facet normal -0.980802 0.195007 0
    outer loop
      vertex 32.7778 0.42421 0
      vertex 32.8607 0.841162 4
      vertex 32.8607 0.841162 0
    endloop
  endfacet
  facet normal -0.980802 0.195007 0
    outer loop
      vertex 32.8607 0.841162 4
      vertex 32.7778 0.42421 0
      vertex 32.7778 0.42421 4
    endloop
  endfacet
  facet normal -0.442277 0.896879 0
    outer loop
      vertex 34.7563 3.00261 0
      vertex 34.375 2.81458 4
      vertex 34.7563 3.00261 4
    endloop
  endfacet
  facet normal -0.442277 0.896879 0
    outer loop
      vertex 34.375 2.81458 4
      vertex 34.7563 3.00261 0
      vertex 34.375 2.81458 0
    endloop
  endfacet
  facet normal -0.555536 0.831493 0
    outer loop
      vertex 34.375 2.81458 0
      vertex 34.0215 2.5784 4
      vertex 34.375 2.81458 4
    endloop
  endfacet
  facet normal -0.555536 0.831493 0
    outer loop
      vertex 34.0215 2.5784 4
      vertex 34.375 2.81458 0
      vertex 34.0215 2.5784 0
    endloop
  endfacet
  facet normal -0.195076 0.980788 0
    outer loop
      vertex 35.5758 3.2222 0
      vertex 35.1588 3.13926 4
      vertex 35.5758 3.2222 4
    endloop
  endfacet
  facet normal -0.195076 0.980788 0
    outer loop
      vertex 35.1588 3.13926 4
      vertex 35.5758 3.2222 0
      vertex 35.1588 3.13926 0
    endloop
  endfacet
  facet normal 0.195076 -0.980788 0
    outer loop
      vertex 36.4242 -3.2222 0
      vertex 36.8412 -3.13926 4
      vertex 36.4242 -3.2222 4
    endloop
  endfacet
  facet normal 0.195076 -0.980788 0
    outer loop
      vertex 36.8412 -3.13926 4
      vertex 36.4242 -3.2222 0
      vertex 36.8412 -3.13926 0
    endloop
  endfacet
  facet normal 0.65937 -0.751818 0
    outer loop
      vertex 37.9785 -2.5784 0
      vertex 38.2981 -2.2981 4
      vertex 37.9785 -2.5784 4
    endloop
  endfacet
  facet normal 0.65937 -0.751818 0
    outer loop
      vertex 38.2981 -2.2981 4
      vertex 37.9785 -2.5784 0
      vertex 38.2981 -2.2981 0
    endloop
  endfacet
  facet normal 0.442277 -0.896879 0
    outer loop
      vertex 37.2437 -3.00261 0
      vertex 37.625 -2.81458 4
      vertex 37.2437 -3.00261 4
    endloop
  endfacet
  facet normal 0.442277 -0.896879 0
    outer loop
      vertex 37.625 -2.81458 4
      vertex 37.2437 -3.00261 0
      vertex 37.625 -2.81458 0
    endloop
  endfacet
  facet normal 0.831449 -0.555601 0
    outer loop
      vertex 38.5784 -1.97847 4
      vertex 38.8146 -1.625 0
      vertex 38.8146 -1.625 4
    endloop
  endfacet
  facet normal 0.831449 -0.555601 0
    outer loop
      vertex 38.8146 -1.625 0
      vertex 38.5784 -1.97847 4
      vertex 38.5784 -1.97847 0
    endloop
  endfacet
  facet normal -0.555536 -0.831493 0
    outer loop
      vertex 34.0215 -2.5784 0
      vertex 34.375 -2.81458 4
      vertex 34.0215 -2.5784 4
    endloop
  endfacet
  facet normal -0.555536 -0.831493 -0
    outer loop
      vertex 34.375 -2.81458 4
      vertex 34.0215 -2.5784 0
      vertex 34.375 -2.81458 0
    endloop
  endfacet
  facet normal -0.321481 -0.946916 0
    outer loop
      vertex 34.7563 -3.00261 0
      vertex 35.1588 -3.13926 4
      vertex 34.7563 -3.00261 4
    endloop
  endfacet
  facet normal -0.321481 -0.946916 -0
    outer loop
      vertex 35.1588 -3.13926 4
      vertex 34.7563 -3.00261 0
      vertex 35.1588 -3.13926 0
    endloop
  endfacet
  facet normal -0.0653948 -0.997859 0
    outer loop
      vertex 35.5758 -3.2222 0
      vertex 36 -3.25 4
      vertex 35.5758 -3.2222 4
    endloop
  endfacet
  facet normal -0.0653948 -0.997859 -0
    outer loop
      vertex 36 -3.25 4
      vertex 35.5758 -3.2222 0
      vertex 36 -3.25 0
    endloop
  endfacet
  facet normal -0.896897 -0.442239 0
    outer loop
      vertex 33.1854 -1.625 0
      vertex 32.9974 -1.24372 4
      vertex 32.9974 -1.24372 0
    endloop
  endfacet
  facet normal -0.896897 -0.442239 0
    outer loop
      vertex 32.9974 -1.24372 4
      vertex 33.1854 -1.625 0
      vertex 33.1854 -1.625 4
    endloop
  endfacet
  facet normal -0.751849 -0.659335 0
    outer loop
      vertex 33.7019 -2.2981 0
      vertex 33.4216 -1.97847 4
      vertex 33.4216 -1.97847 0
    endloop
  endfacet
  facet normal -0.751849 -0.659335 0
    outer loop
      vertex 33.4216 -1.97847 4
      vertex 33.7019 -2.2981 0
      vertex 33.7019 -2.2981 4
    endloop
  endfacet
  facet normal -0.980802 -0.195007 0
    outer loop
      vertex 32.8607 -0.841162 0
      vertex 32.7778 -0.42421 4
      vertex 32.7778 -0.42421 0
    endloop
  endfacet
  facet normal -0.980802 -0.195007 0
    outer loop
      vertex 32.7778 -0.42421 4
      vertex 32.8607 -0.841162 0
      vertex 32.8607 -0.841162 4
    endloop
  endfacet
  facet normal 0.321481 -0.946916 0
    outer loop
      vertex 36.8412 -3.13926 0
      vertex 37.2437 -3.00261 4
      vertex 36.8412 -3.13926 4
    endloop
  endfacet
  facet normal 0.321481 -0.946916 0
    outer loop
      vertex 37.2437 -3.00261 4
      vertex 36.8412 -3.13926 0
      vertex 37.2437 -3.00261 0
    endloop
  endfacet
  facet normal 0.751849 -0.659335 0
    outer loop
      vertex 38.2981 -2.2981 4
      vertex 38.5784 -1.97847 0
      vertex 38.5784 -1.97847 4
    endloop
  endfacet
  facet normal 0.751849 -0.659335 0
    outer loop
      vertex 38.5784 -1.97847 0
      vertex 38.2981 -2.2981 4
      vertex 38.2981 -2.2981 0
    endloop
  endfacet
  facet normal 0.555536 -0.831493 0
    outer loop
      vertex 37.625 -2.81458 0
      vertex 37.9785 -2.5784 4
      vertex 37.625 -2.81458 4
    endloop
  endfacet
  facet normal 0.555536 -0.831493 0
    outer loop
      vertex 37.9785 -2.5784 4
      vertex 37.625 -2.81458 0
      vertex 37.9785 -2.5784 0
    endloop
  endfacet
  facet normal 0.980802 -0.195007 0
    outer loop
      vertex 39.1393 -0.841162 4
      vertex 39.2222 -0.42421 0
      vertex 39.2222 -0.42421 4
    endloop
  endfacet
  facet normal 0.980802 -0.195007 0
    outer loop
      vertex 39.2222 -0.42421 0
      vertex 39.1393 -0.841162 4
      vertex 39.1393 -0.841162 0
    endloop
  endfacet
  facet normal 0.896897 -0.442239 0
    outer loop
      vertex 38.8146 -1.625 4
      vertex 39.0026 -1.24372 0
      vertex 39.0026 -1.24372 4
    endloop
  endfacet
  facet normal 0.896897 -0.442239 0
    outer loop
      vertex 39.0026 -1.24372 0
      vertex 38.8146 -1.625 4
      vertex 38.8146 -1.625 0
    endloop
  endfacet
  facet normal -0.442277 -0.896879 0
    outer loop
      vertex 34.375 -2.81458 0
      vertex 34.7563 -3.00261 4
      vertex 34.375 -2.81458 4
    endloop
  endfacet
  facet normal -0.442277 -0.896879 -0
    outer loop
      vertex 34.7563 -3.00261 4
      vertex 34.375 -2.81458 0
      vertex 34.7563 -3.00261 0
    endloop
  endfacet
  facet normal -0.195076 -0.980788 0
    outer loop
      vertex 35.1588 -3.13926 0
      vertex 35.5758 -3.2222 4
      vertex 35.1588 -3.13926 4
    endloop
  endfacet
  facet normal -0.195076 -0.980788 -0
    outer loop
      vertex 35.5758 -3.2222 4
      vertex 35.1588 -3.13926 0
      vertex 35.5758 -3.2222 0
    endloop
  endfacet
  facet normal -0.831449 -0.555601 0
    outer loop
      vertex 33.4216 -1.97847 0
      vertex 33.1854 -1.625 4
      vertex 33.1854 -1.625 0
    endloop
  endfacet
  facet normal -0.831449 -0.555601 0
    outer loop
      vertex 33.1854 -1.625 4
      vertex 33.4216 -1.97847 0
      vertex 33.4216 -1.97847 4
    endloop
  endfacet
  facet normal -0.946894 -0.321545 0
    outer loop
      vertex 32.9974 -1.24372 0
      vertex 32.8607 -0.841162 4
      vertex 32.8607 -0.841162 0
    endloop
  endfacet
  facet normal -0.946894 -0.321545 0
    outer loop
      vertex 32.8607 -0.841162 4
      vertex 32.9974 -1.24372 0
      vertex 32.9974 -1.24372 4
    endloop
  endfacet
  facet normal 0.99786 -0.0653933 0
    outer loop
      vertex 39.2222 -0.42421 4
      vertex 39.25 0 0
      vertex 39.25 0 4
    endloop
  endfacet
  facet normal 0.99786 -0.0653933 0
    outer loop
      vertex 39.25 0 0
      vertex 39.2222 -0.42421 4
      vertex 39.2222 -0.42421 0
    endloop
  endfacet
  facet normal -0.997861 -0.0653775 0
    outer loop
      vertex 37.45 0 0
      vertex 37.4376 0.189262 4
      vertex 37.4376 0.189262 0
    endloop
  endfacet
  facet normal -0.997861 -0.0653775 0
    outer loop
      vertex 37.4376 0.189262 4
      vertex 37.45 0 0
      vertex 37.45 0 4
    endloop
  endfacet
  facet normal 0.997861 -0.0653775 0
    outer loop
      vertex 34.55 0 4
      vertex 34.5624 0.189262 0
      vertex 34.5624 0.189262 4
    endloop
  endfacet
  facet normal 0.997861 -0.0653775 0
    outer loop
      vertex 34.5624 0.189262 0
      vertex 34.55 0 4
      vertex 34.55 0 0
    endloop
  endfacet
  facet normal -0.0654169 -0.997858 0
    outer loop
      vertex 36 1.45 0
      vertex 36.1893 1.43759 4
      vertex 36 1.45 4
    endloop
  endfacet
  facet normal -0.0654169 -0.997858 -0
    outer loop
      vertex 36.1893 1.43759 4
      vertex 36 1.45 0
      vertex 36.1893 1.43759 0
    endloop
  endfacet
  facet normal -0.751718 -0.659485 0
    outer loop
      vertex 37.1504 0.882704 0
      vertex 37.0253 1.0253 4
      vertex 37.0253 1.0253 0
    endloop
  endfacet
  facet normal -0.751718 -0.659485 0
    outer loop
      vertex 37.0253 1.0253 4
      vertex 37.1504 0.882704 0
      vertex 37.1504 0.882704 4
    endloop
  endfacet
  facet normal 0.659355 -0.751832 0
    outer loop
      vertex 34.9747 1.0253 0
      vertex 35.1173 1.15036 4
      vertex 34.9747 1.0253 4
    endloop
  endfacet
  facet normal 0.659355 -0.751832 0
    outer loop
      vertex 35.1173 1.15036 4
      vertex 34.9747 1.0253 0
      vertex 35.1173 1.15036 0
    endloop
  endfacet
  facet normal 0.321458 -0.946924 0
    outer loop
      vertex 35.4451 1.33962 0
      vertex 35.6247 1.40059 4
      vertex 35.4451 1.33962 4
    endloop
  endfacet
  facet normal 0.321458 -0.946924 0
    outer loop
      vertex 35.6247 1.40059 4
      vertex 35.4451 1.33962 0
      vertex 35.6247 1.40059 0
    endloop
  endfacet
  facet normal -0.896848 -0.44234 0
    outer loop
      vertex 37.3396 0.554891 0
      vertex 37.2557 0.724999 4
      vertex 37.2557 0.724999 0
    endloop
  endfacet
  facet normal -0.896848 -0.44234 0
    outer loop
      vertex 37.2557 0.724999 4
      vertex 37.3396 0.554891 0
      vertex 37.3396 0.554891 4
    endloop
  endfacet
  facet normal -0.980788 -0.195077 0
    outer loop
      vertex 37.4376 0.189262 0
      vertex 37.4006 0.375287 4
      vertex 37.4006 0.375287 0
    endloop
  endfacet
  facet normal -0.980788 -0.195077 0
    outer loop
      vertex 37.4006 0.375287 4
      vertex 37.4376 0.189262 0
      vertex 37.4376 0.189262 4
    endloop
  endfacet
  facet normal -0.831653 -0.555296 0
    outer loop
      vertex 37.2557 0.724999 0
      vertex 37.1504 0.882704 4
      vertex 37.1504 0.882704 0
    endloop
  endfacet
  facet normal -0.831653 -0.555296 0
    outer loop
      vertex 37.1504 0.882704 4
      vertex 37.2557 0.724999 0
      vertex 37.2557 0.724999 4
    endloop
  endfacet
  facet normal -0.442272 -0.896881 0
    outer loop
      vertex 36.5549 1.33962 0
      vertex 36.725 1.25574 4
      vertex 36.5549 1.33962 4
    endloop
  endfacet
  facet normal -0.442272 -0.896881 -0
    outer loop
      vertex 36.725 1.25574 4
      vertex 36.5549 1.33962 0
      vertex 36.725 1.25574 0
    endloop
  endfacet
  facet normal -0.321458 -0.946924 0
    outer loop
      vertex 36.3753 1.40059 0
      vertex 36.5549 1.33962 4
      vertex 36.3753 1.40059 4
    endloop
  endfacet
  facet normal -0.321458 -0.946924 -0
    outer loop
      vertex 36.5549 1.33962 4
      vertex 36.3753 1.40059 0
      vertex 36.5549 1.33962 0
    endloop
  endfacet
  facet normal -0.5556 -0.83145 0
    outer loop
      vertex 36.725 1.25574 0
      vertex 36.8827 1.15036 4
      vertex 36.725 1.25574 4
    endloop
  endfacet
  facet normal -0.5556 -0.83145 -0
    outer loop
      vertex 36.8827 1.15036 4
      vertex 36.725 1.25574 0
      vertex 36.8827 1.15036 0
    endloop
  endfacet
  facet normal 0.896848 -0.44234 0
    outer loop
      vertex 34.6604 0.554891 4
      vertex 34.7443 0.724999 0
      vertex 34.7443 0.724999 4
    endloop
  endfacet
  facet normal 0.896848 -0.44234 0
    outer loop
      vertex 34.7443 0.724999 0
      vertex 34.6604 0.554891 4
      vertex 34.6604 0.554891 0
    endloop
  endfacet
  facet normal 0.831653 -0.555296 0
    outer loop
      vertex 34.7443 0.724999 4
      vertex 34.8496 0.882704 0
      vertex 34.8496 0.882704 4
    endloop
  endfacet
  facet normal 0.831653 -0.555296 0
    outer loop
      vertex 34.8496 0.882704 0
      vertex 34.7443 0.724999 4
      vertex 34.7443 0.724999 0
    endloop
  endfacet
  facet normal 0.946878 -0.321594 0
    outer loop
      vertex 34.5994 0.375287 4
      vertex 34.6604 0.554891 0
      vertex 34.6604 0.554891 4
    endloop
  endfacet
  facet normal 0.946878 -0.321594 0
    outer loop
      vertex 34.6604 0.554891 0
      vertex 34.5994 0.375287 4
      vertex 34.5994 0.375287 0
    endloop
  endfacet
  facet normal 0.442272 -0.896881 0
    outer loop
      vertex 35.275 1.25574 0
      vertex 35.4451 1.33962 4
      vertex 35.275 1.25574 4
    endloop
  endfacet
  facet normal 0.442272 -0.896881 0
    outer loop
      vertex 35.4451 1.33962 4
      vertex 35.275 1.25574 0
      vertex 35.4451 1.33962 0
    endloop
  endfacet
  facet normal 0.195102 -0.980783 0
    outer loop
      vertex 35.6247 1.40059 0
      vertex 35.8107 1.43759 4
      vertex 35.6247 1.40059 4
    endloop
  endfacet
  facet normal 0.195102 -0.980783 0
    outer loop
      vertex 35.8107 1.43759 4
      vertex 35.6247 1.40059 0
      vertex 35.8107 1.43759 0
    endloop
  endfacet
  facet normal -0.659355 0.751832 0
    outer loop
      vertex 37.0253 -1.0253 0
      vertex 36.8827 -1.15036 4
      vertex 37.0253 -1.0253 4
    endloop
  endfacet
  facet normal -0.659355 0.751832 0
    outer loop
      vertex 36.8827 -1.15036 4
      vertex 37.0253 -1.0253 0
      vertex 36.8827 -1.15036 0
    endloop
  endfacet
  facet normal -0.442272 0.896881 0
    outer loop
      vertex 36.725 -1.25574 0
      vertex 36.5549 -1.33962 4
      vertex 36.725 -1.25574 4
    endloop
  endfacet
  facet normal -0.442272 0.896881 0
    outer loop
      vertex 36.5549 -1.33962 4
      vertex 36.725 -1.25574 0
      vertex 36.5549 -1.33962 0
    endloop
  endfacet
  facet normal 0.321458 0.946924 -0
    outer loop
      vertex 35.6247 -1.40059 0
      vertex 35.4451 -1.33962 4
      vertex 35.6247 -1.40059 4
    endloop
  endfacet
  facet normal 0.321458 0.946924 0
    outer loop
      vertex 35.4451 -1.33962 4
      vertex 35.6247 -1.40059 0
      vertex 35.4451 -1.33962 0
    endloop
  endfacet
  facet normal 0.896848 0.44234 0
    outer loop
      vertex 34.7443 -0.724999 4
      vertex 34.6604 -0.554891 0
      vertex 34.6604 -0.554891 4
    endloop
  endfacet
  facet normal 0.896848 0.44234 0
    outer loop
      vertex 34.6604 -0.554891 0
      vertex 34.7443 -0.724999 4
      vertex 34.7443 -0.724999 0
    endloop
  endfacet
  facet normal 0.831653 0.555296 0
    outer loop
      vertex 34.8496 -0.882704 4
      vertex 34.7443 -0.724999 0
      vertex 34.7443 -0.724999 4
    endloop
  endfacet
  facet normal 0.831653 0.555296 0
    outer loop
      vertex 34.7443 -0.724999 0
      vertex 34.8496 -0.882704 4
      vertex 34.8496 -0.882704 0
    endloop
  endfacet
  facet normal -0.946878 -0.321594 0
    outer loop
      vertex 37.4006 0.375287 0
      vertex 37.3396 0.554891 4
      vertex 37.3396 0.554891 0
    endloop
  endfacet
  facet normal -0.946878 -0.321594 0
    outer loop
      vertex 37.3396 0.554891 4
      vertex 37.4006 0.375287 0
      vertex 37.4006 0.375287 4
    endloop
  endfacet
  facet normal -0.195102 -0.980783 0
    outer loop
      vertex 36.1893 1.43759 0
      vertex 36.3753 1.40059 4
      vertex 36.1893 1.43759 4
    endloop
  endfacet
  facet normal -0.195102 -0.980783 -0
    outer loop
      vertex 36.3753 1.40059 4
      vertex 36.1893 1.43759 0
      vertex 36.3753 1.40059 0
    endloop
  endfacet
  facet normal -0.659355 -0.751832 0
    outer loop
      vertex 36.8827 1.15036 0
      vertex 37.0253 1.0253 4
      vertex 36.8827 1.15036 4
    endloop
  endfacet
  facet normal -0.659355 -0.751832 -0
    outer loop
      vertex 37.0253 1.0253 4
      vertex 36.8827 1.15036 0
      vertex 37.0253 1.0253 0
    endloop
  endfacet
  facet normal 0.751718 -0.659485 0
    outer loop
      vertex 34.8496 0.882704 4
      vertex 34.9747 1.0253 0
      vertex 34.9747 1.0253 4
    endloop
  endfacet
  facet normal 0.751718 -0.659485 0
    outer loop
      vertex 34.9747 1.0253 0
      vertex 34.8496 0.882704 4
      vertex 34.8496 0.882704 0
    endloop
  endfacet
  facet normal 0.980788 -0.195077 0
    outer loop
      vertex 34.5624 0.189262 4
      vertex 34.5994 0.375287 0
      vertex 34.5994 0.375287 4
    endloop
  endfacet
  facet normal 0.980788 -0.195077 0
    outer loop
      vertex 34.5994 0.375287 0
      vertex 34.5624 0.189262 4
      vertex 34.5624 0.189262 0
    endloop
  endfacet
  facet normal 0.5556 -0.83145 0
    outer loop
      vertex 35.1173 1.15036 0
      vertex 35.275 1.25574 4
      vertex 35.1173 1.15036 4
    endloop
  endfacet
  facet normal 0.5556 -0.83145 0
    outer loop
      vertex 35.275 1.25574 4
      vertex 35.1173 1.15036 0
      vertex 35.275 1.25574 0
    endloop
  endfacet
  facet normal 0.0654169 -0.997858 0
    outer loop
      vertex 35.8107 1.43759 0
      vertex 36 1.45 4
      vertex 35.8107 1.43759 4
    endloop
  endfacet
  facet normal 0.0654169 -0.997858 0
    outer loop
      vertex 36 1.45 4
      vertex 35.8107 1.43759 0
      vertex 36 1.45 0
    endloop
  endfacet
  facet normal -0.997861 0.0653775 0
    outer loop
      vertex 37.4376 -0.189262 0
      vertex 37.45 0 4
      vertex 37.45 0 0
    endloop
  endfacet
  facet normal -0.997861 0.0653775 0
    outer loop
      vertex 37.45 0 4
      vertex 37.4376 -0.189262 0
      vertex 37.4376 -0.189262 4
    endloop
  endfacet
  facet normal -0.0654169 0.997858 0
    outer loop
      vertex 36.1893 -1.43759 0
      vertex 36 -1.45 4
      vertex 36.1893 -1.43759 4
    endloop
  endfacet
  facet normal -0.0654169 0.997858 0
    outer loop
      vertex 36 -1.45 4
      vertex 36.1893 -1.43759 0
      vertex 36 -1.45 0
    endloop
  endfacet
  facet normal -0.321458 0.946924 0
    outer loop
      vertex 36.5549 -1.33962 0
      vertex 36.3753 -1.40059 4
      vertex 36.5549 -1.33962 4
    endloop
  endfacet
  facet normal -0.321458 0.946924 0
    outer loop
      vertex 36.3753 -1.40059 4
      vertex 36.5549 -1.33962 0
      vertex 36.3753 -1.40059 0
    endloop
  endfacet
  facet normal -0.5556 0.83145 0
    outer loop
      vertex 36.8827 -1.15036 0
      vertex 36.725 -1.25574 4
      vertex 36.8827 -1.15036 4
    endloop
  endfacet
  facet normal -0.5556 0.83145 0
    outer loop
      vertex 36.725 -1.25574 4
      vertex 36.8827 -1.15036 0
      vertex 36.725 -1.25574 0
    endloop
  endfacet
  facet normal -0.831653 0.555296 0
    outer loop
      vertex 37.1504 -0.882704 0
      vertex 37.2557 -0.724999 4
      vertex 37.2557 -0.724999 0
    endloop
  endfacet
  facet normal -0.831653 0.555296 0
    outer loop
      vertex 37.2557 -0.724999 4
      vertex 37.1504 -0.882704 0
      vertex 37.1504 -0.882704 4
    endloop
  endfacet
  facet normal -0.751718 0.659485 0
    outer loop
      vertex 37.0253 -1.0253 0
      vertex 37.1504 -0.882704 4
      vertex 37.1504 -0.882704 0
    endloop
  endfacet
  facet normal -0.751718 0.659485 0
    outer loop
      vertex 37.1504 -0.882704 4
      vertex 37.0253 -1.0253 0
      vertex 37.0253 -1.0253 4
    endloop
  endfacet
  facet normal 0.5556 0.83145 -0
    outer loop
      vertex 35.275 -1.25574 0
      vertex 35.1173 -1.15036 4
      vertex 35.275 -1.25574 4
    endloop
  endfacet
  facet normal 0.5556 0.83145 0
    outer loop
      vertex 35.1173 -1.15036 4
      vertex 35.275 -1.25574 0
      vertex 35.1173 -1.15036 0
    endloop
  endfacet
  facet normal 0.659355 0.751832 -0
    outer loop
      vertex 35.1173 -1.15036 0
      vertex 34.9747 -1.0253 4
      vertex 35.1173 -1.15036 4
    endloop
  endfacet
  facet normal 0.659355 0.751832 0
    outer loop
      vertex 34.9747 -1.0253 4
      vertex 35.1173 -1.15036 0
      vertex 34.9747 -1.0253 0
    endloop
  endfacet
  facet normal 0.442272 0.896881 -0
    outer loop
      vertex 35.4451 -1.33962 0
      vertex 35.275 -1.25574 4
      vertex 35.4451 -1.33962 4
    endloop
  endfacet
  facet normal 0.442272 0.896881 0
    outer loop
      vertex 35.275 -1.25574 4
      vertex 35.4451 -1.33962 0
      vertex 35.275 -1.25574 0
    endloop
  endfacet
  facet normal 0.195102 0.980783 -0
    outer loop
      vertex 35.8107 -1.43759 0
      vertex 35.6247 -1.40059 4
      vertex 35.8107 -1.43759 4
    endloop
  endfacet
  facet normal 0.195102 0.980783 0
    outer loop
      vertex 35.6247 -1.40059 4
      vertex 35.8107 -1.43759 0
      vertex 35.6247 -1.40059 0
    endloop
  endfacet
  facet normal 0.751718 0.659485 0
    outer loop
      vertex 34.9747 -1.0253 4
      vertex 34.8496 -0.882704 0
      vertex 34.8496 -0.882704 4
    endloop
  endfacet
  facet normal 0.751718 0.659485 0
    outer loop
      vertex 34.8496 -0.882704 0
      vertex 34.9747 -1.0253 4
      vertex 34.9747 -1.0253 0
    endloop
  endfacet
  facet normal 0.946878 0.321594 0
    outer loop
      vertex 34.6604 -0.554891 4
      vertex 34.5994 -0.375287 0
      vertex 34.5994 -0.375287 4
    endloop
  endfacet
  facet normal 0.946878 0.321594 0
    outer loop
      vertex 34.5994 -0.375287 0
      vertex 34.6604 -0.554891 4
      vertex 34.6604 -0.554891 0
    endloop
  endfacet
  facet normal 0.997861 0.0653775 0
    outer loop
      vertex 34.5624 -0.189262 4
      vertex 34.55 0 0
      vertex 34.55 0 4
    endloop
  endfacet
  facet normal 0.997861 0.0653775 0
    outer loop
      vertex 34.55 0 0
      vertex 34.5624 -0.189262 4
      vertex 34.5624 -0.189262 0
    endloop
  endfacet
  facet normal -0.195102 0.980783 0
    outer loop
      vertex 36.3753 -1.40059 0
      vertex 36.1893 -1.43759 4
      vertex 36.3753 -1.40059 4
    endloop
  endfacet
  facet normal -0.195102 0.980783 0
    outer loop
      vertex 36.1893 -1.43759 4
      vertex 36.3753 -1.40059 0
      vertex 36.1893 -1.43759 0
    endloop
  endfacet
  facet normal -0.896848 0.44234 0
    outer loop
      vertex 37.2557 -0.724999 0
      vertex 37.3396 -0.554891 4
      vertex 37.3396 -0.554891 0
    endloop
  endfacet
  facet normal -0.896848 0.44234 0
    outer loop
      vertex 37.3396 -0.554891 4
      vertex 37.2557 -0.724999 0
      vertex 37.2557 -0.724999 4
    endloop
  endfacet
  facet normal -0.946878 0.321594 0
    outer loop
      vertex 37.3396 -0.554891 0
      vertex 37.4006 -0.375287 4
      vertex 37.4006 -0.375287 0
    endloop
  endfacet
  facet normal -0.946878 0.321594 0
    outer loop
      vertex 37.4006 -0.375287 4
      vertex 37.3396 -0.554891 0
      vertex 37.3396 -0.554891 4
    endloop
  endfacet
  facet normal -0.980788 0.195077 0
    outer loop
      vertex 37.4006 -0.375287 0
      vertex 37.4376 -0.189262 4
      vertex 37.4376 -0.189262 0
    endloop
  endfacet
  facet normal -0.980788 0.195077 0
    outer loop
      vertex 37.4376 -0.189262 4
      vertex 37.4006 -0.375287 0
      vertex 37.4006 -0.375287 4
    endloop
  endfacet
  facet normal 0.0654169 0.997858 -0
    outer loop
      vertex 36 -1.45 0
      vertex 35.8107 -1.43759 4
      vertex 36 -1.45 4
    endloop
  endfacet
  facet normal 0.0654169 0.997858 0
    outer loop
      vertex 35.8107 -1.43759 4
      vertex 36 -1.45 0
      vertex 35.8107 -1.43759 0
    endloop
  endfacet
  facet normal 0.980788 0.195077 0
    outer loop
      vertex 34.5994 -0.375287 4
      vertex 34.5624 -0.189262 0
      vertex 34.5624 -0.189262 4
    endloop
  endfacet
  facet normal 0.980788 0.195077 0
    outer loop
      vertex 34.5624 -0.189262 0
      vertex 34.5994 -0.375287 4
      vertex 34.5994 -0.375287 0
    endloop
  endfacet
endsolid OpenSCAD_Model
