solid OpenSCAD_Model
  facet normal 0.99786 0.0653933 0
    outer loop
      vertex 3.25 0 4
      vertex 3.2222 0.42421 0
      vertex 3.2222 0.42421 4
    endloop
  endfacet
  facet normal 0.99786 0.0653933 0
    outer loop
      vertex 3.2222 0.42421 0
      vertex 3.25 0 4
      vertex 3.25 0 0
    endloop
  endfacet
  facet normal -0.99786 0.0653933 0
    outer loop
      vertex -3.25 0 0
      vertex -3.2222 0.42421 4
      vertex -3.2222 0.42421 0
    endloop
  endfacet
  facet normal -0.99786 0.0653933 0
    outer loop
      vertex -3.2222 0.42421 4
      vertex -3.25 0 0
      vertex -3.25 0 4
    endloop
  endfacet
  facet normal 0.0653933 0.99786 -0
    outer loop
      vertex 0.42421 3.2222 0
      vertex 0 3.25 4
      vertex 0.42421 3.2222 4
    endloop
  endfacet
  facet normal 0.0653933 0.99786 0
    outer loop
      vertex 0 3.25 4
      vertex 0.42421 3.2222 0
      vertex 0 3.25 0
    endloop
  endfacet
  facet normal 0.659335 0.751849 -0
    outer loop
      vertex 2.2981 2.2981 0
      vertex 1.97847 2.5784 4
      vertex 2.2981 2.2981 4
    endloop
  endfacet
  facet normal 0.659335 0.751849 0
    outer loop
      vertex 1.97847 2.5784 4
      vertex 2.2981 2.2981 0
      vertex 1.97847 2.5784 0
    endloop
  endfacet
  facet normal -0.659335 0.751849 0
    outer loop
      vertex -1.97847 2.5784 0
      vertex -2.2981 2.2981 4
      vertex -1.97847 2.5784 4
    endloop
  endfacet
  facet normal -0.659335 0.751849 0
    outer loop
      vertex -2.2981 2.2981 4
      vertex -1.97847 2.5784 0
      vertex -2.2981 2.2981 0
    endloop
  endfacet
  facet normal -0.321439 0.94693 0
    outer loop
      vertex -0.841162 3.13926 0
      vertex -1.24372 3.00261 4
      vertex -0.841162 3.13926 4
    endloop
  endfacet
  facet normal -0.321439 0.94693 0
    outer loop
      vertex -1.24372 3.00261 4
      vertex -0.841162 3.13926 0
      vertex -1.24372 3.00261 0
    endloop
  endfacet
  facet normal 0 0 -1
    outer loop
      vertex 1.2 0 0
      vertex 3.25 0 0
      vertex 3.2222 -0.42421 0
    endloop
  endfacet
  facet normal 0 0 -1
    outer loop
      vertex 1.18973 -0.156631 0
      vertex 3.2222 -0.42421 0
      vertex 3.13926 -0.841162 0
    endloop
  endfacet
  facet normal 0 0 -1
    outer loop
      vertex 3.25 0 0
      vertex 1.2 0 0
      vertex 3.2222 0.42421 0
    endloop
  endfacet
  facet normal 0 0 -1
    outer loop
      vertex 1.15911 -0.310582 0
      vertex 3.13926 -0.841162 0
      vertex 3.00261 -1.24372 0
    endloop
  endfacet
  facet normal 0 0 -1
    outer loop
      vertex 1.18973 0.156631 0
      vertex 3.2222 0.42421 0
      vertex 1.2 0 0
    endloop
  endfacet
  facet normal 0 0 -1
    outer loop
      vertex 1.10865 -0.45922 0
      vertex 3.00261 -1.24372 0
      vertex 2.81458 -1.625 0
    endloop
  endfacet
  facet normal -0 0 -1
    outer loop
      vertex 3.2222 0.42421 0
      vertex 1.18973 0.156631 0
      vertex 3.13926 0.841162 0
    endloop
  endfacet
  facet normal 0 0 -1
    outer loop
      vertex 1.03923 -0.599999 0
      vertex 2.81458 -1.625 0
      vertex 2.5784 -1.97847 0
    endloop
  endfacet
  facet normal 0 0 -1
    outer loop
      vertex 1.15911 0.310582 0
      vertex 3.13926 0.841162 0
      vertex 1.18973 0.156631 0
    endloop
  endfacet
  facet normal 0 0 -1
    outer loop
      vertex 0.952024 -0.730514 0
      vertex 2.5784 -1.97847 0
      vertex 2.2981 -2.2981 0
    endloop
  endfacet
  facet normal -0 0 -1
    outer loop
      vertex 3.13926 0.841162 0
      vertex 1.15911 0.310582 0
      vertex 3.00261 1.24372 0
    endloop
  endfacet
  facet normal 0 0 -1
    outer loop
      vertex 0.848528 -0.848528 0
      vertex 2.2981 -2.2981 0
      vertex 1.97847 -2.5784 0
    endloop
  endfacet
  facet normal 0 0 -1
    outer loop
      vertex 1.10865 0.45922 0
      vertex 3.00261 1.24372 0
      vertex 1.15911 0.310582 0
    endloop
  endfacet
  facet normal 0 0 -1
    outer loop
      vertex 0.730514 -0.952024 0
      vertex 1.97847 -2.5784 0
      vertex 1.625 -2.81458 0
    endloop
  endfacet
  facet normal -0 0 -1
    outer loop
      vertex 3.00261 1.24372 0
      vertex 1.10865 0.45922 0
      vertex 2.81458 1.625 0
    endloop
  endfacet
  facet normal 0 0 -1
    outer loop
      vertex 0.599999 -1.03923 0
      vertex 1.625 -2.81458 0
      vertex 1.24372 -3.00261 0
    endloop
  endfacet
  facet normal 0 0 -1
    outer loop
      vertex 1.03923 0.599999 0
      vertex 2.81458 1.625 0
      vertex 1.10865 0.45922 0
    endloop
  endfacet
  facet normal -0 0 -1
    outer loop
      vertex 2.81458 1.625 0
      vertex 1.03923 0.599999 0
      vertex 2.5784 1.97847 0
    endloop
  endfacet
  facet normal 0 0 -1
    outer loop
      vertex 3.2222 -0.42421 0
      vertex 1.18973 -0.156631 0
      vertex 1.2 0 0
    endloop
  endfacet
  facet normal 0 0 -1
    outer loop
      vertex 3.13926 -0.841162 0
      vertex 1.15911 -0.310582 0
      vertex 1.18973 -0.156631 0
    endloop
  endfacet
  facet normal 0 0 -1
    outer loop
      vertex 3.00261 -1.24372 0
      vertex 1.10865 -0.45922 0
      vertex 1.15911 -0.310582 0
    endloop
  endfacet
  facet normal 0 0 -1
    outer loop
      vertex 2.81458 -1.625 0
      vertex 1.03923 -0.599999 0
      vertex 1.10865 -0.45922 0
    endloop
  endfacet
  facet normal 0 0 -1
    outer loop
      vertex 2.5784 -1.97847 0
      vertex 0.952024 -0.730514 0
      vertex 1.03923 -0.599999 0
    endloop
  endfacet
  facet normal 0 0 -1
    outer loop
      vertex 2.2981 -2.2981 0
      vertex 0.848528 -0.848528 0
      vertex 0.952024 -0.730514 0
    endloop
  endfacet
  facet normal 0 0 -1
    outer loop
      vertex 0.45922 -1.10865 0
      vertex 1.24372 -3.00261 0
      vertex 0.841162 -3.13926 0
    endloop
  endfacet
  facet normal 0 0 -1
    outer loop
      vertex 1.97847 -2.5784 0
      vertex 0.730514 -0.952024 0
      vertex 0.848528 -0.848528 0
    endloop
  endfacet
  facet normal 0 0 -1
    outer loop
      vertex 1.625 -2.81458 0
      vertex 0.599999 -1.03923 0
      vertex 0.730514 -0.952024 0
    endloop
  endfacet
  facet normal 0 0 -1
    outer loop
      vertex 1.24372 -3.00261 0
      vertex 0.45922 -1.10865 0
      vertex 0.599999 -1.03923 0
    endloop
  endfacet
  facet normal 0 0 -1
    outer loop
      vertex 0.310582 -1.15911 0
      vertex 0.841162 -3.13926 0
      vertex 0.42421 -3.2222 0
    endloop
  endfacet
  facet normal 0 0 -1
    outer loop
      vertex 0.841162 -3.13926 0
      vertex 0.310582 -1.15911 0
      vertex 0.45922 -1.10865 0
    endloop
  endfacet
  facet normal 0 0 -1
    outer loop
      vertex 0.42421 -3.2222 0
      vertex 0.156631 -1.18973 0
      vertex 0.310582 -1.15911 0
    endloop
  endfacet
  facet normal 0 0 -1
    outer loop
      vertex 0 -3.25 0
      vertex 0.156631 -1.18973 0
      vertex 0.42421 -3.2222 0
    endloop
  endfacet
  facet normal 0 0 -1
    outer loop
      vertex 0 -3.25 0
      vertex 0 -1.2 0
      vertex 0.156631 -1.18973 0
    endloop
  endfacet
  facet normal 0 0 -1
    outer loop
      vertex 0 -3.25 0
      vertex -0.156631 -1.18973 0
      vertex 0 -1.2 0
    endloop
  endfacet
  facet normal 0 0 -1
    outer loop
      vertex -0.42421 -3.2222 0
      vertex -0.156631 -1.18973 0
      vertex 0 -3.25 0
    endloop
  endfacet
  facet normal -0 0 -1
    outer loop
      vertex -0.156631 -1.18973 0
      vertex -0.42421 -3.2222 0
      vertex -0.310582 -1.15911 0
    endloop
  endfacet
  facet normal 0 0 -1
    outer loop
      vertex -0.841162 -3.13926 0
      vertex -0.310582 -1.15911 0
      vertex -0.42421 -3.2222 0
    endloop
  endfacet
  facet normal -0 0 -1
    outer loop
      vertex -0.310582 -1.15911 0
      vertex -0.841162 -3.13926 0
      vertex -0.45922 -1.10865 0
    endloop
  endfacet
  facet normal 0 0 -1
    outer loop
      vertex -1.24372 -3.00261 0
      vertex -0.45922 -1.10865 0
      vertex -0.841162 -3.13926 0
    endloop
  endfacet
  facet normal -0 0 -1
    outer loop
      vertex -0.45922 -1.10865 0
      vertex -1.24372 -3.00261 0
      vertex -0.599999 -1.03923 0
    endloop
  endfacet
  facet normal 0 0 -1
    outer loop
      vertex -1.625 -2.81458 0
      vertex -0.599999 -1.03923 0
      vertex -1.24372 -3.00261 0
    endloop
  endfacet
  facet normal -0 0 -1
    outer loop
      vertex -0.599999 -1.03923 0
      vertex -1.625 -2.81458 0
      vertex -0.730514 -0.952024 0
    endloop
  endfacet
  facet normal 0 0 -1
    outer loop
      vertex -1.97847 -2.5784 0
      vertex -0.730514 -0.952024 0
      vertex -1.625 -2.81458 0
    endloop
  endfacet
  facet normal -0 0 -1
    outer loop
      vertex -0.730514 -0.952024 0
      vertex -1.97847 -2.5784 0
      vertex -0.848528 -0.848528 0
    endloop
  endfacet
  facet normal 0 0 -1
    outer loop
      vertex -2.2981 -2.2981 0
      vertex -0.848528 -0.848528 0
      vertex -1.97847 -2.5784 0
    endloop
  endfacet
  facet normal -0 0 -1
    outer loop
      vertex -0.848528 -0.848528 0
      vertex -2.2981 -2.2981 0
      vertex -0.952024 -0.730514 0
    endloop
  endfacet
  facet normal -0 0 -1
    outer loop
      vertex -0.952024 -0.730514 0
      vertex -2.5784 -1.97847 0
      vertex -1.03923 -0.599999 0
    endloop
  endfacet
  facet normal 0 0 -1
    outer loop
      vertex -2.5784 -1.97847 0
      vertex -0.952024 -0.730514 0
      vertex -2.2981 -2.2981 0
    endloop
  endfacet
  facet normal 0 0 -1
    outer loop
      vertex 0.952024 0.730514 0
      vertex 2.5784 1.97847 0
      vertex 1.03923 0.599999 0
    endloop
  endfacet
  facet normal -0 0 -1
    outer loop
      vertex 2.5784 1.97847 0
      vertex 0.952024 0.730514 0
      vertex 2.2981 2.2981 0
    endloop
  endfacet
  facet normal 0 0 -1
    outer loop
      vertex 0.848528 0.848528 0
      vertex 2.2981 2.2981 0
      vertex 0.952024 0.730514 0
    endloop
  endfacet
  facet normal -0 0 -1
    outer loop
      vertex 2.2981 2.2981 0
      vertex 0.848528 0.848528 0
      vertex 1.97847 2.5784 0
    endloop
  endfacet
  facet normal 0 0 -1
    outer loop
      vertex 0.730514 0.952024 0
      vertex 1.97847 2.5784 0
      vertex 0.848528 0.848528 0
    endloop
  endfacet
  facet normal -0 0 -1
    outer loop
      vertex 1.97847 2.5784 0
      vertex 0.730514 0.952024 0
      vertex 1.625 2.81458 0
    endloop
  endfacet
  facet normal 0 0 -1
    outer loop
      vertex 0.599999 1.03923 0
      vertex 1.625 2.81458 0
      vertex 0.730514 0.952024 0
    endloop
  endfacet
  facet normal -0 0 -1
    outer loop
      vertex 1.625 2.81458 0
      vertex 0.599999 1.03923 0
      vertex 1.24372 3.00261 0
    endloop
  endfacet
  facet normal 0 0 -1
    outer loop
      vertex 0.45922 1.10865 0
      vertex 1.24372 3.00261 0
      vertex 0.599999 1.03923 0
    endloop
  endfacet
  facet normal -0 0 -1
    outer loop
      vertex 1.24372 3.00261 0
      vertex 0.45922 1.10865 0
      vertex 0.841162 3.13926 0
    endloop
  endfacet
  facet normal 0 0 -1
    outer loop
      vertex 0.310582 1.15911 0
      vertex 0.841162 3.13926 0
      vertex 0.45922 1.10865 0
    endloop
  endfacet
  facet normal -0 0 -1
    outer loop
      vertex 0.841162 3.13926 0
      vertex 0.310582 1.15911 0
      vertex 0.42421 3.2222 0
    endloop
  endfacet
  facet normal 0 0 -1
    outer loop
      vertex 0.156631 1.18973 0
      vertex 0.42421 3.2222 0
      vertex 0.310582 1.15911 0
    endloop
  endfacet
  facet normal 0 0 -1
    outer loop
      vertex 0 1.2 0
      vertex 0.42421 3.2222 0
      vertex 0.156631 1.18973 0
    endloop
  endfacet
  facet normal 0 0 -1
    outer loop
      vertex 0 1.2 0
      vertex 0 3.25 0
      vertex 0.42421 3.2222 0
    endloop
  endfacet
  facet normal 0 0 -1
    outer loop
      vertex -0.156631 1.18973 0
      vertex 0 3.25 0
      vertex 0 1.2 0
    endloop
  endfacet
  facet normal 0 0 -1
    outer loop
      vertex -0.42421 3.2222 0
      vertex -0.156631 1.18973 0
      vertex -0.310582 1.15911 0
    endloop
  endfacet
  facet normal 0 0 -1
    outer loop
      vertex -0.156631 1.18973 0
      vertex -0.42421 3.2222 0
      vertex 0 3.25 0
    endloop
  endfacet
  facet normal 0 0 -1
    outer loop
      vertex -0.841162 3.13926 0
      vertex -0.310582 1.15911 0
      vertex -0.45922 1.10865 0
    endloop
  endfacet
  facet normal 0 0 -1
    outer loop
      vertex -1.24372 3.00261 0
      vertex -0.45922 1.10865 0
      vertex -0.599999 1.03923 0
    endloop
  endfacet
  facet normal 0 0 -1
    outer loop
      vertex -1.625 2.81458 0
      vertex -0.599999 1.03923 0
      vertex -0.730514 0.952024 0
    endloop
  endfacet
  facet normal 0 0 -1
    outer loop
      vertex -0.310582 1.15911 0
      vertex -0.841162 3.13926 0
      vertex -0.42421 3.2222 0
    endloop
  endfacet
  facet normal 0 0 -1
    outer loop
      vertex -1.97847 2.5784 0
      vertex -0.730514 0.952024 0
      vertex -0.848528 0.848528 0
    endloop
  endfacet
  facet normal 0 0 -1
    outer loop
      vertex -2.2981 2.2981 0
      vertex -0.848528 0.848528 0
      vertex -0.952024 0.730514 0
    endloop
  endfacet
  facet normal 0 0 -1
    outer loop
      vertex -2.5784 1.97847 0
      vertex -0.952024 0.730514 0
      vertex -1.03923 0.599999 0
    endloop
  endfacet
  facet normal 0 0 -1
    outer loop
      vertex -2.81458 1.625 0
      vertex -1.03923 0.599999 0
      vertex -1.10865 0.45922 0
    endloop
  endfacet
  facet normal 0 0 -1
    outer loop
      vertex -3.00261 1.24372 0
      vertex -1.10865 0.45922 0
      vertex -1.15911 0.310582 0
    endloop
  endfacet
  facet normal 0 0 -1
    outer loop
      vertex -3.13926 0.841162 0
      vertex -1.15911 0.310582 0
      vertex -1.18973 0.156631 0
    endloop
  endfacet
  facet normal 0 0 -1
    outer loop
      vertex -0.45922 1.10865 0
      vertex -1.24372 3.00261 0
      vertex -0.841162 3.13926 0
    endloop
  endfacet
  facet normal 0 0 -1
    outer loop
      vertex -3.2222 0.42421 0
      vertex -1.18973 0.156631 0
      vertex -1.2 0 0
    endloop
  endfacet
  facet normal 0 0 -1
    outer loop
      vertex -2.81458 -1.625 0
      vertex -1.03923 -0.599999 0
      vertex -2.5784 -1.97847 0
    endloop
  endfacet
  facet normal -0 0 -1
    outer loop
      vertex -1.03923 -0.599999 0
      vertex -2.81458 -1.625 0
      vertex -1.10865 -0.45922 0
    endloop
  endfacet
  facet normal 0 0 -1
    outer loop
      vertex -0.599999 1.03923 0
      vertex -1.625 2.81458 0
      vertex -1.24372 3.00261 0
    endloop
  endfacet
  facet normal 0 0 -1
    outer loop
      vertex -3.00261 -1.24372 0
      vertex -1.10865 -0.45922 0
      vertex -2.81458 -1.625 0
    endloop
  endfacet
  facet normal 0 0 -1
    outer loop
      vertex -0.730514 0.952024 0
      vertex -1.97847 2.5784 0
      vertex -1.625 2.81458 0
    endloop
  endfacet
  facet normal -0 0 -1
    outer loop
      vertex -1.10865 -0.45922 0
      vertex -3.00261 -1.24372 0
      vertex -1.15911 -0.310582 0
    endloop
  endfacet
  facet normal 0 0 -1
    outer loop
      vertex -0.848528 0.848528 0
      vertex -2.2981 2.2981 0
      vertex -1.97847 2.5784 0
    endloop
  endfacet
  facet normal 0 0 -1
    outer loop
      vertex -3.13926 -0.841162 0
      vertex -1.15911 -0.310582 0
      vertex -3.00261 -1.24372 0
    endloop
  endfacet
  facet normal 0 0 -1
    outer loop
      vertex -0.952024 0.730514 0
      vertex -2.5784 1.97847 0
      vertex -2.2981 2.2981 0
    endloop
  endfacet
  facet normal -0 0 -1
    outer loop
      vertex -1.15911 -0.310582 0
      vertex -3.13926 -0.841162 0
      vertex -1.18973 -0.156631 0
    endloop
  endfacet
  facet normal 0 0 -1
    outer loop
      vertex -1.03923 0.599999 0
      vertex -2.81458 1.625 0
      vertex -2.5784 1.97847 0
    endloop
  endfacet
  facet normal 0 0 -1
    outer loop
      vertex -3.2222 -0.42421 0
      vertex -1.18973 -0.156631 0
      vertex -3.13926 -0.841162 0
    endloop
  endfacet
  facet normal 0 0 -1
    outer loop
      vertex -1.10865 0.45922 0
      vertex -3.00261 1.24372 0
      vertex -2.81458 1.625 0
    endloop
  endfacet
  facet normal -0 0 -1
    outer loop
      vertex -1.18973 -0.156631 0
      vertex -3.2222 -0.42421 0
      vertex -1.2 0 0
    endloop
  endfacet
  facet normal 0 0 -1
    outer loop
      vertex -1.15911 0.310582 0
      vertex -3.13926 0.841162 0
      vertex -3.00261 1.24372 0
    endloop
  endfacet
  facet normal 0 0 -1
    outer loop
      vertex -3.25 0 0
      vertex -1.2 0 0
      vertex -3.2222 -0.42421 0
    endloop
  endfacet
  facet normal 0 0 -1
    outer loop
      vertex -1.18973 0.156631 0
      vertex -3.2222 0.42421 0
      vertex -3.13926 0.841162 0
    endloop
  endfacet
  facet normal 0 0 -1
    outer loop
      vertex -1.2 0 0
      vertex -3.25 0 0
      vertex -3.2222 0.42421 0
    endloop
  endfacet
  facet normal 0.896869 0.442295 0
    outer loop
      vertex 3.00261 1.24372 4
      vertex 2.81458 1.625 0
      vertex 2.81458 1.625 4
    endloop
  endfacet
  facet normal 0.896869 0.442295 0
    outer loop
      vertex 2.81458 1.625 0
      vertex 3.00261 1.24372 4
      vertex 3.00261 1.24372 0
    endloop
  endfacet
  facet normal 0.831471 0.555568 0
    outer loop
      vertex 2.81458 1.625 4
      vertex 2.5784 1.97847 0
      vertex 2.5784 1.97847 4
    endloop
  endfacet
  facet normal 0.831471 0.555568 0
    outer loop
      vertex 2.5784 1.97847 0
      vertex 2.81458 1.625 4
      vertex 2.81458 1.625 0
    endloop
  endfacet
  facet normal 0.442295 0.896869 -0
    outer loop
      vertex 1.625 2.81458 0
      vertex 1.24372 3.00261 4
      vertex 1.625 2.81458 4
    endloop
  endfacet
  facet normal 0.442295 0.896869 0
    outer loop
      vertex 1.24372 3.00261 4
      vertex 1.625 2.81458 0
      vertex 1.24372 3.00261 0
    endloop
  endfacet
  facet normal 0.555568 0.831471 -0
    outer loop
      vertex 1.97847 2.5784 0
      vertex 1.625 2.81458 4
      vertex 1.97847 2.5784 4
    endloop
  endfacet
  facet normal 0.555568 0.831471 0
    outer loop
      vertex 1.625 2.81458 4
      vertex 1.97847 2.5784 0
      vertex 1.625 2.81458 0
    endloop
  endfacet
  facet normal -0.896869 0.442295 0
    outer loop
      vertex -3.00261 1.24372 0
      vertex -2.81458 1.625 4
      vertex -2.81458 1.625 0
    endloop
  endfacet
  facet normal -0.896869 0.442295 0
    outer loop
      vertex -2.81458 1.625 4
      vertex -3.00261 1.24372 0
      vertex -3.00261 1.24372 4
    endloop
  endfacet
  facet normal -0.751849 0.659335 0
    outer loop
      vertex -2.5784 1.97847 0
      vertex -2.2981 2.2981 4
      vertex -2.2981 2.2981 0
    endloop
  endfacet
  facet normal -0.751849 0.659335 0
    outer loop
      vertex -2.2981 2.2981 4
      vertex -2.5784 1.97847 0
      vertex -2.5784 1.97847 4
    endloop
  endfacet
  facet normal 0 0 1
    outer loop
      vertex 1.2 0 4
      vertex 3.25 0 4
      vertex 3.2222 0.42421 4
    endloop
  endfacet
  facet normal 0 0 1
    outer loop
      vertex 1.18973 0.156631 4
      vertex 3.2222 0.42421 4
      vertex 3.13926 0.841162 4
    endloop
  endfacet
  facet normal 0 0 1
    outer loop
      vertex 3.25 0 4
      vertex 1.2 0 4
      vertex 3.2222 -0.42421 4
    endloop
  endfacet
  facet normal 0 0 1
    outer loop
      vertex 1.15911 0.310582 4
      vertex 3.13926 0.841162 4
      vertex 3.00261 1.24372 4
    endloop
  endfacet
  facet normal -0 0 1
    outer loop
      vertex 1.18973 -0.156631 4
      vertex 3.2222 -0.42421 4
      vertex 1.2 0 4
    endloop
  endfacet
  facet normal 0 0 1
    outer loop
      vertex 1.10865 0.45922 4
      vertex 3.00261 1.24372 4
      vertex 2.81458 1.625 4
    endloop
  endfacet
  facet normal 0 0 1
    outer loop
      vertex 3.2222 -0.42421 4
      vertex 1.18973 -0.156631 4
      vertex 3.13926 -0.841162 4
    endloop
  endfacet
  facet normal 0 0 1
    outer loop
      vertex 1.03923 0.599999 4
      vertex 2.81458 1.625 4
      vertex 2.5784 1.97847 4
    endloop
  endfacet
  facet normal -0 0 1
    outer loop
      vertex 1.15911 -0.310582 4
      vertex 3.13926 -0.841162 4
      vertex 1.18973 -0.156631 4
    endloop
  endfacet
  facet normal 0 0 1
    outer loop
      vertex 0.952024 0.730514 4
      vertex 2.5784 1.97847 4
      vertex 2.2981 2.2981 4
    endloop
  endfacet
  facet normal 0 0 1
    outer loop
      vertex 3.13926 -0.841162 4
      vertex 1.15911 -0.310582 4
      vertex 3.00261 -1.24372 4
    endloop
  endfacet
  facet normal 0 0 1
    outer loop
      vertex 0.848528 0.848528 4
      vertex 2.2981 2.2981 4
      vertex 1.97847 2.5784 4
    endloop
  endfacet
  facet normal -0 0 1
    outer loop
      vertex 1.10865 -0.45922 4
      vertex 3.00261 -1.24372 4
      vertex 1.15911 -0.310582 4
    endloop
  endfacet
  facet normal 0 0 1
    outer loop
      vertex 0.730514 0.952024 4
      vertex 1.97847 2.5784 4
      vertex 1.625 2.81458 4
    endloop
  endfacet
  facet normal 0 0 1
    outer loop
      vertex 3.00261 -1.24372 4
      vertex 1.10865 -0.45922 4
      vertex 2.81458 -1.625 4
    endloop
  endfacet
  facet normal 0 0 1
    outer loop
      vertex 0.599999 1.03923 4
      vertex 1.625 2.81458 4
      vertex 1.24372 3.00261 4
    endloop
  endfacet
  facet normal -0 0 1
    outer loop
      vertex 1.03923 -0.599999 4
      vertex 2.81458 -1.625 4
      vertex 1.10865 -0.45922 4
    endloop
  endfacet
  facet normal 0 0 1
    outer loop
      vertex 2.81458 -1.625 4
      vertex 1.03923 -0.599999 4
      vertex 2.5784 -1.97847 4
    endloop
  endfacet
  facet normal 0 0 1
    outer loop
      vertex 3.2222 0.42421 4
      vertex 1.18973 0.156631 4
      vertex 1.2 0 4
    endloop
  endfacet
  facet normal 0 0 1
    outer loop
      vertex 3.13926 0.841162 4
      vertex 1.15911 0.310582 4
      vertex 1.18973 0.156631 4
    endloop
  endfacet
  facet normal 0 0 1
    outer loop
      vertex 3.00261 1.24372 4
      vertex 1.10865 0.45922 4
      vertex 1.15911 0.310582 4
    endloop
  endfacet
  facet normal 0 0 1
    outer loop
      vertex 2.81458 1.625 4
      vertex 1.03923 0.599999 4
      vertex 1.10865 0.45922 4
    endloop
  endfacet
  facet normal 0 0 1
    outer loop
      vertex 2.5784 1.97847 4
      vertex 0.952024 0.730514 4
      vertex 1.03923 0.599999 4
    endloop
  endfacet
  facet normal 0 0 1
    outer loop
      vertex 2.2981 2.2981 4
      vertex 0.848528 0.848528 4
      vertex 0.952024 0.730514 4
    endloop
  endfacet
  facet normal 0 0 1
    outer loop
      vertex 0.45922 1.10865 4
      vertex 1.24372 3.00261 4
      vertex 0.841162 3.13926 4
    endloop
  endfacet
  facet normal 0 0 1
    outer loop
      vertex 1.97847 2.5784 4
      vertex 0.730514 0.952024 4
      vertex 0.848528 0.848528 4
    endloop
  endfacet
  facet normal 0 0 1
    outer loop
      vertex 1.625 2.81458 4
      vertex 0.599999 1.03923 4
      vertex 0.730514 0.952024 4
    endloop
  endfacet
  facet normal 0 0 1
    outer loop
      vertex 1.24372 3.00261 4
      vertex 0.45922 1.10865 4
      vertex 0.599999 1.03923 4
    endloop
  endfacet
  facet normal 0 0 1
    outer loop
      vertex 0.310582 1.15911 4
      vertex 0.841162 3.13926 4
      vertex 0.42421 3.2222 4
    endloop
  endfacet
  facet normal 0 0 1
    outer loop
      vertex 0.841162 3.13926 4
      vertex 0.310582 1.15911 4
      vertex 0.45922 1.10865 4
    endloop
  endfacet
  facet normal 0 0 1
    outer loop
      vertex 0.42421 3.2222 4
      vertex 0.156631 1.18973 4
      vertex 0.310582 1.15911 4
    endloop
  endfacet
  facet normal 0 0 1
    outer loop
      vertex 0 3.25 4
      vertex 0.156631 1.18973 4
      vertex 0.42421 3.2222 4
    endloop
  endfacet
  facet normal 0 0 1
    outer loop
      vertex 0 3.25 4
      vertex 0 1.2 4
      vertex 0.156631 1.18973 4
    endloop
  endfacet
  facet normal 0 0 1
    outer loop
      vertex 0 3.25 4
      vertex -0.156631 1.18973 4
      vertex 0 1.2 4
    endloop
  endfacet
  facet normal -0 0 1
    outer loop
      vertex -0.42421 3.2222 4
      vertex -0.156631 1.18973 4
      vertex 0 3.25 4
    endloop
  endfacet
  facet normal 0 0 1
    outer loop
      vertex -0.156631 1.18973 4
      vertex -0.42421 3.2222 4
      vertex -0.310582 1.15911 4
    endloop
  endfacet
  facet normal -0 0 1
    outer loop
      vertex -0.841162 3.13926 4
      vertex -0.310582 1.15911 4
      vertex -0.42421 3.2222 4
    endloop
  endfacet
  facet normal 0 0 1
    outer loop
      vertex -0.310582 1.15911 4
      vertex -0.841162 3.13926 4
      vertex -0.45922 1.10865 4
    endloop
  endfacet
  facet normal -0 0 1
    outer loop
      vertex -1.24372 3.00261 4
      vertex -0.45922 1.10865 4
      vertex -0.841162 3.13926 4
    endloop
  endfacet
  facet normal 0 0 1
    outer loop
      vertex -0.45922 1.10865 4
      vertex -1.24372 3.00261 4
      vertex -0.599999 1.03923 4
    endloop
  endfacet
  facet normal -0 0 1
    outer loop
      vertex -1.625 2.81458 4
      vertex -0.599999 1.03923 4
      vertex -1.24372 3.00261 4
    endloop
  endfacet
  facet normal 0 0 1
    outer loop
      vertex -0.599999 1.03923 4
      vertex -1.625 2.81458 4
      vertex -0.730514 0.952024 4
    endloop
  endfacet
  facet normal -0 0 1
    outer loop
      vertex -1.97847 2.5784 4
      vertex -0.730514 0.952024 4
      vertex -1.625 2.81458 4
    endloop
  endfacet
  facet normal 0 0 1
    outer loop
      vertex -0.730514 0.952024 4
      vertex -1.97847 2.5784 4
      vertex -0.848528 0.848528 4
    endloop
  endfacet
  facet normal -0 0 1
    outer loop
      vertex -2.2981 2.2981 4
      vertex -0.848528 0.848528 4
      vertex -1.97847 2.5784 4
    endloop
  endfacet
  facet normal 0 0 1
    outer loop
      vertex -0.848528 0.848528 4
      vertex -2.2981 2.2981 4
      vertex -0.952024 0.730514 4
    endloop
  endfacet
  facet normal 0 0 1
    outer loop
      vertex -0.952024 0.730514 4
      vertex -2.5784 1.97847 4
      vertex -1.03923 0.599999 4
    endloop
  endfacet
  facet normal -0 0 1
    outer loop
      vertex -2.5784 1.97847 4
      vertex -0.952024 0.730514 4
      vertex -2.2981 2.2981 4
    endloop
  endfacet
  facet normal -0 0 1
    outer loop
      vertex 0.952024 -0.730514 4
      vertex 2.5784 -1.97847 4
      vertex 1.03923 -0.599999 4
    endloop
  endfacet
  facet normal 0 0 1
    outer loop
      vertex 2.5784 -1.97847 4
      vertex 0.952024 -0.730514 4
      vertex 2.2981 -2.2981 4
    endloop
  endfacet
  facet normal -0 0 1
    outer loop
      vertex 0.848528 -0.848528 4
      vertex 2.2981 -2.2981 4
      vertex 0.952024 -0.730514 4
    endloop
  endfacet
  facet normal 0 0 1
    outer loop
      vertex 2.2981 -2.2981 4
      vertex 0.848528 -0.848528 4
      vertex 1.97847 -2.5784 4
    endloop
  endfacet
  facet normal -0 0 1
    outer loop
      vertex 0.730514 -0.952024 4
      vertex 1.97847 -2.5784 4
      vertex 0.848528 -0.848528 4
    endloop
  endfacet
  facet normal 0 0 1
    outer loop
      vertex 1.97847 -2.5784 4
      vertex 0.730514 -0.952024 4
      vertex 1.625 -2.81458 4
    endloop
  endfacet
  facet normal -0 0 1
    outer loop
      vertex 0.599999 -1.03923 4
      vertex 1.625 -2.81458 4
      vertex 0.730514 -0.952024 4
    endloop
  endfacet
  facet normal 0 0 1
    outer loop
      vertex 1.625 -2.81458 4
      vertex 0.599999 -1.03923 4
      vertex 1.24372 -3.00261 4
    endloop
  endfacet
  facet normal -0 0 1
    outer loop
      vertex 0.45922 -1.10865 4
      vertex 1.24372 -3.00261 4
      vertex 0.599999 -1.03923 4
    endloop
  endfacet
  facet normal 0 0 1
    outer loop
      vertex 1.24372 -3.00261 4
      vertex 0.45922 -1.10865 4
      vertex 0.841162 -3.13926 4
    endloop
  endfacet
  facet normal -0 0 1
    outer loop
      vertex 0.310582 -1.15911 4
      vertex 0.841162 -3.13926 4
      vertex 0.45922 -1.10865 4
    endloop
  endfacet
  facet normal 0 0 1
    outer loop
      vertex 0.841162 -3.13926 4
      vertex 0.310582 -1.15911 4
      vertex 0.42421 -3.2222 4
    endloop
  endfacet
  facet normal -0 0 1
    outer loop
      vertex 0.156631 -1.18973 4
      vertex 0.42421 -3.2222 4
      vertex 0.310582 -1.15911 4
    endloop
  endfacet
  facet normal -0 0 1
    outer loop
      vertex 0 -1.2 4
      vertex 0.42421 -3.2222 4
      vertex 0.156631 -1.18973 4
    endloop
  endfacet
  facet normal 0 0 1
    outer loop
      vertex 0 -1.2 4
      vertex 0 -3.25 4
      vertex 0.42421 -3.2222 4
    endloop
  endfacet
  facet normal 0 0 1
    outer loop
      vertex -0.156631 -1.18973 4
      vertex 0 -3.25 4
      vertex 0 -1.2 4
    endloop
  endfacet
  facet normal 0 0 1
    outer loop
      vertex -0.42421 -3.2222 4
      vertex -0.156631 -1.18973 4
      vertex -0.310582 -1.15911 4
    endloop
  endfacet
  facet normal 0 0 1
    outer loop
      vertex -0.156631 -1.18973 4
      vertex -0.42421 -3.2222 4
      vertex 0 -3.25 4
    endloop
  endfacet
  facet normal 0 0 1
    outer loop
      vertex -0.841162 -3.13926 4
      vertex -0.310582 -1.15911 4
      vertex -0.45922 -1.10865 4
    endloop
  endfacet
  facet normal 0 0 1
    outer loop
      vertex -1.24372 -3.00261 4
      vertex -0.45922 -1.10865 4
      vertex -0.599999 -1.03923 4
    endloop
  endfacet
  facet normal 0 0 1
    outer loop
      vertex -1.625 -2.81458 4
      vertex -0.599999 -1.03923 4
      vertex -0.730514 -0.952024 4
    endloop
  endfacet
  facet normal 0 0 1
    outer loop
      vertex -0.310582 -1.15911 4
      vertex -0.841162 -3.13926 4
      vertex -0.42421 -3.2222 4
    endloop
  endfacet
  facet normal 0 0 1
    outer loop
      vertex -1.97847 -2.5784 4
      vertex -0.730514 -0.952024 4
      vertex -0.848528 -0.848528 4
    endloop
  endfacet
  facet normal 0 0 1
    outer loop
      vertex -2.2981 -2.2981 4
      vertex -0.848528 -0.848528 4
      vertex -0.952024 -0.730514 4
    endloop
  endfacet
  facet normal 0 0 1
    outer loop
      vertex -2.5784 -1.97847 4
      vertex -0.952024 -0.730514 4
      vertex -1.03923 -0.599999 4
    endloop
  endfacet
  facet normal 0 0 1
    outer loop
      vertex -2.81458 -1.625 4
      vertex -1.03923 -0.599999 4
      vertex -1.10865 -0.45922 4
    endloop
  endfacet
  facet normal 0 0 1
    outer loop
      vertex -3.00261 -1.24372 4
      vertex -1.10865 -0.45922 4
      vertex -1.15911 -0.310582 4
    endloop
  endfacet
  facet normal 0 0 1
    outer loop
      vertex -3.13926 -0.841162 4
      vertex -1.15911 -0.310582 4
      vertex -1.18973 -0.156631 4
    endloop
  endfacet
  facet normal 0 0 1
    outer loop
      vertex -0.45922 -1.10865 4
      vertex -1.24372 -3.00261 4
      vertex -0.841162 -3.13926 4
    endloop
  endfacet
  facet normal 0 0 1
    outer loop
      vertex -3.2222 -0.42421 4
      vertex -1.18973 -0.156631 4
      vertex -1.2 0 4
    endloop
  endfacet
  facet normal -0 0 1
    outer loop
      vertex -2.81458 1.625 4
      vertex -1.03923 0.599999 4
      vertex -2.5784 1.97847 4
    endloop
  endfacet
  facet normal 0 0 1
    outer loop
      vertex -1.03923 0.599999 4
      vertex -2.81458 1.625 4
      vertex -1.10865 0.45922 4
    endloop
  endfacet
  facet normal 0 0 1
    outer loop
      vertex -0.599999 -1.03923 4
      vertex -1.625 -2.81458 4
      vertex -1.24372 -3.00261 4
    endloop
  endfacet
  facet normal -0 0 1
    outer loop
      vertex -3.00261 1.24372 4
      vertex -1.10865 0.45922 4
      vertex -2.81458 1.625 4
    endloop
  endfacet
  facet normal 0 0 1
    outer loop
      vertex -0.730514 -0.952024 4
      vertex -1.97847 -2.5784 4
      vertex -1.625 -2.81458 4
    endloop
  endfacet
  facet normal 0 0 1
    outer loop
      vertex -1.10865 0.45922 4
      vertex -3.00261 1.24372 4
      vertex -1.15911 0.310582 4
    endloop
  endfacet
  facet normal 0 0 1
    outer loop
      vertex -0.848528 -0.848528 4
      vertex -2.2981 -2.2981 4
      vertex -1.97847 -2.5784 4
    endloop
  endfacet
  facet normal -0 0 1
    outer loop
      vertex -3.13926 0.841162 4
      vertex -1.15911 0.310582 4
      vertex -3.00261 1.24372 4
    endloop
  endfacet
  facet normal 0 0 1
    outer loop
      vertex -0.952024 -0.730514 4
      vertex -2.5784 -1.97847 4
      vertex -2.2981 -2.2981 4
    endloop
  endfacet
  facet normal 0 0 1
    outer loop
      vertex -1.15911 0.310582 4
      vertex -3.13926 0.841162 4
      vertex -1.18973 0.156631 4
    endloop
  endfacet
  facet normal 0 0 1
    outer loop
      vertex -1.03923 -0.599999 4
      vertex -2.81458 -1.625 4
      vertex -2.5784 -1.97847 4
    endloop
  endfacet
  facet normal -0 0 1
    outer loop
      vertex -3.2222 0.42421 4
      vertex -1.18973 0.156631 4
      vertex -3.13926 0.841162 4
    endloop
  endfacet
  facet normal 0 0 1
    outer loop
      vertex -1.10865 -0.45922 4
      vertex -3.00261 -1.24372 4
      vertex -2.81458 -1.625 4
    endloop
  endfacet
  facet normal 0 0 1
    outer loop
      vertex -1.18973 0.156631 4
      vertex -3.2222 0.42421 4
      vertex -1.2 0 4
    endloop
  endfacet
  facet normal 0 0 1
    outer loop
      vertex -1.15911 -0.310582 4
      vertex -3.13926 -0.841162 4
      vertex -3.00261 -1.24372 4
    endloop
  endfacet
  facet normal 0 0 1
    outer loop
      vertex -3.25 0 4
      vertex -1.2 0 4
      vertex -3.2222 0.42421 4
    endloop
  endfacet
  facet normal 0 0 1
    outer loop
      vertex -1.18973 -0.156631 4
      vertex -3.2222 -0.42421 4
      vertex -3.13926 -0.841162 4
    endloop
  endfacet
  facet normal 0 0 1
    outer loop
      vertex -1.2 0 4
      vertex -3.25 0 4
      vertex -3.2222 -0.42421 4
    endloop
  endfacet
  facet normal -0.0653933 0.99786 0
    outer loop
      vertex 0 3.25 0
      vertex -0.42421 3.2222 4
      vertex 0 3.25 4
    endloop
  endfacet
  facet normal -0.0653933 0.99786 0
    outer loop
      vertex -0.42421 3.2222 4
      vertex 0 3.25 0
      vertex -0.42421 3.2222 0
    endloop
  endfacet
  facet normal 0.94693 -0.321439 0
    outer loop
      vertex 3.00261 -1.24372 4
      vertex 3.13926 -0.841162 0
      vertex 3.13926 -0.841162 4
    endloop
  endfacet
  facet normal 0.94693 -0.321439 0
    outer loop
      vertex 3.13926 -0.841162 0
      vertex 3.00261 -1.24372 4
      vertex 3.00261 -1.24372 0
    endloop
  endfacet
  facet normal 0.0653933 -0.99786 0
    outer loop
      vertex 0 -3.25 0
      vertex 0.42421 -3.2222 4
      vertex 0 -3.25 4
    endloop
  endfacet
  facet normal 0.0653933 -0.99786 0
    outer loop
      vertex 0.42421 -3.2222 4
      vertex 0 -3.25 0
      vertex 0.42421 -3.2222 0
    endloop
  endfacet
  facet normal -0.659335 -0.751849 0
    outer loop
      vertex -2.2981 -2.2981 0
      vertex -1.97847 -2.5784 4
      vertex -2.2981 -2.2981 4
    endloop
  endfacet
  facet normal -0.659335 -0.751849 -0
    outer loop
      vertex -1.97847 -2.5784 4
      vertex -2.2981 -2.2981 0
      vertex -1.97847 -2.5784 0
    endloop
  endfacet
  facet normal -0.99786 -0.0653933 0
    outer loop
      vertex -3.2222 -0.42421 0
      vertex -3.25 0 4
      vertex -3.25 0 0
    endloop
  endfacet
  facet normal -0.99786 -0.0653933 0
    outer loop
      vertex -3.25 0 4
      vertex -3.2222 -0.42421 0
      vertex -3.2222 -0.42421 4
    endloop
  endfacet
  facet normal 0.94693 0.321439 0
    outer loop
      vertex 3.13926 0.841162 4
      vertex 3.00261 1.24372 0
      vertex 3.00261 1.24372 4
    endloop
  endfacet
  facet normal 0.94693 0.321439 0
    outer loop
      vertex 3.00261 1.24372 0
      vertex 3.13926 0.841162 4
      vertex 3.13926 0.841162 0
    endloop
  endfacet
  facet normal 0.980784 0.195097 0
    outer loop
      vertex 3.2222 0.42421 4
      vertex 3.13926 0.841162 0
      vertex 3.13926 0.841162 4
    endloop
  endfacet
  facet normal 0.980784 0.195097 0
    outer loop
      vertex 3.13926 0.841162 0
      vertex 3.2222 0.42421 4
      vertex 3.2222 0.42421 0
    endloop
  endfacet
  facet normal 0.751849 0.659335 0
    outer loop
      vertex 2.5784 1.97847 4
      vertex 2.2981 2.2981 0
      vertex 2.2981 2.2981 4
    endloop
  endfacet
  facet normal 0.751849 0.659335 0
    outer loop
      vertex 2.2981 2.2981 0
      vertex 2.5784 1.97847 4
      vertex 2.5784 1.97847 0
    endloop
  endfacet
  facet normal 0.321439 0.94693 -0
    outer loop
      vertex 1.24372 3.00261 0
      vertex 0.841162 3.13926 4
      vertex 1.24372 3.00261 4
    endloop
  endfacet
  facet normal 0.321439 0.94693 0
    outer loop
      vertex 0.841162 3.13926 4
      vertex 1.24372 3.00261 0
      vertex 0.841162 3.13926 0
    endloop
  endfacet
  facet normal 0.195097 0.980784 -0
    outer loop
      vertex 0.841162 3.13926 0
      vertex 0.42421 3.2222 4
      vertex 0.841162 3.13926 4
    endloop
  endfacet
  facet normal 0.195097 0.980784 0
    outer loop
      vertex 0.42421 3.2222 4
      vertex 0.841162 3.13926 0
      vertex 0.42421 3.2222 0
    endloop
  endfacet
  facet normal -0.831471 0.555568 0
    outer loop
      vertex -2.81458 1.625 0
      vertex -2.5784 1.97847 4
      vertex -2.5784 1.97847 0
    endloop
  endfacet
  facet normal -0.831471 0.555568 0
    outer loop
      vertex -2.5784 1.97847 4
      vertex -2.81458 1.625 0
      vertex -2.81458 1.625 4
    endloop
  endfacet
  facet normal -0.94693 0.321439 0
    outer loop
      vertex -3.13926 0.841162 0
      vertex -3.00261 1.24372 4
      vertex -3.00261 1.24372 0
    endloop
  endfacet
  facet normal -0.94693 0.321439 0
    outer loop
      vertex -3.00261 1.24372 4
      vertex -3.13926 0.841162 0
      vertex -3.13926 0.841162 4
    endloop
  endfacet
  facet normal -0.980784 0.195097 0
    outer loop
      vertex -3.2222 0.42421 0
      vertex -3.13926 0.841162 4
      vertex -3.13926 0.841162 0
    endloop
  endfacet
  facet normal -0.980784 0.195097 0
    outer loop
      vertex -3.13926 0.841162 4
      vertex -3.2222 0.42421 0
      vertex -3.2222 0.42421 4
    endloop
  endfacet
  facet normal -0.442295 0.896869 0
    outer loop
      vertex -1.24372 3.00261 0
      vertex -1.625 2.81458 4
      vertex -1.24372 3.00261 4
    endloop
  endfacet
  facet normal -0.442295 0.896869 0
    outer loop
      vertex -1.625 2.81458 4
      vertex -1.24372 3.00261 0
      vertex -1.625 2.81458 0
    endloop
  endfacet
  facet normal -0.555568 0.831471 0
    outer loop
      vertex -1.625 2.81458 0
      vertex -1.97847 2.5784 4
      vertex -1.625 2.81458 4
    endloop
  endfacet
  facet normal -0.555568 0.831471 0
    outer loop
      vertex -1.97847 2.5784 4
      vertex -1.625 2.81458 0
      vertex -1.97847 2.5784 0
    endloop
  endfacet
  facet normal -0.195097 0.980784 0
    outer loop
      vertex -0.42421 3.2222 0
      vertex -0.841162 3.13926 4
      vertex -0.42421 3.2222 4
    endloop
  endfacet
  facet normal -0.195097 0.980784 0
    outer loop
      vertex -0.841162 3.13926 4
      vertex -0.42421 3.2222 0
      vertex -0.841162 3.13926 0
    endloop
  endfacet
  facet normal 0.195097 -0.980784 0
    outer loop
      vertex 0.42421 -3.2222 0
      vertex 0.841162 -3.13926 4
      vertex 0.42421 -3.2222 4
    endloop
  endfacet
  facet normal 0.195097 -0.980784 0
    outer loop
      vertex 0.841162 -3.13926 4
      vertex 0.42421 -3.2222 0
      vertex 0.841162 -3.13926 0
    endloop
  endfacet
  facet normal 0.659335 -0.751849 0
    outer loop
      vertex 1.97847 -2.5784 0
      vertex 2.2981 -2.2981 4
      vertex 1.97847 -2.5784 4
    endloop
  endfacet
  facet normal 0.659335 -0.751849 0
    outer loop
      vertex 2.2981 -2.2981 4
      vertex 1.97847 -2.5784 0
      vertex 2.2981 -2.2981 0
    endloop
  endfacet
  facet normal 0.442295 -0.896869 0
    outer loop
      vertex 1.24372 -3.00261 0
      vertex 1.625 -2.81458 4
      vertex 1.24372 -3.00261 4
    endloop
  endfacet
  facet normal 0.442295 -0.896869 0
    outer loop
      vertex 1.625 -2.81458 4
      vertex 1.24372 -3.00261 0
      vertex 1.625 -2.81458 0
    endloop
  endfacet
  facet normal 0.831471 -0.555568 0
    outer loop
      vertex 2.5784 -1.97847 4
      vertex 2.81458 -1.625 0
      vertex 2.81458 -1.625 4
    endloop
  endfacet
  facet normal 0.831471 -0.555568 0
    outer loop
      vertex 2.81458 -1.625 0
      vertex 2.5784 -1.97847 4
      vertex 2.5784 -1.97847 0
    endloop
  endfacet
  facet normal -0.555568 -0.831471 0
    outer loop
      vertex -1.97847 -2.5784 0
      vertex -1.625 -2.81458 4
      vertex -1.97847 -2.5784 4
    endloop
  endfacet
  facet normal -0.555568 -0.831471 -0
    outer loop
      vertex -1.625 -2.81458 4
      vertex -1.97847 -2.5784 0
      vertex -1.625 -2.81458 0
    endloop
  endfacet
  facet normal -0.321439 -0.94693 0
    outer loop
      vertex -1.24372 -3.00261 0
      vertex -0.841162 -3.13926 4
      vertex -1.24372 -3.00261 4
    endloop
  endfacet
  facet normal -0.321439 -0.94693 -0
    outer loop
      vertex -0.841162 -3.13926 4
      vertex -1.24372 -3.00261 0
      vertex -0.841162 -3.13926 0
    endloop
  endfacet
  facet normal -0.0653933 -0.99786 0
    outer loop
      vertex -0.42421 -3.2222 0
      vertex 0 -3.25 4
      vertex -0.42421 -3.2222 4
    endloop
  endfacet
  facet normal -0.0653933 -0.99786 -0
    outer loop
      vertex 0 -3.25 4
      vertex -0.42421 -3.2222 0
      vertex 0 -3.25 0
    endloop
  endfacet
  facet normal -0.896869 -0.442295 0
    outer loop
      vertex -2.81458 -1.625 0
      vertex -3.00261 -1.24372 4
      vertex -3.00261 -1.24372 0
    endloop
  endfacet
  facet normal -0.896869 -0.442295 0
    outer loop
      vertex -3.00261 -1.24372 4
      vertex -2.81458 -1.625 0
      vertex -2.81458 -1.625 4
    endloop
  endfacet
  facet normal -0.751849 -0.659335 0
    outer loop
      vertex -2.2981 -2.2981 0
      vertex -2.5784 -1.97847 4
      vertex -2.5784 -1.97847 0
    endloop
  endfacet
  facet normal -0.751849 -0.659335 0
    outer loop
      vertex -2.5784 -1.97847 4
      vertex -2.2981 -2.2981 0
      vertex -2.2981 -2.2981 4
    endloop
  endfacet
  facet normal -0.980784 -0.195097 0
    outer loop
      vertex -3.13926 -0.841162 0
      vertex -3.2222 -0.42421 4
      vertex -3.2222 -0.42421 0
    endloop
  endfacet
  facet normal -0.980784 -0.195097 0
    outer loop
      vertex -3.2222 -0.42421 4
      vertex -3.13926 -0.841162 0
      vertex -3.13926 -0.841162 4
    endloop
  endfacet
  facet normal 0.321439 -0.94693 0
    outer loop
      vertex 0.841162 -3.13926 0
      vertex 1.24372 -3.00261 4
      vertex 0.841162 -3.13926 4
    endloop
  endfacet
  facet normal 0.321439 -0.94693 0
    outer loop
      vertex 1.24372 -3.00261 4
      vertex 0.841162 -3.13926 0
      vertex 1.24372 -3.00261 0
    endloop
  endfacet
  facet normal 0.751849 -0.659335 0
    outer loop
      vertex 2.2981 -2.2981 4
      vertex 2.5784 -1.97847 0
      vertex 2.5784 -1.97847 4
    endloop
  endfacet
  facet normal 0.751849 -0.659335 0
    outer loop
      vertex 2.5784 -1.97847 0
      vertex 2.2981 -2.2981 4
      vertex 2.2981 -2.2981 0
    endloop
  endfacet
  facet normal 0.555568 -0.831471 0
    outer loop
      vertex 1.625 -2.81458 0
      vertex 1.97847 -2.5784 4
      vertex 1.625 -2.81458 4
    endloop
  endfacet
  facet normal 0.555568 -0.831471 0
    outer loop
      vertex 1.97847 -2.5784 4
      vertex 1.625 -2.81458 0
      vertex 1.97847 -2.5784 0
    endloop
  endfacet
  facet normal 0.980784 -0.195097 0
    outer loop
      vertex 3.13926 -0.841162 4
      vertex 3.2222 -0.42421 0
      vertex 3.2222 -0.42421 4
    endloop
  endfacet
  facet normal 0.980784 -0.195097 0
    outer loop
      vertex 3.2222 -0.42421 0
      vertex 3.13926 -0.841162 4
      vertex 3.13926 -0.841162 0
    endloop
  endfacet
  facet normal 0.896869 -0.442295 0
    outer loop
      vertex 2.81458 -1.625 4
      vertex 3.00261 -1.24372 0
      vertex 3.00261 -1.24372 4
    endloop
  endfacet
  facet normal 0.896869 -0.442295 0
    outer loop
      vertex 3.00261 -1.24372 0
      vertex 2.81458 -1.625 4
      vertex 2.81458 -1.625 0
    endloop
  endfacet
  facet normal -0.442295 -0.896869 0
    outer loop
      vertex -1.625 -2.81458 0
      vertex -1.24372 -3.00261 4
      vertex -1.625 -2.81458 4
    endloop
  endfacet
  facet normal -0.442295 -0.896869 -0
    outer loop
      vertex -1.24372 -3.00261 4
      vertex -1.625 -2.81458 0
      vertex -1.24372 -3.00261 0
    endloop
  endfacet
  facet normal -0.195097 -0.980784 0
    outer loop
      vertex -0.841162 -3.13926 0
      vertex -0.42421 -3.2222 4
      vertex -0.841162 -3.13926 4
    endloop
  endfacet
  facet normal -0.195097 -0.980784 -0
    outer loop
      vertex -0.42421 -3.2222 4
      vertex -0.841162 -3.13926 0
      vertex -0.42421 -3.2222 0
    endloop
  endfacet
  facet normal -0.831471 -0.555568 0
    outer loop
      vertex -2.5784 -1.97847 0
      vertex -2.81458 -1.625 4
      vertex -2.81458 -1.625 0
    endloop
  endfacet
  facet normal -0.831471 -0.555568 0
    outer loop
      vertex -2.81458 -1.625 4
      vertex -2.5784 -1.97847 0
      vertex -2.5784 -1.97847 4
    endloop
  endfacet
  facet normal -0.94693 -0.321439 0
    outer loop
      vertex -3.00261 -1.24372 0
      vertex -3.13926 -0.841162 4
      vertex -3.13926 -0.841162 0
    endloop
  endfacet
  facet normal -0.94693 -0.321439 0
    outer loop
      vertex -3.13926 -0.841162 4
      vertex -3.00261 -1.24372 0
      vertex -3.00261 -1.24372 4
    endloop
  endfacet
  facet normal 0.99786 -0.0653933 0
    outer loop
      vertex 3.2222 -0.42421 4
      vertex 3.25 0 0
      vertex 3.25 0 4
    endloop
  endfacet
  facet normal 0.99786 -0.0653933 0
    outer loop
      vertex 3.25 0 0
      vertex 3.2222 -0.42421 4
      vertex 3.2222 -0.42421 0
    endloop
  endfacet
  facet normal -0.997857 -0.0654276 0
    outer loop
      vertex 1.2 0 0
      vertex 1.18973 0.156631 4
      vertex 1.18973 0.156631 0
    endloop
  endfacet
  facet normal -0.997857 -0.0654276 0
    outer loop
      vertex 1.18973 0.156631 4
      vertex 1.2 0 0
      vertex 1.2 0 4
    endloop
  endfacet
  facet normal 0.997857 -0.0654276 0
    outer loop
      vertex -1.2 0 4
      vertex -1.18973 0.156631 0
      vertex -1.18973 0.156631 4
    endloop
  endfacet
  facet normal 0.997857 -0.0654276 0
    outer loop
      vertex -1.18973 0.156631 0
      vertex -1.2 0 4
      vertex -1.2 0 0
    endloop
  endfacet
  facet normal -0.0654276 -0.997857 0
    outer loop
      vertex 0 1.2 0
      vertex 0.156631 1.18973 4
      vertex 0 1.2 4
    endloop
  endfacet
  facet normal -0.0654276 -0.997857 -0
    outer loop
      vertex 0.156631 1.18973 4
      vertex 0 1.2 0
      vertex 0.156631 1.18973 0
    endloop
  endfacet
  facet normal 0.751838 0.659348 0
    outer loop
      vertex -0.848528 -0.848528 4
      vertex -0.952024 -0.730514 0
      vertex -0.952024 -0.730514 4
    endloop
  endfacet
  facet normal 0.751838 0.659348 0
    outer loop
      vertex -0.952024 -0.730514 0
      vertex -0.848528 -0.848528 4
      vertex -0.848528 -0.848528 0
    endloop
  endfacet
  facet normal -0.751838 -0.659348 0
    outer loop
      vertex 0.952024 0.730514 0
      vertex 0.848528 0.848528 4
      vertex 0.848528 0.848528 0
    endloop
  endfacet
  facet normal -0.751838 -0.659348 0
    outer loop
      vertex 0.848528 0.848528 4
      vertex 0.952024 0.730514 0
      vertex 0.952024 0.730514 4
    endloop
  endfacet
  facet normal 0.659348 -0.751838 0
    outer loop
      vertex -0.848528 0.848528 0
      vertex -0.730514 0.952024 4
      vertex -0.848528 0.848528 4
    endloop
  endfacet
  facet normal 0.659348 -0.751838 0
    outer loop
      vertex -0.730514 0.952024 4
      vertex -0.848528 0.848528 0
      vertex -0.730514 0.952024 0
    endloop
  endfacet
  facet normal 0.321463 -0.946922 0
    outer loop
      vertex -0.45922 1.10865 0
      vertex -0.310582 1.15911 4
      vertex -0.45922 1.10865 4
    endloop
  endfacet
  facet normal 0.321463 -0.946922 0
    outer loop
      vertex -0.310582 1.15911 4
      vertex -0.45922 1.10865 0
      vertex -0.310582 1.15911 0
    endloop
  endfacet
  facet normal 0.946922 0.321463 0
    outer loop
      vertex -1.10865 -0.45922 4
      vertex -1.15911 -0.310582 0
      vertex -1.15911 -0.310582 4
    endloop
  endfacet
  facet normal 0.946922 0.321463 0
    outer loop
      vertex -1.15911 -0.310582 0
      vertex -1.10865 -0.45922 4
      vertex -1.10865 -0.45922 0
    endloop
  endfacet
  facet normal -0.896884 -0.442266 0
    outer loop
      vertex 1.10865 0.45922 0
      vertex 1.03923 0.599999 4
      vertex 1.03923 0.599999 0
    endloop
  endfacet
  facet normal -0.896884 -0.442266 0
    outer loop
      vertex 1.03923 0.599999 4
      vertex 1.10865 0.45922 0
      vertex 1.10865 0.45922 4
    endloop
  endfacet
  facet normal -0.831474 -0.555564 0
    outer loop
      vertex 1.03923 0.599999 0
      vertex 0.952024 0.730514 4
      vertex 0.952024 0.730514 0
    endloop
  endfacet
  facet normal -0.831474 -0.555564 0
    outer loop
      vertex 0.952024 0.730514 4
      vertex 1.03923 0.599999 0
      vertex 1.03923 0.599999 4
    endloop
  endfacet
  facet normal -0.442266 -0.896884 0
    outer loop
      vertex 0.45922 1.10865 0
      vertex 0.599999 1.03923 4
      vertex 0.45922 1.10865 4
    endloop
  endfacet
  facet normal -0.442266 -0.896884 -0
    outer loop
      vertex 0.599999 1.03923 4
      vertex 0.45922 1.10865 0
      vertex 0.599999 1.03923 0
    endloop
  endfacet
  facet normal -0.555564 -0.831474 0
    outer loop
      vertex 0.599999 1.03923 0
      vertex 0.730514 0.952024 4
      vertex 0.599999 1.03923 4
    endloop
  endfacet
  facet normal -0.555564 -0.831474 -0
    outer loop
      vertex 0.730514 0.952024 4
      vertex 0.599999 1.03923 0
      vertex 0.730514 0.952024 0
    endloop
  endfacet
  facet normal 0.896884 -0.442266 0
    outer loop
      vertex -1.10865 0.45922 4
      vertex -1.03923 0.599999 0
      vertex -1.03923 0.599999 4
    endloop
  endfacet
  facet normal 0.896884 -0.442266 0
    outer loop
      vertex -1.03923 0.599999 0
      vertex -1.10865 0.45922 4
      vertex -1.10865 0.45922 0
    endloop
  endfacet
  facet normal 0.442266 -0.896884 0
    outer loop
      vertex -0.599999 1.03923 0
      vertex -0.45922 1.10865 4
      vertex -0.599999 1.03923 4
    endloop
  endfacet
  facet normal 0.442266 -0.896884 0
    outer loop
      vertex -0.45922 1.10865 4
      vertex -0.599999 1.03923 0
      vertex -0.45922 1.10865 0
    endloop
  endfacet
  facet normal 0.0654276 -0.997857 0
    outer loop
      vertex -0.156631 1.18973 0
      vertex 0 1.2 4
      vertex -0.156631 1.18973 4
    endloop
  endfacet
  facet normal 0.0654276 -0.997857 0
    outer loop
      vertex 0 1.2 4
      vertex -0.156631 1.18973 0
      vertex 0 1.2 0
    endloop
  endfacet
  facet normal -0.321463 0.946922 0
    outer loop
      vertex 0.45922 -1.10865 0
      vertex 0.310582 -1.15911 4
      vertex 0.45922 -1.10865 4
    endloop
  endfacet
  facet normal -0.321463 0.946922 0
    outer loop
      vertex 0.310582 -1.15911 4
      vertex 0.45922 -1.10865 0
      vertex 0.310582 -1.15911 0
    endloop
  endfacet
  facet normal -0.0654276 0.997857 0
    outer loop
      vertex 0.156631 -1.18973 0
      vertex 0 -1.2 4
      vertex 0.156631 -1.18973 4
    endloop
  endfacet
  facet normal -0.0654276 0.997857 0
    outer loop
      vertex 0 -1.2 4
      vertex 0.156631 -1.18973 0
      vertex 0 -1.2 0
    endloop
  endfacet
  facet normal -0.442266 0.896884 0
    outer loop
      vertex 0.599999 -1.03923 0
      vertex 0.45922 -1.10865 4
      vertex 0.599999 -1.03923 4
    endloop
  endfacet
  facet normal -0.442266 0.896884 0
    outer loop
      vertex 0.45922 -1.10865 4
      vertex 0.599999 -1.03923 0
      vertex 0.45922 -1.10865 0
    endloop
  endfacet
  facet normal 0.896884 0.442266 0
    outer loop
      vertex -1.03923 -0.599999 4
      vertex -1.10865 -0.45922 0
      vertex -1.10865 -0.45922 4
    endloop
  endfacet
  facet normal 0.896884 0.442266 0
    outer loop
      vertex -1.10865 -0.45922 0
      vertex -1.03923 -0.599999 4
      vertex -1.03923 -0.599999 0
    endloop
  endfacet
  facet normal 0.997857 0.0654276 0
    outer loop
      vertex -1.18973 -0.156631 4
      vertex -1.2 0 0
      vertex -1.2 0 4
    endloop
  endfacet
  facet normal 0.997857 0.0654276 0
    outer loop
      vertex -1.2 0 0
      vertex -1.18973 -0.156631 4
      vertex -1.18973 -0.156631 0
    endloop
  endfacet
  facet normal -0.946922 -0.321463 0
    outer loop
      vertex 1.15911 0.310582 0
      vertex 1.10865 0.45922 4
      vertex 1.10865 0.45922 0
    endloop
  endfacet
  facet normal -0.946922 -0.321463 0
    outer loop
      vertex 1.10865 0.45922 4
      vertex 1.15911 0.310582 0
      vertex 1.15911 0.310582 4
    endloop
  endfacet
  facet normal -0.980789 -0.195073 0
    outer loop
      vertex 1.18973 0.156631 0
      vertex 1.15911 0.310582 4
      vertex 1.15911 0.310582 0
    endloop
  endfacet
  facet normal -0.980789 -0.195073 0
    outer loop
      vertex 1.15911 0.310582 4
      vertex 1.18973 0.156631 0
      vertex 1.18973 0.156631 4
    endloop
  endfacet
  facet normal -0.321463 -0.946922 0
    outer loop
      vertex 0.310582 1.15911 0
      vertex 0.45922 1.10865 4
      vertex 0.310582 1.15911 4
    endloop
  endfacet
  facet normal -0.321463 -0.946922 -0
    outer loop
      vertex 0.45922 1.10865 4
      vertex 0.310582 1.15911 0
      vertex 0.45922 1.10865 0
    endloop
  endfacet
  facet normal -0.195073 -0.980789 0
    outer loop
      vertex 0.156631 1.18973 0
      vertex 0.310582 1.15911 4
      vertex 0.156631 1.18973 4
    endloop
  endfacet
  facet normal -0.195073 -0.980789 -0
    outer loop
      vertex 0.310582 1.15911 4
      vertex 0.156631 1.18973 0
      vertex 0.310582 1.15911 0
    endloop
  endfacet
  facet normal -0.659348 -0.751838 0
    outer loop
      vertex 0.730514 0.952024 0
      vertex 0.848528 0.848528 4
      vertex 0.730514 0.952024 4
    endloop
  endfacet
  facet normal -0.659348 -0.751838 -0
    outer loop
      vertex 0.848528 0.848528 4
      vertex 0.730514 0.952024 0
      vertex 0.848528 0.848528 0
    endloop
  endfacet
  facet normal 0.831474 -0.555564 0
    outer loop
      vertex -1.03923 0.599999 4
      vertex -0.952024 0.730514 0
      vertex -0.952024 0.730514 4
    endloop
  endfacet
  facet normal 0.831474 -0.555564 0
    outer loop
      vertex -0.952024 0.730514 0
      vertex -1.03923 0.599999 4
      vertex -1.03923 0.599999 0
    endloop
  endfacet
  facet normal 0.751838 -0.659348 0
    outer loop
      vertex -0.952024 0.730514 4
      vertex -0.848528 0.848528 0
      vertex -0.848528 0.848528 4
    endloop
  endfacet
  facet normal 0.751838 -0.659348 0
    outer loop
      vertex -0.848528 0.848528 0
      vertex -0.952024 0.730514 4
      vertex -0.952024 0.730514 0
    endloop
  endfacet
  facet normal 0.946922 -0.321463 0
    outer loop
      vertex -1.15911 0.310582 4
      vertex -1.10865 0.45922 0
      vertex -1.10865 0.45922 4
    endloop
  endfacet
  facet normal 0.946922 -0.321463 0
    outer loop
      vertex -1.10865 0.45922 0
      vertex -1.15911 0.310582 4
      vertex -1.15911 0.310582 0
    endloop
  endfacet
  facet normal 0.980789 -0.195073 0
    outer loop
      vertex -1.18973 0.156631 4
      vertex -1.15911 0.310582 0
      vertex -1.15911 0.310582 4
    endloop
  endfacet
  facet normal 0.980789 -0.195073 0
    outer loop
      vertex -1.15911 0.310582 0
      vertex -1.18973 0.156631 4
      vertex -1.18973 0.156631 0
    endloop
  endfacet
  facet normal 0.555564 -0.831474 0
    outer loop
      vertex -0.730514 0.952024 0
      vertex -0.599999 1.03923 4
      vertex -0.730514 0.952024 4
    endloop
  endfacet
  facet normal 0.555564 -0.831474 0
    outer loop
      vertex -0.599999 1.03923 4
      vertex -0.730514 0.952024 0
      vertex -0.599999 1.03923 0
    endloop
  endfacet
  facet normal 0.195073 -0.980789 0
    outer loop
      vertex -0.310582 1.15911 0
      vertex -0.156631 1.18973 4
      vertex -0.310582 1.15911 4
    endloop
  endfacet
  facet normal 0.195073 -0.980789 0
    outer loop
      vertex -0.156631 1.18973 4
      vertex -0.310582 1.15911 0
      vertex -0.156631 1.18973 0
    endloop
  endfacet
  facet normal -0.997857 0.0654276 0
    outer loop
      vertex 1.18973 -0.156631 0
      vertex 1.2 0 4
      vertex 1.2 0 0
    endloop
  endfacet
  facet normal -0.997857 0.0654276 0
    outer loop
      vertex 1.2 0 4
      vertex 1.18973 -0.156631 0
      vertex 1.18973 -0.156631 4
    endloop
  endfacet
  facet normal -0.195073 0.980789 0
    outer loop
      vertex 0.310582 -1.15911 0
      vertex 0.156631 -1.18973 4
      vertex 0.310582 -1.15911 4
    endloop
  endfacet
  facet normal -0.195073 0.980789 0
    outer loop
      vertex 0.156631 -1.18973 4
      vertex 0.310582 -1.15911 0
      vertex 0.156631 -1.18973 0
    endloop
  endfacet
  facet normal -0.555564 0.831474 0
    outer loop
      vertex 0.730514 -0.952024 0
      vertex 0.599999 -1.03923 4
      vertex 0.730514 -0.952024 4
    endloop
  endfacet
  facet normal -0.555564 0.831474 0
    outer loop
      vertex 0.599999 -1.03923 4
      vertex 0.730514 -0.952024 0
      vertex 0.599999 -1.03923 0
    endloop
  endfacet
  facet normal -0.751838 0.659348 0
    outer loop
      vertex 0.848528 -0.848528 0
      vertex 0.952024 -0.730514 4
      vertex 0.952024 -0.730514 0
    endloop
  endfacet
  facet normal -0.751838 0.659348 0
    outer loop
      vertex 0.952024 -0.730514 4
      vertex 0.848528 -0.848528 0
      vertex 0.848528 -0.848528 4
    endloop
  endfacet
  facet normal -0.896884 0.442266 0
    outer loop
      vertex 1.03923 -0.599999 0
      vertex 1.10865 -0.45922 4
      vertex 1.10865 -0.45922 0
    endloop
  endfacet
  facet normal -0.896884 0.442266 0
    outer loop
      vertex 1.10865 -0.45922 4
      vertex 1.03923 -0.599999 0
      vertex 1.03923 -0.599999 4
    endloop
  endfacet
  facet normal 0.659348 0.751838 -0
    outer loop
      vertex -0.730514 -0.952024 0
      vertex -0.848528 -0.848528 4
      vertex -0.730514 -0.952024 4
    endloop
  endfacet
  facet normal 0.659348 0.751838 0
    outer loop
      vertex -0.848528 -0.848528 4
      vertex -0.730514 -0.952024 0
      vertex -0.848528 -0.848528 0
    endloop
  endfacet
  facet normal 0.442266 0.896884 -0
    outer loop
      vertex -0.45922 -1.10865 0
      vertex -0.599999 -1.03923 4
      vertex -0.45922 -1.10865 4
    endloop
  endfacet
  facet normal 0.442266 0.896884 0
    outer loop
      vertex -0.599999 -1.03923 4
      vertex -0.45922 -1.10865 0
      vertex -0.599999 -1.03923 0
    endloop
  endfacet
  facet normal 0.321463 0.946922 -0
    outer loop
      vertex -0.310582 -1.15911 0
      vertex -0.45922 -1.10865 4
      vertex -0.310582 -1.15911 4
    endloop
  endfacet
  facet normal 0.321463 0.946922 0
    outer loop
      vertex -0.45922 -1.10865 4
      vertex -0.310582 -1.15911 0
      vertex -0.45922 -1.10865 0
    endloop
  endfacet
  facet normal 0.0654276 0.997857 -0
    outer loop
      vertex 0 -1.2 0
      vertex -0.156631 -1.18973 4
      vertex 0 -1.2 4
    endloop
  endfacet
  facet normal 0.0654276 0.997857 0
    outer loop
      vertex -0.156631 -1.18973 4
      vertex 0 -1.2 0
      vertex -0.156631 -1.18973 0
    endloop
  endfacet
  facet normal 0.831474 0.555564 0
    outer loop
      vertex -0.952024 -0.730514 4
      vertex -1.03923 -0.599999 0
      vertex -1.03923 -0.599999 4
    endloop
  endfacet
  facet normal 0.831474 0.555564 0
    outer loop
      vertex -1.03923 -0.599999 0
      vertex -0.952024 -0.730514 4
      vertex -0.952024 -0.730514 0
    endloop
  endfacet
  facet normal 0.980789 0.195073 0
    outer loop
      vertex -1.15911 -0.310582 4
      vertex -1.18973 -0.156631 0
      vertex -1.18973 -0.156631 4
    endloop
  endfacet
  facet normal 0.980789 0.195073 0
    outer loop
      vertex -1.18973 -0.156631 0
      vertex -1.15911 -0.310582 4
      vertex -1.15911 -0.310582 0
    endloop
  endfacet
  facet normal -0.659348 0.751838 0
    outer loop
      vertex 0.848528 -0.848528 0
      vertex 0.730514 -0.952024 4
      vertex 0.848528 -0.848528 4
    endloop
  endfacet
  facet normal -0.659348 0.751838 0
    outer loop
      vertex 0.730514 -0.952024 4
      vertex 0.848528 -0.848528 0
      vertex 0.730514 -0.952024 0
    endloop
  endfacet
  facet normal -0.831474 0.555564 0
    outer loop
      vertex 0.952024 -0.730514 0
      vertex 1.03923 -0.599999 4
      vertex 1.03923 -0.599999 0
    endloop
  endfacet
  facet normal -0.831474 0.555564 0
    outer loop
      vertex 1.03923 -0.599999 4
      vertex 0.952024 -0.730514 0
      vertex 0.952024 -0.730514 4
    endloop
  endfacet
  facet normal -0.980789 0.195073 0
    outer loop
      vertex 1.15911 -0.310582 0
      vertex 1.18973 -0.156631 4
      vertex 1.18973 -0.156631 0
    endloop
  endfacet
  facet normal -0.980789 0.195073 0
    outer loop
      vertex 1.18973 -0.156631 4
      vertex 1.15911 -0.310582 0
      vertex 1.15911 -0.310582 4
    endloop
  endfacet
  facet normal -0.946922 0.321463 0
    outer loop
      vertex 1.10865 -0.45922 0
      vertex 1.15911 -0.310582 4
      vertex 1.15911 -0.310582 0
    endloop
  endfacet
  facet normal -0.946922 0.321463 0
    outer loop
      vertex 1.15911 -0.310582 4
      vertex 1.10865 -0.45922 0
      vertex 1.10865 -0.45922 4
    endloop
  endfacet
  facet normal 0.555564 0.831474 -0
    outer loop
      vertex -0.599999 -1.03923 0
      vertex -0.730514 -0.952024 4
      vertex -0.599999 -1.03923 4
    endloop
  endfacet
  facet normal 0.555564 0.831474 0
    outer loop
      vertex -0.730514 -0.952024 4
      vertex -0.599999 -1.03923 0
      vertex -0.730514 -0.952024 0
    endloop
  endfacet
  facet normal 0.195073 0.980789 -0
    outer loop
      vertex -0.156631 -1.18973 0
      vertex -0.310582 -1.15911 4
      vertex -0.156631 -1.18973 4
    endloop
  endfacet
  facet normal 0.195073 0.980789 0
    outer loop
      vertex -0.310582 -1.15911 4
      vertex -0.156631 -1.18973 0
      vertex -0.310582 -1.15911 0
    endloop
  endfacet
  facet normal 0.99786 0.0653933 0
    outer loop
      vertex 15.25 0 4
      vertex 15.2222 0.42421 0
      vertex 15.2222 0.42421 4
    endloop
  endfacet
  facet normal 0.99786 0.0653933 0
    outer loop
      vertex 15.2222 0.42421 0
      vertex 15.25 0 4
      vertex 15.25 0 0
    endloop
  endfacet
  facet normal -0.99786 0.0653933 0
    outer loop
      vertex 8.75 0 0
      vertex 8.7778 0.42421 4
      vertex 8.7778 0.42421 0
    endloop
  endfacet
  facet normal -0.99786 0.0653933 0
    outer loop
      vertex 8.7778 0.42421 4
      vertex 8.75 0 0
      vertex 8.75 0 4
    endloop
  endfacet
  facet normal 0.0653948 0.997859 -0
    outer loop
      vertex 12.4242 3.2222 0
      vertex 12 3.25 4
      vertex 12.4242 3.2222 4
    endloop
  endfacet
  facet normal 0.0653948 0.997859 0
    outer loop
      vertex 12 3.25 4
      vertex 12.4242 3.2222 0
      vertex 12 3.25 0
    endloop
  endfacet
  facet normal 0.65937 0.751818 -0
    outer loop
      vertex 14.2981 2.2981 0
      vertex 13.9785 2.5784 4
      vertex 14.2981 2.2981 4
    endloop
  endfacet
  facet normal 0.65937 0.751818 0
    outer loop
      vertex 13.9785 2.5784 4
      vertex 14.2981 2.2981 0
      vertex 13.9785 2.5784 0
    endloop
  endfacet
  facet normal -0.65937 0.751818 0
    outer loop
      vertex 10.0215 2.5784 0
      vertex 9.7019 2.2981 4
      vertex 10.0215 2.5784 4
    endloop
  endfacet
  facet normal -0.65937 0.751818 0
    outer loop
      vertex 9.7019 2.2981 4
      vertex 10.0215 2.5784 0
      vertex 9.7019 2.2981 0
    endloop
  endfacet
  facet normal -0.321481 0.946916 0
    outer loop
      vertex 11.1588 3.13926 0
      vertex 10.7563 3.00261 4
      vertex 11.1588 3.13926 4
    endloop
  endfacet
  facet normal -0.321481 0.946916 0
    outer loop
      vertex 10.7563 3.00261 4
      vertex 11.1588 3.13926 0
      vertex 10.7563 3.00261 0
    endloop
  endfacet
  facet normal 0 0 -1
    outer loop
      vertex 13.2 0 0
      vertex 15.25 0 0
      vertex 15.2222 -0.42421 0
    endloop
  endfacet
  facet normal 0 0 -1
    outer loop
      vertex 13.1897 -0.156631 0
      vertex 15.2222 -0.42421 0
      vertex 15.1393 -0.841162 0
    endloop
  endfacet
  facet normal 0 0 -1
    outer loop
      vertex 15.25 0 0
      vertex 13.2 0 0
      vertex 15.2222 0.42421 0
    endloop
  endfacet
  facet normal 0 0 -1
    outer loop
      vertex 13.1591 -0.310582 0
      vertex 15.1393 -0.841162 0
      vertex 15.0026 -1.24372 0
    endloop
  endfacet
  facet normal 0 0 -1
    outer loop
      vertex 13.1897 0.156631 0
      vertex 15.2222 0.42421 0
      vertex 13.2 0 0
    endloop
  endfacet
  facet normal 0 0 -1
    outer loop
      vertex 13.1087 -0.45922 0
      vertex 15.0026 -1.24372 0
      vertex 14.8146 -1.625 0
    endloop
  endfacet
  facet normal -0 0 -1
    outer loop
      vertex 15.2222 0.42421 0
      vertex 13.1897 0.156631 0
      vertex 15.1393 0.841162 0
    endloop
  endfacet
  facet normal 0 0 -1
    outer loop
      vertex 13.0392 -0.599999 0
      vertex 14.8146 -1.625 0
      vertex 14.5784 -1.97847 0
    endloop
  endfacet
  facet normal 0 0 -1
    outer loop
      vertex 13.1591 0.310582 0
      vertex 15.1393 0.841162 0
      vertex 13.1897 0.156631 0
    endloop
  endfacet
  facet normal 0 0 -1
    outer loop
      vertex 12.952 -0.730514 0
      vertex 14.5784 -1.97847 0
      vertex 14.2981 -2.2981 0
    endloop
  endfacet
  facet normal -0 0 -1
    outer loop
      vertex 15.1393 0.841162 0
      vertex 13.1591 0.310582 0
      vertex 15.0026 1.24372 0
    endloop
  endfacet
  facet normal 0 0 -1
    outer loop
      vertex 12.8485 -0.848528 0
      vertex 14.2981 -2.2981 0
      vertex 13.9785 -2.5784 0
    endloop
  endfacet
  facet normal 0 0 -1
    outer loop
      vertex 13.1087 0.45922 0
      vertex 15.0026 1.24372 0
      vertex 13.1591 0.310582 0
    endloop
  endfacet
  facet normal 0 0 -1
    outer loop
      vertex 12.7305 -0.952024 0
      vertex 13.9785 -2.5784 0
      vertex 13.625 -2.81458 0
    endloop
  endfacet
  facet normal -0 0 -1
    outer loop
      vertex 15.0026 1.24372 0
      vertex 13.1087 0.45922 0
      vertex 14.8146 1.625 0
    endloop
  endfacet
  facet normal 0 0 -1
    outer loop
      vertex 12.6 -1.03923 0
      vertex 13.625 -2.81458 0
      vertex 13.2437 -3.00261 0
    endloop
  endfacet
  facet normal 0 0 -1
    outer loop
      vertex 13.0392 0.599999 0
      vertex 14.8146 1.625 0
      vertex 13.1087 0.45922 0
    endloop
  endfacet
  facet normal -0 0 -1
    outer loop
      vertex 14.8146 1.625 0
      vertex 13.0392 0.599999 0
      vertex 14.5784 1.97847 0
    endloop
  endfacet
  facet normal 0 0 -1
    outer loop
      vertex 15.2222 -0.42421 0
      vertex 13.1897 -0.156631 0
      vertex 13.2 0 0
    endloop
  endfacet
  facet normal 0 0 -1
    outer loop
      vertex 15.1393 -0.841162 0
      vertex 13.1591 -0.310582 0
      vertex 13.1897 -0.156631 0
    endloop
  endfacet
  facet normal 0 0 -1
    outer loop
      vertex 15.0026 -1.24372 0
      vertex 13.1087 -0.45922 0
      vertex 13.1591 -0.310582 0
    endloop
  endfacet
  facet normal 0 0 -1
    outer loop
      vertex 14.8146 -1.625 0
      vertex 13.0392 -0.599999 0
      vertex 13.1087 -0.45922 0
    endloop
  endfacet
  facet normal 0 0 -1
    outer loop
      vertex 14.5784 -1.97847 0
      vertex 12.952 -0.730514 0
      vertex 13.0392 -0.599999 0
    endloop
  endfacet
  facet normal 0 0 -1
    outer loop
      vertex 14.2981 -2.2981 0
      vertex 12.8485 -0.848528 0
      vertex 12.952 -0.730514 0
    endloop
  endfacet
  facet normal 0 0 -1
    outer loop
      vertex 12.4592 -1.10865 0
      vertex 13.2437 -3.00261 0
      vertex 12.8412 -3.13926 0
    endloop
  endfacet
  facet normal 0 0 -1
    outer loop
      vertex 13.9785 -2.5784 0
      vertex 12.7305 -0.952024 0
      vertex 12.8485 -0.848528 0
    endloop
  endfacet
  facet normal 0 0 -1
    outer loop
      vertex 13.625 -2.81458 0
      vertex 12.6 -1.03923 0
      vertex 12.7305 -0.952024 0
    endloop
  endfacet
  facet normal 0 0 -1
    outer loop
      vertex 13.2437 -3.00261 0
      vertex 12.4592 -1.10865 0
      vertex 12.6 -1.03923 0
    endloop
  endfacet
  facet normal 0 0 -1
    outer loop
      vertex 12.3106 -1.15911 0
      vertex 12.8412 -3.13926 0
      vertex 12.4242 -3.2222 0
    endloop
  endfacet
  facet normal 0 0 -1
    outer loop
      vertex 12.8412 -3.13926 0
      vertex 12.3106 -1.15911 0
      vertex 12.4592 -1.10865 0
    endloop
  endfacet
  facet normal 0 0 -1
    outer loop
      vertex 12.4242 -3.2222 0
      vertex 12.1566 -1.18973 0
      vertex 12.3106 -1.15911 0
    endloop
  endfacet
  facet normal 0 0 -1
    outer loop
      vertex 12 -3.25 0
      vertex 12.1566 -1.18973 0
      vertex 12.4242 -3.2222 0
    endloop
  endfacet
  facet normal 0 0 -1
    outer loop
      vertex 12 -3.25 0
      vertex 12 -1.2 0
      vertex 12.1566 -1.18973 0
    endloop
  endfacet
  facet normal 0 0 -1
    outer loop
      vertex 12 -3.25 0
      vertex 11.8434 -1.18973 0
      vertex 12 -1.2 0
    endloop
  endfacet
  facet normal 0 0 -1
    outer loop
      vertex 11.5758 -3.2222 0
      vertex 11.8434 -1.18973 0
      vertex 12 -3.25 0
    endloop
  endfacet
  facet normal -0 0 -1
    outer loop
      vertex 11.8434 -1.18973 0
      vertex 11.5758 -3.2222 0
      vertex 11.6894 -1.15911 0
    endloop
  endfacet
  facet normal 0 0 -1
    outer loop
      vertex 11.1588 -3.13926 0
      vertex 11.6894 -1.15911 0
      vertex 11.5758 -3.2222 0
    endloop
  endfacet
  facet normal -0 0 -1
    outer loop
      vertex 11.6894 -1.15911 0
      vertex 11.1588 -3.13926 0
      vertex 11.5408 -1.10865 0
    endloop
  endfacet
  facet normal 0 0 -1
    outer loop
      vertex 10.7563 -3.00261 0
      vertex 11.5408 -1.10865 0
      vertex 11.1588 -3.13926 0
    endloop
  endfacet
  facet normal -0 0 -1
    outer loop
      vertex 11.5408 -1.10865 0
      vertex 10.7563 -3.00261 0
      vertex 11.4 -1.03923 0
    endloop
  endfacet
  facet normal 0 0 -1
    outer loop
      vertex 10.375 -2.81458 0
      vertex 11.4 -1.03923 0
      vertex 10.7563 -3.00261 0
    endloop
  endfacet
  facet normal -0 0 -1
    outer loop
      vertex 11.4 -1.03923 0
      vertex 10.375 -2.81458 0
      vertex 11.2695 -0.952024 0
    endloop
  endfacet
  facet normal 0 0 -1
    outer loop
      vertex 10.0215 -2.5784 0
      vertex 11.2695 -0.952024 0
      vertex 10.375 -2.81458 0
    endloop
  endfacet
  facet normal -0 0 -1
    outer loop
      vertex 11.2695 -0.952024 0
      vertex 10.0215 -2.5784 0
      vertex 11.1515 -0.848528 0
    endloop
  endfacet
  facet normal 0 0 -1
    outer loop
      vertex 9.7019 -2.2981 0
      vertex 11.1515 -0.848528 0
      vertex 10.0215 -2.5784 0
    endloop
  endfacet
  facet normal -0 0 -1
    outer loop
      vertex 11.1515 -0.848528 0
      vertex 9.7019 -2.2981 0
      vertex 11.048 -0.730514 0
    endloop
  endfacet
  facet normal -0 0 -1
    outer loop
      vertex 11.048 -0.730514 0
      vertex 9.4216 -1.97847 0
      vertex 10.9608 -0.599999 0
    endloop
  endfacet
  facet normal 0 0 -1
    outer loop
      vertex 9.4216 -1.97847 0
      vertex 11.048 -0.730514 0
      vertex 9.7019 -2.2981 0
    endloop
  endfacet
  facet normal 0 0 -1
    outer loop
      vertex 12.952 0.730514 0
      vertex 14.5784 1.97847 0
      vertex 13.0392 0.599999 0
    endloop
  endfacet
  facet normal -0 0 -1
    outer loop
      vertex 14.5784 1.97847 0
      vertex 12.952 0.730514 0
      vertex 14.2981 2.2981 0
    endloop
  endfacet
  facet normal 0 0 -1
    outer loop
      vertex 12.8485 0.848528 0
      vertex 14.2981 2.2981 0
      vertex 12.952 0.730514 0
    endloop
  endfacet
  facet normal -0 0 -1
    outer loop
      vertex 14.2981 2.2981 0
      vertex 12.8485 0.848528 0
      vertex 13.9785 2.5784 0
    endloop
  endfacet
  facet normal 0 0 -1
    outer loop
      vertex 12.7305 0.952024 0
      vertex 13.9785 2.5784 0
      vertex 12.8485 0.848528 0
    endloop
  endfacet
  facet normal -0 0 -1
    outer loop
      vertex 13.9785 2.5784 0
      vertex 12.7305 0.952024 0
      vertex 13.625 2.81458 0
    endloop
  endfacet
  facet normal 0 0 -1
    outer loop
      vertex 12.6 1.03923 0
      vertex 13.625 2.81458 0
      vertex 12.7305 0.952024 0
    endloop
  endfacet
  facet normal -0 0 -1
    outer loop
      vertex 13.625 2.81458 0
      vertex 12.6 1.03923 0
      vertex 13.2437 3.00261 0
    endloop
  endfacet
  facet normal 0 0 -1
    outer loop
      vertex 12.4592 1.10865 0
      vertex 13.2437 3.00261 0
      vertex 12.6 1.03923 0
    endloop
  endfacet
  facet normal -0 0 -1
    outer loop
      vertex 13.2437 3.00261 0
      vertex 12.4592 1.10865 0
      vertex 12.8412 3.13926 0
    endloop
  endfacet
  facet normal 0 0 -1
    outer loop
      vertex 12.3106 1.15911 0
      vertex 12.8412 3.13926 0
      vertex 12.4592 1.10865 0
    endloop
  endfacet
  facet normal -0 0 -1
    outer loop
      vertex 12.8412 3.13926 0
      vertex 12.3106 1.15911 0
      vertex 12.4242 3.2222 0
    endloop
  endfacet
  facet normal 0 0 -1
    outer loop
      vertex 12.1566 1.18973 0
      vertex 12.4242 3.2222 0
      vertex 12.3106 1.15911 0
    endloop
  endfacet
  facet normal 0 0 -1
    outer loop
      vertex 12 1.2 0
      vertex 12.4242 3.2222 0
      vertex 12.1566 1.18973 0
    endloop
  endfacet
  facet normal 0 0 -1
    outer loop
      vertex 12 1.2 0
      vertex 12 3.25 0
      vertex 12.4242 3.2222 0
    endloop
  endfacet
  facet normal 0 0 -1
    outer loop
      vertex 11.8434 1.18973 0
      vertex 12 3.25 0
      vertex 12 1.2 0
    endloop
  endfacet
  facet normal 0 0 -1
    outer loop
      vertex 11.5758 3.2222 0
      vertex 11.8434 1.18973 0
      vertex 11.6894 1.15911 0
    endloop
  endfacet
  facet normal 0 0 -1
    outer loop
      vertex 11.8434 1.18973 0
      vertex 11.5758 3.2222 0
      vertex 12 3.25 0
    endloop
  endfacet
  facet normal 0 0 -1
    outer loop
      vertex 11.1588 3.13926 0
      vertex 11.6894 1.15911 0
      vertex 11.5408 1.10865 0
    endloop
  endfacet
  facet normal 0 0 -1
    outer loop
      vertex 10.7563 3.00261 0
      vertex 11.5408 1.10865 0
      vertex 11.4 1.03923 0
    endloop
  endfacet
  facet normal 0 0 -1
    outer loop
      vertex 10.375 2.81458 0
      vertex 11.4 1.03923 0
      vertex 11.2695 0.952024 0
    endloop
  endfacet
  facet normal 0 0 -1
    outer loop
      vertex 11.6894 1.15911 0
      vertex 11.1588 3.13926 0
      vertex 11.5758 3.2222 0
    endloop
  endfacet
  facet normal 0 0 -1
    outer loop
      vertex 10.0215 2.5784 0
      vertex 11.2695 0.952024 0
      vertex 11.1515 0.848528 0
    endloop
  endfacet
  facet normal 0 0 -1
    outer loop
      vertex 9.7019 2.2981 0
      vertex 11.1515 0.848528 0
      vertex 11.048 0.730514 0
    endloop
  endfacet
  facet normal 0 0 -1
    outer loop
      vertex 9.4216 1.97847 0
      vertex 11.048 0.730514 0
      vertex 10.9608 0.599999 0
    endloop
  endfacet
  facet normal 0 0 -1
    outer loop
      vertex 9.18542 1.625 0
      vertex 10.9608 0.599999 0
      vertex 10.8913 0.45922 0
    endloop
  endfacet
  facet normal 0 0 -1
    outer loop
      vertex 8.99739 1.24372 0
      vertex 10.8913 0.45922 0
      vertex 10.8409 0.310582 0
    endloop
  endfacet
  facet normal 0 0 -1
    outer loop
      vertex 8.86074 0.841162 0
      vertex 10.8409 0.310582 0
      vertex 10.8103 0.156631 0
    endloop
  endfacet
  facet normal 0 0 -1
    outer loop
      vertex 11.5408 1.10865 0
      vertex 10.7563 3.00261 0
      vertex 11.1588 3.13926 0
    endloop
  endfacet
  facet normal 0 0 -1
    outer loop
      vertex 8.7778 0.42421 0
      vertex 10.8103 0.156631 0
      vertex 10.8 0 0
    endloop
  endfacet
  facet normal 0 0 -1
    outer loop
      vertex 9.18542 -1.625 0
      vertex 10.9608 -0.599999 0
      vertex 9.4216 -1.97847 0
    endloop
  endfacet
  facet normal -0 0 -1
    outer loop
      vertex 10.9608 -0.599999 0
      vertex 9.18542 -1.625 0
      vertex 10.8913 -0.45922 0
    endloop
  endfacet
  facet normal 0 0 -1
    outer loop
      vertex 11.4 1.03923 0
      vertex 10.375 2.81458 0
      vertex 10.7563 3.00261 0
    endloop
  endfacet
  facet normal 0 0 -1
    outer loop
      vertex 8.99739 -1.24372 0
      vertex 10.8913 -0.45922 0
      vertex 9.18542 -1.625 0
    endloop
  endfacet
  facet normal 0 0 -1
    outer loop
      vertex 11.2695 0.952024 0
      vertex 10.0215 2.5784 0
      vertex 10.375 2.81458 0
    endloop
  endfacet
  facet normal -0 0 -1
    outer loop
      vertex 10.8913 -0.45922 0
      vertex 8.99739 -1.24372 0
      vertex 10.8409 -0.310582 0
    endloop
  endfacet
  facet normal 0 0 -1
    outer loop
      vertex 11.1515 0.848528 0
      vertex 9.7019 2.2981 0
      vertex 10.0215 2.5784 0
    endloop
  endfacet
  facet normal 0 0 -1
    outer loop
      vertex 8.86074 -0.841162 0
      vertex 10.8409 -0.310582 0
      vertex 8.99739 -1.24372 0
    endloop
  endfacet
  facet normal 0 0 -1
    outer loop
      vertex 11.048 0.730514 0
      vertex 9.4216 1.97847 0
      vertex 9.7019 2.2981 0
    endloop
  endfacet
  facet normal -0 0 -1
    outer loop
      vertex 10.8409 -0.310582 0
      vertex 8.86074 -0.841162 0
      vertex 10.8103 -0.156631 0
    endloop
  endfacet
  facet normal 0 0 -1
    outer loop
      vertex 10.9608 0.599999 0
      vertex 9.18542 1.625 0
      vertex 9.4216 1.97847 0
    endloop
  endfacet
  facet normal 0 0 -1
    outer loop
      vertex 8.7778 -0.42421 0
      vertex 10.8103 -0.156631 0
      vertex 8.86074 -0.841162 0
    endloop
  endfacet
  facet normal 0 0 -1
    outer loop
      vertex 10.8913 0.45922 0
      vertex 8.99739 1.24372 0
      vertex 9.18542 1.625 0
    endloop
  endfacet
  facet normal -0 0 -1
    outer loop
      vertex 10.8103 -0.156631 0
      vertex 8.7778 -0.42421 0
      vertex 10.8 0 0
    endloop
  endfacet
  facet normal 0 0 -1
    outer loop
      vertex 10.8409 0.310582 0
      vertex 8.86074 0.841162 0
      vertex 8.99739 1.24372 0
    endloop
  endfacet
  facet normal 0 0 -1
    outer loop
      vertex 8.75 0 0
      vertex 10.8 0 0
      vertex 8.7778 -0.42421 0
    endloop
  endfacet
  facet normal 0 0 -1
    outer loop
      vertex 10.8103 0.156631 0
      vertex 8.7778 0.42421 0
      vertex 8.86074 0.841162 0
    endloop
  endfacet
  facet normal 0 0 -1
    outer loop
      vertex 10.8 0 0
      vertex 8.75 0 0
      vertex 8.7778 0.42421 0
    endloop
  endfacet
  facet normal 0.896897 0.442239 0
    outer loop
      vertex 15.0026 1.24372 4
      vertex 14.8146 1.625 0
      vertex 14.8146 1.625 4
    endloop
  endfacet
  facet normal 0.896897 0.442239 0
    outer loop
      vertex 14.8146 1.625 0
      vertex 15.0026 1.24372 4
      vertex 15.0026 1.24372 0
    endloop
  endfacet
  facet normal 0.831449 0.555601 0
    outer loop
      vertex 14.8146 1.625 4
      vertex 14.5784 1.97847 0
      vertex 14.5784 1.97847 4
    endloop
  endfacet
  facet normal 0.831449 0.555601 0
    outer loop
      vertex 14.5784 1.97847 0
      vertex 14.8146 1.625 4
      vertex 14.8146 1.625 0
    endloop
  endfacet
  facet normal 0.442277 0.896879 -0
    outer loop
      vertex 13.625 2.81458 0
      vertex 13.2437 3.00261 4
      vertex 13.625 2.81458 4
    endloop
  endfacet
  facet normal 0.442277 0.896879 0
    outer loop
      vertex 13.2437 3.00261 4
      vertex 13.625 2.81458 0
      vertex 13.2437 3.00261 0
    endloop
  endfacet
  facet normal 0.555536 0.831493 -0
    outer loop
      vertex 13.9785 2.5784 0
      vertex 13.625 2.81458 4
      vertex 13.9785 2.5784 4
    endloop
  endfacet
  facet normal 0.555536 0.831493 0
    outer loop
      vertex 13.625 2.81458 4
      vertex 13.9785 2.5784 0
      vertex 13.625 2.81458 0
    endloop
  endfacet
  facet normal -0.896869 0.442295 0
    outer loop
      vertex 8.99739 1.24372 0
      vertex 9.18542 1.625 4
      vertex 9.18542 1.625 0
    endloop
  endfacet
  facet normal -0.896869 0.442295 0
    outer loop
      vertex 9.18542 1.625 4
      vertex 8.99739 1.24372 0
      vertex 8.99739 1.24372 4
    endloop
  endfacet
  facet normal -0.751849 0.659335 0
    outer loop
      vertex 9.4216 1.97847 0
      vertex 9.7019 2.2981 4
      vertex 9.7019 2.2981 0
    endloop
  endfacet
  facet normal -0.751849 0.659335 0
    outer loop
      vertex 9.7019 2.2981 4
      vertex 9.4216 1.97847 0
      vertex 9.4216 1.97847 4
    endloop
  endfacet
  facet normal 0 0 1
    outer loop
      vertex 13.2 0 4
      vertex 15.25 0 4
      vertex 15.2222 0.42421 4
    endloop
  endfacet
  facet normal 0 0 1
    outer loop
      vertex 13.1897 0.156631 4
      vertex 15.2222 0.42421 4
      vertex 15.1393 0.841162 4
    endloop
  endfacet
  facet normal 0 0 1
    outer loop
      vertex 15.25 0 4
      vertex 13.2 0 4
      vertex 15.2222 -0.42421 4
    endloop
  endfacet
  facet normal 0 0 1
    outer loop
      vertex 13.1591 0.310582 4
      vertex 15.1393 0.841162 4
      vertex 15.0026 1.24372 4
    endloop
  endfacet
  facet normal -0 0 1
    outer loop
      vertex 13.1897 -0.156631 4
      vertex 15.2222 -0.42421 4
      vertex 13.2 0 4
    endloop
  endfacet
  facet normal 0 0 1
    outer loop
      vertex 13.1087 0.45922 4
      vertex 15.0026 1.24372 4
      vertex 14.8146 1.625 4
    endloop
  endfacet
  facet normal 0 0 1
    outer loop
      vertex 15.2222 -0.42421 4
      vertex 13.1897 -0.156631 4
      vertex 15.1393 -0.841162 4
    endloop
  endfacet
  facet normal 0 0 1
    outer loop
      vertex 13.0392 0.599999 4
      vertex 14.8146 1.625 4
      vertex 14.5784 1.97847 4
    endloop
  endfacet
  facet normal -0 0 1
    outer loop
      vertex 13.1591 -0.310582 4
      vertex 15.1393 -0.841162 4
      vertex 13.1897 -0.156631 4
    endloop
  endfacet
  facet normal 0 0 1
    outer loop
      vertex 12.952 0.730514 4
      vertex 14.5784 1.97847 4
      vertex 14.2981 2.2981 4
    endloop
  endfacet
  facet normal 0 0 1
    outer loop
      vertex 15.1393 -0.841162 4
      vertex 13.1591 -0.310582 4
      vertex 15.0026 -1.24372 4
    endloop
  endfacet
  facet normal 0 0 1
    outer loop
      vertex 12.8485 0.848528 4
      vertex 14.2981 2.2981 4
      vertex 13.9785 2.5784 4
    endloop
  endfacet
  facet normal -0 0 1
    outer loop
      vertex 13.1087 -0.45922 4
      vertex 15.0026 -1.24372 4
      vertex 13.1591 -0.310582 4
    endloop
  endfacet
  facet normal 0 0 1
    outer loop
      vertex 12.7305 0.952024 4
      vertex 13.9785 2.5784 4
      vertex 13.625 2.81458 4
    endloop
  endfacet
  facet normal 0 0 1
    outer loop
      vertex 15.0026 -1.24372 4
      vertex 13.1087 -0.45922 4
      vertex 14.8146 -1.625 4
    endloop
  endfacet
  facet normal 0 0 1
    outer loop
      vertex 12.6 1.03923 4
      vertex 13.625 2.81458 4
      vertex 13.2437 3.00261 4
    endloop
  endfacet
  facet normal -0 0 1
    outer loop
      vertex 13.0392 -0.599999 4
      vertex 14.8146 -1.625 4
      vertex 13.1087 -0.45922 4
    endloop
  endfacet
  facet normal 0 0 1
    outer loop
      vertex 14.8146 -1.625 4
      vertex 13.0392 -0.599999 4
      vertex 14.5784 -1.97847 4
    endloop
  endfacet
  facet normal 0 0 1
    outer loop
      vertex 15.2222 0.42421 4
      vertex 13.1897 0.156631 4
      vertex 13.2 0 4
    endloop
  endfacet
  facet normal 0 0 1
    outer loop
      vertex 15.1393 0.841162 4
      vertex 13.1591 0.310582 4
      vertex 13.1897 0.156631 4
    endloop
  endfacet
  facet normal 0 0 1
    outer loop
      vertex 15.0026 1.24372 4
      vertex 13.1087 0.45922 4
      vertex 13.1591 0.310582 4
    endloop
  endfacet
  facet normal 0 0 1
    outer loop
      vertex 14.8146 1.625 4
      vertex 13.0392 0.599999 4
      vertex 13.1087 0.45922 4
    endloop
  endfacet
  facet normal 0 0 1
    outer loop
      vertex 14.5784 1.97847 4
      vertex 12.952 0.730514 4
      vertex 13.0392 0.599999 4
    endloop
  endfacet
  facet normal 0 0 1
    outer loop
      vertex 14.2981 2.2981 4
      vertex 12.8485 0.848528 4
      vertex 12.952 0.730514 4
    endloop
  endfacet
  facet normal 0 0 1
    outer loop
      vertex 12.4592 1.10865 4
      vertex 13.2437 3.00261 4
      vertex 12.8412 3.13926 4
    endloop
  endfacet
  facet normal 0 0 1
    outer loop
      vertex 13.9785 2.5784 4
      vertex 12.7305 0.952024 4
      vertex 12.8485 0.848528 4
    endloop
  endfacet
  facet normal 0 0 1
    outer loop
      vertex 13.625 2.81458 4
      vertex 12.6 1.03923 4
      vertex 12.7305 0.952024 4
    endloop
  endfacet
  facet normal 0 0 1
    outer loop
      vertex 13.2437 3.00261 4
      vertex 12.4592 1.10865 4
      vertex 12.6 1.03923 4
    endloop
  endfacet
  facet normal 0 0 1
    outer loop
      vertex 12.3106 1.15911 4
      vertex 12.8412 3.13926 4
      vertex 12.4242 3.2222 4
    endloop
  endfacet
  facet normal 0 0 1
    outer loop
      vertex 12.8412 3.13926 4
      vertex 12.3106 1.15911 4
      vertex 12.4592 1.10865 4
    endloop
  endfacet
  facet normal 0 0 1
    outer loop
      vertex 12.4242 3.2222 4
      vertex 12.1566 1.18973 4
      vertex 12.3106 1.15911 4
    endloop
  endfacet
  facet normal 0 0 1
    outer loop
      vertex 12 3.25 4
      vertex 12.1566 1.18973 4
      vertex 12.4242 3.2222 4
    endloop
  endfacet
  facet normal 0 0 1
    outer loop
      vertex 12 3.25 4
      vertex 12 1.2 4
      vertex 12.1566 1.18973 4
    endloop
  endfacet
  facet normal 0 0 1
    outer loop
      vertex 12 3.25 4
      vertex 11.8434 1.18973 4
      vertex 12 1.2 4
    endloop
  endfacet
  facet normal -0 0 1
    outer loop
      vertex 11.5758 3.2222 4
      vertex 11.8434 1.18973 4
      vertex 12 3.25 4
    endloop
  endfacet
  facet normal 0 0 1
    outer loop
      vertex 11.8434 1.18973 4
      vertex 11.5758 3.2222 4
      vertex 11.6894 1.15911 4
    endloop
  endfacet
  facet normal -0 0 1
    outer loop
      vertex 11.1588 3.13926 4
      vertex 11.6894 1.15911 4
      vertex 11.5758 3.2222 4
    endloop
  endfacet
  facet normal 0 0 1
    outer loop
      vertex 11.6894 1.15911 4
      vertex 11.1588 3.13926 4
      vertex 11.5408 1.10865 4
    endloop
  endfacet
  facet normal -0 0 1
    outer loop
      vertex 10.7563 3.00261 4
      vertex 11.5408 1.10865 4
      vertex 11.1588 3.13926 4
    endloop
  endfacet
  facet normal 0 0 1
    outer loop
      vertex 11.5408 1.10865 4
      vertex 10.7563 3.00261 4
      vertex 11.4 1.03923 4
    endloop
  endfacet
  facet normal -0 0 1
    outer loop
      vertex 10.375 2.81458 4
      vertex 11.4 1.03923 4
      vertex 10.7563 3.00261 4
    endloop
  endfacet
  facet normal 0 0 1
    outer loop
      vertex 11.4 1.03923 4
      vertex 10.375 2.81458 4
      vertex 11.2695 0.952024 4
    endloop
  endfacet
  facet normal -0 0 1
    outer loop
      vertex 10.0215 2.5784 4
      vertex 11.2695 0.952024 4
      vertex 10.375 2.81458 4
    endloop
  endfacet
  facet normal 0 0 1
    outer loop
      vertex 11.2695 0.952024 4
      vertex 10.0215 2.5784 4
      vertex 11.1515 0.848528 4
    endloop
  endfacet
  facet normal -0 0 1
    outer loop
      vertex 9.7019 2.2981 4
      vertex 11.1515 0.848528 4
      vertex 10.0215 2.5784 4
    endloop
  endfacet
  facet normal 0 0 1
    outer loop
      vertex 11.1515 0.848528 4
      vertex 9.7019 2.2981 4
      vertex 11.048 0.730514 4
    endloop
  endfacet
  facet normal 0 0 1
    outer loop
      vertex 11.048 0.730514 4
      vertex 9.4216 1.97847 4
      vertex 10.9608 0.599999 4
    endloop
  endfacet
  facet normal -0 0 1
    outer loop
      vertex 9.4216 1.97847 4
      vertex 11.048 0.730514 4
      vertex 9.7019 2.2981 4
    endloop
  endfacet
  facet normal -0 0 1
    outer loop
      vertex 12.952 -0.730514 4
      vertex 14.5784 -1.97847 4
      vertex 13.0392 -0.599999 4
    endloop
  endfacet
  facet normal 0 0 1
    outer loop
      vertex 14.5784 -1.97847 4
      vertex 12.952 -0.730514 4
      vertex 14.2981 -2.2981 4
    endloop
  endfacet
  facet normal -0 0 1
    outer loop
      vertex 12.8485 -0.848528 4
      vertex 14.2981 -2.2981 4
      vertex 12.952 -0.730514 4
    endloop
  endfacet
  facet normal 0 0 1
    outer loop
      vertex 14.2981 -2.2981 4
      vertex 12.8485 -0.848528 4
      vertex 13.9785 -2.5784 4
    endloop
  endfacet
  facet normal -0 0 1
    outer loop
      vertex 12.7305 -0.952024 4
      vertex 13.9785 -2.5784 4
      vertex 12.8485 -0.848528 4
    endloop
  endfacet
  facet normal 0 0 1
    outer loop
      vertex 13.9785 -2.5784 4
      vertex 12.7305 -0.952024 4
      vertex 13.625 -2.81458 4
    endloop
  endfacet
  facet normal -0 0 1
    outer loop
      vertex 12.6 -1.03923 4
      vertex 13.625 -2.81458 4
      vertex 12.7305 -0.952024 4
    endloop
  endfacet
  facet normal 0 0 1
    outer loop
      vertex 13.625 -2.81458 4
      vertex 12.6 -1.03923 4
      vertex 13.2437 -3.00261 4
    endloop
  endfacet
  facet normal -0 0 1
    outer loop
      vertex 12.4592 -1.10865 4
      vertex 13.2437 -3.00261 4
      vertex 12.6 -1.03923 4
    endloop
  endfacet
  facet normal 0 0 1
    outer loop
      vertex 13.2437 -3.00261 4
      vertex 12.4592 -1.10865 4
      vertex 12.8412 -3.13926 4
    endloop
  endfacet
  facet normal -0 0 1
    outer loop
      vertex 12.3106 -1.15911 4
      vertex 12.8412 -3.13926 4
      vertex 12.4592 -1.10865 4
    endloop
  endfacet
  facet normal 0 0 1
    outer loop
      vertex 12.8412 -3.13926 4
      vertex 12.3106 -1.15911 4
      vertex 12.4242 -3.2222 4
    endloop
  endfacet
  facet normal -0 0 1
    outer loop
      vertex 12.1566 -1.18973 4
      vertex 12.4242 -3.2222 4
      vertex 12.3106 -1.15911 4
    endloop
  endfacet
  facet normal -0 0 1
    outer loop
      vertex 12 -1.2 4
      vertex 12.4242 -3.2222 4
      vertex 12.1566 -1.18973 4
    endloop
  endfacet
  facet normal 0 0 1
    outer loop
      vertex 12 -1.2 4
      vertex 12 -3.25 4
      vertex 12.4242 -3.2222 4
    endloop
  endfacet
  facet normal 0 0 1
    outer loop
      vertex 11.8434 -1.18973 4
      vertex 12 -3.25 4
      vertex 12 -1.2 4
    endloop
  endfacet
  facet normal 0 0 1
    outer loop
      vertex 11.5758 -3.2222 4
      vertex 11.8434 -1.18973 4
      vertex 11.6894 -1.15911 4
    endloop
  endfacet
  facet normal 0 0 1
    outer loop
      vertex 11.8434 -1.18973 4
      vertex 11.5758 -3.2222 4
      vertex 12 -3.25 4
    endloop
  endfacet
  facet normal 0 0 1
    outer loop
      vertex 11.1588 -3.13926 4
      vertex 11.6894 -1.15911 4
      vertex 11.5408 -1.10865 4
    endloop
  endfacet
  facet normal 0 0 1
    outer loop
      vertex 10.7563 -3.00261 4
      vertex 11.5408 -1.10865 4
      vertex 11.4 -1.03923 4
    endloop
  endfacet
  facet normal 0 0 1
    outer loop
      vertex 10.375 -2.81458 4
      vertex 11.4 -1.03923 4
      vertex 11.2695 -0.952024 4
    endloop
  endfacet
  facet normal 0 0 1
    outer loop
      vertex 11.6894 -1.15911 4
      vertex 11.1588 -3.13926 4
      vertex 11.5758 -3.2222 4
    endloop
  endfacet
  facet normal 0 0 1
    outer loop
      vertex 10.0215 -2.5784 4
      vertex 11.2695 -0.952024 4
      vertex 11.1515 -0.848528 4
    endloop
  endfacet
  facet normal 0 0 1
    outer loop
      vertex 9.7019 -2.2981 4
      vertex 11.1515 -0.848528 4
      vertex 11.048 -0.730514 4
    endloop
  endfacet
  facet normal 0 0 1
    outer loop
      vertex 9.4216 -1.97847 4
      vertex 11.048 -0.730514 4
      vertex 10.9608 -0.599999 4
    endloop
  endfacet
  facet normal 0 0 1
    outer loop
      vertex 9.18542 -1.625 4
      vertex 10.9608 -0.599999 4
      vertex 10.8913 -0.45922 4
    endloop
  endfacet
  facet normal 0 0 1
    outer loop
      vertex 8.99739 -1.24372 4
      vertex 10.8913 -0.45922 4
      vertex 10.8409 -0.310582 4
    endloop
  endfacet
  facet normal 0 0 1
    outer loop
      vertex 8.86074 -0.841162 4
      vertex 10.8409 -0.310582 4
      vertex 10.8103 -0.156631 4
    endloop
  endfacet
  facet normal 0 0 1
    outer loop
      vertex 11.5408 -1.10865 4
      vertex 10.7563 -3.00261 4
      vertex 11.1588 -3.13926 4
    endloop
  endfacet
  facet normal 0 0 1
    outer loop
      vertex 8.7778 -0.42421 4
      vertex 10.8103 -0.156631 4
      vertex 10.8 0 4
    endloop
  endfacet
  facet normal -0 0 1
    outer loop
      vertex 9.18542 1.625 4
      vertex 10.9608 0.599999 4
      vertex 9.4216 1.97847 4
    endloop
  endfacet
  facet normal 0 0 1
    outer loop
      vertex 10.9608 0.599999 4
      vertex 9.18542 1.625 4
      vertex 10.8913 0.45922 4
    endloop
  endfacet
  facet normal 0 0 1
    outer loop
      vertex 11.4 -1.03923 4
      vertex 10.375 -2.81458 4
      vertex 10.7563 -3.00261 4
    endloop
  endfacet
  facet normal -0 0 1
    outer loop
      vertex 8.99739 1.24372 4
      vertex 10.8913 0.45922 4
      vertex 9.18542 1.625 4
    endloop
  endfacet
  facet normal 0 0 1
    outer loop
      vertex 11.2695 -0.952024 4
      vertex 10.0215 -2.5784 4
      vertex 10.375 -2.81458 4
    endloop
  endfacet
  facet normal 0 0 1
    outer loop
      vertex 10.8913 0.45922 4
      vertex 8.99739 1.24372 4
      vertex 10.8409 0.310582 4
    endloop
  endfacet
  facet normal 0 0 1
    outer loop
      vertex 11.1515 -0.848528 4
      vertex 9.7019 -2.2981 4
      vertex 10.0215 -2.5784 4
    endloop
  endfacet
  facet normal -0 0 1
    outer loop
      vertex 8.86074 0.841162 4
      vertex 10.8409 0.310582 4
      vertex 8.99739 1.24372 4
    endloop
  endfacet
  facet normal 0 0 1
    outer loop
      vertex 11.048 -0.730514 4
      vertex 9.4216 -1.97847 4
      vertex 9.7019 -2.2981 4
    endloop
  endfacet
  facet normal 0 0 1
    outer loop
      vertex 10.8409 0.310582 4
      vertex 8.86074 0.841162 4
      vertex 10.8103 0.156631 4
    endloop
  endfacet
  facet normal 0 0 1
    outer loop
      vertex 10.9608 -0.599999 4
      vertex 9.18542 -1.625 4
      vertex 9.4216 -1.97847 4
    endloop
  endfacet
  facet normal -0 0 1
    outer loop
      vertex 8.7778 0.42421 4
      vertex 10.8103 0.156631 4
      vertex 8.86074 0.841162 4
    endloop
  endfacet
  facet normal 0 0 1
    outer loop
      vertex 10.8913 -0.45922 4
      vertex 8.99739 -1.24372 4
      vertex 9.18542 -1.625 4
    endloop
  endfacet
  facet normal 0 0 1
    outer loop
      vertex 10.8103 0.156631 4
      vertex 8.7778 0.42421 4
      vertex 10.8 0 4
    endloop
  endfacet
  facet normal 0 0 1
    outer loop
      vertex 10.8409 -0.310582 4
      vertex 8.86074 -0.841162 4
      vertex 8.99739 -1.24372 4
    endloop
  endfacet
  facet normal 0 0 1
    outer loop
      vertex 8.75 0 4
      vertex 10.8 0 4
      vertex 8.7778 0.42421 4
    endloop
  endfacet
  facet normal 0 0 1
    outer loop
      vertex 10.8103 -0.156631 4
      vertex 8.7778 -0.42421 4
      vertex 8.86074 -0.841162 4
    endloop
  endfacet
  facet normal 0 0 1
    outer loop
      vertex 10.8 0 4
      vertex 8.75 0 4
      vertex 8.7778 -0.42421 4
    endloop
  endfacet
  facet normal -0.0653948 0.997859 0
    outer loop
      vertex 12 3.25 0
      vertex 11.5758 3.2222 4
      vertex 12 3.25 4
    endloop
  endfacet
  facet normal -0.0653948 0.997859 0
    outer loop
      vertex 11.5758 3.2222 4
      vertex 12 3.25 0
      vertex 11.5758 3.2222 0
    endloop
  endfacet
  facet normal 0.946894 -0.321545 0
    outer loop
      vertex 15.0026 -1.24372 4
      vertex 15.1393 -0.841162 0
      vertex 15.1393 -0.841162 4
    endloop
  endfacet
  facet normal 0.946894 -0.321545 0
    outer loop
      vertex 15.1393 -0.841162 0
      vertex 15.0026 -1.24372 4
      vertex 15.0026 -1.24372 0
    endloop
  endfacet
  facet normal 0.0653948 -0.997859 0
    outer loop
      vertex 12 -3.25 0
      vertex 12.4242 -3.2222 4
      vertex 12 -3.25 4
    endloop
  endfacet
  facet normal 0.0653948 -0.997859 0
    outer loop
      vertex 12.4242 -3.2222 4
      vertex 12 -3.25 0
      vertex 12.4242 -3.2222 0
    endloop
  endfacet
  facet normal -0.65937 -0.751818 0
    outer loop
      vertex 9.7019 -2.2981 0
      vertex 10.0215 -2.5784 4
      vertex 9.7019 -2.2981 4
    endloop
  endfacet
  facet normal -0.65937 -0.751818 -0
    outer loop
      vertex 10.0215 -2.5784 4
      vertex 9.7019 -2.2981 0
      vertex 10.0215 -2.5784 0
    endloop
  endfacet
  facet normal -0.99786 -0.0653933 0
    outer loop
      vertex 8.7778 -0.42421 0
      vertex 8.75 0 4
      vertex 8.75 0 0
    endloop
  endfacet
  facet normal -0.99786 -0.0653933 0
    outer loop
      vertex 8.75 0 4
      vertex 8.7778 -0.42421 0
      vertex 8.7778 -0.42421 4
    endloop
  endfacet
  facet normal 0.946894 0.321545 0
    outer loop
      vertex 15.1393 0.841162 4
      vertex 15.0026 1.24372 0
      vertex 15.0026 1.24372 4
    endloop
  endfacet
  facet normal 0.946894 0.321545 0
    outer loop
      vertex 15.0026 1.24372 0
      vertex 15.1393 0.841162 4
      vertex 15.1393 0.841162 0
    endloop
  endfacet
  facet normal 0.980802 0.195007 0
    outer loop
      vertex 15.2222 0.42421 4
      vertex 15.1393 0.841162 0
      vertex 15.1393 0.841162 4
    endloop
  endfacet
  facet normal 0.980802 0.195007 0
    outer loop
      vertex 15.1393 0.841162 0
      vertex 15.2222 0.42421 4
      vertex 15.2222 0.42421 0
    endloop
  endfacet
  facet normal 0.751849 0.659335 0
    outer loop
      vertex 14.5784 1.97847 4
      vertex 14.2981 2.2981 0
      vertex 14.2981 2.2981 4
    endloop
  endfacet
  facet normal 0.751849 0.659335 0
    outer loop
      vertex 14.2981 2.2981 0
      vertex 14.5784 1.97847 4
      vertex 14.5784 1.97847 0
    endloop
  endfacet
  facet normal 0.321481 0.946916 -0
    outer loop
      vertex 13.2437 3.00261 0
      vertex 12.8412 3.13926 4
      vertex 13.2437 3.00261 4
    endloop
  endfacet
  facet normal 0.321481 0.946916 0
    outer loop
      vertex 12.8412 3.13926 4
      vertex 13.2437 3.00261 0
      vertex 12.8412 3.13926 0
    endloop
  endfacet
  facet normal 0.195076 0.980788 -0
    outer loop
      vertex 12.8412 3.13926 0
      vertex 12.4242 3.2222 4
      vertex 12.8412 3.13926 4
    endloop
  endfacet
  facet normal 0.195076 0.980788 0
    outer loop
      vertex 12.4242 3.2222 4
      vertex 12.8412 3.13926 0
      vertex 12.4242 3.2222 0
    endloop
  endfacet
  facet normal -0.831471 0.555568 0
    outer loop
      vertex 9.18542 1.625 0
      vertex 9.4216 1.97847 4
      vertex 9.4216 1.97847 0
    endloop
  endfacet
  facet normal -0.831471 0.555568 0
    outer loop
      vertex 9.4216 1.97847 4
      vertex 9.18542 1.625 0
      vertex 9.18542 1.625 4
    endloop
  endfacet
  facet normal -0.94693 0.321439 0
    outer loop
      vertex 8.86074 0.841162 0
      vertex 8.99739 1.24372 4
      vertex 8.99739 1.24372 0
    endloop
  endfacet
  facet normal -0.94693 0.321439 0
    outer loop
      vertex 8.99739 1.24372 4
      vertex 8.86074 0.841162 0
      vertex 8.86074 0.841162 4
    endloop
  endfacet
  facet normal -0.980784 0.195097 0
    outer loop
      vertex 8.7778 0.42421 0
      vertex 8.86074 0.841162 4
      vertex 8.86074 0.841162 0
    endloop
  endfacet
  facet normal -0.980784 0.195097 0
    outer loop
      vertex 8.86074 0.841162 4
      vertex 8.7778 0.42421 0
      vertex 8.7778 0.42421 4
    endloop
  endfacet
  facet normal -0.442277 0.896879 0
    outer loop
      vertex 10.7563 3.00261 0
      vertex 10.375 2.81458 4
      vertex 10.7563 3.00261 4
    endloop
  endfacet
  facet normal -0.442277 0.896879 0
    outer loop
      vertex 10.375 2.81458 4
      vertex 10.7563 3.00261 0
      vertex 10.375 2.81458 0
    endloop
  endfacet
  facet normal -0.555536 0.831493 0
    outer loop
      vertex 10.375 2.81458 0
      vertex 10.0215 2.5784 4
      vertex 10.375 2.81458 4
    endloop
  endfacet
  facet normal -0.555536 0.831493 0
    outer loop
      vertex 10.0215 2.5784 4
      vertex 10.375 2.81458 0
      vertex 10.0215 2.5784 0
    endloop
  endfacet
  facet normal -0.195076 0.980788 0
    outer loop
      vertex 11.5758 3.2222 0
      vertex 11.1588 3.13926 4
      vertex 11.5758 3.2222 4
    endloop
  endfacet
  facet normal -0.195076 0.980788 0
    outer loop
      vertex 11.1588 3.13926 4
      vertex 11.5758 3.2222 0
      vertex 11.1588 3.13926 0
    endloop
  endfacet
  facet normal 0.195076 -0.980788 0
    outer loop
      vertex 12.4242 -3.2222 0
      vertex 12.8412 -3.13926 4
      vertex 12.4242 -3.2222 4
    endloop
  endfacet
  facet normal 0.195076 -0.980788 0
    outer loop
      vertex 12.8412 -3.13926 4
      vertex 12.4242 -3.2222 0
      vertex 12.8412 -3.13926 0
    endloop
  endfacet
  facet normal 0.65937 -0.751818 0
    outer loop
      vertex 13.9785 -2.5784 0
      vertex 14.2981 -2.2981 4
      vertex 13.9785 -2.5784 4
    endloop
  endfacet
  facet normal 0.65937 -0.751818 0
    outer loop
      vertex 14.2981 -2.2981 4
      vertex 13.9785 -2.5784 0
      vertex 14.2981 -2.2981 0
    endloop
  endfacet
  facet normal 0.442277 -0.896879 0
    outer loop
      vertex 13.2437 -3.00261 0
      vertex 13.625 -2.81458 4
      vertex 13.2437 -3.00261 4
    endloop
  endfacet
  facet normal 0.442277 -0.896879 0
    outer loop
      vertex 13.625 -2.81458 4
      vertex 13.2437 -3.00261 0
      vertex 13.625 -2.81458 0
    endloop
  endfacet
  facet normal 0.831449 -0.555601 0
    outer loop
      vertex 14.5784 -1.97847 4
      vertex 14.8146 -1.625 0
      vertex 14.8146 -1.625 4
    endloop
  endfacet
  facet normal 0.831449 -0.555601 0
    outer loop
      vertex 14.8146 -1.625 0
      vertex 14.5784 -1.97847 4
      vertex 14.5784 -1.97847 0
    endloop
  endfacet
  facet normal -0.555536 -0.831493 0
    outer loop
      vertex 10.0215 -2.5784 0
      vertex 10.375 -2.81458 4
      vertex 10.0215 -2.5784 4
    endloop
  endfacet
  facet normal -0.555536 -0.831493 -0
    outer loop
      vertex 10.375 -2.81458 4
      vertex 10.0215 -2.5784 0
      vertex 10.375 -2.81458 0
    endloop
  endfacet
  facet normal -0.321481 -0.946916 0
    outer loop
      vertex 10.7563 -3.00261 0
      vertex 11.1588 -3.13926 4
      vertex 10.7563 -3.00261 4
    endloop
  endfacet
  facet normal -0.321481 -0.946916 -0
    outer loop
      vertex 11.1588 -3.13926 4
      vertex 10.7563 -3.00261 0
      vertex 11.1588 -3.13926 0
    endloop
  endfacet
  facet normal -0.0653948 -0.997859 0
    outer loop
      vertex 11.5758 -3.2222 0
      vertex 12 -3.25 4
      vertex 11.5758 -3.2222 4
    endloop
  endfacet
  facet normal -0.0653948 -0.997859 -0
    outer loop
      vertex 12 -3.25 4
      vertex 11.5758 -3.2222 0
      vertex 12 -3.25 0
    endloop
  endfacet
  facet normal -0.896869 -0.442295 0
    outer loop
      vertex 9.18542 -1.625 0
      vertex 8.99739 -1.24372 4
      vertex 8.99739 -1.24372 0
    endloop
  endfacet
  facet normal -0.896869 -0.442295 0
    outer loop
      vertex 8.99739 -1.24372 4
      vertex 9.18542 -1.625 0
      vertex 9.18542 -1.625 4
    endloop
  endfacet
  facet normal -0.751849 -0.659335 0
    outer loop
      vertex 9.7019 -2.2981 0
      vertex 9.4216 -1.97847 4
      vertex 9.4216 -1.97847 0
    endloop
  endfacet
  facet normal -0.751849 -0.659335 0
    outer loop
      vertex 9.4216 -1.97847 4
      vertex 9.7019 -2.2981 0
      vertex 9.7019 -2.2981 4
    endloop
  endfacet
  facet normal -0.980784 -0.195097 0
    outer loop
      vertex 8.86074 -0.841162 0
      vertex 8.7778 -0.42421 4
      vertex 8.7778 -0.42421 0
    endloop
  endfacet
  facet normal -0.980784 -0.195097 0
    outer loop
      vertex 8.7778 -0.42421 4
      vertex 8.86074 -0.841162 0
      vertex 8.86074 -0.841162 4
    endloop
  endfacet
  facet normal 0.321481 -0.946916 0
    outer loop
      vertex 12.8412 -3.13926 0
      vertex 13.2437 -3.00261 4
      vertex 12.8412 -3.13926 4
    endloop
  endfacet
  facet normal 0.321481 -0.946916 0
    outer loop
      vertex 13.2437 -3.00261 4
      vertex 12.8412 -3.13926 0
      vertex 13.2437 -3.00261 0
    endloop
  endfacet
  facet normal 0.751849 -0.659335 0
    outer loop
      vertex 14.2981 -2.2981 4
      vertex 14.5784 -1.97847 0
      vertex 14.5784 -1.97847 4
    endloop
  endfacet
  facet normal 0.751849 -0.659335 0
    outer loop
      vertex 14.5784 -1.97847 0
      vertex 14.2981 -2.2981 4
      vertex 14.2981 -2.2981 0
    endloop
  endfacet
  facet normal 0.555536 -0.831493 0
    outer loop
      vertex 13.625 -2.81458 0
      vertex 13.9785 -2.5784 4
      vertex 13.625 -2.81458 4
    endloop
  endfacet
  facet normal 0.555536 -0.831493 0
    outer loop
      vertex 13.9785 -2.5784 4
      vertex 13.625 -2.81458 0
      vertex 13.9785 -2.5784 0
    endloop
  endfacet
  facet normal 0.980802 -0.195007 0
    outer loop
      vertex 15.1393 -0.841162 4
      vertex 15.2222 -0.42421 0
      vertex 15.2222 -0.42421 4
    endloop
  endfacet
  facet normal 0.980802 -0.195007 0
    outer loop
      vertex 15.2222 -0.42421 0
      vertex 15.1393 -0.841162 4
      vertex 15.1393 -0.841162 0
    endloop
  endfacet
  facet normal 0.896897 -0.442239 0
    outer loop
      vertex 14.8146 -1.625 4
      vertex 15.0026 -1.24372 0
      vertex 15.0026 -1.24372 4
    endloop
  endfacet
  facet normal 0.896897 -0.442239 0
    outer loop
      vertex 15.0026 -1.24372 0
      vertex 14.8146 -1.625 4
      vertex 14.8146 -1.625 0
    endloop
  endfacet
  facet normal -0.442277 -0.896879 0
    outer loop
      vertex 10.375 -2.81458 0
      vertex 10.7563 -3.00261 4
      vertex 10.375 -2.81458 4
    endloop
  endfacet
  facet normal -0.442277 -0.896879 -0
    outer loop
      vertex 10.7563 -3.00261 4
      vertex 10.375 -2.81458 0
      vertex 10.7563 -3.00261 0
    endloop
  endfacet
  facet normal -0.195076 -0.980788 0
    outer loop
      vertex 11.1588 -3.13926 0
      vertex 11.5758 -3.2222 4
      vertex 11.1588 -3.13926 4
    endloop
  endfacet
  facet normal -0.195076 -0.980788 -0
    outer loop
      vertex 11.5758 -3.2222 4
      vertex 11.1588 -3.13926 0
      vertex 11.5758 -3.2222 0
    endloop
  endfacet
  facet normal -0.831471 -0.555568 0
    outer loop
      vertex 9.4216 -1.97847 0
      vertex 9.18542 -1.625 4
      vertex 9.18542 -1.625 0
    endloop
  endfacet
  facet normal -0.831471 -0.555568 0
    outer loop
      vertex 9.18542 -1.625 4
      vertex 9.4216 -1.97847 0
      vertex 9.4216 -1.97847 4
    endloop
  endfacet
  facet normal -0.94693 -0.321439 0
    outer loop
      vertex 8.99739 -1.24372 0
      vertex 8.86074 -0.841162 4
      vertex 8.86074 -0.841162 0
    endloop
  endfacet
  facet normal -0.94693 -0.321439 0
    outer loop
      vertex 8.86074 -0.841162 4
      vertex 8.99739 -1.24372 0
      vertex 8.99739 -1.24372 4
    endloop
  endfacet
  facet normal 0.99786 -0.0653933 0
    outer loop
      vertex 15.2222 -0.42421 4
      vertex 15.25 0 0
      vertex 15.25 0 4
    endloop
  endfacet
  facet normal 0.99786 -0.0653933 0
    outer loop
      vertex 15.25 0 0
      vertex 15.2222 -0.42421 4
      vertex 15.2222 -0.42421 0
    endloop
  endfacet
  facet normal -0.997845 -0.0656179 0
    outer loop
      vertex 13.2 0 0
      vertex 13.1897 0.156631 4
      vertex 13.1897 0.156631 0
    endloop
  endfacet
  facet normal -0.997845 -0.0656179 0
    outer loop
      vertex 13.1897 0.156631 4
      vertex 13.2 0 0
      vertex 13.2 0 4
    endloop
  endfacet
  facet normal 0.997845 -0.0656179 0
    outer loop
      vertex 10.8 0 4
      vertex 10.8103 0.156631 0
      vertex 10.8103 0.156631 4
    endloop
  endfacet
  facet normal 0.997845 -0.0656179 0
    outer loop
      vertex 10.8103 0.156631 0
      vertex 10.8 0 4
      vertex 10.8 0 0
    endloop
  endfacet
  facet normal -0.0654405 -0.997856 0
    outer loop
      vertex 12 1.2 0
      vertex 12.1566 1.18973 4
      vertex 12 1.2 4
    endloop
  endfacet
  facet normal -0.0654405 -0.997856 -0
    outer loop
      vertex 12.1566 1.18973 4
      vertex 12 1.2 0
      vertex 12.1566 1.18973 0
    endloop
  endfacet
  facet normal 0.751826 0.659362 0
    outer loop
      vertex 11.1515 -0.848528 4
      vertex 11.048 -0.730514 0
      vertex 11.048 -0.730514 4
    endloop
  endfacet
  facet normal 0.751826 0.659362 0
    outer loop
      vertex 11.048 -0.730514 0
      vertex 11.1515 -0.848528 4
      vertex 11.1515 -0.848528 0
    endloop
  endfacet
  facet normal -0.751826 -0.659362 0
    outer loop
      vertex 12.952 0.730514 0
      vertex 12.8485 0.848528 4
      vertex 12.8485 0.848528 0
    endloop
  endfacet
  facet normal -0.751826 -0.659362 0
    outer loop
      vertex 12.8485 0.848528 4
      vertex 12.952 0.730514 0
      vertex 12.952 0.730514 4
    endloop
  endfacet
  facet normal 0.659392 -0.751799 0
    outer loop
      vertex 11.1515 0.848528 0
      vertex 11.2695 0.952024 4
      vertex 11.1515 0.848528 4
    endloop
  endfacet
  facet normal 0.659392 -0.751799 0
    outer loop
      vertex 11.2695 0.952024 4
      vertex 11.1515 0.848528 0
      vertex 11.2695 0.952024 0
    endloop
  endfacet
  facet normal 0.321537 -0.946897 0
    outer loop
      vertex 11.5408 1.10865 0
      vertex 11.6894 1.15911 4
      vertex 11.5408 1.10865 4
    endloop
  endfacet
  facet normal 0.321537 -0.946897 0
    outer loop
      vertex 11.6894 1.15911 4
      vertex 11.5408 1.10865 0
      vertex 11.6894 1.15911 0
    endloop
  endfacet
  facet normal 0.947038 0.321121 0
    outer loop
      vertex 10.8913 -0.45922 4
      vertex 10.8409 -0.310582 0
      vertex 10.8409 -0.310582 4
    endloop
  endfacet
  facet normal 0.947038 0.321121 0
    outer loop
      vertex 10.8409 -0.310582 0
      vertex 10.8913 -0.45922 4
      vertex 10.8913 -0.45922 0
    endloop
  endfacet
  facet normal -0.896682 -0.442675 0
    outer loop
      vertex 13.1087 0.45922 0
      vertex 13.0392 0.599999 4
      vertex 13.0392 0.599999 0
    endloop
  endfacet
  facet normal -0.896682 -0.442675 0
    outer loop
      vertex 13.0392 0.599999 4
      vertex 13.1087 0.45922 0
      vertex 13.1087 0.45922 4
    endloop
  endfacet
  facet normal -0.831491 -0.555538 0
    outer loop
      vertex 13.0392 0.599999 0
      vertex 12.952 0.730514 4
      vertex 12.952 0.730514 0
    endloop
  endfacet
  facet normal -0.831491 -0.555538 0
    outer loop
      vertex 12.952 0.730514 4
      vertex 13.0392 0.599999 0
      vertex 13.0392 0.599999 4
    endloop
  endfacet
  facet normal -0.442212 -0.89691 0
    outer loop
      vertex 12.4592 1.10865 0
      vertex 12.6 1.03923 4
      vertex 12.4592 1.10865 4
    endloop
  endfacet
  facet normal -0.442212 -0.89691 -0
    outer loop
      vertex 12.6 1.03923 4
      vertex 12.4592 1.10865 0
      vertex 12.6 1.03923 0
    endloop
  endfacet
  facet normal -0.555608 -0.831444 0
    outer loop
      vertex 12.6 1.03923 0
      vertex 12.7305 0.952024 4
      vertex 12.6 1.03923 4
    endloop
  endfacet
  facet normal -0.555608 -0.831444 -0
    outer loop
      vertex 12.7305 0.952024 4
      vertex 12.6 1.03923 0
      vertex 12.7305 0.952024 0
    endloop
  endfacet
  facet normal 0.896682 -0.442675 0
    outer loop
      vertex 10.8913 0.45922 4
      vertex 10.9608 0.599999 0
      vertex 10.9608 0.599999 4
    endloop
  endfacet
  facet normal 0.896682 -0.442675 0
    outer loop
      vertex 10.9608 0.599999 0
      vertex 10.8913 0.45922 4
      vertex 10.8913 0.45922 0
    endloop
  endfacet
  facet normal 0.442212 -0.89691 0
    outer loop
      vertex 11.4 1.03923 0
      vertex 11.5408 1.10865 4
      vertex 11.4 1.03923 4
    endloop
  endfacet
  facet normal 0.442212 -0.89691 0
    outer loop
      vertex 11.5408 1.10865 4
      vertex 11.4 1.03923 0
      vertex 11.5408 1.10865 0
    endloop
  endfacet
  facet normal 0.0654405 -0.997856 0
    outer loop
      vertex 11.8434 1.18973 0
      vertex 12 1.2 4
      vertex 11.8434 1.18973 4
    endloop
  endfacet
  facet normal 0.0654405 -0.997856 0
    outer loop
      vertex 12 1.2 4
      vertex 11.8434 1.18973 0
      vertex 12 1.2 0
    endloop
  endfacet
  facet normal -0.321537 0.946897 0
    outer loop
      vertex 12.4592 -1.10865 0
      vertex 12.3106 -1.15911 4
      vertex 12.4592 -1.10865 4
    endloop
  endfacet
  facet normal -0.321537 0.946897 0
    outer loop
      vertex 12.3106 -1.15911 4
      vertex 12.4592 -1.10865 0
      vertex 12.3106 -1.15911 0
    endloop
  endfacet
  facet normal -0.0654405 0.997856 0
    outer loop
      vertex 12.1566 -1.18973 0
      vertex 12 -1.2 4
      vertex 12.1566 -1.18973 4
    endloop
  endfacet
  facet normal -0.0654405 0.997856 0
    outer loop
      vertex 12 -1.2 4
      vertex 12.1566 -1.18973 0
      vertex 12 -1.2 0
    endloop
  endfacet
  facet normal -0.442212 0.89691 0
    outer loop
      vertex 12.6 -1.03923 0
      vertex 12.4592 -1.10865 4
      vertex 12.6 -1.03923 4
    endloop
  endfacet
  facet normal -0.442212 0.89691 0
    outer loop
      vertex 12.4592 -1.10865 4
      vertex 12.6 -1.03923 0
      vertex 12.4592 -1.10865 0
    endloop
  endfacet
  facet normal 0.896682 0.442675 0
    outer loop
      vertex 10.9608 -0.599999 4
      vertex 10.8913 -0.45922 0
      vertex 10.8913 -0.45922 4
    endloop
  endfacet
  facet normal 0.896682 0.442675 0
    outer loop
      vertex 10.8913 -0.45922 0
      vertex 10.9608 -0.599999 4
      vertex 10.9608 -0.599999 0
    endloop
  endfacet
  facet normal 0.997845 0.0656179 0
    outer loop
      vertex 10.8103 -0.156631 4
      vertex 10.8 0 0
      vertex 10.8 0 4
    endloop
  endfacet
  facet normal 0.997845 0.0656179 0
    outer loop
      vertex 10.8 0 0
      vertex 10.8103 -0.156631 4
      vertex 10.8103 -0.156631 0
    endloop
  endfacet
  facet normal -0.947038 -0.321121 0
    outer loop
      vertex 13.1591 0.310582 0
      vertex 13.1087 0.45922 4
      vertex 13.1087 0.45922 0
    endloop
  endfacet
  facet normal -0.947038 -0.321121 0
    outer loop
      vertex 13.1087 0.45922 4
      vertex 13.1591 0.310582 0
      vertex 13.1591 0.310582 4
    endloop
  endfacet
  facet normal -0.980813 -0.194951 0
    outer loop
      vertex 13.1897 0.156631 0
      vertex 13.1591 0.310582 4
      vertex 13.1591 0.310582 0
    endloop
  endfacet
  facet normal -0.980813 -0.194951 0
    outer loop
      vertex 13.1591 0.310582 4
      vertex 13.1897 0.156631 0
      vertex 13.1897 0.156631 4
    endloop
  endfacet
  facet normal -0.321537 -0.946897 0
    outer loop
      vertex 12.3106 1.15911 0
      vertex 12.4592 1.10865 4
      vertex 12.3106 1.15911 4
    endloop
  endfacet
  facet normal -0.321537 -0.946897 -0
    outer loop
      vertex 12.4592 1.10865 4
      vertex 12.3106 1.15911 0
      vertex 12.4592 1.10865 0
    endloop
  endfacet
  facet normal -0.195014 -0.980801 0
    outer loop
      vertex 12.1566 1.18973 0
      vertex 12.3106 1.15911 4
      vertex 12.1566 1.18973 4
    endloop
  endfacet
  facet normal -0.195014 -0.980801 -0
    outer loop
      vertex 12.3106 1.15911 4
      vertex 12.1566 1.18973 0
      vertex 12.3106 1.15911 0
    endloop
  endfacet
  facet normal -0.659392 -0.751799 0
    outer loop
      vertex 12.7305 0.952024 0
      vertex 12.8485 0.848528 4
      vertex 12.7305 0.952024 4
    endloop
  endfacet
  facet normal -0.659392 -0.751799 -0
    outer loop
      vertex 12.8485 0.848528 4
      vertex 12.7305 0.952024 0
      vertex 12.8485 0.848528 0
    endloop
  endfacet
  facet normal 0.831491 -0.555538 0
    outer loop
      vertex 10.9608 0.599999 4
      vertex 11.048 0.730514 0
      vertex 11.048 0.730514 4
    endloop
  endfacet
  facet normal 0.831491 -0.555538 0
    outer loop
      vertex 11.048 0.730514 0
      vertex 10.9608 0.599999 4
      vertex 10.9608 0.599999 0
    endloop
  endfacet
  facet normal 0.751826 -0.659362 0
    outer loop
      vertex 11.048 0.730514 4
      vertex 11.1515 0.848528 0
      vertex 11.1515 0.848528 4
    endloop
  endfacet
  facet normal 0.751826 -0.659362 0
    outer loop
      vertex 11.1515 0.848528 0
      vertex 11.048 0.730514 4
      vertex 11.048 0.730514 0
    endloop
  endfacet
  facet normal 0.947038 -0.321121 0
    outer loop
      vertex 10.8409 0.310582 4
      vertex 10.8913 0.45922 0
      vertex 10.8913 0.45922 4
    endloop
  endfacet
  facet normal 0.947038 -0.321121 0
    outer loop
      vertex 10.8913 0.45922 0
      vertex 10.8409 0.310582 4
      vertex 10.8409 0.310582 0
    endloop
  endfacet
  facet normal 0.980813 -0.194951 0
    outer loop
      vertex 10.8103 0.156631 4
      vertex 10.8409 0.310582 0
      vertex 10.8409 0.310582 4
    endloop
  endfacet
  facet normal 0.980813 -0.194951 0
    outer loop
      vertex 10.8409 0.310582 0
      vertex 10.8103 0.156631 4
      vertex 10.8103 0.156631 0
    endloop
  endfacet
  facet normal 0.555608 -0.831444 0
    outer loop
      vertex 11.2695 0.952024 0
      vertex 11.4 1.03923 4
      vertex 11.2695 0.952024 4
    endloop
  endfacet
  facet normal 0.555608 -0.831444 0
    outer loop
      vertex 11.4 1.03923 4
      vertex 11.2695 0.952024 0
      vertex 11.4 1.03923 0
    endloop
  endfacet
  facet normal 0.195014 -0.980801 0
    outer loop
      vertex 11.6894 1.15911 0
      vertex 11.8434 1.18973 4
      vertex 11.6894 1.15911 4
    endloop
  endfacet
  facet normal 0.195014 -0.980801 0
    outer loop
      vertex 11.8434 1.18973 4
      vertex 11.6894 1.15911 0
      vertex 11.8434 1.18973 0
    endloop
  endfacet
  facet normal -0.997845 0.0656179 0
    outer loop
      vertex 13.1897 -0.156631 0
      vertex 13.2 0 4
      vertex 13.2 0 0
    endloop
  endfacet
  facet normal -0.997845 0.0656179 0
    outer loop
      vertex 13.2 0 4
      vertex 13.1897 -0.156631 0
      vertex 13.1897 -0.156631 4
    endloop
  endfacet
  facet normal -0.195014 0.980801 0
    outer loop
      vertex 12.3106 -1.15911 0
      vertex 12.1566 -1.18973 4
      vertex 12.3106 -1.15911 4
    endloop
  endfacet
  facet normal -0.195014 0.980801 0
    outer loop
      vertex 12.1566 -1.18973 4
      vertex 12.3106 -1.15911 0
      vertex 12.1566 -1.18973 0
    endloop
  endfacet
  facet normal -0.555608 0.831444 0
    outer loop
      vertex 12.7305 -0.952024 0
      vertex 12.6 -1.03923 4
      vertex 12.7305 -0.952024 4
    endloop
  endfacet
  facet normal -0.555608 0.831444 0
    outer loop
      vertex 12.6 -1.03923 4
      vertex 12.7305 -0.952024 0
      vertex 12.6 -1.03923 0
    endloop
  endfacet
  facet normal -0.751826 0.659362 0
    outer loop
      vertex 12.8485 -0.848528 0
      vertex 12.952 -0.730514 4
      vertex 12.952 -0.730514 0
    endloop
  endfacet
  facet normal -0.751826 0.659362 0
    outer loop
      vertex 12.952 -0.730514 4
      vertex 12.8485 -0.848528 0
      vertex 12.8485 -0.848528 4
    endloop
  endfacet
  facet normal -0.896682 0.442675 0
    outer loop
      vertex 13.0392 -0.599999 0
      vertex 13.1087 -0.45922 4
      vertex 13.1087 -0.45922 0
    endloop
  endfacet
  facet normal -0.896682 0.442675 0
    outer loop
      vertex 13.1087 -0.45922 4
      vertex 13.0392 -0.599999 0
      vertex 13.0392 -0.599999 4
    endloop
  endfacet
  facet normal 0.659392 0.751799 -0
    outer loop
      vertex 11.2695 -0.952024 0
      vertex 11.1515 -0.848528 4
      vertex 11.2695 -0.952024 4
    endloop
  endfacet
  facet normal 0.659392 0.751799 0
    outer loop
      vertex 11.1515 -0.848528 4
      vertex 11.2695 -0.952024 0
      vertex 11.1515 -0.848528 0
    endloop
  endfacet
  facet normal 0.442212 0.89691 -0
    outer loop
      vertex 11.5408 -1.10865 0
      vertex 11.4 -1.03923 4
      vertex 11.5408 -1.10865 4
    endloop
  endfacet
  facet normal 0.442212 0.89691 0
    outer loop
      vertex 11.4 -1.03923 4
      vertex 11.5408 -1.10865 0
      vertex 11.4 -1.03923 0
    endloop
  endfacet
  facet normal 0.321537 0.946897 -0
    outer loop
      vertex 11.6894 -1.15911 0
      vertex 11.5408 -1.10865 4
      vertex 11.6894 -1.15911 4
    endloop
  endfacet
  facet normal 0.321537 0.946897 0
    outer loop
      vertex 11.5408 -1.10865 4
      vertex 11.6894 -1.15911 0
      vertex 11.5408 -1.10865 0
    endloop
  endfacet
  facet normal 0.0654405 0.997856 -0
    outer loop
      vertex 12 -1.2 0
      vertex 11.8434 -1.18973 4
      vertex 12 -1.2 4
    endloop
  endfacet
  facet normal 0.0654405 0.997856 0
    outer loop
      vertex 11.8434 -1.18973 4
      vertex 12 -1.2 0
      vertex 11.8434 -1.18973 0
    endloop
  endfacet
  facet normal 0.831491 0.555538 0
    outer loop
      vertex 11.048 -0.730514 4
      vertex 10.9608 -0.599999 0
      vertex 10.9608 -0.599999 4
    endloop
  endfacet
  facet normal 0.831491 0.555538 0
    outer loop
      vertex 10.9608 -0.599999 0
      vertex 11.048 -0.730514 4
      vertex 11.048 -0.730514 0
    endloop
  endfacet
  facet normal 0.980813 0.194951 0
    outer loop
      vertex 10.8409 -0.310582 4
      vertex 10.8103 -0.156631 0
      vertex 10.8103 -0.156631 4
    endloop
  endfacet
  facet normal 0.980813 0.194951 0
    outer loop
      vertex 10.8103 -0.156631 0
      vertex 10.8409 -0.310582 4
      vertex 10.8409 -0.310582 0
    endloop
  endfacet
  facet normal -0.659392 0.751799 0
    outer loop
      vertex 12.8485 -0.848528 0
      vertex 12.7305 -0.952024 4
      vertex 12.8485 -0.848528 4
    endloop
  endfacet
  facet normal -0.659392 0.751799 0
    outer loop
      vertex 12.7305 -0.952024 4
      vertex 12.8485 -0.848528 0
      vertex 12.7305 -0.952024 0
    endloop
  endfacet
  facet normal -0.831491 0.555538 0
    outer loop
      vertex 12.952 -0.730514 0
      vertex 13.0392 -0.599999 4
      vertex 13.0392 -0.599999 0
    endloop
  endfacet
  facet normal -0.831491 0.555538 0
    outer loop
      vertex 13.0392 -0.599999 4
      vertex 12.952 -0.730514 0
      vertex 12.952 -0.730514 4
    endloop
  endfacet
  facet normal -0.980813 0.194951 0
    outer loop
      vertex 13.1591 -0.310582 0
      vertex 13.1897 -0.156631 4
      vertex 13.1897 -0.156631 0
    endloop
  endfacet
  facet normal -0.980813 0.194951 0
    outer loop
      vertex 13.1897 -0.156631 4
      vertex 13.1591 -0.310582 0
      vertex 13.1591 -0.310582 4
    endloop
  endfacet
  facet normal -0.947038 0.321121 0
    outer loop
      vertex 13.1087 -0.45922 0
      vertex 13.1591 -0.310582 4
      vertex 13.1591 -0.310582 0
    endloop
  endfacet
  facet normal -0.947038 0.321121 0
    outer loop
      vertex 13.1591 -0.310582 4
      vertex 13.1087 -0.45922 0
      vertex 13.1087 -0.45922 4
    endloop
  endfacet
  facet normal 0.555608 0.831444 -0
    outer loop
      vertex 11.4 -1.03923 0
      vertex 11.2695 -0.952024 4
      vertex 11.4 -1.03923 4
    endloop
  endfacet
  facet normal 0.555608 0.831444 0
    outer loop
      vertex 11.2695 -0.952024 4
      vertex 11.4 -1.03923 0
      vertex 11.2695 -0.952024 0
    endloop
  endfacet
  facet normal 0.195014 0.980801 -0
    outer loop
      vertex 11.8434 -1.18973 0
      vertex 11.6894 -1.15911 4
      vertex 11.8434 -1.18973 4
    endloop
  endfacet
  facet normal 0.195014 0.980801 0
    outer loop
      vertex 11.6894 -1.15911 4
      vertex 11.8434 -1.18973 0
      vertex 11.6894 -1.15911 0
    endloop
  endfacet
  facet normal 0.99786 0.0653933 0
    outer loop
      vertex 27.25 0 4
      vertex 27.2222 0.42421 0
      vertex 27.2222 0.42421 4
    endloop
  endfacet
  facet normal 0.99786 0.0653933 0
    outer loop
      vertex 27.2222 0.42421 0
      vertex 27.25 0 4
      vertex 27.25 0 0
    endloop
  endfacet
  facet normal -0.99786 0.0653933 0
    outer loop
      vertex 20.75 0 0
      vertex 20.7778 0.42421 4
      vertex 20.7778 0.42421 0
    endloop
  endfacet
  facet normal -0.99786 0.0653933 0
    outer loop
      vertex 20.7778 0.42421 4
      vertex 20.75 0 0
      vertex 20.75 0 4
    endloop
  endfacet
  facet normal 0.0653948 0.997859 -0
    outer loop
      vertex 24.4242 3.2222 0
      vertex 24 3.25 4
      vertex 24.4242 3.2222 4
    endloop
  endfacet
  facet normal 0.0653948 0.997859 0
    outer loop
      vertex 24 3.25 4
      vertex 24.4242 3.2222 0
      vertex 24 3.25 0
    endloop
  endfacet
  facet normal 0.65937 0.751818 -0
    outer loop
      vertex 26.2981 2.2981 0
      vertex 25.9785 2.5784 4
      vertex 26.2981 2.2981 4
    endloop
  endfacet
  facet normal 0.65937 0.751818 0
    outer loop
      vertex 25.9785 2.5784 4
      vertex 26.2981 2.2981 0
      vertex 25.9785 2.5784 0
    endloop
  endfacet
  facet normal -0.65937 0.751818 0
    outer loop
      vertex 22.0215 2.5784 0
      vertex 21.7019 2.2981 4
      vertex 22.0215 2.5784 4
    endloop
  endfacet
  facet normal -0.65937 0.751818 0
    outer loop
      vertex 21.7019 2.2981 4
      vertex 22.0215 2.5784 0
      vertex 21.7019 2.2981 0
    endloop
  endfacet
  facet normal -0.321481 0.946916 0
    outer loop
      vertex 23.1588 3.13926 0
      vertex 22.7563 3.00261 4
      vertex 23.1588 3.13926 4
    endloop
  endfacet
  facet normal -0.321481 0.946916 0
    outer loop
      vertex 22.7563 3.00261 4
      vertex 23.1588 3.13926 0
      vertex 22.7563 3.00261 0
    endloop
  endfacet
  facet normal 0 0 -1
    outer loop
      vertex 25.2 0 0
      vertex 27.25 0 0
      vertex 27.2222 -0.42421 0
    endloop
  endfacet
  facet normal 0 0 -1
    outer loop
      vertex 25.1897 -0.156631 0
      vertex 27.2222 -0.42421 0
      vertex 27.1393 -0.841162 0
    endloop
  endfacet
  facet normal 0 0 -1
    outer loop
      vertex 27.25 0 0
      vertex 25.2 0 0
      vertex 27.2222 0.42421 0
    endloop
  endfacet
  facet normal 0 0 -1
    outer loop
      vertex 25.1591 -0.310582 0
      vertex 27.1393 -0.841162 0
      vertex 27.0026 -1.24372 0
    endloop
  endfacet
  facet normal 0 0 -1
    outer loop
      vertex 25.1897 0.156631 0
      vertex 27.2222 0.42421 0
      vertex 25.2 0 0
    endloop
  endfacet
  facet normal 0 0 -1
    outer loop
      vertex 25.1087 -0.45922 0
      vertex 27.0026 -1.24372 0
      vertex 26.8146 -1.625 0
    endloop
  endfacet
  facet normal -0 0 -1
    outer loop
      vertex 27.2222 0.42421 0
      vertex 25.1897 0.156631 0
      vertex 27.1393 0.841162 0
    endloop
  endfacet
  facet normal 0 0 -1
    outer loop
      vertex 25.0392 -0.599999 0
      vertex 26.8146 -1.625 0
      vertex 26.5784 -1.97847 0
    endloop
  endfacet
  facet normal 0 0 -1
    outer loop
      vertex 25.1591 0.310582 0
      vertex 27.1393 0.841162 0
      vertex 25.1897 0.156631 0
    endloop
  endfacet
  facet normal 0 0 -1
    outer loop
      vertex 24.952 -0.730514 0
      vertex 26.5784 -1.97847 0
      vertex 26.2981 -2.2981 0
    endloop
  endfacet
  facet normal -0 0 -1
    outer loop
      vertex 27.1393 0.841162 0
      vertex 25.1591 0.310582 0
      vertex 27.0026 1.24372 0
    endloop
  endfacet
  facet normal 0 0 -1
    outer loop
      vertex 24.8485 -0.848528 0
      vertex 26.2981 -2.2981 0
      vertex 25.9785 -2.5784 0
    endloop
  endfacet
  facet normal 0 0 -1
    outer loop
      vertex 25.1087 0.45922 0
      vertex 27.0026 1.24372 0
      vertex 25.1591 0.310582 0
    endloop
  endfacet
  facet normal 0 0 -1
    outer loop
      vertex 24.7305 -0.952024 0
      vertex 25.9785 -2.5784 0
      vertex 25.625 -2.81458 0
    endloop
  endfacet
  facet normal -0 0 -1
    outer loop
      vertex 27.0026 1.24372 0
      vertex 25.1087 0.45922 0
      vertex 26.8146 1.625 0
    endloop
  endfacet
  facet normal 0 0 -1
    outer loop
      vertex 24.6 -1.03923 0
      vertex 25.625 -2.81458 0
      vertex 25.2437 -3.00261 0
    endloop
  endfacet
  facet normal 0 0 -1
    outer loop
      vertex 25.0392 0.599999 0
      vertex 26.8146 1.625 0
      vertex 25.1087 0.45922 0
    endloop
  endfacet
  facet normal -0 0 -1
    outer loop
      vertex 26.8146 1.625 0
      vertex 25.0392 0.599999 0
      vertex 26.5784 1.97847 0
    endloop
  endfacet
  facet normal 0 0 -1
    outer loop
      vertex 27.2222 -0.42421 0
      vertex 25.1897 -0.156631 0
      vertex 25.2 0 0
    endloop
  endfacet
  facet normal 0 0 -1
    outer loop
      vertex 27.1393 -0.841162 0
      vertex 25.1591 -0.310582 0
      vertex 25.1897 -0.156631 0
    endloop
  endfacet
  facet normal 0 0 -1
    outer loop
      vertex 27.0026 -1.24372 0
      vertex 25.1087 -0.45922 0
      vertex 25.1591 -0.310582 0
    endloop
  endfacet
  facet normal 0 0 -1
    outer loop
      vertex 26.8146 -1.625 0
      vertex 25.0392 -0.599999 0
      vertex 25.1087 -0.45922 0
    endloop
  endfacet
  facet normal 0 0 -1
    outer loop
      vertex 26.5784 -1.97847 0
      vertex 24.952 -0.730514 0
      vertex 25.0392 -0.599999 0
    endloop
  endfacet
  facet normal 0 0 -1
    outer loop
      vertex 26.2981 -2.2981 0
      vertex 24.8485 -0.848528 0
      vertex 24.952 -0.730514 0
    endloop
  endfacet
  facet normal 0 0 -1
    outer loop
      vertex 24.4592 -1.10865 0
      vertex 25.2437 -3.00261 0
      vertex 24.8412 -3.13926 0
    endloop
  endfacet
  facet normal 0 0 -1
    outer loop
      vertex 25.9785 -2.5784 0
      vertex 24.7305 -0.952024 0
      vertex 24.8485 -0.848528 0
    endloop
  endfacet
  facet normal 0 0 -1
    outer loop
      vertex 25.625 -2.81458 0
      vertex 24.6 -1.03923 0
      vertex 24.7305 -0.952024 0
    endloop
  endfacet
  facet normal 0 0 -1
    outer loop
      vertex 25.2437 -3.00261 0
      vertex 24.4592 -1.10865 0
      vertex 24.6 -1.03923 0
    endloop
  endfacet
  facet normal 0 0 -1
    outer loop
      vertex 24.3106 -1.15911 0
      vertex 24.8412 -3.13926 0
      vertex 24.4242 -3.2222 0
    endloop
  endfacet
  facet normal 0 0 -1
    outer loop
      vertex 24.8412 -3.13926 0
      vertex 24.3106 -1.15911 0
      vertex 24.4592 -1.10865 0
    endloop
  endfacet
  facet normal 0 0 -1
    outer loop
      vertex 24.4242 -3.2222 0
      vertex 24.1566 -1.18973 0
      vertex 24.3106 -1.15911 0
    endloop
  endfacet
  facet normal 0 0 -1
    outer loop
      vertex 24 -3.25 0
      vertex 24.1566 -1.18973 0
      vertex 24.4242 -3.2222 0
    endloop
  endfacet
  facet normal 0 0 -1
    outer loop
      vertex 24 -3.25 0
      vertex 24 -1.2 0
      vertex 24.1566 -1.18973 0
    endloop
  endfacet
  facet normal 0 0 -1
    outer loop
      vertex 24 -3.25 0
      vertex 23.8434 -1.18973 0
      vertex 24 -1.2 0
    endloop
  endfacet
  facet normal 0 0 -1
    outer loop
      vertex 23.5758 -3.2222 0
      vertex 23.8434 -1.18973 0
      vertex 24 -3.25 0
    endloop
  endfacet
  facet normal -0 0 -1
    outer loop
      vertex 23.8434 -1.18973 0
      vertex 23.5758 -3.2222 0
      vertex 23.6894 -1.15911 0
    endloop
  endfacet
  facet normal 0 0 -1
    outer loop
      vertex 23.1588 -3.13926 0
      vertex 23.6894 -1.15911 0
      vertex 23.5758 -3.2222 0
    endloop
  endfacet
  facet normal -0 0 -1
    outer loop
      vertex 23.6894 -1.15911 0
      vertex 23.1588 -3.13926 0
      vertex 23.5408 -1.10865 0
    endloop
  endfacet
  facet normal 0 0 -1
    outer loop
      vertex 22.7563 -3.00261 0
      vertex 23.5408 -1.10865 0
      vertex 23.1588 -3.13926 0
    endloop
  endfacet
  facet normal -0 0 -1
    outer loop
      vertex 23.5408 -1.10865 0
      vertex 22.7563 -3.00261 0
      vertex 23.4 -1.03923 0
    endloop
  endfacet
  facet normal 0 0 -1
    outer loop
      vertex 22.375 -2.81458 0
      vertex 23.4 -1.03923 0
      vertex 22.7563 -3.00261 0
    endloop
  endfacet
  facet normal -0 0 -1
    outer loop
      vertex 23.4 -1.03923 0
      vertex 22.375 -2.81458 0
      vertex 23.2695 -0.952024 0
    endloop
  endfacet
  facet normal 0 0 -1
    outer loop
      vertex 22.0215 -2.5784 0
      vertex 23.2695 -0.952024 0
      vertex 22.375 -2.81458 0
    endloop
  endfacet
  facet normal -0 0 -1
    outer loop
      vertex 23.2695 -0.952024 0
      vertex 22.0215 -2.5784 0
      vertex 23.1515 -0.848528 0
    endloop
  endfacet
  facet normal 0 0 -1
    outer loop
      vertex 21.7019 -2.2981 0
      vertex 23.1515 -0.848528 0
      vertex 22.0215 -2.5784 0
    endloop
  endfacet
  facet normal -0 0 -1
    outer loop
      vertex 23.1515 -0.848528 0
      vertex 21.7019 -2.2981 0
      vertex 23.048 -0.730514 0
    endloop
  endfacet
  facet normal -0 0 -1
    outer loop
      vertex 23.048 -0.730514 0
      vertex 21.4216 -1.97847 0
      vertex 22.9608 -0.599999 0
    endloop
  endfacet
  facet normal 0 0 -1
    outer loop
      vertex 21.4216 -1.97847 0
      vertex 23.048 -0.730514 0
      vertex 21.7019 -2.2981 0
    endloop
  endfacet
  facet normal 0 0 -1
    outer loop
      vertex 24.952 0.730514 0
      vertex 26.5784 1.97847 0
      vertex 25.0392 0.599999 0
    endloop
  endfacet
  facet normal -0 0 -1
    outer loop
      vertex 26.5784 1.97847 0
      vertex 24.952 0.730514 0
      vertex 26.2981 2.2981 0
    endloop
  endfacet
  facet normal 0 0 -1
    outer loop
      vertex 24.8485 0.848528 0
      vertex 26.2981 2.2981 0
      vertex 24.952 0.730514 0
    endloop
  endfacet
  facet normal -0 0 -1
    outer loop
      vertex 26.2981 2.2981 0
      vertex 24.8485 0.848528 0
      vertex 25.9785 2.5784 0
    endloop
  endfacet
  facet normal 0 0 -1
    outer loop
      vertex 24.7305 0.952024 0
      vertex 25.9785 2.5784 0
      vertex 24.8485 0.848528 0
    endloop
  endfacet
  facet normal -0 0 -1
    outer loop
      vertex 25.9785 2.5784 0
      vertex 24.7305 0.952024 0
      vertex 25.625 2.81458 0
    endloop
  endfacet
  facet normal 0 0 -1
    outer loop
      vertex 24.6 1.03923 0
      vertex 25.625 2.81458 0
      vertex 24.7305 0.952024 0
    endloop
  endfacet
  facet normal -0 0 -1
    outer loop
      vertex 25.625 2.81458 0
      vertex 24.6 1.03923 0
      vertex 25.2437 3.00261 0
    endloop
  endfacet
  facet normal 0 0 -1
    outer loop
      vertex 24.4592 1.10865 0
      vertex 25.2437 3.00261 0
      vertex 24.6 1.03923 0
    endloop
  endfacet
  facet normal -0 0 -1
    outer loop
      vertex 25.2437 3.00261 0
      vertex 24.4592 1.10865 0
      vertex 24.8412 3.13926 0
    endloop
  endfacet
  facet normal 0 0 -1
    outer loop
      vertex 24.3106 1.15911 0
      vertex 24.8412 3.13926 0
      vertex 24.4592 1.10865 0
    endloop
  endfacet
  facet normal -0 0 -1
    outer loop
      vertex 24.8412 3.13926 0
      vertex 24.3106 1.15911 0
      vertex 24.4242 3.2222 0
    endloop
  endfacet
  facet normal 0 0 -1
    outer loop
      vertex 24.1566 1.18973 0
      vertex 24.4242 3.2222 0
      vertex 24.3106 1.15911 0
    endloop
  endfacet
  facet normal 0 0 -1
    outer loop
      vertex 24 1.2 0
      vertex 24.4242 3.2222 0
      vertex 24.1566 1.18973 0
    endloop
  endfacet
  facet normal 0 0 -1
    outer loop
      vertex 24 1.2 0
      vertex 24 3.25 0
      vertex 24.4242 3.2222 0
    endloop
  endfacet
  facet normal 0 0 -1
    outer loop
      vertex 23.8434 1.18973 0
      vertex 24 3.25 0
      vertex 24 1.2 0
    endloop
  endfacet
  facet normal 0 0 -1
    outer loop
      vertex 23.5758 3.2222 0
      vertex 23.8434 1.18973 0
      vertex 23.6894 1.15911 0
    endloop
  endfacet
  facet normal 0 0 -1
    outer loop
      vertex 23.8434 1.18973 0
      vertex 23.5758 3.2222 0
      vertex 24 3.25 0
    endloop
  endfacet
  facet normal 0 0 -1
    outer loop
      vertex 23.1588 3.13926 0
      vertex 23.6894 1.15911 0
      vertex 23.5408 1.10865 0
    endloop
  endfacet
  facet normal 0 0 -1
    outer loop
      vertex 22.7563 3.00261 0
      vertex 23.5408 1.10865 0
      vertex 23.4 1.03923 0
    endloop
  endfacet
  facet normal 0 0 -1
    outer loop
      vertex 22.375 2.81458 0
      vertex 23.4 1.03923 0
      vertex 23.2695 0.952024 0
    endloop
  endfacet
  facet normal 0 0 -1
    outer loop
      vertex 23.6894 1.15911 0
      vertex 23.1588 3.13926 0
      vertex 23.5758 3.2222 0
    endloop
  endfacet
  facet normal 0 0 -1
    outer loop
      vertex 22.0215 2.5784 0
      vertex 23.2695 0.952024 0
      vertex 23.1515 0.848528 0
    endloop
  endfacet
  facet normal 0 0 -1
    outer loop
      vertex 21.7019 2.2981 0
      vertex 23.1515 0.848528 0
      vertex 23.048 0.730514 0
    endloop
  endfacet
  facet normal 0 0 -1
    outer loop
      vertex 21.4216 1.97847 0
      vertex 23.048 0.730514 0
      vertex 22.9608 0.599999 0
    endloop
  endfacet
  facet normal 0 0 -1
    outer loop
      vertex 21.1854 1.625 0
      vertex 22.9608 0.599999 0
      vertex 22.8913 0.45922 0
    endloop
  endfacet
  facet normal 0 0 -1
    outer loop
      vertex 20.9974 1.24372 0
      vertex 22.8913 0.45922 0
      vertex 22.8409 0.310582 0
    endloop
  endfacet
  facet normal 0 0 -1
    outer loop
      vertex 20.8607 0.841162 0
      vertex 22.8409 0.310582 0
      vertex 22.8103 0.156631 0
    endloop
  endfacet
  facet normal 0 0 -1
    outer loop
      vertex 23.5408 1.10865 0
      vertex 22.7563 3.00261 0
      vertex 23.1588 3.13926 0
    endloop
  endfacet
  facet normal 0 0 -1
    outer loop
      vertex 20.7778 0.42421 0
      vertex 22.8103 0.156631 0
      vertex 22.8 0 0
    endloop
  endfacet
  facet normal 0 0 -1
    outer loop
      vertex 21.1854 -1.625 0
      vertex 22.9608 -0.599999 0
      vertex 21.4216 -1.97847 0
    endloop
  endfacet
  facet normal -0 0 -1
    outer loop
      vertex 22.9608 -0.599999 0
      vertex 21.1854 -1.625 0
      vertex 22.8913 -0.45922 0
    endloop
  endfacet
  facet normal 0 0 -1
    outer loop
      vertex 23.4 1.03923 0
      vertex 22.375 2.81458 0
      vertex 22.7563 3.00261 0
    endloop
  endfacet
  facet normal 0 0 -1
    outer loop
      vertex 20.9974 -1.24372 0
      vertex 22.8913 -0.45922 0
      vertex 21.1854 -1.625 0
    endloop
  endfacet
  facet normal 0 0 -1
    outer loop
      vertex 23.2695 0.952024 0
      vertex 22.0215 2.5784 0
      vertex 22.375 2.81458 0
    endloop
  endfacet
  facet normal -0 0 -1
    outer loop
      vertex 22.8913 -0.45922 0
      vertex 20.9974 -1.24372 0
      vertex 22.8409 -0.310582 0
    endloop
  endfacet
  facet normal 0 0 -1
    outer loop
      vertex 23.1515 0.848528 0
      vertex 21.7019 2.2981 0
      vertex 22.0215 2.5784 0
    endloop
  endfacet
  facet normal 0 0 -1
    outer loop
      vertex 20.8607 -0.841162 0
      vertex 22.8409 -0.310582 0
      vertex 20.9974 -1.24372 0
    endloop
  endfacet
  facet normal 0 0 -1
    outer loop
      vertex 23.048 0.730514 0
      vertex 21.4216 1.97847 0
      vertex 21.7019 2.2981 0
    endloop
  endfacet
  facet normal -0 0 -1
    outer loop
      vertex 22.8409 -0.310582 0
      vertex 20.8607 -0.841162 0
      vertex 22.8103 -0.156631 0
    endloop
  endfacet
  facet normal 0 0 -1
    outer loop
      vertex 22.9608 0.599999 0
      vertex 21.1854 1.625 0
      vertex 21.4216 1.97847 0
    endloop
  endfacet
  facet normal 0 0 -1
    outer loop
      vertex 20.7778 -0.42421 0
      vertex 22.8103 -0.156631 0
      vertex 20.8607 -0.841162 0
    endloop
  endfacet
  facet normal 0 0 -1
    outer loop
      vertex 22.8913 0.45922 0
      vertex 20.9974 1.24372 0
      vertex 21.1854 1.625 0
    endloop
  endfacet
  facet normal -0 0 -1
    outer loop
      vertex 22.8103 -0.156631 0
      vertex 20.7778 -0.42421 0
      vertex 22.8 0 0
    endloop
  endfacet
  facet normal 0 0 -1
    outer loop
      vertex 22.8409 0.310582 0
      vertex 20.8607 0.841162 0
      vertex 20.9974 1.24372 0
    endloop
  endfacet
  facet normal 0 0 -1
    outer loop
      vertex 20.75 0 0
      vertex 22.8 0 0
      vertex 20.7778 -0.42421 0
    endloop
  endfacet
  facet normal 0 0 -1
    outer loop
      vertex 22.8103 0.156631 0
      vertex 20.7778 0.42421 0
      vertex 20.8607 0.841162 0
    endloop
  endfacet
  facet normal 0 0 -1
    outer loop
      vertex 22.8 0 0
      vertex 20.75 0 0
      vertex 20.7778 0.42421 0
    endloop
  endfacet
  facet normal 0.896897 0.442239 0
    outer loop
      vertex 27.0026 1.24372 4
      vertex 26.8146 1.625 0
      vertex 26.8146 1.625 4
    endloop
  endfacet
  facet normal 0.896897 0.442239 0
    outer loop
      vertex 26.8146 1.625 0
      vertex 27.0026 1.24372 4
      vertex 27.0026 1.24372 0
    endloop
  endfacet
  facet normal 0.831449 0.555601 0
    outer loop
      vertex 26.8146 1.625 4
      vertex 26.5784 1.97847 0
      vertex 26.5784 1.97847 4
    endloop
  endfacet
  facet normal 0.831449 0.555601 0
    outer loop
      vertex 26.5784 1.97847 0
      vertex 26.8146 1.625 4
      vertex 26.8146 1.625 0
    endloop
  endfacet
  facet normal 0.442277 0.896879 -0
    outer loop
      vertex 25.625 2.81458 0
      vertex 25.2437 3.00261 4
      vertex 25.625 2.81458 4
    endloop
  endfacet
  facet normal 0.442277 0.896879 0
    outer loop
      vertex 25.2437 3.00261 4
      vertex 25.625 2.81458 0
      vertex 25.2437 3.00261 0
    endloop
  endfacet
  facet normal 0.555536 0.831493 -0
    outer loop
      vertex 25.9785 2.5784 0
      vertex 25.625 2.81458 4
      vertex 25.9785 2.5784 4
    endloop
  endfacet
  facet normal 0.555536 0.831493 0
    outer loop
      vertex 25.625 2.81458 4
      vertex 25.9785 2.5784 0
      vertex 25.625 2.81458 0
    endloop
  endfacet
  facet normal -0.896897 0.442239 0
    outer loop
      vertex 20.9974 1.24372 0
      vertex 21.1854 1.625 4
      vertex 21.1854 1.625 0
    endloop
  endfacet
  facet normal -0.896897 0.442239 0
    outer loop
      vertex 21.1854 1.625 4
      vertex 20.9974 1.24372 0
      vertex 20.9974 1.24372 4
    endloop
  endfacet
  facet normal -0.751849 0.659335 0
    outer loop
      vertex 21.4216 1.97847 0
      vertex 21.7019 2.2981 4
      vertex 21.7019 2.2981 0
    endloop
  endfacet
  facet normal -0.751849 0.659335 0
    outer loop
      vertex 21.7019 2.2981 4
      vertex 21.4216 1.97847 0
      vertex 21.4216 1.97847 4
    endloop
  endfacet
  facet normal 0 0 1
    outer loop
      vertex 25.2 0 4
      vertex 27.25 0 4
      vertex 27.2222 0.42421 4
    endloop
  endfacet
  facet normal 0 0 1
    outer loop
      vertex 25.1897 0.156631 4
      vertex 27.2222 0.42421 4
      vertex 27.1393 0.841162 4
    endloop
  endfacet
  facet normal 0 0 1
    outer loop
      vertex 27.25 0 4
      vertex 25.2 0 4
      vertex 27.2222 -0.42421 4
    endloop
  endfacet
  facet normal 0 0 1
    outer loop
      vertex 25.1591 0.310582 4
      vertex 27.1393 0.841162 4
      vertex 27.0026 1.24372 4
    endloop
  endfacet
  facet normal -0 0 1
    outer loop
      vertex 25.1897 -0.156631 4
      vertex 27.2222 -0.42421 4
      vertex 25.2 0 4
    endloop
  endfacet
  facet normal 0 0 1
    outer loop
      vertex 25.1087 0.45922 4
      vertex 27.0026 1.24372 4
      vertex 26.8146 1.625 4
    endloop
  endfacet
  facet normal 0 0 1
    outer loop
      vertex 27.2222 -0.42421 4
      vertex 25.1897 -0.156631 4
      vertex 27.1393 -0.841162 4
    endloop
  endfacet
  facet normal 0 0 1
    outer loop
      vertex 25.0392 0.599999 4
      vertex 26.8146 1.625 4
      vertex 26.5784 1.97847 4
    endloop
  endfacet
  facet normal -0 0 1
    outer loop
      vertex 25.1591 -0.310582 4
      vertex 27.1393 -0.841162 4
      vertex 25.1897 -0.156631 4
    endloop
  endfacet
  facet normal 0 0 1
    outer loop
      vertex 24.952 0.730514 4
      vertex 26.5784 1.97847 4
      vertex 26.2981 2.2981 4
    endloop
  endfacet
  facet normal 0 0 1
    outer loop
      vertex 27.1393 -0.841162 4
      vertex 25.1591 -0.310582 4
      vertex 27.0026 -1.24372 4
    endloop
  endfacet
  facet normal 0 0 1
    outer loop
      vertex 24.8485 0.848528 4
      vertex 26.2981 2.2981 4
      vertex 25.9785 2.5784 4
    endloop
  endfacet
  facet normal -0 0 1
    outer loop
      vertex 25.1087 -0.45922 4
      vertex 27.0026 -1.24372 4
      vertex 25.1591 -0.310582 4
    endloop
  endfacet
  facet normal 0 0 1
    outer loop
      vertex 24.7305 0.952024 4
      vertex 25.9785 2.5784 4
      vertex 25.625 2.81458 4
    endloop
  endfacet
  facet normal 0 0 1
    outer loop
      vertex 27.0026 -1.24372 4
      vertex 25.1087 -0.45922 4
      vertex 26.8146 -1.625 4
    endloop
  endfacet
  facet normal 0 0 1
    outer loop
      vertex 24.6 1.03923 4
      vertex 25.625 2.81458 4
      vertex 25.2437 3.00261 4
    endloop
  endfacet
  facet normal -0 0 1
    outer loop
      vertex 25.0392 -0.599999 4
      vertex 26.8146 -1.625 4
      vertex 25.1087 -0.45922 4
    endloop
  endfacet
  facet normal 0 0 1
    outer loop
      vertex 26.8146 -1.625 4
      vertex 25.0392 -0.599999 4
      vertex 26.5784 -1.97847 4
    endloop
  endfacet
  facet normal 0 0 1
    outer loop
      vertex 27.2222 0.42421 4
      vertex 25.1897 0.156631 4
      vertex 25.2 0 4
    endloop
  endfacet
  facet normal 0 0 1
    outer loop
      vertex 27.1393 0.841162 4
      vertex 25.1591 0.310582 4
      vertex 25.1897 0.156631 4
    endloop
  endfacet
  facet normal 0 0 1
    outer loop
      vertex 27.0026 1.24372 4
      vertex 25.1087 0.45922 4
      vertex 25.1591 0.310582 4
    endloop
  endfacet
  facet normal 0 0 1
    outer loop
      vertex 26.8146 1.625 4
      vertex 25.0392 0.599999 4
      vertex 25.1087 0.45922 4
    endloop
  endfacet
  facet normal 0 0 1
    outer loop
      vertex 26.5784 1.97847 4
      vertex 24.952 0.730514 4
      vertex 25.0392 0.599999 4
    endloop
  endfacet
  facet normal 0 0 1
    outer loop
      vertex 26.2981 2.2981 4
      vertex 24.8485 0.848528 4
      vertex 24.952 0.730514 4
    endloop
  endfacet
  facet normal 0 0 1
    outer loop
      vertex 24.4592 1.10865 4
      vertex 25.2437 3.00261 4
      vertex 24.8412 3.13926 4
    endloop
  endfacet
  facet normal 0 0 1
    outer loop
      vertex 25.9785 2.5784 4
      vertex 24.7305 0.952024 4
      vertex 24.8485 0.848528 4
    endloop
  endfacet
  facet normal 0 0 1
    outer loop
      vertex 25.625 2.81458 4
      vertex 24.6 1.03923 4
      vertex 24.7305 0.952024 4
    endloop
  endfacet
  facet normal 0 0 1
    outer loop
      vertex 25.2437 3.00261 4
      vertex 24.4592 1.10865 4
      vertex 24.6 1.03923 4
    endloop
  endfacet
  facet normal 0 0 1
    outer loop
      vertex 24.3106 1.15911 4
      vertex 24.8412 3.13926 4
      vertex 24.4242 3.2222 4
    endloop
  endfacet
  facet normal 0 0 1
    outer loop
      vertex 24.8412 3.13926 4
      vertex 24.3106 1.15911 4
      vertex 24.4592 1.10865 4
    endloop
  endfacet
  facet normal 0 0 1
    outer loop
      vertex 24.4242 3.2222 4
      vertex 24.1566 1.18973 4
      vertex 24.3106 1.15911 4
    endloop
  endfacet
  facet normal 0 0 1
    outer loop
      vertex 24 3.25 4
      vertex 24.1566 1.18973 4
      vertex 24.4242 3.2222 4
    endloop
  endfacet
  facet normal 0 0 1
    outer loop
      vertex 24 3.25 4
      vertex 24 1.2 4
      vertex 24.1566 1.18973 4
    endloop
  endfacet
  facet normal 0 0 1
    outer loop
      vertex 24 3.25 4
      vertex 23.8434 1.18973 4
      vertex 24 1.2 4
    endloop
  endfacet
  facet normal -0 0 1
    outer loop
      vertex 23.5758 3.2222 4
      vertex 23.8434 1.18973 4
      vertex 24 3.25 4
    endloop
  endfacet
  facet normal 0 0 1
    outer loop
      vertex 23.8434 1.18973 4
      vertex 23.5758 3.2222 4
      vertex 23.6894 1.15911 4
    endloop
  endfacet
  facet normal -0 0 1
    outer loop
      vertex 23.1588 3.13926 4
      vertex 23.6894 1.15911 4
      vertex 23.5758 3.2222 4
    endloop
  endfacet
  facet normal 0 0 1
    outer loop
      vertex 23.6894 1.15911 4
      vertex 23.1588 3.13926 4
      vertex 23.5408 1.10865 4
    endloop
  endfacet
  facet normal -0 0 1
    outer loop
      vertex 22.7563 3.00261 4
      vertex 23.5408 1.10865 4
      vertex 23.1588 3.13926 4
    endloop
  endfacet
  facet normal 0 0 1
    outer loop
      vertex 23.5408 1.10865 4
      vertex 22.7563 3.00261 4
      vertex 23.4 1.03923 4
    endloop
  endfacet
  facet normal -0 0 1
    outer loop
      vertex 22.375 2.81458 4
      vertex 23.4 1.03923 4
      vertex 22.7563 3.00261 4
    endloop
  endfacet
  facet normal 0 0 1
    outer loop
      vertex 23.4 1.03923 4
      vertex 22.375 2.81458 4
      vertex 23.2695 0.952024 4
    endloop
  endfacet
  facet normal -0 0 1
    outer loop
      vertex 22.0215 2.5784 4
      vertex 23.2695 0.952024 4
      vertex 22.375 2.81458 4
    endloop
  endfacet
  facet normal 0 0 1
    outer loop
      vertex 23.2695 0.952024 4
      vertex 22.0215 2.5784 4
      vertex 23.1515 0.848528 4
    endloop
  endfacet
  facet normal -0 0 1
    outer loop
      vertex 21.7019 2.2981 4
      vertex 23.1515 0.848528 4
      vertex 22.0215 2.5784 4
    endloop
  endfacet
  facet normal 0 0 1
    outer loop
      vertex 23.1515 0.848528 4
      vertex 21.7019 2.2981 4
      vertex 23.048 0.730514 4
    endloop
  endfacet
  facet normal 0 0 1
    outer loop
      vertex 23.048 0.730514 4
      vertex 21.4216 1.97847 4
      vertex 22.9608 0.599999 4
    endloop
  endfacet
  facet normal -0 0 1
    outer loop
      vertex 21.4216 1.97847 4
      vertex 23.048 0.730514 4
      vertex 21.7019 2.2981 4
    endloop
  endfacet
  facet normal -0 0 1
    outer loop
      vertex 24.952 -0.730514 4
      vertex 26.5784 -1.97847 4
      vertex 25.0392 -0.599999 4
    endloop
  endfacet
  facet normal 0 0 1
    outer loop
      vertex 26.5784 -1.97847 4
      vertex 24.952 -0.730514 4
      vertex 26.2981 -2.2981 4
    endloop
  endfacet
  facet normal -0 0 1
    outer loop
      vertex 24.8485 -0.848528 4
      vertex 26.2981 -2.2981 4
      vertex 24.952 -0.730514 4
    endloop
  endfacet
  facet normal 0 0 1
    outer loop
      vertex 26.2981 -2.2981 4
      vertex 24.8485 -0.848528 4
      vertex 25.9785 -2.5784 4
    endloop
  endfacet
  facet normal -0 0 1
    outer loop
      vertex 24.7305 -0.952024 4
      vertex 25.9785 -2.5784 4
      vertex 24.8485 -0.848528 4
    endloop
  endfacet
  facet normal 0 0 1
    outer loop
      vertex 25.9785 -2.5784 4
      vertex 24.7305 -0.952024 4
      vertex 25.625 -2.81458 4
    endloop
  endfacet
  facet normal -0 0 1
    outer loop
      vertex 24.6 -1.03923 4
      vertex 25.625 -2.81458 4
      vertex 24.7305 -0.952024 4
    endloop
  endfacet
  facet normal 0 0 1
    outer loop
      vertex 25.625 -2.81458 4
      vertex 24.6 -1.03923 4
      vertex 25.2437 -3.00261 4
    endloop
  endfacet
  facet normal -0 0 1
    outer loop
      vertex 24.4592 -1.10865 4
      vertex 25.2437 -3.00261 4
      vertex 24.6 -1.03923 4
    endloop
  endfacet
  facet normal 0 0 1
    outer loop
      vertex 25.2437 -3.00261 4
      vertex 24.4592 -1.10865 4
      vertex 24.8412 -3.13926 4
    endloop
  endfacet
  facet normal -0 0 1
    outer loop
      vertex 24.3106 -1.15911 4
      vertex 24.8412 -3.13926 4
      vertex 24.4592 -1.10865 4
    endloop
  endfacet
  facet normal 0 0 1
    outer loop
      vertex 24.8412 -3.13926 4
      vertex 24.3106 -1.15911 4
      vertex 24.4242 -3.2222 4
    endloop
  endfacet
  facet normal -0 0 1
    outer loop
      vertex 24.1566 -1.18973 4
      vertex 24.4242 -3.2222 4
      vertex 24.3106 -1.15911 4
    endloop
  endfacet
  facet normal -0 0 1
    outer loop
      vertex 24 -1.2 4
      vertex 24.4242 -3.2222 4
      vertex 24.1566 -1.18973 4
    endloop
  endfacet
  facet normal 0 0 1
    outer loop
      vertex 24 -1.2 4
      vertex 24 -3.25 4
      vertex 24.4242 -3.2222 4
    endloop
  endfacet
  facet normal 0 0 1
    outer loop
      vertex 23.8434 -1.18973 4
      vertex 24 -3.25 4
      vertex 24 -1.2 4
    endloop
  endfacet
  facet normal 0 0 1
    outer loop
      vertex 23.5758 -3.2222 4
      vertex 23.8434 -1.18973 4
      vertex 23.6894 -1.15911 4
    endloop
  endfacet
  facet normal 0 0 1
    outer loop
      vertex 23.8434 -1.18973 4
      vertex 23.5758 -3.2222 4
      vertex 24 -3.25 4
    endloop
  endfacet
  facet normal 0 0 1
    outer loop
      vertex 23.1588 -3.13926 4
      vertex 23.6894 -1.15911 4
      vertex 23.5408 -1.10865 4
    endloop
  endfacet
  facet normal 0 0 1
    outer loop
      vertex 22.7563 -3.00261 4
      vertex 23.5408 -1.10865 4
      vertex 23.4 -1.03923 4
    endloop
  endfacet
  facet normal 0 0 1
    outer loop
      vertex 22.375 -2.81458 4
      vertex 23.4 -1.03923 4
      vertex 23.2695 -0.952024 4
    endloop
  endfacet
  facet normal 0 0 1
    outer loop
      vertex 23.6894 -1.15911 4
      vertex 23.1588 -3.13926 4
      vertex 23.5758 -3.2222 4
    endloop
  endfacet
  facet normal 0 0 1
    outer loop
      vertex 22.0215 -2.5784 4
      vertex 23.2695 -0.952024 4
      vertex 23.1515 -0.848528 4
    endloop
  endfacet
  facet normal 0 0 1
    outer loop
      vertex 21.7019 -2.2981 4
      vertex 23.1515 -0.848528 4
      vertex 23.048 -0.730514 4
    endloop
  endfacet
  facet normal 0 0 1
    outer loop
      vertex 21.4216 -1.97847 4
      vertex 23.048 -0.730514 4
      vertex 22.9608 -0.599999 4
    endloop
  endfacet
  facet normal 0 0 1
    outer loop
      vertex 21.1854 -1.625 4
      vertex 22.9608 -0.599999 4
      vertex 22.8913 -0.45922 4
    endloop
  endfacet
  facet normal 0 0 1
    outer loop
      vertex 20.9974 -1.24372 4
      vertex 22.8913 -0.45922 4
      vertex 22.8409 -0.310582 4
    endloop
  endfacet
  facet normal 0 0 1
    outer loop
      vertex 20.8607 -0.841162 4
      vertex 22.8409 -0.310582 4
      vertex 22.8103 -0.156631 4
    endloop
  endfacet
  facet normal 0 0 1
    outer loop
      vertex 23.5408 -1.10865 4
      vertex 22.7563 -3.00261 4
      vertex 23.1588 -3.13926 4
    endloop
  endfacet
  facet normal 0 0 1
    outer loop
      vertex 20.7778 -0.42421 4
      vertex 22.8103 -0.156631 4
      vertex 22.8 0 4
    endloop
  endfacet
  facet normal -0 0 1
    outer loop
      vertex 21.1854 1.625 4
      vertex 22.9608 0.599999 4
      vertex 21.4216 1.97847 4
    endloop
  endfacet
  facet normal 0 0 1
    outer loop
      vertex 22.9608 0.599999 4
      vertex 21.1854 1.625 4
      vertex 22.8913 0.45922 4
    endloop
  endfacet
  facet normal 0 0 1
    outer loop
      vertex 23.4 -1.03923 4
      vertex 22.375 -2.81458 4
      vertex 22.7563 -3.00261 4
    endloop
  endfacet
  facet normal -0 0 1
    outer loop
      vertex 20.9974 1.24372 4
      vertex 22.8913 0.45922 4
      vertex 21.1854 1.625 4
    endloop
  endfacet
  facet normal 0 0 1
    outer loop
      vertex 23.2695 -0.952024 4
      vertex 22.0215 -2.5784 4
      vertex 22.375 -2.81458 4
    endloop
  endfacet
  facet normal 0 0 1
    outer loop
      vertex 22.8913 0.45922 4
      vertex 20.9974 1.24372 4
      vertex 22.8409 0.310582 4
    endloop
  endfacet
  facet normal 0 0 1
    outer loop
      vertex 23.1515 -0.848528 4
      vertex 21.7019 -2.2981 4
      vertex 22.0215 -2.5784 4
    endloop
  endfacet
  facet normal -0 0 1
    outer loop
      vertex 20.8607 0.841162 4
      vertex 22.8409 0.310582 4
      vertex 20.9974 1.24372 4
    endloop
  endfacet
  facet normal 0 0 1
    outer loop
      vertex 23.048 -0.730514 4
      vertex 21.4216 -1.97847 4
      vertex 21.7019 -2.2981 4
    endloop
  endfacet
  facet normal 0 0 1
    outer loop
      vertex 22.8409 0.310582 4
      vertex 20.8607 0.841162 4
      vertex 22.8103 0.156631 4
    endloop
  endfacet
  facet normal 0 0 1
    outer loop
      vertex 22.9608 -0.599999 4
      vertex 21.1854 -1.625 4
      vertex 21.4216 -1.97847 4
    endloop
  endfacet
  facet normal -0 0 1
    outer loop
      vertex 20.7778 0.42421 4
      vertex 22.8103 0.156631 4
      vertex 20.8607 0.841162 4
    endloop
  endfacet
  facet normal 0 0 1
    outer loop
      vertex 22.8913 -0.45922 4
      vertex 20.9974 -1.24372 4
      vertex 21.1854 -1.625 4
    endloop
  endfacet
  facet normal 0 0 1
    outer loop
      vertex 22.8103 0.156631 4
      vertex 20.7778 0.42421 4
      vertex 22.8 0 4
    endloop
  endfacet
  facet normal 0 0 1
    outer loop
      vertex 22.8409 -0.310582 4
      vertex 20.8607 -0.841162 4
      vertex 20.9974 -1.24372 4
    endloop
  endfacet
  facet normal 0 0 1
    outer loop
      vertex 20.75 0 4
      vertex 22.8 0 4
      vertex 20.7778 0.42421 4
    endloop
  endfacet
  facet normal 0 0 1
    outer loop
      vertex 22.8103 -0.156631 4
      vertex 20.7778 -0.42421 4
      vertex 20.8607 -0.841162 4
    endloop
  endfacet
  facet normal 0 0 1
    outer loop
      vertex 22.8 0 4
      vertex 20.75 0 4
      vertex 20.7778 -0.42421 4
    endloop
  endfacet
  facet normal -0.0653948 0.997859 0
    outer loop
      vertex 24 3.25 0
      vertex 23.5758 3.2222 4
      vertex 24 3.25 4
    endloop
  endfacet
  facet normal -0.0653948 0.997859 0
    outer loop
      vertex 23.5758 3.2222 4
      vertex 24 3.25 0
      vertex 23.5758 3.2222 0
    endloop
  endfacet
  facet normal 0.946894 -0.321545 0
    outer loop
      vertex 27.0026 -1.24372 4
      vertex 27.1393 -0.841162 0
      vertex 27.1393 -0.841162 4
    endloop
  endfacet
  facet normal 0.946894 -0.321545 0
    outer loop
      vertex 27.1393 -0.841162 0
      vertex 27.0026 -1.24372 4
      vertex 27.0026 -1.24372 0
    endloop
  endfacet
  facet normal 0.0653948 -0.997859 0
    outer loop
      vertex 24 -3.25 0
      vertex 24.4242 -3.2222 4
      vertex 24 -3.25 4
    endloop
  endfacet
  facet normal 0.0653948 -0.997859 0
    outer loop
      vertex 24.4242 -3.2222 4
      vertex 24 -3.25 0
      vertex 24.4242 -3.2222 0
    endloop
  endfacet
  facet normal -0.65937 -0.751818 0
    outer loop
      vertex 21.7019 -2.2981 0
      vertex 22.0215 -2.5784 4
      vertex 21.7019 -2.2981 4
    endloop
  endfacet
  facet normal -0.65937 -0.751818 -0
    outer loop
      vertex 22.0215 -2.5784 4
      vertex 21.7019 -2.2981 0
      vertex 22.0215 -2.5784 0
    endloop
  endfacet
  facet normal -0.99786 -0.0653933 0
    outer loop
      vertex 20.7778 -0.42421 0
      vertex 20.75 0 4
      vertex 20.75 0 0
    endloop
  endfacet
  facet normal -0.99786 -0.0653933 0
    outer loop
      vertex 20.75 0 4
      vertex 20.7778 -0.42421 0
      vertex 20.7778 -0.42421 4
    endloop
  endfacet
  facet normal 0.946894 0.321545 0
    outer loop
      vertex 27.1393 0.841162 4
      vertex 27.0026 1.24372 0
      vertex 27.0026 1.24372 4
    endloop
  endfacet
  facet normal 0.946894 0.321545 0
    outer loop
      vertex 27.0026 1.24372 0
      vertex 27.1393 0.841162 4
      vertex 27.1393 0.841162 0
    endloop
  endfacet
  facet normal 0.980802 0.195007 0
    outer loop
      vertex 27.2222 0.42421 4
      vertex 27.1393 0.841162 0
      vertex 27.1393 0.841162 4
    endloop
  endfacet
  facet normal 0.980802 0.195007 0
    outer loop
      vertex 27.1393 0.841162 0
      vertex 27.2222 0.42421 4
      vertex 27.2222 0.42421 0
    endloop
  endfacet
  facet normal 0.751849 0.659335 0
    outer loop
      vertex 26.5784 1.97847 4
      vertex 26.2981 2.2981 0
      vertex 26.2981 2.2981 4
    endloop
  endfacet
  facet normal 0.751849 0.659335 0
    outer loop
      vertex 26.2981 2.2981 0
      vertex 26.5784 1.97847 4
      vertex 26.5784 1.97847 0
    endloop
  endfacet
  facet normal 0.321481 0.946916 -0
    outer loop
      vertex 25.2437 3.00261 0
      vertex 24.8412 3.13926 4
      vertex 25.2437 3.00261 4
    endloop
  endfacet
  facet normal 0.321481 0.946916 0
    outer loop
      vertex 24.8412 3.13926 4
      vertex 25.2437 3.00261 0
      vertex 24.8412 3.13926 0
    endloop
  endfacet
  facet normal 0.195076 0.980788 -0
    outer loop
      vertex 24.8412 3.13926 0
      vertex 24.4242 3.2222 4
      vertex 24.8412 3.13926 4
    endloop
  endfacet
  facet normal 0.195076 0.980788 0
    outer loop
      vertex 24.4242 3.2222 4
      vertex 24.8412 3.13926 0
      vertex 24.4242 3.2222 0
    endloop
  endfacet
  facet normal -0.831449 0.555601 0
    outer loop
      vertex 21.1854 1.625 0
      vertex 21.4216 1.97847 4
      vertex 21.4216 1.97847 0
    endloop
  endfacet
  facet normal -0.831449 0.555601 0
    outer loop
      vertex 21.4216 1.97847 4
      vertex 21.1854 1.625 0
      vertex 21.1854 1.625 4
    endloop
  endfacet
  facet normal -0.946894 0.321545 0
    outer loop
      vertex 20.8607 0.841162 0
      vertex 20.9974 1.24372 4
      vertex 20.9974 1.24372 0
    endloop
  endfacet
  facet normal -0.946894 0.321545 0
    outer loop
      vertex 20.9974 1.24372 4
      vertex 20.8607 0.841162 0
      vertex 20.8607 0.841162 4
    endloop
  endfacet
  facet normal -0.980802 0.195007 0
    outer loop
      vertex 20.7778 0.42421 0
      vertex 20.8607 0.841162 4
      vertex 20.8607 0.841162 0
    endloop
  endfacet
  facet normal -0.980802 0.195007 0
    outer loop
      vertex 20.8607 0.841162 4
      vertex 20.7778 0.42421 0
      vertex 20.7778 0.42421 4
    endloop
  endfacet
  facet normal -0.442277 0.896879 0
    outer loop
      vertex 22.7563 3.00261 0
      vertex 22.375 2.81458 4
      vertex 22.7563 3.00261 4
    endloop
  endfacet
  facet normal -0.442277 0.896879 0
    outer loop
      vertex 22.375 2.81458 4
      vertex 22.7563 3.00261 0
      vertex 22.375 2.81458 0
    endloop
  endfacet
  facet normal -0.555536 0.831493 0
    outer loop
      vertex 22.375 2.81458 0
      vertex 22.0215 2.5784 4
      vertex 22.375 2.81458 4
    endloop
  endfacet
  facet normal -0.555536 0.831493 0
    outer loop
      vertex 22.0215 2.5784 4
      vertex 22.375 2.81458 0
      vertex 22.0215 2.5784 0
    endloop
  endfacet
  facet normal -0.195076 0.980788 0
    outer loop
      vertex 23.5758 3.2222 0
      vertex 23.1588 3.13926 4
      vertex 23.5758 3.2222 4
    endloop
  endfacet
  facet normal -0.195076 0.980788 0
    outer loop
      vertex 23.1588 3.13926 4
      vertex 23.5758 3.2222 0
      vertex 23.1588 3.13926 0
    endloop
  endfacet
  facet normal 0.195076 -0.980788 0
    outer loop
      vertex 24.4242 -3.2222 0
      vertex 24.8412 -3.13926 4
      vertex 24.4242 -3.2222 4
    endloop
  endfacet
  facet normal 0.195076 -0.980788 0
    outer loop
      vertex 24.8412 -3.13926 4
      vertex 24.4242 -3.2222 0
      vertex 24.8412 -3.13926 0
    endloop
  endfacet
  facet normal 0.65937 -0.751818 0
    outer loop
      vertex 25.9785 -2.5784 0
      vertex 26.2981 -2.2981 4
      vertex 25.9785 -2.5784 4
    endloop
  endfacet
  facet normal 0.65937 -0.751818 0
    outer loop
      vertex 26.2981 -2.2981 4
      vertex 25.9785 -2.5784 0
      vertex 26.2981 -2.2981 0
    endloop
  endfacet
  facet normal 0.442277 -0.896879 0
    outer loop
      vertex 25.2437 -3.00261 0
      vertex 25.625 -2.81458 4
      vertex 25.2437 -3.00261 4
    endloop
  endfacet
  facet normal 0.442277 -0.896879 0
    outer loop
      vertex 25.625 -2.81458 4
      vertex 25.2437 -3.00261 0
      vertex 25.625 -2.81458 0
    endloop
  endfacet
  facet normal 0.831449 -0.555601 0
    outer loop
      vertex 26.5784 -1.97847 4
      vertex 26.8146 -1.625 0
      vertex 26.8146 -1.625 4
    endloop
  endfacet
  facet normal 0.831449 -0.555601 0
    outer loop
      vertex 26.8146 -1.625 0
      vertex 26.5784 -1.97847 4
      vertex 26.5784 -1.97847 0
    endloop
  endfacet
  facet normal -0.555536 -0.831493 0
    outer loop
      vertex 22.0215 -2.5784 0
      vertex 22.375 -2.81458 4
      vertex 22.0215 -2.5784 4
    endloop
  endfacet
  facet normal -0.555536 -0.831493 -0
    outer loop
      vertex 22.375 -2.81458 4
      vertex 22.0215 -2.5784 0
      vertex 22.375 -2.81458 0
    endloop
  endfacet
  facet normal -0.321481 -0.946916 0
    outer loop
      vertex 22.7563 -3.00261 0
      vertex 23.1588 -3.13926 4
      vertex 22.7563 -3.00261 4
    endloop
  endfacet
  facet normal -0.321481 -0.946916 -0
    outer loop
      vertex 23.1588 -3.13926 4
      vertex 22.7563 -3.00261 0
      vertex 23.1588 -3.13926 0
    endloop
  endfacet
  facet normal -0.0653948 -0.997859 0
    outer loop
      vertex 23.5758 -3.2222 0
      vertex 24 -3.25 4
      vertex 23.5758 -3.2222 4
    endloop
  endfacet
  facet normal -0.0653948 -0.997859 -0
    outer loop
      vertex 24 -3.25 4
      vertex 23.5758 -3.2222 0
      vertex 24 -3.25 0
    endloop
  endfacet
  facet normal -0.896897 -0.442239 0
    outer loop
      vertex 21.1854 -1.625 0
      vertex 20.9974 -1.24372 4
      vertex 20.9974 -1.24372 0
    endloop
  endfacet
  facet normal -0.896897 -0.442239 0
    outer loop
      vertex 20.9974 -1.24372 4
      vertex 21.1854 -1.625 0
      vertex 21.1854 -1.625 4
    endloop
  endfacet
  facet normal -0.751849 -0.659335 0
    outer loop
      vertex 21.7019 -2.2981 0
      vertex 21.4216 -1.97847 4
      vertex 21.4216 -1.97847 0
    endloop
  endfacet
  facet normal -0.751849 -0.659335 0
    outer loop
      vertex 21.4216 -1.97847 4
      vertex 21.7019 -2.2981 0
      vertex 21.7019 -2.2981 4
    endloop
  endfacet
  facet normal -0.980802 -0.195007 0
    outer loop
      vertex 20.8607 -0.841162 0
      vertex 20.7778 -0.42421 4
      vertex 20.7778 -0.42421 0
    endloop
  endfacet
  facet normal -0.980802 -0.195007 0
    outer loop
      vertex 20.7778 -0.42421 4
      vertex 20.8607 -0.841162 0
      vertex 20.8607 -0.841162 4
    endloop
  endfacet
  facet normal 0.321481 -0.946916 0
    outer loop
      vertex 24.8412 -3.13926 0
      vertex 25.2437 -3.00261 4
      vertex 24.8412 -3.13926 4
    endloop
  endfacet
  facet normal 0.321481 -0.946916 0
    outer loop
      vertex 25.2437 -3.00261 4
      vertex 24.8412 -3.13926 0
      vertex 25.2437 -3.00261 0
    endloop
  endfacet
  facet normal 0.751849 -0.659335 0
    outer loop
      vertex 26.2981 -2.2981 4
      vertex 26.5784 -1.97847 0
      vertex 26.5784 -1.97847 4
    endloop
  endfacet
  facet normal 0.751849 -0.659335 0
    outer loop
      vertex 26.5784 -1.97847 0
      vertex 26.2981 -2.2981 4
      vertex 26.2981 -2.2981 0
    endloop
  endfacet
  facet normal 0.555536 -0.831493 0
    outer loop
      vertex 25.625 -2.81458 0
      vertex 25.9785 -2.5784 4
      vertex 25.625 -2.81458 4
    endloop
  endfacet
  facet normal 0.555536 -0.831493 0
    outer loop
      vertex 25.9785 -2.5784 4
      vertex 25.625 -2.81458 0
      vertex 25.9785 -2.5784 0
    endloop
  endfacet
  facet normal 0.980802 -0.195007 0
    outer loop
      vertex 27.1393 -0.841162 4
      vertex 27.2222 -0.42421 0
      vertex 27.2222 -0.42421 4
    endloop
  endfacet
  facet normal 0.980802 -0.195007 0
    outer loop
      vertex 27.2222 -0.42421 0
      vertex 27.1393 -0.841162 4
      vertex 27.1393 -0.841162 0
    endloop
  endfacet
  facet normal 0.896897 -0.442239 0
    outer loop
      vertex 26.8146 -1.625 4
      vertex 27.0026 -1.24372 0
      vertex 27.0026 -1.24372 4
    endloop
  endfacet
  facet normal 0.896897 -0.442239 0
    outer loop
      vertex 27.0026 -1.24372 0
      vertex 26.8146 -1.625 4
      vertex 26.8146 -1.625 0
    endloop
  endfacet
  facet normal -0.442277 -0.896879 0
    outer loop
      vertex 22.375 -2.81458 0
      vertex 22.7563 -3.00261 4
      vertex 22.375 -2.81458 4
    endloop
  endfacet
  facet normal -0.442277 -0.896879 -0
    outer loop
      vertex 22.7563 -3.00261 4
      vertex 22.375 -2.81458 0
      vertex 22.7563 -3.00261 0
    endloop
  endfacet
  facet normal -0.195076 -0.980788 0
    outer loop
      vertex 23.1588 -3.13926 0
      vertex 23.5758 -3.2222 4
      vertex 23.1588 -3.13926 4
    endloop
  endfacet
  facet normal -0.195076 -0.980788 -0
    outer loop
      vertex 23.5758 -3.2222 4
      vertex 23.1588 -3.13926 0
      vertex 23.5758 -3.2222 0
    endloop
  endfacet
  facet normal -0.831449 -0.555601 0
    outer loop
      vertex 21.4216 -1.97847 0
      vertex 21.1854 -1.625 4
      vertex 21.1854 -1.625 0
    endloop
  endfacet
  facet normal -0.831449 -0.555601 0
    outer loop
      vertex 21.1854 -1.625 4
      vertex 21.4216 -1.97847 0
      vertex 21.4216 -1.97847 4
    endloop
  endfacet
  facet normal -0.946894 -0.321545 0
    outer loop
      vertex 20.9974 -1.24372 0
      vertex 20.8607 -0.841162 4
      vertex 20.8607 -0.841162 0
    endloop
  endfacet
  facet normal -0.946894 -0.321545 0
    outer loop
      vertex 20.8607 -0.841162 4
      vertex 20.9974 -1.24372 0
      vertex 20.9974 -1.24372 4
    endloop
  endfacet
  facet normal 0.99786 -0.0653933 0
    outer loop
      vertex 27.2222 -0.42421 4
      vertex 27.25 0 0
      vertex 27.25 0 4
    endloop
  endfacet
  facet normal 0.99786 -0.0653933 0
    outer loop
      vertex 27.25 0 0
      vertex 27.2222 -0.42421 4
      vertex 27.2222 -0.42421 0
    endloop
  endfacet
  facet normal -0.997845 -0.0656179 0
    outer loop
      vertex 25.2 0 0
      vertex 25.1897 0.156631 4
      vertex 25.1897 0.156631 0
    endloop
  endfacet
  facet normal -0.997845 -0.0656179 0
    outer loop
      vertex 25.1897 0.156631 4
      vertex 25.2 0 0
      vertex 25.2 0 4
    endloop
  endfacet
  facet normal 0.997845 -0.0656179 0
    outer loop
      vertex 22.8 0 4
      vertex 22.8103 0.156631 0
      vertex 22.8103 0.156631 4
    endloop
  endfacet
  facet normal 0.997845 -0.0656179 0
    outer loop
      vertex 22.8103 0.156631 0
      vertex 22.8 0 4
      vertex 22.8 0 0
    endloop
  endfacet
  facet normal -0.0654405 -0.997856 0
    outer loop
      vertex 24 1.2 0
      vertex 24.1566 1.18973 4
      vertex 24 1.2 4
    endloop
  endfacet
  facet normal -0.0654405 -0.997856 -0
    outer loop
      vertex 24.1566 1.18973 4
      vertex 24 1.2 0
      vertex 24.1566 1.18973 0
    endloop
  endfacet
  facet normal 0.751826 0.659362 0
    outer loop
      vertex 23.1515 -0.848528 4
      vertex 23.048 -0.730514 0
      vertex 23.048 -0.730514 4
    endloop
  endfacet
  facet normal 0.751826 0.659362 0
    outer loop
      vertex 23.048 -0.730514 0
      vertex 23.1515 -0.848528 4
      vertex 23.1515 -0.848528 0
    endloop
  endfacet
  facet normal -0.751826 -0.659362 0
    outer loop
      vertex 24.952 0.730514 0
      vertex 24.8485 0.848528 4
      vertex 24.8485 0.848528 0
    endloop
  endfacet
  facet normal -0.751826 -0.659362 0
    outer loop
      vertex 24.8485 0.848528 4
      vertex 24.952 0.730514 0
      vertex 24.952 0.730514 4
    endloop
  endfacet
  facet normal 0.659392 -0.751799 0
    outer loop
      vertex 23.1515 0.848528 0
      vertex 23.2695 0.952024 4
      vertex 23.1515 0.848528 4
    endloop
  endfacet
  facet normal 0.659392 -0.751799 0
    outer loop
      vertex 23.2695 0.952024 4
      vertex 23.1515 0.848528 0
      vertex 23.2695 0.952024 0
    endloop
  endfacet
  facet normal 0.321537 -0.946897 0
    outer loop
      vertex 23.5408 1.10865 0
      vertex 23.6894 1.15911 4
      vertex 23.5408 1.10865 4
    endloop
  endfacet
  facet normal 0.321537 -0.946897 0
    outer loop
      vertex 23.6894 1.15911 4
      vertex 23.5408 1.10865 0
      vertex 23.6894 1.15911 0
    endloop
  endfacet
  facet normal 0.947038 0.321121 0
    outer loop
      vertex 22.8913 -0.45922 4
      vertex 22.8409 -0.310582 0
      vertex 22.8409 -0.310582 4
    endloop
  endfacet
  facet normal 0.947038 0.321121 0
    outer loop
      vertex 22.8409 -0.310582 0
      vertex 22.8913 -0.45922 4
      vertex 22.8913 -0.45922 0
    endloop
  endfacet
  facet normal -0.896682 -0.442675 0
    outer loop
      vertex 25.1087 0.45922 0
      vertex 25.0392 0.599999 4
      vertex 25.0392 0.599999 0
    endloop
  endfacet
  facet normal -0.896682 -0.442675 0
    outer loop
      vertex 25.0392 0.599999 4
      vertex 25.1087 0.45922 0
      vertex 25.1087 0.45922 4
    endloop
  endfacet
  facet normal -0.831491 -0.555538 0
    outer loop
      vertex 25.0392 0.599999 0
      vertex 24.952 0.730514 4
      vertex 24.952 0.730514 0
    endloop
  endfacet
  facet normal -0.831491 -0.555538 0
    outer loop
      vertex 24.952 0.730514 4
      vertex 25.0392 0.599999 0
      vertex 25.0392 0.599999 4
    endloop
  endfacet
  facet normal -0.442212 -0.89691 0
    outer loop
      vertex 24.4592 1.10865 0
      vertex 24.6 1.03923 4
      vertex 24.4592 1.10865 4
    endloop
  endfacet
  facet normal -0.442212 -0.89691 -0
    outer loop
      vertex 24.6 1.03923 4
      vertex 24.4592 1.10865 0
      vertex 24.6 1.03923 0
    endloop
  endfacet
  facet normal -0.555608 -0.831444 0
    outer loop
      vertex 24.6 1.03923 0
      vertex 24.7305 0.952024 4
      vertex 24.6 1.03923 4
    endloop
  endfacet
  facet normal -0.555608 -0.831444 -0
    outer loop
      vertex 24.7305 0.952024 4
      vertex 24.6 1.03923 0
      vertex 24.7305 0.952024 0
    endloop
  endfacet
  facet normal 0.896682 -0.442675 0
    outer loop
      vertex 22.8913 0.45922 4
      vertex 22.9608 0.599999 0
      vertex 22.9608 0.599999 4
    endloop
  endfacet
  facet normal 0.896682 -0.442675 0
    outer loop
      vertex 22.9608 0.599999 0
      vertex 22.8913 0.45922 4
      vertex 22.8913 0.45922 0
    endloop
  endfacet
  facet normal 0.442212 -0.89691 0
    outer loop
      vertex 23.4 1.03923 0
      vertex 23.5408 1.10865 4
      vertex 23.4 1.03923 4
    endloop
  endfacet
  facet normal 0.442212 -0.89691 0
    outer loop
      vertex 23.5408 1.10865 4
      vertex 23.4 1.03923 0
      vertex 23.5408 1.10865 0
    endloop
  endfacet
  facet normal 0.0654405 -0.997856 0
    outer loop
      vertex 23.8434 1.18973 0
      vertex 24 1.2 4
      vertex 23.8434 1.18973 4
    endloop
  endfacet
  facet normal 0.0654405 -0.997856 0
    outer loop
      vertex 24 1.2 4
      vertex 23.8434 1.18973 0
      vertex 24 1.2 0
    endloop
  endfacet
  facet normal -0.321537 0.946897 0
    outer loop
      vertex 24.4592 -1.10865 0
      vertex 24.3106 -1.15911 4
      vertex 24.4592 -1.10865 4
    endloop
  endfacet
  facet normal -0.321537 0.946897 0
    outer loop
      vertex 24.3106 -1.15911 4
      vertex 24.4592 -1.10865 0
      vertex 24.3106 -1.15911 0
    endloop
  endfacet
  facet normal -0.0654405 0.997856 0
    outer loop
      vertex 24.1566 -1.18973 0
      vertex 24 -1.2 4
      vertex 24.1566 -1.18973 4
    endloop
  endfacet
  facet normal -0.0654405 0.997856 0
    outer loop
      vertex 24 -1.2 4
      vertex 24.1566 -1.18973 0
      vertex 24 -1.2 0
    endloop
  endfacet
  facet normal -0.442212 0.89691 0
    outer loop
      vertex 24.6 -1.03923 0
      vertex 24.4592 -1.10865 4
      vertex 24.6 -1.03923 4
    endloop
  endfacet
  facet normal -0.442212 0.89691 0
    outer loop
      vertex 24.4592 -1.10865 4
      vertex 24.6 -1.03923 0
      vertex 24.4592 -1.10865 0
    endloop
  endfacet
  facet normal 0.896682 0.442675 0
    outer loop
      vertex 22.9608 -0.599999 4
      vertex 22.8913 -0.45922 0
      vertex 22.8913 -0.45922 4
    endloop
  endfacet
  facet normal 0.896682 0.442675 0
    outer loop
      vertex 22.8913 -0.45922 0
      vertex 22.9608 -0.599999 4
      vertex 22.9608 -0.599999 0
    endloop
  endfacet
  facet normal 0.997845 0.0656179 0
    outer loop
      vertex 22.8103 -0.156631 4
      vertex 22.8 0 0
      vertex 22.8 0 4
    endloop
  endfacet
  facet normal 0.997845 0.0656179 0
    outer loop
      vertex 22.8 0 0
      vertex 22.8103 -0.156631 4
      vertex 22.8103 -0.156631 0
    endloop
  endfacet
  facet normal -0.947038 -0.321121 0
    outer loop
      vertex 25.1591 0.310582 0
      vertex 25.1087 0.45922 4
      vertex 25.1087 0.45922 0
    endloop
  endfacet
  facet normal -0.947038 -0.321121 0
    outer loop
      vertex 25.1087 0.45922 4
      vertex 25.1591 0.310582 0
      vertex 25.1591 0.310582 4
    endloop
  endfacet
  facet normal -0.980813 -0.194951 0
    outer loop
      vertex 25.1897 0.156631 0
      vertex 25.1591 0.310582 4
      vertex 25.1591 0.310582 0
    endloop
  endfacet
  facet normal -0.980813 -0.194951 0
    outer loop
      vertex 25.1591 0.310582 4
      vertex 25.1897 0.156631 0
      vertex 25.1897 0.156631 4
    endloop
  endfacet
  facet normal -0.321537 -0.946897 0
    outer loop
      vertex 24.3106 1.15911 0
      vertex 24.4592 1.10865 4
      vertex 24.3106 1.15911 4
    endloop
  endfacet
  facet normal -0.321537 -0.946897 -0
    outer loop
      vertex 24.4592 1.10865 4
      vertex 24.3106 1.15911 0
      vertex 24.4592 1.10865 0
    endloop
  endfacet
  facet normal -0.195014 -0.980801 0
    outer loop
      vertex 24.1566 1.18973 0
      vertex 24.3106 1.15911 4
      vertex 24.1566 1.18973 4
    endloop
  endfacet
  facet normal -0.195014 -0.980801 -0
    outer loop
      vertex 24.3106 1.15911 4
      vertex 24.1566 1.18973 0
      vertex 24.3106 1.15911 0
    endloop
  endfacet
  facet normal -0.659392 -0.751799 0
    outer loop
      vertex 24.7305 0.952024 0
      vertex 24.8485 0.848528 4
      vertex 24.7305 0.952024 4
    endloop
  endfacet
  facet normal -0.659392 -0.751799 -0
    outer loop
      vertex 24.8485 0.848528 4
      vertex 24.7305 0.952024 0
      vertex 24.8485 0.848528 0
    endloop
  endfacet
  facet normal 0.831491 -0.555538 0
    outer loop
      vertex 22.9608 0.599999 4
      vertex 23.048 0.730514 0
      vertex 23.048 0.730514 4
    endloop
  endfacet
  facet normal 0.831491 -0.555538 0
    outer loop
      vertex 23.048 0.730514 0
      vertex 22.9608 0.599999 4
      vertex 22.9608 0.599999 0
    endloop
  endfacet
  facet normal 0.751826 -0.659362 0
    outer loop
      vertex 23.048 0.730514 4
      vertex 23.1515 0.848528 0
      vertex 23.1515 0.848528 4
    endloop
  endfacet
  facet normal 0.751826 -0.659362 0
    outer loop
      vertex 23.1515 0.848528 0
      vertex 23.048 0.730514 4
      vertex 23.048 0.730514 0
    endloop
  endfacet
  facet normal 0.947038 -0.321121 0
    outer loop
      vertex 22.8409 0.310582 4
      vertex 22.8913 0.45922 0
      vertex 22.8913 0.45922 4
    endloop
  endfacet
  facet normal 0.947038 -0.321121 0
    outer loop
      vertex 22.8913 0.45922 0
      vertex 22.8409 0.310582 4
      vertex 22.8409 0.310582 0
    endloop
  endfacet
  facet normal 0.980813 -0.194951 0
    outer loop
      vertex 22.8103 0.156631 4
      vertex 22.8409 0.310582 0
      vertex 22.8409 0.310582 4
    endloop
  endfacet
  facet normal 0.980813 -0.194951 0
    outer loop
      vertex 22.8409 0.310582 0
      vertex 22.8103 0.156631 4
      vertex 22.8103 0.156631 0
    endloop
  endfacet
  facet normal 0.555608 -0.831444 0
    outer loop
      vertex 23.2695 0.952024 0
      vertex 23.4 1.03923 4
      vertex 23.2695 0.952024 4
    endloop
  endfacet
  facet normal 0.555608 -0.831444 0
    outer loop
      vertex 23.4 1.03923 4
      vertex 23.2695 0.952024 0
      vertex 23.4 1.03923 0
    endloop
  endfacet
  facet normal 0.195014 -0.980801 0
    outer loop
      vertex 23.6894 1.15911 0
      vertex 23.8434 1.18973 4
      vertex 23.6894 1.15911 4
    endloop
  endfacet
  facet normal 0.195014 -0.980801 0
    outer loop
      vertex 23.8434 1.18973 4
      vertex 23.6894 1.15911 0
      vertex 23.8434 1.18973 0
    endloop
  endfacet
  facet normal -0.997845 0.0656179 0
    outer loop
      vertex 25.1897 -0.156631 0
      vertex 25.2 0 4
      vertex 25.2 0 0
    endloop
  endfacet
  facet normal -0.997845 0.0656179 0
    outer loop
      vertex 25.2 0 4
      vertex 25.1897 -0.156631 0
      vertex 25.1897 -0.156631 4
    endloop
  endfacet
  facet normal -0.195014 0.980801 0
    outer loop
      vertex 24.3106 -1.15911 0
      vertex 24.1566 -1.18973 4
      vertex 24.3106 -1.15911 4
    endloop
  endfacet
  facet normal -0.195014 0.980801 0
    outer loop
      vertex 24.1566 -1.18973 4
      vertex 24.3106 -1.15911 0
      vertex 24.1566 -1.18973 0
    endloop
  endfacet
  facet normal -0.555608 0.831444 0
    outer loop
      vertex 24.7305 -0.952024 0
      vertex 24.6 -1.03923 4
      vertex 24.7305 -0.952024 4
    endloop
  endfacet
  facet normal -0.555608 0.831444 0
    outer loop
      vertex 24.6 -1.03923 4
      vertex 24.7305 -0.952024 0
      vertex 24.6 -1.03923 0
    endloop
  endfacet
  facet normal -0.751826 0.659362 0
    outer loop
      vertex 24.8485 -0.848528 0
      vertex 24.952 -0.730514 4
      vertex 24.952 -0.730514 0
    endloop
  endfacet
  facet normal -0.751826 0.659362 0
    outer loop
      vertex 24.952 -0.730514 4
      vertex 24.8485 -0.848528 0
      vertex 24.8485 -0.848528 4
    endloop
  endfacet
  facet normal -0.896682 0.442675 0
    outer loop
      vertex 25.0392 -0.599999 0
      vertex 25.1087 -0.45922 4
      vertex 25.1087 -0.45922 0
    endloop
  endfacet
  facet normal -0.896682 0.442675 0
    outer loop
      vertex 25.1087 -0.45922 4
      vertex 25.0392 -0.599999 0
      vertex 25.0392 -0.599999 4
    endloop
  endfacet
  facet normal 0.659392 0.751799 -0
    outer loop
      vertex 23.2695 -0.952024 0
      vertex 23.1515 -0.848528 4
      vertex 23.2695 -0.952024 4
    endloop
  endfacet
  facet normal 0.659392 0.751799 0
    outer loop
      vertex 23.1515 -0.848528 4
      vertex 23.2695 -0.952024 0
      vertex 23.1515 -0.848528 0
    endloop
  endfacet
  facet normal 0.442212 0.89691 -0
    outer loop
      vertex 23.5408 -1.10865 0
      vertex 23.4 -1.03923 4
      vertex 23.5408 -1.10865 4
    endloop
  endfacet
  facet normal 0.442212 0.89691 0
    outer loop
      vertex 23.4 -1.03923 4
      vertex 23.5408 -1.10865 0
      vertex 23.4 -1.03923 0
    endloop
  endfacet
  facet normal 0.321537 0.946897 -0
    outer loop
      vertex 23.6894 -1.15911 0
      vertex 23.5408 -1.10865 4
      vertex 23.6894 -1.15911 4
    endloop
  endfacet
  facet normal 0.321537 0.946897 0
    outer loop
      vertex 23.5408 -1.10865 4
      vertex 23.6894 -1.15911 0
      vertex 23.5408 -1.10865 0
    endloop
  endfacet
  facet normal 0.0654405 0.997856 -0
    outer loop
      vertex 24 -1.2 0
      vertex 23.8434 -1.18973 4
      vertex 24 -1.2 4
    endloop
  endfacet
  facet normal 0.0654405 0.997856 0
    outer loop
      vertex 23.8434 -1.18973 4
      vertex 24 -1.2 0
      vertex 23.8434 -1.18973 0
    endloop
  endfacet
  facet normal 0.831491 0.555538 0
    outer loop
      vertex 23.048 -0.730514 4
      vertex 22.9608 -0.599999 0
      vertex 22.9608 -0.599999 4
    endloop
  endfacet
  facet normal 0.831491 0.555538 0
    outer loop
      vertex 22.9608 -0.599999 0
      vertex 23.048 -0.730514 4
      vertex 23.048 -0.730514 0
    endloop
  endfacet
  facet normal 0.980813 0.194951 0
    outer loop
      vertex 22.8409 -0.310582 4
      vertex 22.8103 -0.156631 0
      vertex 22.8103 -0.156631 4
    endloop
  endfacet
  facet normal 0.980813 0.194951 0
    outer loop
      vertex 22.8103 -0.156631 0
      vertex 22.8409 -0.310582 4
      vertex 22.8409 -0.310582 0
    endloop
  endfacet
  facet normal -0.659392 0.751799 0
    outer loop
      vertex 24.8485 -0.848528 0
      vertex 24.7305 -0.952024 4
      vertex 24.8485 -0.848528 4
    endloop
  endfacet
  facet normal -0.659392 0.751799 0
    outer loop
      vertex 24.7305 -0.952024 4
      vertex 24.8485 -0.848528 0
      vertex 24.7305 -0.952024 0
    endloop
  endfacet
  facet normal -0.831491 0.555538 0
    outer loop
      vertex 24.952 -0.730514 0
      vertex 25.0392 -0.599999 4
      vertex 25.0392 -0.599999 0
    endloop
  endfacet
  facet normal -0.831491 0.555538 0
    outer loop
      vertex 25.0392 -0.599999 4
      vertex 24.952 -0.730514 0
      vertex 24.952 -0.730514 4
    endloop
  endfacet
  facet normal -0.980813 0.194951 0
    outer loop
      vertex 25.1591 -0.310582 0
      vertex 25.1897 -0.156631 4
      vertex 25.1897 -0.156631 0
    endloop
  endfacet
  facet normal -0.980813 0.194951 0
    outer loop
      vertex 25.1897 -0.156631 4
      vertex 25.1591 -0.310582 0
      vertex 25.1591 -0.310582 4
    endloop
  endfacet
  facet normal -0.947038 0.321121 0
    outer loop
      vertex 25.1087 -0.45922 0
      vertex 25.1591 -0.310582 4
      vertex 25.1591 -0.310582 0
    endloop
  endfacet
  facet normal -0.947038 0.321121 0
    outer loop
      vertex 25.1591 -0.310582 4
      vertex 25.1087 -0.45922 0
      vertex 25.1087 -0.45922 4
    endloop
  endfacet
  facet normal 0.555608 0.831444 -0
    outer loop
      vertex 23.4 -1.03923 0
      vertex 23.2695 -0.952024 4
      vertex 23.4 -1.03923 4
    endloop
  endfacet
  facet normal 0.555608 0.831444 0
    outer loop
      vertex 23.2695 -0.952024 4
      vertex 23.4 -1.03923 0
      vertex 23.2695 -0.952024 0
    endloop
  endfacet
  facet normal 0.195014 0.980801 -0
    outer loop
      vertex 23.8434 -1.18973 0
      vertex 23.6894 -1.15911 4
      vertex 23.8434 -1.18973 4
    endloop
  endfacet
  facet normal 0.195014 0.980801 0
    outer loop
      vertex 23.6894 -1.15911 4
      vertex 23.8434 -1.18973 0
      vertex 23.6894 -1.15911 0
    endloop
  endfacet
  facet normal 0.99786 0.0653933 0
    outer loop
      vertex 39.25 0 4
      vertex 39.2222 0.42421 0
      vertex 39.2222 0.42421 4
    endloop
  endfacet
  facet normal 0.99786 0.0653933 0
    outer loop
      vertex 39.2222 0.42421 0
      vertex 39.25 0 4
      vertex 39.25 0 0
    endloop
  endfacet
  facet normal -0.99786 0.0653933 0
    outer loop
      vertex 32.75 0 0
      vertex 32.7778 0.42421 4
      vertex 32.7778 0.42421 0
    endloop
  endfacet
  facet normal -0.99786 0.0653933 0
    outer loop
      vertex 32.7778 0.42421 4
      vertex 32.75 0 0
      vertex 32.75 0 4
    endloop
  endfacet
  facet normal 0.0653948 0.997859 -0
    outer loop
      vertex 36.4242 3.2222 0
      vertex 36 3.25 4
      vertex 36.4242 3.2222 4
    endloop
  endfacet
  facet normal 0.0653948 0.997859 0
    outer loop
      vertex 36 3.25 4
      vertex 36.4242 3.2222 0
      vertex 36 3.25 0
    endloop
  endfacet
  facet normal 0.65937 0.751818 -0
    outer loop
      vertex 38.2981 2.2981 0
      vertex 37.9785 2.5784 4
      vertex 38.2981 2.2981 4
    endloop
  endfacet
  facet normal 0.65937 0.751818 0
    outer loop
      vertex 37.9785 2.5784 4
      vertex 38.2981 2.2981 0
      vertex 37.9785 2.5784 0
    endloop
  endfacet
  facet normal -0.65937 0.751818 0
    outer loop
      vertex 34.0215 2.5784 0
      vertex 33.7019 2.2981 4
      vertex 34.0215 2.5784 4
    endloop
  endfacet
  facet normal -0.65937 0.751818 0
    outer loop
      vertex 33.7019 2.2981 4
      vertex 34.0215 2.5784 0
      vertex 33.7019 2.2981 0
    endloop
  endfacet
  facet normal -0.321481 0.946916 0
    outer loop
      vertex 35.1588 3.13926 0
      vertex 34.7563 3.00261 4
      vertex 35.1588 3.13926 4
    endloop
  endfacet
  facet normal -0.321481 0.946916 0
    outer loop
      vertex 34.7563 3.00261 4
      vertex 35.1588 3.13926 0
      vertex 34.7563 3.00261 0
    endloop
  endfacet
  facet normal 0 0 -1
    outer loop
      vertex 37.2 0 0
      vertex 39.25 0 0
      vertex 39.2222 -0.42421 0
    endloop
  endfacet
  facet normal 0 0 -1
    outer loop
      vertex 37.1897 -0.156631 0
      vertex 39.2222 -0.42421 0
      vertex 39.1393 -0.841162 0
    endloop
  endfacet
  facet normal 0 0 -1
    outer loop
      vertex 39.25 0 0
      vertex 37.2 0 0
      vertex 39.2222 0.42421 0
    endloop
  endfacet
  facet normal 0 0 -1
    outer loop
      vertex 37.1591 -0.310582 0
      vertex 39.1393 -0.841162 0
      vertex 39.0026 -1.24372 0
    endloop
  endfacet
  facet normal 0 0 -1
    outer loop
      vertex 37.1897 0.156631 0
      vertex 39.2222 0.42421 0
      vertex 37.2 0 0
    endloop
  endfacet
  facet normal 0 0 -1
    outer loop
      vertex 37.1087 -0.45922 0
      vertex 39.0026 -1.24372 0
      vertex 38.8146 -1.625 0
    endloop
  endfacet
  facet normal -0 0 -1
    outer loop
      vertex 39.2222 0.42421 0
      vertex 37.1897 0.156631 0
      vertex 39.1393 0.841162 0
    endloop
  endfacet
  facet normal 0 0 -1
    outer loop
      vertex 37.0392 -0.599999 0
      vertex 38.8146 -1.625 0
      vertex 38.5784 -1.97847 0
    endloop
  endfacet
  facet normal 0 0 -1
    outer loop
      vertex 37.1591 0.310582 0
      vertex 39.1393 0.841162 0
      vertex 37.1897 0.156631 0
    endloop
  endfacet
  facet normal 0 0 -1
    outer loop
      vertex 36.952 -0.730514 0
      vertex 38.5784 -1.97847 0
      vertex 38.2981 -2.2981 0
    endloop
  endfacet
  facet normal -0 0 -1
    outer loop
      vertex 39.1393 0.841162 0
      vertex 37.1591 0.310582 0
      vertex 39.0026 1.24372 0
    endloop
  endfacet
  facet normal 0 0 -1
    outer loop
      vertex 36.8485 -0.848528 0
      vertex 38.2981 -2.2981 0
      vertex 37.9785 -2.5784 0
    endloop
  endfacet
  facet normal 0 0 -1
    outer loop
      vertex 37.1087 0.45922 0
      vertex 39.0026 1.24372 0
      vertex 37.1591 0.310582 0
    endloop
  endfacet
  facet normal 0 0 -1
    outer loop
      vertex 36.7305 -0.952024 0
      vertex 37.9785 -2.5784 0
      vertex 37.625 -2.81458 0
    endloop
  endfacet
  facet normal -0 0 -1
    outer loop
      vertex 39.0026 1.24372 0
      vertex 37.1087 0.45922 0
      vertex 38.8146 1.625 0
    endloop
  endfacet
  facet normal 0 0 -1
    outer loop
      vertex 36.6 -1.03923 0
      vertex 37.625 -2.81458 0
      vertex 37.2437 -3.00261 0
    endloop
  endfacet
  facet normal 0 0 -1
    outer loop
      vertex 37.0392 0.599999 0
      vertex 38.8146 1.625 0
      vertex 37.1087 0.45922 0
    endloop
  endfacet
  facet normal -0 0 -1
    outer loop
      vertex 38.8146 1.625 0
      vertex 37.0392 0.599999 0
      vertex 38.5784 1.97847 0
    endloop
  endfacet
  facet normal 0 0 -1
    outer loop
      vertex 39.2222 -0.42421 0
      vertex 37.1897 -0.156631 0
      vertex 37.2 0 0
    endloop
  endfacet
  facet normal 0 0 -1
    outer loop
      vertex 39.1393 -0.841162 0
      vertex 37.1591 -0.310582 0
      vertex 37.1897 -0.156631 0
    endloop
  endfacet
  facet normal 0 0 -1
    outer loop
      vertex 39.0026 -1.24372 0
      vertex 37.1087 -0.45922 0
      vertex 37.1591 -0.310582 0
    endloop
  endfacet
  facet normal 0 0 -1
    outer loop
      vertex 38.8146 -1.625 0
      vertex 37.0392 -0.599999 0
      vertex 37.1087 -0.45922 0
    endloop
  endfacet
  facet normal 0 0 -1
    outer loop
      vertex 38.5784 -1.97847 0
      vertex 36.952 -0.730514 0
      vertex 37.0392 -0.599999 0
    endloop
  endfacet
  facet normal 0 0 -1
    outer loop
      vertex 38.2981 -2.2981 0
      vertex 36.8485 -0.848528 0
      vertex 36.952 -0.730514 0
    endloop
  endfacet
  facet normal 0 0 -1
    outer loop
      vertex 36.4592 -1.10865 0
      vertex 37.2437 -3.00261 0
      vertex 36.8412 -3.13926 0
    endloop
  endfacet
  facet normal 0 0 -1
    outer loop
      vertex 37.9785 -2.5784 0
      vertex 36.7305 -0.952024 0
      vertex 36.8485 -0.848528 0
    endloop
  endfacet
  facet normal 0 0 -1
    outer loop
      vertex 37.625 -2.81458 0
      vertex 36.6 -1.03923 0
      vertex 36.7305 -0.952024 0
    endloop
  endfacet
  facet normal 0 0 -1
    outer loop
      vertex 37.2437 -3.00261 0
      vertex 36.4592 -1.10865 0
      vertex 36.6 -1.03923 0
    endloop
  endfacet
  facet normal 0 0 -1
    outer loop
      vertex 36.3106 -1.15911 0
      vertex 36.8412 -3.13926 0
      vertex 36.4242 -3.2222 0
    endloop
  endfacet
  facet normal 0 0 -1
    outer loop
      vertex 36.8412 -3.13926 0
      vertex 36.3106 -1.15911 0
      vertex 36.4592 -1.10865 0
    endloop
  endfacet
  facet normal 0 0 -1
    outer loop
      vertex 36.4242 -3.2222 0
      vertex 36.1566 -1.18973 0
      vertex 36.3106 -1.15911 0
    endloop
  endfacet
  facet normal 0 0 -1
    outer loop
      vertex 36 -3.25 0
      vertex 36.1566 -1.18973 0
      vertex 36.4242 -3.2222 0
    endloop
  endfacet
  facet normal 0 0 -1
    outer loop
      vertex 36 -3.25 0
      vertex 36 -1.2 0
      vertex 36.1566 -1.18973 0
    endloop
  endfacet
  facet normal 0 0 -1
    outer loop
      vertex 36 -3.25 0
      vertex 35.8434 -1.18973 0
      vertex 36 -1.2 0
    endloop
  endfacet
  facet normal 0 0 -1
    outer loop
      vertex 35.5758 -3.2222 0
      vertex 35.8434 -1.18973 0
      vertex 36 -3.25 0
    endloop
  endfacet
  facet normal -0 0 -1
    outer loop
      vertex 35.8434 -1.18973 0
      vertex 35.5758 -3.2222 0
      vertex 35.6894 -1.15911 0
    endloop
  endfacet
  facet normal 0 0 -1
    outer loop
      vertex 35.1588 -3.13926 0
      vertex 35.6894 -1.15911 0
      vertex 35.5758 -3.2222 0
    endloop
  endfacet
  facet normal -0 0 -1
    outer loop
      vertex 35.6894 -1.15911 0
      vertex 35.1588 -3.13926 0
      vertex 35.5408 -1.10865 0
    endloop
  endfacet
  facet normal 0 0 -1
    outer loop
      vertex 34.7563 -3.00261 0
      vertex 35.5408 -1.10865 0
      vertex 35.1588 -3.13926 0
    endloop
  endfacet
  facet normal -0 0 -1
    outer loop
      vertex 35.5408 -1.10865 0
      vertex 34.7563 -3.00261 0
      vertex 35.4 -1.03923 0
    endloop
  endfacet
  facet normal 0 0 -1
    outer loop
      vertex 34.375 -2.81458 0
      vertex 35.4 -1.03923 0
      vertex 34.7563 -3.00261 0
    endloop
  endfacet
  facet normal -0 0 -1
    outer loop
      vertex 35.4 -1.03923 0
      vertex 34.375 -2.81458 0
      vertex 35.2695 -0.952024 0
    endloop
  endfacet
  facet normal 0 0 -1
    outer loop
      vertex 34.0215 -2.5784 0
      vertex 35.2695 -0.952024 0
      vertex 34.375 -2.81458 0
    endloop
  endfacet
  facet normal -0 0 -1
    outer loop
      vertex 35.2695 -0.952024 0
      vertex 34.0215 -2.5784 0
      vertex 35.1515 -0.848528 0
    endloop
  endfacet
  facet normal 0 0 -1
    outer loop
      vertex 33.7019 -2.2981 0
      vertex 35.1515 -0.848528 0
      vertex 34.0215 -2.5784 0
    endloop
  endfacet
  facet normal -0 0 -1
    outer loop
      vertex 35.1515 -0.848528 0
      vertex 33.7019 -2.2981 0
      vertex 35.048 -0.730514 0
    endloop
  endfacet
  facet normal -0 0 -1
    outer loop
      vertex 35.048 -0.730514 0
      vertex 33.4216 -1.97847 0
      vertex 34.9608 -0.599999 0
    endloop
  endfacet
  facet normal 0 0 -1
    outer loop
      vertex 33.4216 -1.97847 0
      vertex 35.048 -0.730514 0
      vertex 33.7019 -2.2981 0
    endloop
  endfacet
  facet normal 0 0 -1
    outer loop
      vertex 36.952 0.730514 0
      vertex 38.5784 1.97847 0
      vertex 37.0392 0.599999 0
    endloop
  endfacet
  facet normal -0 0 -1
    outer loop
      vertex 38.5784 1.97847 0
      vertex 36.952 0.730514 0
      vertex 38.2981 2.2981 0
    endloop
  endfacet
  facet normal 0 0 -1
    outer loop
      vertex 36.8485 0.848528 0
      vertex 38.2981 2.2981 0
      vertex 36.952 0.730514 0
    endloop
  endfacet
  facet normal -0 0 -1
    outer loop
      vertex 38.2981 2.2981 0
      vertex 36.8485 0.848528 0
      vertex 37.9785 2.5784 0
    endloop
  endfacet
  facet normal 0 0 -1
    outer loop
      vertex 36.7305 0.952024 0
      vertex 37.9785 2.5784 0
      vertex 36.8485 0.848528 0
    endloop
  endfacet
  facet normal -0 0 -1
    outer loop
      vertex 37.9785 2.5784 0
      vertex 36.7305 0.952024 0
      vertex 37.625 2.81458 0
    endloop
  endfacet
  facet normal 0 0 -1
    outer loop
      vertex 36.6 1.03923 0
      vertex 37.625 2.81458 0
      vertex 36.7305 0.952024 0
    endloop
  endfacet
  facet normal -0 0 -1
    outer loop
      vertex 37.625 2.81458 0
      vertex 36.6 1.03923 0
      vertex 37.2437 3.00261 0
    endloop
  endfacet
  facet normal 0 0 -1
    outer loop
      vertex 36.4592 1.10865 0
      vertex 37.2437 3.00261 0
      vertex 36.6 1.03923 0
    endloop
  endfacet
  facet normal -0 0 -1
    outer loop
      vertex 37.2437 3.00261 0
      vertex 36.4592 1.10865 0
      vertex 36.8412 3.13926 0
    endloop
  endfacet
  facet normal 0 0 -1
    outer loop
      vertex 36.3106 1.15911 0
      vertex 36.8412 3.13926 0
      vertex 36.4592 1.10865 0
    endloop
  endfacet
  facet normal -0 0 -1
    outer loop
      vertex 36.8412 3.13926 0
      vertex 36.3106 1.15911 0
      vertex 36.4242 3.2222 0
    endloop
  endfacet
  facet normal 0 0 -1
    outer loop
      vertex 36.1566 1.18973 0
      vertex 36.4242 3.2222 0
      vertex 36.3106 1.15911 0
    endloop
  endfacet
  facet normal 0 0 -1
    outer loop
      vertex 36 1.2 0
      vertex 36.4242 3.2222 0
      vertex 36.1566 1.18973 0
    endloop
  endfacet
  facet normal 0 0 -1
    outer loop
      vertex 36 1.2 0
      vertex 36 3.25 0
      vertex 36.4242 3.2222 0
    endloop
  endfacet
  facet normal 0 0 -1
    outer loop
      vertex 35.8434 1.18973 0
      vertex 36 3.25 0
      vertex 36 1.2 0
    endloop
  endfacet
  facet normal 0 0 -1
    outer loop
      vertex 35.5758 3.2222 0
      vertex 35.8434 1.18973 0
      vertex 35.6894 1.15911 0
    endloop
  endfacet
  facet normal 0 0 -1
    outer loop
      vertex 35.8434 1.18973 0
      vertex 35.5758 3.2222 0
      vertex 36 3.25 0
    endloop
  endfacet
  facet normal 0 0 -1
    outer loop
      vertex 35.1588 3.13926 0
      vertex 35.6894 1.15911 0
      vertex 35.5408 1.10865 0
    endloop
  endfacet
  facet normal 0 0 -1
    outer loop
      vertex 34.7563 3.00261 0
      vertex 35.5408 1.10865 0
      vertex 35.4 1.03923 0
    endloop
  endfacet
  facet normal 0 0 -1
    outer loop
      vertex 34.375 2.81458 0
      vertex 35.4 1.03923 0
      vertex 35.2695 0.952024 0
    endloop
  endfacet
  facet normal 0 0 -1
    outer loop
      vertex 35.6894 1.15911 0
      vertex 35.1588 3.13926 0
      vertex 35.5758 3.2222 0
    endloop
  endfacet
  facet normal 0 0 -1
    outer loop
      vertex 34.0215 2.5784 0
      vertex 35.2695 0.952024 0
      vertex 35.1515 0.848528 0
    endloop
  endfacet
  facet normal 0 0 -1
    outer loop
      vertex 33.7019 2.2981 0
      vertex 35.1515 0.848528 0
      vertex 35.048 0.730514 0
    endloop
  endfacet
  facet normal 0 0 -1
    outer loop
      vertex 33.4216 1.97847 0
      vertex 35.048 0.730514 0
      vertex 34.9608 0.599999 0
    endloop
  endfacet
  facet normal 0 0 -1
    outer loop
      vertex 33.1854 1.625 0
      vertex 34.9608 0.599999 0
      vertex 34.8913 0.45922 0
    endloop
  endfacet
  facet normal 0 0 -1
    outer loop
      vertex 32.9974 1.24372 0
      vertex 34.8913 0.45922 0
      vertex 34.8409 0.310582 0
    endloop
  endfacet
  facet normal 0 0 -1
    outer loop
      vertex 32.8607 0.841162 0
      vertex 34.8409 0.310582 0
      vertex 34.8103 0.156631 0
    endloop
  endfacet
  facet normal 0 0 -1
    outer loop
      vertex 35.5408 1.10865 0
      vertex 34.7563 3.00261 0
      vertex 35.1588 3.13926 0
    endloop
  endfacet
  facet normal 0 0 -1
    outer loop
      vertex 32.7778 0.42421 0
      vertex 34.8103 0.156631 0
      vertex 34.8 0 0
    endloop
  endfacet
  facet normal 0 0 -1
    outer loop
      vertex 33.1854 -1.625 0
      vertex 34.9608 -0.599999 0
      vertex 33.4216 -1.97847 0
    endloop
  endfacet
  facet normal -0 0 -1
    outer loop
      vertex 34.9608 -0.599999 0
      vertex 33.1854 -1.625 0
      vertex 34.8913 -0.45922 0
    endloop
  endfacet
  facet normal 0 0 -1
    outer loop
      vertex 35.4 1.03923 0
      vertex 34.375 2.81458 0
      vertex 34.7563 3.00261 0
    endloop
  endfacet
  facet normal 0 0 -1
    outer loop
      vertex 32.9974 -1.24372 0
      vertex 34.8913 -0.45922 0
      vertex 33.1854 -1.625 0
    endloop
  endfacet
  facet normal 0 0 -1
    outer loop
      vertex 35.2695 0.952024 0
      vertex 34.0215 2.5784 0
      vertex 34.375 2.81458 0
    endloop
  endfacet
  facet normal -0 0 -1
    outer loop
      vertex 34.8913 -0.45922 0
      vertex 32.9974 -1.24372 0
      vertex 34.8409 -0.310582 0
    endloop
  endfacet
  facet normal 0 0 -1
    outer loop
      vertex 35.1515 0.848528 0
      vertex 33.7019 2.2981 0
      vertex 34.0215 2.5784 0
    endloop
  endfacet
  facet normal 0 0 -1
    outer loop
      vertex 32.8607 -0.841162 0
      vertex 34.8409 -0.310582 0
      vertex 32.9974 -1.24372 0
    endloop
  endfacet
  facet normal 0 0 -1
    outer loop
      vertex 35.048 0.730514 0
      vertex 33.4216 1.97847 0
      vertex 33.7019 2.2981 0
    endloop
  endfacet
  facet normal -0 0 -1
    outer loop
      vertex 34.8409 -0.310582 0
      vertex 32.8607 -0.841162 0
      vertex 34.8103 -0.156631 0
    endloop
  endfacet
  facet normal 0 0 -1
    outer loop
      vertex 34.9608 0.599999 0
      vertex 33.1854 1.625 0
      vertex 33.4216 1.97847 0
    endloop
  endfacet
  facet normal 0 0 -1
    outer loop
      vertex 32.7778 -0.42421 0
      vertex 34.8103 -0.156631 0
      vertex 32.8607 -0.841162 0
    endloop
  endfacet
  facet normal 0 0 -1
    outer loop
      vertex 34.8913 0.45922 0
      vertex 32.9974 1.24372 0
      vertex 33.1854 1.625 0
    endloop
  endfacet
  facet normal -0 0 -1
    outer loop
      vertex 34.8103 -0.156631 0
      vertex 32.7778 -0.42421 0
      vertex 34.8 0 0
    endloop
  endfacet
  facet normal 0 0 -1
    outer loop
      vertex 34.8409 0.310582 0
      vertex 32.8607 0.841162 0
      vertex 32.9974 1.24372 0
    endloop
  endfacet
  facet normal 0 0 -1
    outer loop
      vertex 32.75 0 0
      vertex 34.8 0 0
      vertex 32.7778 -0.42421 0
    endloop
  endfacet
  facet normal 0 0 -1
    outer loop
      vertex 34.8103 0.156631 0
      vertex 32.7778 0.42421 0
      vertex 32.8607 0.841162 0
    endloop
  endfacet
  facet normal 0 0 -1
    outer loop
      vertex 34.8 0 0
      vertex 32.75 0 0
      vertex 32.7778 0.42421 0
    endloop
  endfacet
  facet normal 0.896897 0.442239 0
    outer loop
      vertex 39.0026 1.24372 4
      vertex 38.8146 1.625 0
      vertex 38.8146 1.625 4
    endloop
  endfacet
  facet normal 0.896897 0.442239 0
    outer loop
      vertex 38.8146 1.625 0
      vertex 39.0026 1.24372 4
      vertex 39.0026 1.24372 0
    endloop
  endfacet
  facet normal 0.831449 0.555601 0
    outer loop
      vertex 38.8146 1.625 4
      vertex 38.5784 1.97847 0
      vertex 38.5784 1.97847 4
    endloop
  endfacet
  facet normal 0.831449 0.555601 0
    outer loop
      vertex 38.5784 1.97847 0
      vertex 38.8146 1.625 4
      vertex 38.8146 1.625 0
    endloop
  endfacet
  facet normal 0.442277 0.896879 -0
    outer loop
      vertex 37.625 2.81458 0
      vertex 37.2437 3.00261 4
      vertex 37.625 2.81458 4
    endloop
  endfacet
  facet normal 0.442277 0.896879 0
    outer loop
      vertex 37.2437 3.00261 4
      vertex 37.625 2.81458 0
      vertex 37.2437 3.00261 0
    endloop
  endfacet
  facet normal 0.555536 0.831493 -0
    outer loop
      vertex 37.9785 2.5784 0
      vertex 37.625 2.81458 4
      vertex 37.9785 2.5784 4
    endloop
  endfacet
  facet normal 0.555536 0.831493 0
    outer loop
      vertex 37.625 2.81458 4
      vertex 37.9785 2.5784 0
      vertex 37.625 2.81458 0
    endloop
  endfacet
  facet normal -0.896897 0.442239 0
    outer loop
      vertex 32.9974 1.24372 0
      vertex 33.1854 1.625 4
      vertex 33.1854 1.625 0
    endloop
  endfacet
  facet normal -0.896897 0.442239 0
    outer loop
      vertex 33.1854 1.625 4
      vertex 32.9974 1.24372 0
      vertex 32.9974 1.24372 4
    endloop
  endfacet
  facet normal -0.751849 0.659335 0
    outer loop
      vertex 33.4216 1.97847 0
      vertex 33.7019 2.2981 4
      vertex 33.7019 2.2981 0
    endloop
  endfacet
  facet normal -0.751849 0.659335 0
    outer loop
      vertex 33.7019 2.2981 4
      vertex 33.4216 1.97847 0
      vertex 33.4216 1.97847 4
    endloop
  endfacet
  facet normal 0 0 1
    outer loop
      vertex 37.2 0 4
      vertex 39.25 0 4
      vertex 39.2222 0.42421 4
    endloop
  endfacet
  facet normal 0 0 1
    outer loop
      vertex 37.1897 0.156631 4
      vertex 39.2222 0.42421 4
      vertex 39.1393 0.841162 4
    endloop
  endfacet
  facet normal 0 0 1
    outer loop
      vertex 39.25 0 4
      vertex 37.2 0 4
      vertex 39.2222 -0.42421 4
    endloop
  endfacet
  facet normal 0 0 1
    outer loop
      vertex 37.1591 0.310582 4
      vertex 39.1393 0.841162 4
      vertex 39.0026 1.24372 4
    endloop
  endfacet
  facet normal -0 0 1
    outer loop
      vertex 37.1897 -0.156631 4
      vertex 39.2222 -0.42421 4
      vertex 37.2 0 4
    endloop
  endfacet
  facet normal 0 0 1
    outer loop
      vertex 37.1087 0.45922 4
      vertex 39.0026 1.24372 4
      vertex 38.8146 1.625 4
    endloop
  endfacet
  facet normal 0 0 1
    outer loop
      vertex 39.2222 -0.42421 4
      vertex 37.1897 -0.156631 4
      vertex 39.1393 -0.841162 4
    endloop
  endfacet
  facet normal 0 0 1
    outer loop
      vertex 37.0392 0.599999 4
      vertex 38.8146 1.625 4
      vertex 38.5784 1.97847 4
    endloop
  endfacet
  facet normal -0 0 1
    outer loop
      vertex 37.1591 -0.310582 4
      vertex 39.1393 -0.841162 4
      vertex 37.1897 -0.156631 4
    endloop
  endfacet
  facet normal 0 0 1
    outer loop
      vertex 36.952 0.730514 4
      vertex 38.5784 1.97847 4
      vertex 38.2981 2.2981 4
    endloop
  endfacet
  facet normal 0 0 1
    outer loop
      vertex 39.1393 -0.841162 4
      vertex 37.1591 -0.310582 4
      vertex 39.0026 -1.24372 4
    endloop
  endfacet
  facet normal 0 0 1
    outer loop
      vertex 36.8485 0.848528 4
      vertex 38.2981 2.2981 4
      vertex 37.9785 2.5784 4
    endloop
  endfacet
  facet normal -0 0 1
    outer loop
      vertex 37.1087 -0.45922 4
      vertex 39.0026 -1.24372 4
      vertex 37.1591 -0.310582 4
    endloop
  endfacet
  facet normal 0 0 1
    outer loop
      vertex 36.7305 0.952024 4
      vertex 37.9785 2.5784 4
      vertex 37.625 2.81458 4
    endloop
  endfacet
  facet normal 0 0 1
    outer loop
      vertex 39.0026 -1.24372 4
      vertex 37.1087 -0.45922 4
      vertex 38.8146 -1.625 4
    endloop
  endfacet
  facet normal 0 0 1
    outer loop
      vertex 36.6 1.03923 4
      vertex 37.625 2.81458 4
      vertex 37.2437 3.00261 4
    endloop
  endfacet
  facet normal -0 0 1
    outer loop
      vertex 37.0392 -0.599999 4
      vertex 38.8146 -1.625 4
      vertex 37.1087 -0.45922 4
    endloop
  endfacet
  facet normal 0 0 1
    outer loop
      vertex 38.8146 -1.625 4
      vertex 37.0392 -0.599999 4
      vertex 38.5784 -1.97847 4
    endloop
  endfacet
  facet normal 0 0 1
    outer loop
      vertex 39.2222 0.42421 4
      vertex 37.1897 0.156631 4
      vertex 37.2 0 4
    endloop
  endfacet
  facet normal 0 0 1
    outer loop
      vertex 39.1393 0.841162 4
      vertex 37.1591 0.310582 4
      vertex 37.1897 0.156631 4
    endloop
  endfacet
  facet normal 0 0 1
    outer loop
      vertex 39.0026 1.24372 4
      vertex 37.1087 0.45922 4
      vertex 37.1591 0.310582 4
    endloop
  endfacet
  facet normal 0 0 1
    outer loop
      vertex 38.8146 1.625 4
      vertex 37.0392 0.599999 4
      vertex 37.1087 0.45922 4
    endloop
  endfacet
  facet normal 0 0 1
    outer loop
      vertex 38.5784 1.97847 4
      vertex 36.952 0.730514 4
      vertex 37.0392 0.599999 4
    endloop
  endfacet
  facet normal 0 0 1
    outer loop
      vertex 38.2981 2.2981 4
      vertex 36.8485 0.848528 4
      vertex 36.952 0.730514 4
    endloop
  endfacet
  facet normal 0 0 1
    outer loop
      vertex 36.4592 1.10865 4
      vertex 37.2437 3.00261 4
      vertex 36.8412 3.13926 4
    endloop
  endfacet
  facet normal 0 0 1
    outer loop
      vertex 37.9785 2.5784 4
      vertex 36.7305 0.952024 4
      vertex 36.8485 0.848528 4
    endloop
  endfacet
  facet normal 0 0 1
    outer loop
      vertex 37.625 2.81458 4
      vertex 36.6 1.03923 4
      vertex 36.7305 0.952024 4
    endloop
  endfacet
  facet normal 0 0 1
    outer loop
      vertex 37.2437 3.00261 4
      vertex 36.4592 1.10865 4
      vertex 36.6 1.03923 4
    endloop
  endfacet
  facet normal 0 0 1
    outer loop
      vertex 36.3106 1.15911 4
      vertex 36.8412 3.13926 4
      vertex 36.4242 3.2222 4
    endloop
  endfacet
  facet normal 0 0 1
    outer loop
      vertex 36.8412 3.13926 4
      vertex 36.3106 1.15911 4
      vertex 36.4592 1.10865 4
    endloop
  endfacet
  facet normal 0 0 1
    outer loop
      vertex 36.4242 3.2222 4
      vertex 36.1566 1.18973 4
      vertex 36.3106 1.15911 4
    endloop
  endfacet
  facet normal 0 0 1
    outer loop
      vertex 36 3.25 4
      vertex 36.1566 1.18973 4
      vertex 36.4242 3.2222 4
    endloop
  endfacet
  facet normal 0 0 1
    outer loop
      vertex 36 3.25 4
      vertex 36 1.2 4
      vertex 36.1566 1.18973 4
    endloop
  endfacet
  facet normal 0 0 1
    outer loop
      vertex 36 3.25 4
      vertex 35.8434 1.18973 4
      vertex 36 1.2 4
    endloop
  endfacet
  facet normal -0 0 1
    outer loop
      vertex 35.5758 3.2222 4
      vertex 35.8434 1.18973 4
      vertex 36 3.25 4
    endloop
  endfacet
  facet normal 0 0 1
    outer loop
      vertex 35.8434 1.18973 4
      vertex 35.5758 3.2222 4
      vertex 35.6894 1.15911 4
    endloop
  endfacet
  facet normal -0 0 1
    outer loop
      vertex 35.1588 3.13926 4
      vertex 35.6894 1.15911 4
      vertex 35.5758 3.2222 4
    endloop
  endfacet
  facet normal 0 0 1
    outer loop
      vertex 35.6894 1.15911 4
      vertex 35.1588 3.13926 4
      vertex 35.5408 1.10865 4
    endloop
  endfacet
  facet normal -0 0 1
    outer loop
      vertex 34.7563 3.00261 4
      vertex 35.5408 1.10865 4
      vertex 35.1588 3.13926 4
    endloop
  endfacet
  facet normal 0 0 1
    outer loop
      vertex 35.5408 1.10865 4
      vertex 34.7563 3.00261 4
      vertex 35.4 1.03923 4
    endloop
  endfacet
  facet normal -0 0 1
    outer loop
      vertex 34.375 2.81458 4
      vertex 35.4 1.03923 4
      vertex 34.7563 3.00261 4
    endloop
  endfacet
  facet normal 0 0 1
    outer loop
      vertex 35.4 1.03923 4
      vertex 34.375 2.81458 4
      vertex 35.2695 0.952024 4
    endloop
  endfacet
  facet normal -0 0 1
    outer loop
      vertex 34.0215 2.5784 4
      vertex 35.2695 0.952024 4
      vertex 34.375 2.81458 4
    endloop
  endfacet
  facet normal 0 0 1
    outer loop
      vertex 35.2695 0.952024 4
      vertex 34.0215 2.5784 4
      vertex 35.1515 0.848528 4
    endloop
  endfacet
  facet normal -0 0 1
    outer loop
      vertex 33.7019 2.2981 4
      vertex 35.1515 0.848528 4
      vertex 34.0215 2.5784 4
    endloop
  endfacet
  facet normal 0 0 1
    outer loop
      vertex 35.1515 0.848528 4
      vertex 33.7019 2.2981 4
      vertex 35.048 0.730514 4
    endloop
  endfacet
  facet normal 0 0 1
    outer loop
      vertex 35.048 0.730514 4
      vertex 33.4216 1.97847 4
      vertex 34.9608 0.599999 4
    endloop
  endfacet
  facet normal -0 0 1
    outer loop
      vertex 33.4216 1.97847 4
      vertex 35.048 0.730514 4
      vertex 33.7019 2.2981 4
    endloop
  endfacet
  facet normal -0 0 1
    outer loop
      vertex 36.952 -0.730514 4
      vertex 38.5784 -1.97847 4
      vertex 37.0392 -0.599999 4
    endloop
  endfacet
  facet normal 0 0 1
    outer loop
      vertex 38.5784 -1.97847 4
      vertex 36.952 -0.730514 4
      vertex 38.2981 -2.2981 4
    endloop
  endfacet
  facet normal -0 0 1
    outer loop
      vertex 36.8485 -0.848528 4
      vertex 38.2981 -2.2981 4
      vertex 36.952 -0.730514 4
    endloop
  endfacet
  facet normal 0 0 1
    outer loop
      vertex 38.2981 -2.2981 4
      vertex 36.8485 -0.848528 4
      vertex 37.9785 -2.5784 4
    endloop
  endfacet
  facet normal -0 0 1
    outer loop
      vertex 36.7305 -0.952024 4
      vertex 37.9785 -2.5784 4
      vertex 36.8485 -0.848528 4
    endloop
  endfacet
  facet normal 0 0 1
    outer loop
      vertex 37.9785 -2.5784 4
      vertex 36.7305 -0.952024 4
      vertex 37.625 -2.81458 4
    endloop
  endfacet
  facet normal -0 0 1
    outer loop
      vertex 36.6 -1.03923 4
      vertex 37.625 -2.81458 4
      vertex 36.7305 -0.952024 4
    endloop
  endfacet
  facet normal 0 0 1
    outer loop
      vertex 37.625 -2.81458 4
      vertex 36.6 -1.03923 4
      vertex 37.2437 -3.00261 4
    endloop
  endfacet
  facet normal -0 0 1
    outer loop
      vertex 36.4592 -1.10865 4
      vertex 37.2437 -3.00261 4
      vertex 36.6 -1.03923 4
    endloop
  endfacet
  facet normal 0 0 1
    outer loop
      vertex 37.2437 -3.00261 4
      vertex 36.4592 -1.10865 4
      vertex 36.8412 -3.13926 4
    endloop
  endfacet
  facet normal -0 0 1
    outer loop
      vertex 36.3106 -1.15911 4
      vertex 36.8412 -3.13926 4
      vertex 36.4592 -1.10865 4
    endloop
  endfacet
  facet normal 0 0 1
    outer loop
      vertex 36.8412 -3.13926 4
      vertex 36.3106 -1.15911 4
      vertex 36.4242 -3.2222 4
    endloop
  endfacet
  facet normal -0 0 1
    outer loop
      vertex 36.1566 -1.18973 4
      vertex 36.4242 -3.2222 4
      vertex 36.3106 -1.15911 4
    endloop
  endfacet
  facet normal -0 0 1
    outer loop
      vertex 36 -1.2 4
      vertex 36.4242 -3.2222 4
      vertex 36.1566 -1.18973 4
    endloop
  endfacet
  facet normal 0 0 1
    outer loop
      vertex 36 -1.2 4
      vertex 36 -3.25 4
      vertex 36.4242 -3.2222 4
    endloop
  endfacet
  facet normal 0 0 1
    outer loop
      vertex 35.8434 -1.18973 4
      vertex 36 -3.25 4
      vertex 36 -1.2 4
    endloop
  endfacet
  facet normal 0 0 1
    outer loop
      vertex 35.5758 -3.2222 4
      vertex 35.8434 -1.18973 4
      vertex 35.6894 -1.15911 4
    endloop
  endfacet
  facet normal 0 0 1
    outer loop
      vertex 35.8434 -1.18973 4
      vertex 35.5758 -3.2222 4
      vertex 36 -3.25 4
    endloop
  endfacet
  facet normal 0 0 1
    outer loop
      vertex 35.1588 -3.13926 4
      vertex 35.6894 -1.15911 4
      vertex 35.5408 -1.10865 4
    endloop
  endfacet
  facet normal 0 0 1
    outer loop
      vertex 34.7563 -3.00261 4
      vertex 35.5408 -1.10865 4
      vertex 35.4 -1.03923 4
    endloop
  endfacet
  facet normal 0 0 1
    outer loop
      vertex 34.375 -2.81458 4
      vertex 35.4 -1.03923 4
      vertex 35.2695 -0.952024 4
    endloop
  endfacet
  facet normal 0 0 1
    outer loop
      vertex 35.6894 -1.15911 4
      vertex 35.1588 -3.13926 4
      vertex 35.5758 -3.2222 4
    endloop
  endfacet
  facet normal 0 0 1
    outer loop
      vertex 34.0215 -2.5784 4
      vertex 35.2695 -0.952024 4
      vertex 35.1515 -0.848528 4
    endloop
  endfacet
  facet normal 0 0 1
    outer loop
      vertex 33.7019 -2.2981 4
      vertex 35.1515 -0.848528 4
      vertex 35.048 -0.730514 4
    endloop
  endfacet
  facet normal 0 0 1
    outer loop
      vertex 33.4216 -1.97847 4
      vertex 35.048 -0.730514 4
      vertex 34.9608 -0.599999 4
    endloop
  endfacet
  facet normal 0 0 1
    outer loop
      vertex 33.1854 -1.625 4
      vertex 34.9608 -0.599999 4
      vertex 34.8913 -0.45922 4
    endloop
  endfacet
  facet normal 0 0 1
    outer loop
      vertex 32.9974 -1.24372 4
      vertex 34.8913 -0.45922 4
      vertex 34.8409 -0.310582 4
    endloop
  endfacet
  facet normal 0 0 1
    outer loop
      vertex 32.8607 -0.841162 4
      vertex 34.8409 -0.310582 4
      vertex 34.8103 -0.156631 4
    endloop
  endfacet
  facet normal 0 0 1
    outer loop
      vertex 35.5408 -1.10865 4
      vertex 34.7563 -3.00261 4
      vertex 35.1588 -3.13926 4
    endloop
  endfacet
  facet normal 0 0 1
    outer loop
      vertex 32.7778 -0.42421 4
      vertex 34.8103 -0.156631 4
      vertex 34.8 0 4
    endloop
  endfacet
  facet normal -0 0 1
    outer loop
      vertex 33.1854 1.625 4
      vertex 34.9608 0.599999 4
      vertex 33.4216 1.97847 4
    endloop
  endfacet
  facet normal 0 0 1
    outer loop
      vertex 34.9608 0.599999 4
      vertex 33.1854 1.625 4
      vertex 34.8913 0.45922 4
    endloop
  endfacet
  facet normal 0 0 1
    outer loop
      vertex 35.4 -1.03923 4
      vertex 34.375 -2.81458 4
      vertex 34.7563 -3.00261 4
    endloop
  endfacet
  facet normal -0 0 1
    outer loop
      vertex 32.9974 1.24372 4
      vertex 34.8913 0.45922 4
      vertex 33.1854 1.625 4
    endloop
  endfacet
  facet normal 0 0 1
    outer loop
      vertex 35.2695 -0.952024 4
      vertex 34.0215 -2.5784 4
      vertex 34.375 -2.81458 4
    endloop
  endfacet
  facet normal 0 0 1
    outer loop
      vertex 34.8913 0.45922 4
      vertex 32.9974 1.24372 4
      vertex 34.8409 0.310582 4
    endloop
  endfacet
  facet normal 0 0 1
    outer loop
      vertex 35.1515 -0.848528 4
      vertex 33.7019 -2.2981 4
      vertex 34.0215 -2.5784 4
    endloop
  endfacet
  facet normal -0 0 1
    outer loop
      vertex 32.8607 0.841162 4
      vertex 34.8409 0.310582 4
      vertex 32.9974 1.24372 4
    endloop
  endfacet
  facet normal 0 0 1
    outer loop
      vertex 35.048 -0.730514 4
      vertex 33.4216 -1.97847 4
      vertex 33.7019 -2.2981 4
    endloop
  endfacet
  facet normal 0 0 1
    outer loop
      vertex 34.8409 0.310582 4
      vertex 32.8607 0.841162 4
      vertex 34.8103 0.156631 4
    endloop
  endfacet
  facet normal 0 0 1
    outer loop
      vertex 34.9608 -0.599999 4
      vertex 33.1854 -1.625 4
      vertex 33.4216 -1.97847 4
    endloop
  endfacet
  facet normal -0 0 1
    outer loop
      vertex 32.7778 0.42421 4
      vertex 34.8103 0.156631 4
      vertex 32.8607 0.841162 4
    endloop
  endfacet
  facet normal 0 0 1
    outer loop
      vertex 34.8913 -0.45922 4
      vertex 32.9974 -1.24372 4
      vertex 33.1854 -1.625 4
    endloop
  endfacet
  facet normal 0 0 1
    outer loop
      vertex 34.8103 0.156631 4
      vertex 32.7778 0.42421 4
      vertex 34.8 0 4
    endloop
  endfacet
  facet normal 0 0 1
    outer loop
      vertex 34.8409 -0.310582 4
      vertex 32.8607 -0.841162 4
      vertex 32.9974 -1.24372 4
    endloop
  endfacet
  facet normal 0 0 1
    outer loop
      vertex 32.75 0 4
      vertex 34.8 0 4
      vertex 32.7778 0.42421 4
    endloop
  endfacet
  facet normal 0 0 1
    outer loop
      vertex 34.8103 -0.156631 4
      vertex 32.7778 -0.42421 4
      vertex 32.8607 -0.841162 4
    endloop
  endfacet
  facet normal 0 0 1
    outer loop
      vertex 34.8 0 4
      vertex 32.75 0 4
      vertex 32.7778 -0.42421 4
    endloop
  endfacet
  facet normal -0.0653948 0.997859 0
    outer loop
      vertex 36 3.25 0
      vertex 35.5758 3.2222 4
      vertex 36 3.25 4
    endloop
  endfacet
  facet normal -0.0653948 0.997859 0
    outer loop
      vertex 35.5758 3.2222 4
      vertex 36 3.25 0
      vertex 35.5758 3.2222 0
    endloop
  endfacet
  facet normal 0.946894 -0.321545 0
    outer loop
      vertex 39.0026 -1.24372 4
      vertex 39.1393 -0.841162 0
      vertex 39.1393 -0.841162 4
    endloop
  endfacet
  facet normal 0.946894 -0.321545 0
    outer loop
      vertex 39.1393 -0.841162 0
      vertex 39.0026 -1.24372 4
      vertex 39.0026 -1.24372 0
    endloop
  endfacet
  facet normal 0.0653948 -0.997859 0
    outer loop
      vertex 36 -3.25 0
      vertex 36.4242 -3.2222 4
      vertex 36 -3.25 4
    endloop
  endfacet
  facet normal 0.0653948 -0.997859 0
    outer loop
      vertex 36.4242 -3.2222 4
      vertex 36 -3.25 0
      vertex 36.4242 -3.2222 0
    endloop
  endfacet
  facet normal -0.65937 -0.751818 0
    outer loop
      vertex 33.7019 -2.2981 0
      vertex 34.0215 -2.5784 4
      vertex 33.7019 -2.2981 4
    endloop
  endfacet
  facet normal -0.65937 -0.751818 -0
    outer loop
      vertex 34.0215 -2.5784 4
      vertex 33.7019 -2.2981 0
      vertex 34.0215 -2.5784 0
    endloop
  endfacet
  facet normal -0.99786 -0.0653933 0
    outer loop
      vertex 32.7778 -0.42421 0
      vertex 32.75 0 4
      vertex 32.75 0 0
    endloop
  endfacet
  facet normal -0.99786 -0.0653933 0
    outer loop
      vertex 32.75 0 4
      vertex 32.7778 -0.42421 0
      vertex 32.7778 -0.42421 4
    endloop
  endfacet
  facet normal 0.946894 0.321545 0
    outer loop
      vertex 39.1393 0.841162 4
      vertex 39.0026 1.24372 0
      vertex 39.0026 1.24372 4
    endloop
  endfacet
  facet normal 0.946894 0.321545 0
    outer loop
      vertex 39.0026 1.24372 0
      vertex 39.1393 0.841162 4
      vertex 39.1393 0.841162 0
    endloop
  endfacet
  facet normal 0.980802 0.195007 0
    outer loop
      vertex 39.2222 0.42421 4
      vertex 39.1393 0.841162 0
      vertex 39.1393 0.841162 4
    endloop
  endfacet
  facet normal 0.980802 0.195007 0
    outer loop
      vertex 39.1393 0.841162 0
      vertex 39.2222 0.42421 4
      vertex 39.2222 0.42421 0
    endloop
  endfacet
  facet normal 0.751849 0.659335 0
    outer loop
      vertex 38.5784 1.97847 4
      vertex 38.2981 2.2981 0
      vertex 38.2981 2.2981 4
    endloop
  endfacet
  facet normal 0.751849 0.659335 0
    outer loop
      vertex 38.2981 2.2981 0
      vertex 38.5784 1.97847 4
      vertex 38.5784 1.97847 0
    endloop
  endfacet
  facet normal 0.321481 0.946916 -0
    outer loop
      vertex 37.2437 3.00261 0
      vertex 36.8412 3.13926 4
      vertex 37.2437 3.00261 4
    endloop
  endfacet
  facet normal 0.321481 0.946916 0
    outer loop
      vertex 36.8412 3.13926 4
      vertex 37.2437 3.00261 0
      vertex 36.8412 3.13926 0
    endloop
  endfacet
  facet normal 0.195076 0.980788 -0
    outer loop
      vertex 36.8412 3.13926 0
      vertex 36.4242 3.2222 4
      vertex 36.8412 3.13926 4
    endloop
  endfacet
  facet normal 0.195076 0.980788 0
    outer loop
      vertex 36.4242 3.2222 4
      vertex 36.8412 3.13926 0
      vertex 36.4242 3.2222 0
    endloop
  endfacet
  facet normal -0.831449 0.555601 0
    outer loop
      vertex 33.1854 1.625 0
      vertex 33.4216 1.97847 4
      vertex 33.4216 1.97847 0
    endloop
  endfacet
  facet normal -0.831449 0.555601 0
    outer loop
      vertex 33.4216 1.97847 4
      vertex 33.1854 1.625 0
      vertex 33.1854 1.625 4
    endloop
  endfacet
  facet normal -0.946894 0.321545 0
    outer loop
      vertex 32.8607 0.841162 0
      vertex 32.9974 1.24372 4
      vertex 32.9974 1.24372 0
    endloop
  endfacet
  facet normal -0.946894 0.321545 0
    outer loop
      vertex 32.9974 1.24372 4
      vertex 32.8607 0.841162 0
      vertex 32.8607 0.841162 4
    endloop
  endfacet
  facet normal -0.980802 0.195007 0
    outer loop
      vertex 32.7778 0.42421 0
      vertex 32.8607 0.841162 4
      vertex 32.8607 0.841162 0
    endloop
  endfacet
  facet normal -0.980802 0.195007 0
    outer loop
      vertex 32.8607 0.841162 4
      vertex 32.7778 0.42421 0
      vertex 32.7778 0.42421 4
    endloop
  endfacet
  facet normal -0.442277 0.896879 0
    outer loop
      vertex 34.7563 3.00261 0
      vertex 34.375 2.81458 4
      vertex 34.7563 3.00261 4
    endloop
  endfacet
  facet normal -0.442277 0.896879 0
    outer loop
      vertex 34.375 2.81458 4
      vertex 34.7563 3.00261 0
      vertex 34.375 2.81458 0
    endloop
  endfacet
  facet normal -0.555536 0.831493 0
    outer loop
      vertex 34.375 2.81458 0
      vertex 34.0215 2.5784 4
      vertex 34.375 2.81458 4
    endloop
  endfacet
  facet normal -0.555536 0.831493 0
    outer loop
      vertex 34.0215 2.5784 4
      vertex 34.375 2.81458 0
      vertex 34.0215 2.5784 0
    endloop
  endfacet
  facet normal -0.195076 0.980788 0
    outer loop
      vertex 35.5758 3.2222 0
      vertex 35.1588 3.13926 4
      vertex 35.5758 3.2222 4
    endloop
  endfacet
  facet normal -0.195076 0.980788 0
    outer loop
      vertex 35.1588 3.13926 4
      vertex 35.5758 3.2222 0
      vertex 35.1588 3.13926 0
    endloop
  endfacet
  facet normal 0.195076 -0.980788 0
    outer loop
      vertex 36.4242 -3.2222 0
      vertex 36.8412 -3.13926 4
      vertex 36.4242 -3.2222 4
    endloop
  endfacet
  facet normal 0.195076 -0.980788 0
    outer loop
      vertex 36.8412 -3.13926 4
      vertex 36.4242 -3.2222 0
      vertex 36.8412 -3.13926 0
    endloop
  endfacet
  facet normal 0.65937 -0.751818 0
    outer loop
      vertex 37.9785 -2.5784 0
      vertex 38.2981 -2.2981 4
      vertex 37.9785 -2.5784 4
    endloop
  endfacet
  facet normal 0.65937 -0.751818 0
    outer loop
      vertex 38.2981 -2.2981 4
      vertex 37.9785 -2.5784 0
      vertex 38.2981 -2.2981 0
    endloop
  endfacet
  facet normal 0.442277 -0.896879 0
    outer loop
      vertex 37.2437 -3.00261 0
      vertex 37.625 -2.81458 4
      vertex 37.2437 -3.00261 4
    endloop
  endfacet
  facet normal 0.442277 -0.896879 0
    outer loop
      vertex 37.625 -2.81458 4
      vertex 37.2437 -3.00261 0
      vertex 37.625 -2.81458 0
    endloop
  endfacet
  facet normal 0.831449 -0.555601 0
    outer loop
      vertex 38.5784 -1.97847 4
      vertex 38.8146 -1.625 0
      vertex 38.8146 -1.625 4
    endloop
  endfacet
  facet normal 0.831449 -0.555601 0
    outer loop
      vertex 38.8146 -1.625 0
      vertex 38.5784 -1.97847 4
      vertex 38.5784 -1.97847 0
    endloop
  endfacet
  facet normal -0.555536 -0.831493 0
    outer loop
      vertex 34.0215 -2.5784 0
      vertex 34.375 -2.81458 4
      vertex 34.0215 -2.5784 4
    endloop
  endfacet
  facet normal -0.555536 -0.831493 -0
    outer loop
      vertex 34.375 -2.81458 4
      vertex 34.0215 -2.5784 0
      vertex 34.375 -2.81458 0
    endloop
  endfacet
  facet normal -0.321481 -0.946916 0
    outer loop
      vertex 34.7563 -3.00261 0
      vertex 35.1588 -3.13926 4
      vertex 34.7563 -3.00261 4
    endloop
  endfacet
  facet normal -0.321481 -0.946916 -0
    outer loop
      vertex 35.1588 -3.13926 4
      vertex 34.7563 -3.00261 0
      vertex 35.1588 -3.13926 0
    endloop
  endfacet
  facet normal -0.0653948 -0.997859 0
    outer loop
      vertex 35.5758 -3.2222 0
      vertex 36 -3.25 4
      vertex 35.5758 -3.2222 4
    endloop
  endfacet
  facet normal -0.0653948 -0.997859 -0
    outer loop
      vertex 36 -3.25 4
      vertex 35.5758 -3.2222 0
      vertex 36 -3.25 0
    endloop
  endfacet
  facet normal -0.896897 -0.442239 0
    outer loop
      vertex 33.1854 -1.625 0
      vertex 32.9974 -1.24372 4
      vertex 32.9974 -1.24372 0
    endloop
  endfacet
  facet normal -0.896897 -0.442239 0
    outer loop
      vertex 32.9974 -1.24372 4
      vertex 33.1854 -1.625 0
      vertex 33.1854 -1.625 4
    endloop
  endfacet
  facet normal -0.751849 -0.659335 0
    outer loop
      vertex 33.7019 -2.2981 0
      vertex 33.4216 -1.97847 4
      vertex 33.4216 -1.97847 0
    endloop
  endfacet
  facet normal -0.751849 -0.659335 0
    outer loop
      vertex 33.4216 -1.97847 4
      vertex 33.7019 -2.2981 0
      vertex 33.7019 -2.2981 4
    endloop
  endfacet
  facet normal -0.980802 -0.195007 0
    outer loop
      vertex 32.8607 -0.841162 0
      vertex 32.7778 -0.42421 4
      vertex 32.7778 -0.42421 0
    endloop
  endfacet
  facet normal -0.980802 -0.195007 0
    outer loop
      vertex 32.7778 -0.42421 4
      vertex 32.8607 -0.841162 0
      vertex 32.8607 -0.841162 4
    endloop
  endfacet
  facet normal 0.321481 -0.946916 0
    outer loop
      vertex 36.8412 -3.13926 0
      vertex 37.2437 -3.00261 4
      vertex 36.8412 -3.13926 4
    endloop
  endfacet
  facet normal 0.321481 -0.946916 0
    outer loop
      vertex 37.2437 -3.00261 4
      vertex 36.8412 -3.13926 0
      vertex 37.2437 -3.00261 0
    endloop
  endfacet
  facet normal 0.751849 -0.659335 0
    outer loop
      vertex 38.2981 -2.2981 4
      vertex 38.5784 -1.97847 0
      vertex 38.5784 -1.97847 4
    endloop
  endfacet
  facet normal 0.751849 -0.659335 0
    outer loop
      vertex 38.5784 -1.97847 0
      vertex 38.2981 -2.2981 4
      vertex 38.2981 -2.2981 0
    endloop
  endfacet
  facet normal 0.555536 -0.831493 0
    outer loop
      vertex 37.625 -2.81458 0
      vertex 37.9785 -2.5784 4
      vertex 37.625 -2.81458 4
    endloop
  endfacet
  facet normal 0.555536 -0.831493 0
    outer loop
      vertex 37.9785 -2.5784 4
      vertex 37.625 -2.81458 0
      vertex 37.9785 -2.5784 0
    endloop
  endfacet
  facet normal 0.980802 -0.195007 0
    outer loop
      vertex 39.1393 -0.841162 4
      vertex 39.2222 -0.42421 0
      vertex 39.2222 -0.42421 4
    endloop
  endfacet
  facet normal 0.980802 -0.195007 0
    outer loop
      vertex 39.2222 -0.42421 0
      vertex 39.1393 -0.841162 4
      vertex 39.1393 -0.841162 0
    endloop
  endfacet
  facet normal 0.896897 -0.442239 0
    outer loop
      vertex 38.8146 -1.625 4
      vertex 39.0026 -1.24372 0
      vertex 39.0026 -1.24372 4
    endloop
  endfacet
  facet normal 0.896897 -0.442239 0
    outer loop
      vertex 39.0026 -1.24372 0
      vertex 38.8146 -1.625 4
      vertex 38.8146 -1.625 0
    endloop
  endfacet
  facet normal -0.442277 -0.896879 0
    outer loop
      vertex 34.375 -2.81458 0
      vertex 34.7563 -3.00261 4
      vertex 34.375 -2.81458 4
    endloop
  endfacet
  facet normal -0.442277 -0.896879 -0
    outer loop
      vertex 34.7563 -3.00261 4
      vertex 34.375 -2.81458 0
      vertex 34.7563 -3.00261 0
    endloop
  endfacet
  facet normal -0.195076 -0.980788 0
    outer loop
      vertex 35.1588 -3.13926 0
      vertex 35.5758 -3.2222 4
      vertex 35.1588 -3.13926 4
    endloop
  endfacet
  facet normal -0.195076 -0.980788 -0
    outer loop
      vertex 35.5758 -3.2222 4
      vertex 35.1588 -3.13926 0
      vertex 35.5758 -3.2222 0
    endloop
  endfacet
  facet normal -0.831449 -0.555601 0
    outer loop
      vertex 33.4216 -1.97847 0
      vertex 33.1854 -1.625 4
      vertex 33.1854 -1.625 0
    endloop
  endfacet
  facet normal -0.831449 -0.555601 0
    outer loop
      vertex 33.1854 -1.625 4
      vertex 33.4216 -1.97847 0
      vertex 33.4216 -1.97847 4
    endloop
  endfacet
  facet normal -0.946894 -0.321545 0
    outer loop
      vertex 32.9974 -1.24372 0
      vertex 32.8607 -0.841162 4
      vertex 32.8607 -0.841162 0
    endloop
  endfacet
  facet normal -0.946894 -0.321545 0
    outer loop
      vertex 32.8607 -0.841162 4
      vertex 32.9974 -1.24372 0
      vertex 32.9974 -1.24372 4
    endloop
  endfacet
  facet normal 0.99786 -0.0653933 0
    outer loop
      vertex 39.2222 -0.42421 4
      vertex 39.25 0 0
      vertex 39.25 0 4
    endloop
  endfacet
  facet normal 0.99786 -0.0653933 0
    outer loop
      vertex 39.25 0 0
      vertex 39.2222 -0.42421 4
      vertex 39.2222 -0.42421 0
    endloop
  endfacet
  facet normal -0.997845 -0.0656179 0
    outer loop
      vertex 37.2 0 0
      vertex 37.1897 0.156631 4
      vertex 37.1897 0.156631 0
    endloop
  endfacet
  facet normal -0.997845 -0.0656179 0
    outer loop
      vertex 37.1897 0.156631 4
      vertex 37.2 0 0
      vertex 37.2 0 4
    endloop
  endfacet
  facet normal 0.997845 -0.0656179 0
    outer loop
      vertex 34.8 0 4
      vertex 34.8103 0.156631 0
      vertex 34.8103 0.156631 4
    endloop
  endfacet
  facet normal 0.997845 -0.0656179 0
    outer loop
      vertex 34.8103 0.156631 0
      vertex 34.8 0 4
      vertex 34.8 0 0
    endloop
  endfacet
  facet normal -0.0654405 -0.997856 0
    outer loop
      vertex 36 1.2 0
      vertex 36.1566 1.18973 4
      vertex 36 1.2 4
    endloop
  endfacet
  facet normal -0.0654405 -0.997856 -0
    outer loop
      vertex 36.1566 1.18973 4
      vertex 36 1.2 0
      vertex 36.1566 1.18973 0
    endloop
  endfacet
  facet normal 0.751826 0.659362 0
    outer loop
      vertex 35.1515 -0.848528 4
      vertex 35.048 -0.730514 0
      vertex 35.048 -0.730514 4
    endloop
  endfacet
  facet normal 0.751826 0.659362 0
    outer loop
      vertex 35.048 -0.730514 0
      vertex 35.1515 -0.848528 4
      vertex 35.1515 -0.848528 0
    endloop
  endfacet
  facet normal -0.751826 -0.659362 0
    outer loop
      vertex 36.952 0.730514 0
      vertex 36.8485 0.848528 4
      vertex 36.8485 0.848528 0
    endloop
  endfacet
  facet normal -0.751826 -0.659362 0
    outer loop
      vertex 36.8485 0.848528 4
      vertex 36.952 0.730514 0
      vertex 36.952 0.730514 4
    endloop
  endfacet
  facet normal 0.659392 -0.751799 0
    outer loop
      vertex 35.1515 0.848528 0
      vertex 35.2695 0.952024 4
      vertex 35.1515 0.848528 4
    endloop
  endfacet
  facet normal 0.659392 -0.751799 0
    outer loop
      vertex 35.2695 0.952024 4
      vertex 35.1515 0.848528 0
      vertex 35.2695 0.952024 0
    endloop
  endfacet
  facet normal 0.321537 -0.946897 0
    outer loop
      vertex 35.5408 1.10865 0
      vertex 35.6894 1.15911 4
      vertex 35.5408 1.10865 4
    endloop
  endfacet
  facet normal 0.321537 -0.946897 0
    outer loop
      vertex 35.6894 1.15911 4
      vertex 35.5408 1.10865 0
      vertex 35.6894 1.15911 0
    endloop
  endfacet
  facet normal 0.947038 0.321121 0
    outer loop
      vertex 34.8913 -0.45922 4
      vertex 34.8409 -0.310582 0
      vertex 34.8409 -0.310582 4
    endloop
  endfacet
  facet normal 0.947038 0.321121 0
    outer loop
      vertex 34.8409 -0.310582 0
      vertex 34.8913 -0.45922 4
      vertex 34.8913 -0.45922 0
    endloop
  endfacet
  facet normal -0.896682 -0.442675 0
    outer loop
      vertex 37.1087 0.45922 0
      vertex 37.0392 0.599999 4
      vertex 37.0392 0.599999 0
    endloop
  endfacet
  facet normal -0.896682 -0.442675 0
    outer loop
      vertex 37.0392 0.599999 4
      vertex 37.1087 0.45922 0
      vertex 37.1087 0.45922 4
    endloop
  endfacet
  facet normal -0.831491 -0.555538 0
    outer loop
      vertex 37.0392 0.599999 0
      vertex 36.952 0.730514 4
      vertex 36.952 0.730514 0
    endloop
  endfacet
  facet normal -0.831491 -0.555538 0
    outer loop
      vertex 36.952 0.730514 4
      vertex 37.0392 0.599999 0
      vertex 37.0392 0.599999 4
    endloop
  endfacet
  facet normal -0.442212 -0.89691 0
    outer loop
      vertex 36.4592 1.10865 0
      vertex 36.6 1.03923 4
      vertex 36.4592 1.10865 4
    endloop
  endfacet
  facet normal -0.442212 -0.89691 -0
    outer loop
      vertex 36.6 1.03923 4
      vertex 36.4592 1.10865 0
      vertex 36.6 1.03923 0
    endloop
  endfacet
  facet normal -0.555608 -0.831444 0
    outer loop
      vertex 36.6 1.03923 0
      vertex 36.7305 0.952024 4
      vertex 36.6 1.03923 4
    endloop
  endfacet
  facet normal -0.555608 -0.831444 -0
    outer loop
      vertex 36.7305 0.952024 4
      vertex 36.6 1.03923 0
      vertex 36.7305 0.952024 0
    endloop
  endfacet
  facet normal 0.896682 -0.442675 0
    outer loop
      vertex 34.8913 0.45922 4
      vertex 34.9608 0.599999 0
      vertex 34.9608 0.599999 4
    endloop
  endfacet
  facet normal 0.896682 -0.442675 0
    outer loop
      vertex 34.9608 0.599999 0
      vertex 34.8913 0.45922 4
      vertex 34.8913 0.45922 0
    endloop
  endfacet
  facet normal 0.442212 -0.89691 0
    outer loop
      vertex 35.4 1.03923 0
      vertex 35.5408 1.10865 4
      vertex 35.4 1.03923 4
    endloop
  endfacet
  facet normal 0.442212 -0.89691 0
    outer loop
      vertex 35.5408 1.10865 4
      vertex 35.4 1.03923 0
      vertex 35.5408 1.10865 0
    endloop
  endfacet
  facet normal 0.0654405 -0.997856 0
    outer loop
      vertex 35.8434 1.18973 0
      vertex 36 1.2 4
      vertex 35.8434 1.18973 4
    endloop
  endfacet
  facet normal 0.0654405 -0.997856 0
    outer loop
      vertex 36 1.2 4
      vertex 35.8434 1.18973 0
      vertex 36 1.2 0
    endloop
  endfacet
  facet normal -0.321537 0.946897 0
    outer loop
      vertex 36.4592 -1.10865 0
      vertex 36.3106 -1.15911 4
      vertex 36.4592 -1.10865 4
    endloop
  endfacet
  facet normal -0.321537 0.946897 0
    outer loop
      vertex 36.3106 -1.15911 4
      vertex 36.4592 -1.10865 0
      vertex 36.3106 -1.15911 0
    endloop
  endfacet
  facet normal -0.0654405 0.997856 0
    outer loop
      vertex 36.1566 -1.18973 0
      vertex 36 -1.2 4
      vertex 36.1566 -1.18973 4
    endloop
  endfacet
  facet normal -0.0654405 0.997856 0
    outer loop
      vertex 36 -1.2 4
      vertex 36.1566 -1.18973 0
      vertex 36 -1.2 0
    endloop
  endfacet
  facet normal -0.442212 0.89691 0
    outer loop
      vertex 36.6 -1.03923 0
      vertex 36.4592 -1.10865 4
      vertex 36.6 -1.03923 4
    endloop
  endfacet
  facet normal -0.442212 0.89691 0
    outer loop
      vertex 36.4592 -1.10865 4
      vertex 36.6 -1.03923 0
      vertex 36.4592 -1.10865 0
    endloop
  endfacet
  facet normal 0.896682 0.442675 0
    outer loop
      vertex 34.9608 -0.599999 4
      vertex 34.8913 -0.45922 0
      vertex 34.8913 -0.45922 4
    endloop
  endfacet
  facet normal 0.896682 0.442675 0
    outer loop
      vertex 34.8913 -0.45922 0
      vertex 34.9608 -0.599999 4
      vertex 34.9608 -0.599999 0
    endloop
  endfacet
  facet normal 0.997845 0.0656179 0
    outer loop
      vertex 34.8103 -0.156631 4
      vertex 34.8 0 0
      vertex 34.8 0 4
    endloop
  endfacet
  facet normal 0.997845 0.0656179 0
    outer loop
      vertex 34.8 0 0
      vertex 34.8103 -0.156631 4
      vertex 34.8103 -0.156631 0
    endloop
  endfacet
  facet normal -0.947038 -0.321121 0
    outer loop
      vertex 37.1591 0.310582 0
      vertex 37.1087 0.45922 4
      vertex 37.1087 0.45922 0
    endloop
  endfacet
  facet normal -0.947038 -0.321121 0
    outer loop
      vertex 37.1087 0.45922 4
      vertex 37.1591 0.310582 0
      vertex 37.1591 0.310582 4
    endloop
  endfacet
  facet normal -0.980813 -0.194951 0
    outer loop
      vertex 37.1897 0.156631 0
      vertex 37.1591 0.310582 4
      vertex 37.1591 0.310582 0
    endloop
  endfacet
  facet normal -0.980813 -0.194951 0
    outer loop
      vertex 37.1591 0.310582 4
      vertex 37.1897 0.156631 0
      vertex 37.1897 0.156631 4
    endloop
  endfacet
  facet normal -0.321537 -0.946897 0
    outer loop
      vertex 36.3106 1.15911 0
      vertex 36.4592 1.10865 4
      vertex 36.3106 1.15911 4
    endloop
  endfacet
  facet normal -0.321537 -0.946897 -0
    outer loop
      vertex 36.4592 1.10865 4
      vertex 36.3106 1.15911 0
      vertex 36.4592 1.10865 0
    endloop
  endfacet
  facet normal -0.195014 -0.980801 0
    outer loop
      vertex 36.1566 1.18973 0
      vertex 36.3106 1.15911 4
      vertex 36.1566 1.18973 4
    endloop
  endfacet
  facet normal -0.195014 -0.980801 -0
    outer loop
      vertex 36.3106 1.15911 4
      vertex 36.1566 1.18973 0
      vertex 36.3106 1.15911 0
    endloop
  endfacet
  facet normal -0.659392 -0.751799 0
    outer loop
      vertex 36.7305 0.952024 0
      vertex 36.8485 0.848528 4
      vertex 36.7305 0.952024 4
    endloop
  endfacet
  facet normal -0.659392 -0.751799 -0
    outer loop
      vertex 36.8485 0.848528 4
      vertex 36.7305 0.952024 0
      vertex 36.8485 0.848528 0
    endloop
  endfacet
  facet normal 0.831491 -0.555538 0
    outer loop
      vertex 34.9608 0.599999 4
      vertex 35.048 0.730514 0
      vertex 35.048 0.730514 4
    endloop
  endfacet
  facet normal 0.831491 -0.555538 0
    outer loop
      vertex 35.048 0.730514 0
      vertex 34.9608 0.599999 4
      vertex 34.9608 0.599999 0
    endloop
  endfacet
  facet normal 0.751826 -0.659362 0
    outer loop
      vertex 35.048 0.730514 4
      vertex 35.1515 0.848528 0
      vertex 35.1515 0.848528 4
    endloop
  endfacet
  facet normal 0.751826 -0.659362 0
    outer loop
      vertex 35.1515 0.848528 0
      vertex 35.048 0.730514 4
      vertex 35.048 0.730514 0
    endloop
  endfacet
  facet normal 0.947038 -0.321121 0
    outer loop
      vertex 34.8409 0.310582 4
      vertex 34.8913 0.45922 0
      vertex 34.8913 0.45922 4
    endloop
  endfacet
  facet normal 0.947038 -0.321121 0
    outer loop
      vertex 34.8913 0.45922 0
      vertex 34.8409 0.310582 4
      vertex 34.8409 0.310582 0
    endloop
  endfacet
  facet normal 0.980813 -0.194951 0
    outer loop
      vertex 34.8103 0.156631 4
      vertex 34.8409 0.310582 0
      vertex 34.8409 0.310582 4
    endloop
  endfacet
  facet normal 0.980813 -0.194951 0
    outer loop
      vertex 34.8409 0.310582 0
      vertex 34.8103 0.156631 4
      vertex 34.8103 0.156631 0
    endloop
  endfacet
  facet normal 0.555608 -0.831444 0
    outer loop
      vertex 35.2695 0.952024 0
      vertex 35.4 1.03923 4
      vertex 35.2695 0.952024 4
    endloop
  endfacet
  facet normal 0.555608 -0.831444 0
    outer loop
      vertex 35.4 1.03923 4
      vertex 35.2695 0.952024 0
      vertex 35.4 1.03923 0
    endloop
  endfacet
  facet normal 0.195014 -0.980801 0
    outer loop
      vertex 35.6894 1.15911 0
      vertex 35.8434 1.18973 4
      vertex 35.6894 1.15911 4
    endloop
  endfacet
  facet normal 0.195014 -0.980801 0
    outer loop
      vertex 35.8434 1.18973 4
      vertex 35.6894 1.15911 0
      vertex 35.8434 1.18973 0
    endloop
  endfacet
  facet normal -0.997845 0.0656179 0
    outer loop
      vertex 37.1897 -0.156631 0
      vertex 37.2 0 4
      vertex 37.2 0 0
    endloop
  endfacet
  facet normal -0.997845 0.0656179 0
    outer loop
      vertex 37.2 0 4
      vertex 37.1897 -0.156631 0
      vertex 37.1897 -0.156631 4
    endloop
  endfacet
  facet normal -0.195014 0.980801 0
    outer loop
      vertex 36.3106 -1.15911 0
      vertex 36.1566 -1.18973 4
      vertex 36.3106 -1.15911 4
    endloop
  endfacet
  facet normal -0.195014 0.980801 0
    outer loop
      vertex 36.1566 -1.18973 4
      vertex 36.3106 -1.15911 0
      vertex 36.1566 -1.18973 0
    endloop
  endfacet
  facet normal -0.555608 0.831444 0
    outer loop
      vertex 36.7305 -0.952024 0
      vertex 36.6 -1.03923 4
      vertex 36.7305 -0.952024 4
    endloop
  endfacet
  facet normal -0.555608 0.831444 0
    outer loop
      vertex 36.6 -1.03923 4
      vertex 36.7305 -0.952024 0
      vertex 36.6 -1.03923 0
    endloop
  endfacet
  facet normal -0.751826 0.659362 0
    outer loop
      vertex 36.8485 -0.848528 0
      vertex 36.952 -0.730514 4
      vertex 36.952 -0.730514 0
    endloop
  endfacet
  facet normal -0.751826 0.659362 0
    outer loop
      vertex 36.952 -0.730514 4
      vertex 36.8485 -0.848528 0
      vertex 36.8485 -0.848528 4
    endloop
  endfacet
  facet normal -0.896682 0.442675 0
    outer loop
      vertex 37.0392 -0.599999 0
      vertex 37.1087 -0.45922 4
      vertex 37.1087 -0.45922 0
    endloop
  endfacet
  facet normal -0.896682 0.442675 0
    outer loop
      vertex 37.1087 -0.45922 4
      vertex 37.0392 -0.599999 0
      vertex 37.0392 -0.599999 4
    endloop
  endfacet
  facet normal 0.659392 0.751799 -0
    outer loop
      vertex 35.2695 -0.952024 0
      vertex 35.1515 -0.848528 4
      vertex 35.2695 -0.952024 4
    endloop
  endfacet
  facet normal 0.659392 0.751799 0
    outer loop
      vertex 35.1515 -0.848528 4
      vertex 35.2695 -0.952024 0
      vertex 35.1515 -0.848528 0
    endloop
  endfacet
  facet normal 0.442212 0.89691 -0
    outer loop
      vertex 35.5408 -1.10865 0
      vertex 35.4 -1.03923 4
      vertex 35.5408 -1.10865 4
    endloop
  endfacet
  facet normal 0.442212 0.89691 0
    outer loop
      vertex 35.4 -1.03923 4
      vertex 35.5408 -1.10865 0
      vertex 35.4 -1.03923 0
    endloop
  endfacet
  facet normal 0.321537 0.946897 -0
    outer loop
      vertex 35.6894 -1.15911 0
      vertex 35.5408 -1.10865 4
      vertex 35.6894 -1.15911 4
    endloop
  endfacet
  facet normal 0.321537 0.946897 0
    outer loop
      vertex 35.5408 -1.10865 4
      vertex 35.6894 -1.15911 0
      vertex 35.5408 -1.10865 0
    endloop
  endfacet
  facet normal 0.0654405 0.997856 -0
    outer loop
      vertex 36 -1.2 0
      vertex 35.8434 -1.18973 4
      vertex 36 -1.2 4
    endloop
  endfacet
  facet normal 0.0654405 0.997856 0
    outer loop
      vertex 35.8434 -1.18973 4
      vertex 36 -1.2 0
      vertex 35.8434 -1.18973 0
    endloop
  endfacet
  facet normal 0.831491 0.555538 0
    outer loop
      vertex 35.048 -0.730514 4
      vertex 34.9608 -0.599999 0
      vertex 34.9608 -0.599999 4
    endloop
  endfacet
  facet normal 0.831491 0.555538 0
    outer loop
      vertex 34.9608 -0.599999 0
      vertex 35.048 -0.730514 4
      vertex 35.048 -0.730514 0
    endloop
  endfacet
  facet normal 0.980813 0.194951 0
    outer loop
      vertex 34.8409 -0.310582 4
      vertex 34.8103 -0.156631 0
      vertex 34.8103 -0.156631 4
    endloop
  endfacet
  facet normal 0.980813 0.194951 0
    outer loop
      vertex 34.8103 -0.156631 0
      vertex 34.8409 -0.310582 4
      vertex 34.8409 -0.310582 0
    endloop
  endfacet
  facet normal -0.659392 0.751799 0
    outer loop
      vertex 36.8485 -0.848528 0
      vertex 36.7305 -0.952024 4
      vertex 36.8485 -0.848528 4
    endloop
  endfacet
  facet normal -0.659392 0.751799 0
    outer loop
      vertex 36.7305 -0.952024 4
      vertex 36.8485 -0.848528 0
      vertex 36.7305 -0.952024 0
    endloop
  endfacet
  facet normal -0.831491 0.555538 0
    outer loop
      vertex 36.952 -0.730514 0
      vertex 37.0392 -0.599999 4
      vertex 37.0392 -0.599999 0
    endloop
  endfacet
  facet normal -0.831491 0.555538 0
    outer loop
      vertex 37.0392 -0.599999 4
      vertex 36.952 -0.730514 0
      vertex 36.952 -0.730514 4
    endloop
  endfacet
  facet normal -0.980813 0.194951 0
    outer loop
      vertex 37.1591 -0.310582 0
      vertex 37.1897 -0.156631 4
      vertex 37.1897 -0.156631 0
    endloop
  endfacet
  facet normal -0.980813 0.194951 0
    outer loop
      vertex 37.1897 -0.156631 4
      vertex 37.1591 -0.310582 0
      vertex 37.1591 -0.310582 4
    endloop
  endfacet
  facet normal -0.947038 0.321121 0
    outer loop
      vertex 37.1087 -0.45922 0
      vertex 37.1591 -0.310582 4
      vertex 37.1591 -0.310582 0
    endloop
  endfacet
  facet normal -0.947038 0.321121 0
    outer loop
      vertex 37.1591 -0.310582 4
      vertex 37.1087 -0.45922 0
      vertex 37.1087 -0.45922 4
    endloop
  endfacet
  facet normal 0.555608 0.831444 -0
    outer loop
      vertex 35.4 -1.03923 0
      vertex 35.2695 -0.952024 4
      vertex 35.4 -1.03923 4
    endloop
  endfacet
  facet normal 0.555608 0.831444 0
    outer loop
      vertex 35.2695 -0.952024 4
      vertex 35.4 -1.03923 0
      vertex 35.2695 -0.952024 0
    endloop
  endfacet
  facet normal 0.195014 0.980801 -0
    outer loop
      vertex 35.8434 -1.18973 0
      vertex 35.6894 -1.15911 4
      vertex 35.8434 -1.18973 4
    endloop
  endfacet
  facet normal 0.195014 0.980801 0
    outer loop
      vertex 35.6894 -1.15911 4
      vertex 35.8434 -1.18973 0
      vertex 35.6894 -1.15911 0
    endloop
  endfacet
endsolid OpenSCAD_Model
