solid OpenSCAD_Model
  facet normal -1 0 0
    outer loop
      vertex -29 20 0
      vertex -29 5.5 4
      vertex -29 20 4
    endloop
  endfacet
  facet normal -1 0 0
    outer loop
      vertex -29 5.5 4
      vertex -29 -5.5 4
      vertex -29 5.5 6
    endloop
  endfacet
  facet normal -1 0 0
    outer loop
      vertex -29 20 0
      vertex -29 -5.5 4
      vertex -29 5.5 4
    endloop
  endfacet
  facet normal -1 0 0
    outer loop
      vertex -29 -20 0
      vertex -29 -5.5 4
      vertex -29 20 0
    endloop
  endfacet
  facet normal -1 -0 0
    outer loop
      vertex -29 -5.5 4
      vertex -29 -20 0
      vertex -29 -9 4
    endloop
  endfacet
  facet normal -1 0 0
    outer loop
      vertex -29 -20 7
      vertex -29 -9 4
      vertex -29 -20 0
    endloop
  endfacet
  facet normal -1 0 0
    outer loop
      vertex -29 -9 4
      vertex -29 -20 7
      vertex -29 -9 7
    endloop
  endfacet
  facet normal -1 -0 0
    outer loop
      vertex -29 5.5 6
      vertex -29 -5.5 4
      vertex -29 -5.5 6
    endloop
  endfacet
  facet normal 0 0 1
    outer loop
      vertex 18.0202 13.6976 4
      vertex 29 20 4
      vertex 18.05 14 4
    endloop
  endfacet
  facet normal 0 0 1
    outer loop
      vertex 29 20 4
      vertex 18.0202 14.3024 4
      vertex 18.05 14 4
    endloop
  endfacet
  facet normal 0 0 1
    outer loop
      vertex 29 20 4
      vertex 17.932 14.5932 4
      vertex 18.0202 14.3024 4
    endloop
  endfacet
  facet normal 0 0 1
    outer loop
      vertex 29 20 4
      vertex 17.7888 14.8611 4
      vertex 17.932 14.5932 4
    endloop
  endfacet
  facet normal 0 0 1
    outer loop
      vertex 29 20 4
      vertex 17.596 15.096 4
      vertex 17.7888 14.8611 4
    endloop
  endfacet
  facet normal 0 0 1
    outer loop
      vertex 29 20 4
      vertex 17.3611 15.2888 4
      vertex 17.596 15.096 4
    endloop
  endfacet
  facet normal 0 0 1
    outer loop
      vertex 29 20 4
      vertex 17.0932 15.432 4
      vertex 17.3611 15.2888 4
    endloop
  endfacet
  facet normal 0 0 1
    outer loop
      vertex 29 20 4
      vertex 16.8024 15.5202 4
      vertex 17.0932 15.432 4
    endloop
  endfacet
  facet normal 0 0 1
    outer loop
      vertex 29 20 4
      vertex 16.5 15.55 4
      vertex 16.8024 15.5202 4
    endloop
  endfacet
  facet normal 0 0 1
    outer loop
      vertex 29 20 4
      vertex 16.1976 15.5202 4
      vertex 16.5 15.55 4
    endloop
  endfacet
  facet normal 0 0 1
    outer loop
      vertex 0.282881 15.4221 4
      vertex 16.1976 15.5202 4
      vertex 29 20 4
    endloop
  endfacet
  facet normal 0 0 1
    outer loop
      vertex 14.9798 14.3024 4
      vertex 1.45 14 4
      vertex 14.95 14 4
    endloop
  endfacet
  facet normal 0 0 1
    outer loop
      vertex 1.42214 14.2829 4
      vertex 14.9798 14.3024 4
      vertex 15.068 14.5932 4
    endloop
  endfacet
  facet normal 0 0 1
    outer loop
      vertex 1.33962 14.5549 4
      vertex 15.068 14.5932 4
      vertex 15.2112 14.8611 4
    endloop
  endfacet
  facet normal 0 0 1
    outer loop
      vertex 1.20563 14.8056 4
      vertex 15.2112 14.8611 4
      vertex 15.404 15.096 4
    endloop
  endfacet
  facet normal -0 0 1
    outer loop
      vertex 0.805576 15.2056 4
      vertex 15.404 15.096 4
      vertex 15.6389 15.2888 4
    endloop
  endfacet
  facet normal -0 0 1
    outer loop
      vertex 0.554891 15.3396 4
      vertex 15.6389 15.2888 4
      vertex 15.9068 15.432 4
    endloop
  endfacet
  facet normal 0 0 1
    outer loop
      vertex 16.1976 15.5202 4
      vertex 0.282881 15.4221 4
      vertex 15.9068 15.432 4
    endloop
  endfacet
  facet normal 0 0 1
    outer loop
      vertex 14.9798 14.3024 4
      vertex 1.42214 14.2829 4
      vertex 1.45 14 4
    endloop
  endfacet
  facet normal 0 0 1
    outer loop
      vertex 15.068 14.5932 4
      vertex 1.33962 14.5549 4
      vertex 1.42214 14.2829 4
    endloop
  endfacet
  facet normal 0 0 1
    outer loop
      vertex 15.2112 14.8611 4
      vertex 1.20563 14.8056 4
      vertex 1.33962 14.5549 4
    endloop
  endfacet
  facet normal 0 0 1
    outer loop
      vertex 15.404 15.096 4
      vertex 1.0253 15.0253 4
      vertex 1.20563 14.8056 4
    endloop
  endfacet
  facet normal 0 0 1
    outer loop
      vertex 15.404 15.096 4
      vertex 0.805576 15.2056 4
      vertex 1.0253 15.0253 4
    endloop
  endfacet
  facet normal 0 0 1
    outer loop
      vertex 15.6389 15.2888 4
      vertex 0.554891 15.3396 4
      vertex 0.805576 15.2056 4
    endloop
  endfacet
  facet normal 0 0 1
    outer loop
      vertex 15.9068 15.432 4
      vertex 0.282881 15.4221 4
      vertex 0.554891 15.3396 4
    endloop
  endfacet
  facet normal 0 0 1
    outer loop
      vertex 29 20 4
      vertex 0 15.45 4
      vertex 0.282881 15.4221 4
    endloop
  endfacet
  facet normal -0 0 1
    outer loop
      vertex -29 20 4
      vertex 0 15.45 4
      vertex 29 20 4
    endloop
  endfacet
  facet normal 0 0 1
    outer loop
      vertex -1.42214 14.2829 4
      vertex -15.15 14 4
      vertex -1.45 14 4
    endloop
  endfacet
  facet normal 0 0 1
    outer loop
      vertex -15.1759 14.2634 4
      vertex -1.42214 14.2829 4
      vertex -1.33962 14.5549 4
    endloop
  endfacet
  facet normal 0 0 1
    outer loop
      vertex -15.2528 14.5166 4
      vertex -1.33962 14.5549 4
      vertex -1.20563 14.8056 4
    endloop
  endfacet
  facet normal 0 0 1
    outer loop
      vertex -15.3775 14.75 4
      vertex -1.20563 14.8056 4
      vertex -1.0253 15.0253 4
    endloop
  endfacet
  facet normal -0 0 1
    outer loop
      vertex -15.75 15.1225 4
      vertex -1.0253 15.0253 4
      vertex -0.805576 15.2056 4
    endloop
  endfacet
  facet normal -0 0 1
    outer loop
      vertex -15.9834 15.2472 4
      vertex -0.805576 15.2056 4
      vertex -0.554891 15.3396 4
    endloop
  endfacet
  facet normal 0 0 1
    outer loop
      vertex -16.2366 15.3241 4
      vertex -0.554891 15.3396 4
      vertex -0.282881 15.4221 4
    endloop
  endfacet
  facet normal 0 0 1
    outer loop
      vertex 0 15.45 4
      vertex -29 20 4
      vertex -0.282881 15.4221 4
    endloop
  endfacet
  facet normal 0 0 1
    outer loop
      vertex -1.42214 14.2829 4
      vertex -15.1759 14.2634 4
      vertex -15.15 14 4
    endloop
  endfacet
  facet normal 0 0 1
    outer loop
      vertex -1.33962 14.5549 4
      vertex -15.2528 14.5166 4
      vertex -15.1759 14.2634 4
    endloop
  endfacet
  facet normal 0 0 1
    outer loop
      vertex -1.20563 14.8056 4
      vertex -15.3775 14.75 4
      vertex -15.2528 14.5166 4
    endloop
  endfacet
  facet normal 0 0 1
    outer loop
      vertex -1.0253 15.0253 4
      vertex -15.5454 14.9546 4
      vertex -15.3775 14.75 4
    endloop
  endfacet
  facet normal 0 0 1
    outer loop
      vertex -1.0253 15.0253 4
      vertex -15.75 15.1225 4
      vertex -15.5454 14.9546 4
    endloop
  endfacet
  facet normal 0 0 1
    outer loop
      vertex -0.805576 15.2056 4
      vertex -15.9834 15.2472 4
      vertex -15.75 15.1225 4
    endloop
  endfacet
  facet normal 0 0 1
    outer loop
      vertex -0.554891 15.3396 4
      vertex -16.2366 15.3241 4
      vertex -15.9834 15.2472 4
    endloop
  endfacet
  facet normal 0 0 1
    outer loop
      vertex -0.282881 15.4221 4
      vertex -29 20 4
      vertex -16.2366 15.3241 4
    endloop
  endfacet
  facet normal 0 0 1
    outer loop
      vertex -16.2366 15.3241 4
      vertex -29 20 4
      vertex -16.5 15.35 4
    endloop
  endfacet
  facet normal 0 0 1
    outer loop
      vertex -17.8241 14.2634 4
      vertex -29 20 4
      vertex -17.85 14 4
    endloop
  endfacet
  facet normal 0 0 1
    outer loop
      vertex -17.7472 14.5166 4
      vertex -29 20 4
      vertex -17.8241 14.2634 4
    endloop
  endfacet
  facet normal 0 0 1
    outer loop
      vertex -17.6225 14.75 4
      vertex -29 20 4
      vertex -17.7472 14.5166 4
    endloop
  endfacet
  facet normal 0 0 1
    outer loop
      vertex -17.4546 14.9546 4
      vertex -29 20 4
      vertex -17.6225 14.75 4
    endloop
  endfacet
  facet normal 0 0 1
    outer loop
      vertex -17.25 15.1225 4
      vertex -29 20 4
      vertex -17.4546 14.9546 4
    endloop
  endfacet
  facet normal 0 0 1
    outer loop
      vertex -17.0166 15.2472 4
      vertex -29 20 4
      vertex -17.25 15.1225 4
    endloop
  endfacet
  facet normal 0 0 1
    outer loop
      vertex -16.7634 15.3241 4
      vertex -29 20 4
      vertex -17.0166 15.2472 4
    endloop
  endfacet
  facet normal 0 0 1
    outer loop
      vertex -16.5 15.35 4
      vertex -29 20 4
      vertex -16.7634 15.3241 4
    endloop
  endfacet
  facet normal 0 0 1
    outer loop
      vertex 29 20 4
      vertex 18.0202 13.6976 4
      vertex 29 5.5 4
    endloop
  endfacet
  facet normal -0 0 1
    outer loop
      vertex 17.932 13.4068 4
      vertex 29 5.5 4
      vertex 18.0202 13.6976 4
    endloop
  endfacet
  facet normal -0 0 1
    outer loop
      vertex 17.7888 13.1389 4
      vertex 29 5.5 4
      vertex 17.932 13.4068 4
    endloop
  endfacet
  facet normal -0 0 1
    outer loop
      vertex 17.596 12.904 4
      vertex 29 5.5 4
      vertex 17.7888 13.1389 4
    endloop
  endfacet
  facet normal -0 0 1
    outer loop
      vertex 17.3611 12.7112 4
      vertex 29 5.5 4
      vertex 17.596 12.904 4
    endloop
  endfacet
  facet normal -0 0 1
    outer loop
      vertex 17.0932 12.568 4
      vertex 29 5.5 4
      vertex 17.3611 12.7112 4
    endloop
  endfacet
  facet normal -0 0 1
    outer loop
      vertex 16.8024 12.4798 4
      vertex 29 5.5 4
      vertex 17.0932 12.568 4
    endloop
  endfacet
  facet normal -0 0 1
    outer loop
      vertex 16.5 12.45 4
      vertex 29 5.5 4
      vertex 16.8024 12.4798 4
    endloop
  endfacet
  facet normal 0 0 1
    outer loop
      vertex 16.1976 12.4798 4
      vertex 29 5.5 4
      vertex 16.5 12.45 4
    endloop
  endfacet
  facet normal 0 0 1
    outer loop
      vertex 0.282881 12.5779 4
      vertex 16.1976 12.4798 4
      vertex 15.9068 12.568 4
    endloop
  endfacet
  facet normal -0 0 1
    outer loop
      vertex 0.554891 12.6604 4
      vertex 15.9068 12.568 4
      vertex 15.6389 12.7112 4
    endloop
  endfacet
  facet normal -0 0 1
    outer loop
      vertex 1.45 14 4
      vertex 14.9798 13.6976 4
      vertex 14.95 14 4
    endloop
  endfacet
  facet normal -0 0 1
    outer loop
      vertex 1.42214 13.7171 4
      vertex 14.9798 13.6976 4
      vertex 1.45 14 4
    endloop
  endfacet
  facet normal 0 0 1
    outer loop
      vertex 14.9798 13.6976 4
      vertex 1.42214 13.7171 4
      vertex 15.068 13.4068 4
    endloop
  endfacet
  facet normal -0 0 1
    outer loop
      vertex 1.33962 13.4451 4
      vertex 15.068 13.4068 4
      vertex 1.42214 13.7171 4
    endloop
  endfacet
  facet normal 0 0 1
    outer loop
      vertex 15.068 13.4068 4
      vertex 1.33962 13.4451 4
      vertex 15.2112 13.1389 4
    endloop
  endfacet
  facet normal -0 0 1
    outer loop
      vertex 1.20563 13.1944 4
      vertex 15.2112 13.1389 4
      vertex 1.33962 13.4451 4
    endloop
  endfacet
  facet normal 0 0 1
    outer loop
      vertex 15.2112 13.1389 4
      vertex 1.20563 13.1944 4
      vertex 15.404 12.904 4
    endloop
  endfacet
  facet normal -0 0 1
    outer loop
      vertex 1.0253 12.9747 4
      vertex 15.404 12.904 4
      vertex 1.20563 13.1944 4
    endloop
  endfacet
  facet normal 0 0 1
    outer loop
      vertex 0.805576 12.7944 4
      vertex 15.404 12.904 4
      vertex 1.0253 12.9747 4
    endloop
  endfacet
  facet normal 0 0 1
    outer loop
      vertex 15.404 12.904 4
      vertex 0.805576 12.7944 4
      vertex 15.6389 12.7112 4
    endloop
  endfacet
  facet normal 0 0 1
    outer loop
      vertex 0.554891 12.6604 4
      vertex 15.6389 12.7112 4
      vertex 0.805576 12.7944 4
    endloop
  endfacet
  facet normal 0 0 1
    outer loop
      vertex 15.9068 12.568 4
      vertex 0.554891 12.6604 4
      vertex 0.282881 12.5779 4
    endloop
  endfacet
  facet normal 0 0 1
    outer loop
      vertex 16.1976 12.4798 4
      vertex 0.282881 12.5779 4
      vertex 29 5.5 4
    endloop
  endfacet
  facet normal -0 0 1
    outer loop
      vertex 0 12.55 4
      vertex 29 5.5 4
      vertex 0.282881 12.5779 4
    endloop
  endfacet
  facet normal 0 0 1
    outer loop
      vertex -29 5.5 4
      vertex 0 12.55 4
      vertex -0.282881 12.5779 4
    endloop
  endfacet
  facet normal -0 0 1
    outer loop
      vertex -15.15 14 4
      vertex -1.42214 13.7171 4
      vertex -1.45 14 4
    endloop
  endfacet
  facet normal -0 0 1
    outer loop
      vertex -15.1759 13.7366 4
      vertex -1.42214 13.7171 4
      vertex -15.15 14 4
    endloop
  endfacet
  facet normal 0 0 1
    outer loop
      vertex -1.42214 13.7171 4
      vertex -15.1759 13.7366 4
      vertex -1.33962 13.4451 4
    endloop
  endfacet
  facet normal -0 0 1
    outer loop
      vertex -15.2528 13.4834 4
      vertex -1.33962 13.4451 4
      vertex -15.1759 13.7366 4
    endloop
  endfacet
  facet normal 0 0 1
    outer loop
      vertex -1.33962 13.4451 4
      vertex -15.2528 13.4834 4
      vertex -1.20563 13.1944 4
    endloop
  endfacet
  facet normal -0 0 1
    outer loop
      vertex -15.3775 13.25 4
      vertex -1.20563 13.1944 4
      vertex -15.2528 13.4834 4
    endloop
  endfacet
  facet normal 0 0 1
    outer loop
      vertex -1.20563 13.1944 4
      vertex -15.3775 13.25 4
      vertex -1.0253 12.9747 4
    endloop
  endfacet
  facet normal -0 0 1
    outer loop
      vertex -15.5454 13.0454 4
      vertex -1.0253 12.9747 4
      vertex -15.3775 13.25 4
    endloop
  endfacet
  facet normal 0 0 1
    outer loop
      vertex -15.75 12.8775 4
      vertex -1.0253 12.9747 4
      vertex -15.5454 13.0454 4
    endloop
  endfacet
  facet normal 0 0 1
    outer loop
      vertex -1.0253 12.9747 4
      vertex -15.75 12.8775 4
      vertex -0.805576 12.7944 4
    endloop
  endfacet
  facet normal 0 0 1
    outer loop
      vertex -15.9834 12.7528 4
      vertex -0.805576 12.7944 4
      vertex -15.75 12.8775 4
    endloop
  endfacet
  facet normal 0 0 1
    outer loop
      vertex -0.805576 12.7944 4
      vertex -15.9834 12.7528 4
      vertex -0.554891 12.6604 4
    endloop
  endfacet
  facet normal -0 0 1
    outer loop
      vertex -16.2366 12.6759 4
      vertex -0.554891 12.6604 4
      vertex -15.9834 12.7528 4
    endloop
  endfacet
  facet normal 0 0 1
    outer loop
      vertex -0.554891 12.6604 4
      vertex -16.2366 12.6759 4
      vertex -0.282881 12.5779 4
    endloop
  endfacet
  facet normal 0 0 1
    outer loop
      vertex -0.282881 12.5779 4
      vertex -16.2366 12.6759 4
      vertex -29 5.5 4
    endloop
  endfacet
  facet normal 0 0 1
    outer loop
      vertex -29 5.5 4
      vertex -16.2366 12.6759 4
      vertex -16.5 12.65 4
    endloop
  endfacet
  facet normal 0 0 1
    outer loop
      vertex -29 5.5 4
      vertex -16.5 12.65 4
      vertex -16.7634 12.6759 4
    endloop
  endfacet
  facet normal 0 0 1
    outer loop
      vertex -29 20 4
      vertex -17.8241 13.7366 4
      vertex -17.85 14 4
    endloop
  endfacet
  facet normal 0 0 1
    outer loop
      vertex -29 5.5 4
      vertex -17.8241 13.7366 4
      vertex -29 20 4
    endloop
  endfacet
  facet normal 0 0 1
    outer loop
      vertex -17.8241 13.7366 4
      vertex -29 5.5 4
      vertex -17.7472 13.4834 4
    endloop
  endfacet
  facet normal 0 0 1
    outer loop
      vertex -17.7472 13.4834 4
      vertex -29 5.5 4
      vertex -17.6225 13.25 4
    endloop
  endfacet
  facet normal 0 0 1
    outer loop
      vertex -17.6225 13.25 4
      vertex -29 5.5 4
      vertex -17.4546 13.0454 4
    endloop
  endfacet
  facet normal 0 0 1
    outer loop
      vertex 0 12.55 4
      vertex -29 5.5 4
      vertex 29 5.5 4
    endloop
  endfacet
  facet normal 0 0 1
    outer loop
      vertex -17.0166 12.7528 4
      vertex -29 5.5 4
      vertex -16.7634 12.6759 4
    endloop
  endfacet
  facet normal 0 0 1
    outer loop
      vertex -17.25 12.8775 4
      vertex -29 5.5 4
      vertex -17.0166 12.7528 4
    endloop
  endfacet
  facet normal 0 0 1
    outer loop
      vertex -17.4546 13.0454 4
      vertex -29 5.5 4
      vertex -17.25 12.8775 4
    endloop
  endfacet
  facet normal -0 0 1
    outer loop
      vertex -29 -5.5 4
      vertex 29 -9 4
      vertex 29 -5.5 4
    endloop
  endfacet
  facet normal 0 0 1
    outer loop
      vertex 29 -9 4
      vertex -29 -5.5 4
      vertex -29 -9 4
    endloop
  endfacet
  facet normal 1 0 0
    outer loop
      vertex 29 -9 7
      vertex 29 -20 7
      vertex 29 -9 4
    endloop
  endfacet
  facet normal 1 0 0
    outer loop
      vertex 29 5.5 6
      vertex 29 -5.5 6
      vertex 29 5.5 4
    endloop
  endfacet
  facet normal 1 -0 0
    outer loop
      vertex 29 5.5 4
      vertex 29 20 0
      vertex 29 20 4
    endloop
  endfacet
  facet normal 1 0 0
    outer loop
      vertex 29 -5.5 4
      vertex 29 5.5 4
      vertex 29 -5.5 6
    endloop
  endfacet
  facet normal 1 0 0
    outer loop
      vertex 29 5.5 4
      vertex 29 -5.5 4
      vertex 29 20 0
    endloop
  endfacet
  facet normal 1 0 0
    outer loop
      vertex 29 -20 0
      vertex 29 -5.5 4
      vertex 29 -9 4
    endloop
  endfacet
  facet normal 1 0 0
    outer loop
      vertex 29 -5.5 4
      vertex 29 -20 0
      vertex 29 20 0
    endloop
  endfacet
  facet normal 1 0 0
    outer loop
      vertex 29 -20 0
      vertex 29 -9 4
      vertex 29 -20 7
    endloop
  endfacet
  facet normal 0 1 -0
    outer loop
      vertex 29 20 0
      vertex -29 20 4
      vertex 29 20 4
    endloop
  endfacet
  facet normal 0 1 0
    outer loop
      vertex -29 20 4
      vertex 29 20 0
      vertex -29 20 0
    endloop
  endfacet
  facet normal 0 0 -1
    outer loop
      vertex -1.42214 13.7171 0
      vertex -15.1759 13.7366 0
      vertex -15.15 14 0
    endloop
  endfacet
  facet normal 0 0 -1
    outer loop
      vertex -1.20563 13.1944 0
      vertex -15.2528 13.4834 0
      vertex -15.1759 13.7366 0
    endloop
  endfacet
  facet normal -0 0 -1
    outer loop
      vertex -1.13137 1.13137 0
      vertex -15.4393 1.06066 0
      vertex -1.20563 13.1944 0
    endloop
  endfacet
  facet normal 0 0 -1
    outer loop
      vertex -1.20563 13.1944 0
      vertex -15.3775 13.25 0
      vertex -15.2528 13.4834 0
    endloop
  endfacet
  facet normal 0 0 -1
    outer loop
      vertex -15.5454 13.0454 0
      vertex -1.20563 13.1944 0
      vertex -15.4393 1.06066 0
    endloop
  endfacet
  facet normal -0 0 -1
    outer loop
      vertex -1.20563 13.1944 0
      vertex -15.5454 13.0454 0
      vertex -15.3775 13.25 0
    endloop
  endfacet
  facet normal 0 0 -1
    outer loop
      vertex -15.6666 1.2472 0
      vertex -15.5454 13.0454 0
      vertex -15.4393 1.06066 0
    endloop
  endfacet
  facet normal 0 0 -1
    outer loop
      vertex -15.6666 1.2472 0
      vertex -15.75 12.8775 0
      vertex -15.5454 13.0454 0
    endloop
  endfacet
  facet normal 0 0 -1
    outer loop
      vertex -15.926 1.38582 0
      vertex -15.75 12.8775 0
      vertex -15.6666 1.2472 0
    endloop
  endfacet
  facet normal 0 0 -1
    outer loop
      vertex -15.926 1.38582 0
      vertex -15.9834 12.7528 0
      vertex -15.75 12.8775 0
    endloop
  endfacet
  facet normal 0 0 -1
    outer loop
      vertex -16.2074 1.47118 0
      vertex -15.9834 12.7528 0
      vertex -15.926 1.38582 0
    endloop
  endfacet
  facet normal 0 0 -1
    outer loop
      vertex -16.2074 1.47118 0
      vertex -16.2366 12.6759 0
      vertex -15.9834 12.7528 0
    endloop
  endfacet
  facet normal 0 0 -1
    outer loop
      vertex -16.5 1.5 0
      vertex -16.2366 12.6759 0
      vertex -16.2074 1.47118 0
    endloop
  endfacet
  facet normal 0 0 -1
    outer loop
      vertex -16.5 1.5 0
      vertex -16.5 12.65 0
      vertex -16.2366 12.6759 0
    endloop
  endfacet
  facet normal 0 0 -1
    outer loop
      vertex -16.5 1.5 0
      vertex -16.7634 12.6759 0
      vertex -16.5 12.65 0
    endloop
  endfacet
  facet normal 0 0 -1
    outer loop
      vertex -16.7926 1.47118 0
      vertex -16.7634 12.6759 0
      vertex -16.5 1.5 0
    endloop
  endfacet
  facet normal 0 0 -1
    outer loop
      vertex -16.7926 1.47118 0
      vertex -17.0166 12.7528 0
      vertex -16.7634 12.6759 0
    endloop
  endfacet
  facet normal 0 0 -1
    outer loop
      vertex -17.074 1.38582 0
      vertex -17.0166 12.7528 0
      vertex -16.7926 1.47118 0
    endloop
  endfacet
  facet normal 0 0 -1
    outer loop
      vertex -17.074 1.38582 0
      vertex -17.25 12.8775 0
      vertex -17.0166 12.7528 0
    endloop
  endfacet
  facet normal 0 0 -1
    outer loop
      vertex -17.3334 1.2472 0
      vertex -17.25 12.8775 0
      vertex -17.074 1.38582 0
    endloop
  endfacet
  facet normal 0 0 -1
    outer loop
      vertex -17.3334 1.2472 0
      vertex -17.4546 13.0454 0
      vertex -17.25 12.8775 0
    endloop
  endfacet
  facet normal 0 0 -1
    outer loop
      vertex -17.5607 1.06066 0
      vertex -17.4546 13.0454 0
      vertex -17.3334 1.2472 0
    endloop
  endfacet
  facet normal 0 0 -1
    outer loop
      vertex -17.5607 1.06066 0
      vertex -17.6225 13.25 0
      vertex -17.4546 13.0454 0
    endloop
  endfacet
  facet normal 0 0 -1
    outer loop
      vertex -17.7472 0.833355 0
      vertex -17.6225 13.25 0
      vertex -17.5607 1.06066 0
    endloop
  endfacet
  facet normal 0 0 -1
    outer loop
      vertex -29 20 0
      vertex -17.6225 13.25 0
      vertex -17.7472 0.833355 0
    endloop
  endfacet
  facet normal 0 0 -1
    outer loop
      vertex -17.6225 13.25 0
      vertex -29 20 0
      vertex -17.7472 13.4834 0
    endloop
  endfacet
  facet normal 0 0 -1
    outer loop
      vertex -17.7472 13.4834 0
      vertex -29 20 0
      vertex -17.8241 13.7366 0
    endloop
  endfacet
  facet normal 0 0 -1
    outer loop
      vertex -29 20 0
      vertex -17.7472 0.833355 0
      vertex -17.8858 0.574024 0
    endloop
  endfacet
  facet normal 0 0 -1
    outer loop
      vertex -1.56926 -0.312144 0
      vertex -15.0288 -0.292635 0
      vertex -15 0 0
    endloop
  endfacet
  facet normal 0 0 -1
    outer loop
      vertex -1.33035 -0.888912 0
      vertex -15.1142 -0.574024 0
      vertex -15.0288 -0.292635 0
    endloop
  endfacet
  facet normal 0 0 -1
    outer loop
      vertex -15.4393 -1.06066 0
      vertex -1.33035 -0.888912 0
      vertex -15.1565 -13.1565 0
    endloop
  endfacet
  facet normal 0 0 -1
    outer loop
      vertex -1.33035 -0.888912 0
      vertex -15.2528 -0.833355 0
      vertex -15.1142 -0.574024 0
    endloop
  endfacet
  facet normal -0 0 -1
    outer loop
      vertex -1.33035 -0.888912 0
      vertex -15.4393 -1.06066 0
      vertex -15.2528 -0.833355 0
    endloop
  endfacet
  facet normal 0 0 -1
    outer loop
      vertex -15.4444 -12.9202 0
      vertex -15.4393 -1.06066 0
      vertex -15.1565 -13.1565 0
    endloop
  endfacet
  facet normal 0 0 -1
    outer loop
      vertex -15.4444 -12.9202 0
      vertex -15.6666 -1.2472 0
      vertex -15.4393 -1.06066 0
    endloop
  endfacet
  facet normal 0 0 -1
    outer loop
      vertex -15.7729 -12.7446 0
      vertex -15.6666 -1.2472 0
      vertex -15.4444 -12.9202 0
    endloop
  endfacet
  facet normal 0 0 -1
    outer loop
      vertex -15.7729 -12.7446 0
      vertex -15.926 -1.38582 0
      vertex -15.6666 -1.2472 0
    endloop
  endfacet
  facet normal 0 0 -1
    outer loop
      vertex -16.1293 -12.6365 0
      vertex -15.926 -1.38582 0
      vertex -15.7729 -12.7446 0
    endloop
  endfacet
  facet normal 0 0 -1
    outer loop
      vertex -16.1293 -12.6365 0
      vertex -16.2074 -1.47118 0
      vertex -15.926 -1.38582 0
    endloop
  endfacet
  facet normal 0 0 -1
    outer loop
      vertex -16.5 -12.6 0
      vertex -16.2074 -1.47118 0
      vertex -16.1293 -12.6365 0
    endloop
  endfacet
  facet normal 0 0 -1
    outer loop
      vertex -16.5 -12.6 0
      vertex -16.5 -1.5 0
      vertex -16.2074 -1.47118 0
    endloop
  endfacet
  facet normal 0 0 -1
    outer loop
      vertex -16.5 -12.6 0
      vertex -16.7926 -1.47118 0
      vertex -16.5 -1.5 0
    endloop
  endfacet
  facet normal 0 0 -1
    outer loop
      vertex -16.8707 -12.6365 0
      vertex -16.7926 -1.47118 0
      vertex -16.5 -12.6 0
    endloop
  endfacet
  facet normal 0 0 -1
    outer loop
      vertex -16.8707 -12.6365 0
      vertex -17.074 -1.38582 0
      vertex -16.7926 -1.47118 0
    endloop
  endfacet
  facet normal 0 0 -1
    outer loop
      vertex -17.2271 -12.7446 0
      vertex -17.074 -1.38582 0
      vertex -16.8707 -12.6365 0
    endloop
  endfacet
  facet normal 0 0 -1
    outer loop
      vertex -17.2271 -12.7446 0
      vertex -17.3334 -1.2472 0
      vertex -17.074 -1.38582 0
    endloop
  endfacet
  facet normal 0 0 -1
    outer loop
      vertex -17.5556 -12.9202 0
      vertex -17.3334 -1.2472 0
      vertex -17.2271 -12.7446 0
    endloop
  endfacet
  facet normal 0 0 -1
    outer loop
      vertex -17.5556 -12.9202 0
      vertex -17.5607 -1.06066 0
      vertex -17.3334 -1.2472 0
    endloop
  endfacet
  facet normal 0 0 -1
    outer loop
      vertex -17.8435 -13.1565 0
      vertex -17.5607 -1.06066 0
      vertex -17.5556 -12.9202 0
    endloop
  endfacet
  facet normal -0 0 -1
    outer loop
      vertex -17.5607 -1.06066 0
      vertex -17.8435 -13.1565 0
      vertex -17.7472 -0.833355 0
    endloop
  endfacet
  facet normal 0 0 -1
    outer loop
      vertex -18.0798 -13.4444 0
      vertex -17.7472 -0.833355 0
      vertex -17.8435 -13.1565 0
    endloop
  endfacet
  facet normal -0 0 -1
    outer loop
      vertex -17.7472 -0.833355 0
      vertex -18.0798 -13.4444 0
      vertex -17.8858 -0.574024 0
    endloop
  endfacet
  facet normal 0 0 -1
    outer loop
      vertex -29 -20 0
      vertex -17.8858 -0.574024 0
      vertex -18.0798 -13.4444 0
    endloop
  endfacet
  facet normal -0 0 -1
    outer loop
      vertex -17.8858 -0.574024 0
      vertex -29 -20 0
      vertex -17.9712 -0.292635 0
    endloop
  endfacet
  facet normal 0 0 -1
    outer loop
      vertex 14.9798 13.6976 0
      vertex 1.42214 13.7171 0
      vertex 1.45 14 0
    endloop
  endfacet
  facet normal 0 0 -1
    outer loop
      vertex 15.2112 13.1389 0
      vertex 1.33962 13.4451 0
      vertex 1.42214 13.7171 0
    endloop
  endfacet
  facet normal -0 0 -1
    outer loop
      vertex 15.2979 1.20208 0
      vertex 1.13137 1.13137 0
      vertex 15.2112 13.1389 0
    endloop
  endfacet
  facet normal 0 0 -1
    outer loop
      vertex 15.2112 13.1389 0
      vertex 1.20563 13.1944 0
      vertex 1.33962 13.4451 0
    endloop
  endfacet
  facet normal 0 0 -1
    outer loop
      vertex 1.0253 12.9747 0
      vertex 15.2112 13.1389 0
      vertex 1.13137 1.13137 0
    endloop
  endfacet
  facet normal -0 0 -1
    outer loop
      vertex 15.2112 13.1389 0
      vertex 1.0253 12.9747 0
      vertex 1.20563 13.1944 0
    endloop
  endfacet
  facet normal 0 0 -1
    outer loop
      vertex 0.888912 1.33035 0
      vertex 1.0253 12.9747 0
      vertex 1.13137 1.13137 0
    endloop
  endfacet
  facet normal 0 0 -1
    outer loop
      vertex 0.888912 1.33035 0
      vertex 0.805576 12.7944 0
      vertex 1.0253 12.9747 0
    endloop
  endfacet
  facet normal 0 0 -1
    outer loop
      vertex 0.612293 1.47821 0
      vertex 0.805576 12.7944 0
      vertex 0.888912 1.33035 0
    endloop
  endfacet
  facet normal 0 0 -1
    outer loop
      vertex 0.612293 1.47821 0
      vertex 0.554891 12.6604 0
      vertex 0.805576 12.7944 0
    endloop
  endfacet
  facet normal 0 0 -1
    outer loop
      vertex 0.312144 1.56926 0
      vertex 0.554891 12.6604 0
      vertex 0.612293 1.47821 0
    endloop
  endfacet
  facet normal 0 0 -1
    outer loop
      vertex 0.312144 1.56926 0
      vertex 0.282881 12.5779 0
      vertex 0.554891 12.6604 0
    endloop
  endfacet
  facet normal 0 0 -1
    outer loop
      vertex 0 1.6 0
      vertex 0.282881 12.5779 0
      vertex 0.312144 1.56926 0
    endloop
  endfacet
  facet normal 0 0 -1
    outer loop
      vertex 0 1.6 0
      vertex 0 12.55 0
      vertex 0.282881 12.5779 0
    endloop
  endfacet
  facet normal 0 0 -1
    outer loop
      vertex 0 1.6 0
      vertex -0.282881 12.5779 0
      vertex 0 12.55 0
    endloop
  endfacet
  facet normal 0 0 -1
    outer loop
      vertex -0.312144 1.56926 0
      vertex -0.282881 12.5779 0
      vertex 0 1.6 0
    endloop
  endfacet
  facet normal 0 0 -1
    outer loop
      vertex -0.312144 1.56926 0
      vertex -0.554891 12.6604 0
      vertex -0.282881 12.5779 0
    endloop
  endfacet
  facet normal 0 0 -1
    outer loop
      vertex -0.612293 1.47821 0
      vertex -0.554891 12.6604 0
      vertex -0.312144 1.56926 0
    endloop
  endfacet
  facet normal 0 0 -1
    outer loop
      vertex -0.612293 1.47821 0
      vertex -0.805576 12.7944 0
      vertex -0.554891 12.6604 0
    endloop
  endfacet
  facet normal 0 0 -1
    outer loop
      vertex -0.888912 1.33035 0
      vertex -0.805576 12.7944 0
      vertex -0.612293 1.47821 0
    endloop
  endfacet
  facet normal 0 0 -1
    outer loop
      vertex -0.888912 1.33035 0
      vertex -1.0253 12.9747 0
      vertex -0.805576 12.7944 0
    endloop
  endfacet
  facet normal 0 0 -1
    outer loop
      vertex -1.13137 1.13137 0
      vertex -1.0253 12.9747 0
      vertex -0.888912 1.33035 0
    endloop
  endfacet
  facet normal 0 0 -1
    outer loop
      vertex -1.13137 1.13137 0
      vertex -1.20563 13.1944 0
      vertex -1.0253 12.9747 0
    endloop
  endfacet
  facet normal 0 0 -1
    outer loop
      vertex -15.2528 0.833355 0
      vertex -1.33035 0.888912 0
      vertex -15.1142 0.574024 0
    endloop
  endfacet
  facet normal -0 0 -1
    outer loop
      vertex -1.33035 0.888912 0
      vertex -15.2528 0.833355 0
      vertex -1.13137 1.13137 0
    endloop
  endfacet
  facet normal 0 0 -1
    outer loop
      vertex -15.4393 1.06066 0
      vertex -1.13137 1.13137 0
      vertex -15.2528 0.833355 0
    endloop
  endfacet
  facet normal 0 0 -1
    outer loop
      vertex -15.1759 13.7366 0
      vertex -1.42214 13.7171 0
      vertex -1.33962 13.4451 0
    endloop
  endfacet
  facet normal 0 0 -1
    outer loop
      vertex -15.1142 0.574024 0
      vertex -1.33035 0.888912 0
      vertex -1.47821 0.612293 0
    endloop
  endfacet
  facet normal 0 0 -1
    outer loop
      vertex 14.8327 -0.331653 0
      vertex 1.56926 -0.312144 0
      vertex 1.6 0 0
    endloop
  endfacet
  facet normal 0 0 -1
    outer loop
      vertex 15.0865 -0.944468 0
      vertex 1.47821 -0.612293 0
      vertex 1.56926 -0.312144 0
    endloop
  endfacet
  facet normal 0 0 -1
    outer loop
      vertex 1.13137 -1.13137 0
      vertex 15.0865 -0.944468 0
      vertex 1.41421 -13.0858 0
    endloop
  endfacet
  facet normal 0 0 -1
    outer loop
      vertex 15.0865 -0.944468 0
      vertex 1.33035 -0.888912 0
      vertex 1.47821 -0.612293 0
    endloop
  endfacet
  facet normal -0 0 -1
    outer loop
      vertex 15.0865 -0.944468 0
      vertex 1.13137 -1.13137 0
      vertex 1.33035 -0.888912 0
    endloop
  endfacet
  facet normal 0 0 -1
    outer loop
      vertex 1.11114 -12.8371 0
      vertex 1.13137 -1.13137 0
      vertex 1.41421 -13.0858 0
    endloop
  endfacet
  facet normal 0 0 -1
    outer loop
      vertex 1.11114 -12.8371 0
      vertex 0.888912 -1.33035 0
      vertex 1.13137 -1.13137 0
    endloop
  endfacet
  facet normal 0 0 -1
    outer loop
      vertex 0.765367 -12.6522 0
      vertex 0.888912 -1.33035 0
      vertex 1.11114 -12.8371 0
    endloop
  endfacet
  facet normal 0 0 -1
    outer loop
      vertex 0.765367 -12.6522 0
      vertex 0.612293 -1.47821 0
      vertex 0.888912 -1.33035 0
    endloop
  endfacet
  facet normal 0 0 -1
    outer loop
      vertex 0.390181 -12.5384 0
      vertex 0.612293 -1.47821 0
      vertex 0.765367 -12.6522 0
    endloop
  endfacet
  facet normal 0 0 -1
    outer loop
      vertex 0.390181 -12.5384 0
      vertex 0.312144 -1.56926 0
      vertex 0.612293 -1.47821 0
    endloop
  endfacet
  facet normal 0 0 -1
    outer loop
      vertex 0 -12.5 0
      vertex 0.312144 -1.56926 0
      vertex 0.390181 -12.5384 0
    endloop
  endfacet
  facet normal 0 0 -1
    outer loop
      vertex 0 -12.5 0
      vertex 0 -1.6 0
      vertex 0.312144 -1.56926 0
    endloop
  endfacet
  facet normal 0 0 -1
    outer loop
      vertex 0 -12.5 0
      vertex -0.312144 -1.56926 0
      vertex 0 -1.6 0
    endloop
  endfacet
  facet normal 0 0 -1
    outer loop
      vertex -0.390181 -12.5384 0
      vertex -0.312144 -1.56926 0
      vertex 0 -12.5 0
    endloop
  endfacet
  facet normal 0 0 -1
    outer loop
      vertex -0.390181 -12.5384 0
      vertex -0.612293 -1.47821 0
      vertex -0.312144 -1.56926 0
    endloop
  endfacet
  facet normal 0 0 -1
    outer loop
      vertex -0.765367 -12.6522 0
      vertex -0.612293 -1.47821 0
      vertex -0.390181 -12.5384 0
    endloop
  endfacet
  facet normal 0 0 -1
    outer loop
      vertex -0.765367 -12.6522 0
      vertex -0.888912 -1.33035 0
      vertex -0.612293 -1.47821 0
    endloop
  endfacet
  facet normal 0 0 -1
    outer loop
      vertex -1.11114 -12.8371 0
      vertex -0.888912 -1.33035 0
      vertex -0.765367 -12.6522 0
    endloop
  endfacet
  facet normal 0 0 -1
    outer loop
      vertex -1.11114 -12.8371 0
      vertex -1.13137 -1.13137 0
      vertex -0.888912 -1.33035 0
    endloop
  endfacet
  facet normal 0 0 -1
    outer loop
      vertex -1.41421 -13.0858 0
      vertex -1.13137 -1.13137 0
      vertex -1.11114 -12.8371 0
    endloop
  endfacet
  facet normal -0 0 -1
    outer loop
      vertex -1.13137 -1.13137 0
      vertex -1.41421 -13.0858 0
      vertex -1.33035 -0.888912 0
    endloop
  endfacet
  facet normal 0 0 -1
    outer loop
      vertex -15.1565 -13.1565 0
      vertex -1.41421 -13.0858 0
      vertex -14.9202 -13.4444 0
    endloop
  endfacet
  facet normal -0 0 -1
    outer loop
      vertex -1.41421 -13.0858 0
      vertex -15.1565 -13.1565 0
      vertex -1.33035 -0.888912 0
    endloop
  endfacet
  facet normal 0 0 -1
    outer loop
      vertex -15.0288 -0.292635 0
      vertex -1.47821 -0.612293 0
      vertex -1.33035 -0.888912 0
    endloop
  endfacet
  facet normal 0 0 -1
    outer loop
      vertex -14.9202 -13.4444 0
      vertex -1.41421 -13.0858 0
      vertex -1.66294 -13.3889 0
    endloop
  endfacet
  facet normal 0 0 -1
    outer loop
      vertex 29 20 0
      vertex 18.0202 13.6976 0
      vertex 18.05 14 0
    endloop
  endfacet
  facet normal 0 0 -1
    outer loop
      vertex 29 20 0
      vertex 17.932 13.4068 0
      vertex 18.0202 13.6976 0
    endloop
  endfacet
  facet normal 0 0 -1
    outer loop
      vertex 29 20 0
      vertex 17.9135 0.944468 0
      vertex 17.932 13.4068 0
    endloop
  endfacet
  facet normal 0 0 -1
    outer loop
      vertex 17.9135 0.944468 0
      vertex 17.7888 13.1389 0
      vertex 17.932 13.4068 0
    endloop
  endfacet
  facet normal 0 0 -1
    outer loop
      vertex 17.7021 1.20208 0
      vertex 17.7888 13.1389 0
      vertex 17.9135 0.944468 0
    endloop
  endfacet
  facet normal 0 0 -1
    outer loop
      vertex 17.7021 1.20208 0
      vertex 17.596 12.904 0
      vertex 17.7888 13.1389 0
    endloop
  endfacet
  facet normal 0 0 -1
    outer loop
      vertex 17.4445 1.4135 0
      vertex 17.596 12.904 0
      vertex 17.7021 1.20208 0
    endloop
  endfacet
  facet normal 0 0 -1
    outer loop
      vertex 17.4445 1.4135 0
      vertex 17.3611 12.7112 0
      vertex 17.596 12.904 0
    endloop
  endfacet
  facet normal 0 0 -1
    outer loop
      vertex 17.1506 1.57059 0
      vertex 17.3611 12.7112 0
      vertex 17.4445 1.4135 0
    endloop
  endfacet
  facet normal 0 0 -1
    outer loop
      vertex 17.1506 1.57059 0
      vertex 17.0932 12.568 0
      vertex 17.3611 12.7112 0
    endloop
  endfacet
  facet normal 0 0 -1
    outer loop
      vertex 16.8317 1.66733 0
      vertex 17.0932 12.568 0
      vertex 17.1506 1.57059 0
    endloop
  endfacet
  facet normal 0 0 -1
    outer loop
      vertex 16.8317 1.66733 0
      vertex 16.8024 12.4798 0
      vertex 17.0932 12.568 0
    endloop
  endfacet
  facet normal 0 0 -1
    outer loop
      vertex 16.5 1.7 0
      vertex 16.8024 12.4798 0
      vertex 16.8317 1.66733 0
    endloop
  endfacet
  facet normal 0 0 -1
    outer loop
      vertex 16.5 1.7 0
      vertex 16.5 12.45 0
      vertex 16.8024 12.4798 0
    endloop
  endfacet
  facet normal 0 0 -1
    outer loop
      vertex 16.5 1.7 0
      vertex 16.1976 12.4798 0
      vertex 16.5 12.45 0
    endloop
  endfacet
  facet normal 0 0 -1
    outer loop
      vertex 16.1683 1.66733 0
      vertex 16.1976 12.4798 0
      vertex 16.5 1.7 0
    endloop
  endfacet
  facet normal 0 0 -1
    outer loop
      vertex 16.1683 1.66733 0
      vertex 15.9068 12.568 0
      vertex 16.1976 12.4798 0
    endloop
  endfacet
  facet normal 0 0 -1
    outer loop
      vertex 15.8494 1.57059 0
      vertex 15.9068 12.568 0
      vertex 16.1683 1.66733 0
    endloop
  endfacet
  facet normal 0 0 -1
    outer loop
      vertex 15.8494 1.57059 0
      vertex 15.6389 12.7112 0
      vertex 15.9068 12.568 0
    endloop
  endfacet
  facet normal 0 0 -1
    outer loop
      vertex 15.5555 1.4135 0
      vertex 15.6389 12.7112 0
      vertex 15.8494 1.57059 0
    endloop
  endfacet
  facet normal 0 0 -1
    outer loop
      vertex 15.5555 1.4135 0
      vertex 15.404 12.904 0
      vertex 15.6389 12.7112 0
    endloop
  endfacet
  facet normal 0 0 -1
    outer loop
      vertex 15.2979 1.20208 0
      vertex 15.404 12.904 0
      vertex 15.5555 1.4135 0
    endloop
  endfacet
  facet normal 0 0 -1
    outer loop
      vertex 15.2979 1.20208 0
      vertex 15.2112 13.1389 0
      vertex 15.404 12.904 0
    endloop
  endfacet
  facet normal 0 0 -1
    outer loop
      vertex 1.33035 0.888912 0
      vertex 15.0865 0.944468 0
      vertex 1.47821 0.612293 0
    endloop
  endfacet
  facet normal -0 0 -1
    outer loop
      vertex 15.0865 0.944468 0
      vertex 1.33035 0.888912 0
      vertex 15.2979 1.20208 0
    endloop
  endfacet
  facet normal 0 0 -1
    outer loop
      vertex 1.13137 1.13137 0
      vertex 15.2979 1.20208 0
      vertex 1.33035 0.888912 0
    endloop
  endfacet
  facet normal 0 0 -1
    outer loop
      vertex 1.42214 13.7171 0
      vertex 14.9798 13.6976 0
      vertex 15.068 13.4068 0
    endloop
  endfacet
  facet normal 0 0 -1
    outer loop
      vertex 1.47821 0.612293 0
      vertex 15.0865 0.944468 0
      vertex 14.9294 0.650561 0
    endloop
  endfacet
  facet normal 0 0 -1
    outer loop
      vertex 29 -20 0
      vertex 18.1673 -0.331653 0
      vertex 18.2 0 0
    endloop
  endfacet
  facet normal 0 0 -1
    outer loop
      vertex 29 -20 0
      vertex 18.0706 -0.650561 0
      vertex 18.1673 -0.331653 0
    endloop
  endfacet
  facet normal 0 0 -1
    outer loop
      vertex 17.9135 -0.944468 0
      vertex 18.2461 -13.3333 0
      vertex 17.9849 -13.0151 0
    endloop
  endfacet
  facet normal 0 0 -1
    outer loop
      vertex 18.2461 -13.3333 0
      vertex 17.9135 -0.944468 0
      vertex 18.0706 -0.650561 0
    endloop
  endfacet
  facet normal 0 0 -1
    outer loop
      vertex 17.9849 -13.0151 0
      vertex 17.7021 -1.20208 0
      vertex 17.9135 -0.944468 0
    endloop
  endfacet
  facet normal 0 0 -1
    outer loop
      vertex 17.6667 -12.7539 0
      vertex 17.7021 -1.20208 0
      vertex 17.9849 -13.0151 0
    endloop
  endfacet
  facet normal 0 0 -1
    outer loop
      vertex 17.6667 -12.7539 0
      vertex 17.4445 -1.4135 0
      vertex 17.7021 -1.20208 0
    endloop
  endfacet
  facet normal 0 0 -1
    outer loop
      vertex 17.3036 -12.5599 0
      vertex 17.4445 -1.4135 0
      vertex 17.6667 -12.7539 0
    endloop
  endfacet
  facet normal 0 0 -1
    outer loop
      vertex 17.3036 -12.5599 0
      vertex 17.1506 -1.57059 0
      vertex 17.4445 -1.4135 0
    endloop
  endfacet
  facet normal 0 0 -1
    outer loop
      vertex 16.9097 -12.4404 0
      vertex 17.1506 -1.57059 0
      vertex 17.3036 -12.5599 0
    endloop
  endfacet
  facet normal 0 0 -1
    outer loop
      vertex 16.9097 -12.4404 0
      vertex 16.8317 -1.66733 0
      vertex 17.1506 -1.57059 0
    endloop
  endfacet
  facet normal 0 0 -1
    outer loop
      vertex 16.5 -12.4 0
      vertex 16.8317 -1.66733 0
      vertex 16.9097 -12.4404 0
    endloop
  endfacet
  facet normal 0 0 -1
    outer loop
      vertex 16.5 -12.4 0
      vertex 16.5 -1.7 0
      vertex 16.8317 -1.66733 0
    endloop
  endfacet
  facet normal 0 0 -1
    outer loop
      vertex 16.5 -12.4 0
      vertex 16.1683 -1.66733 0
      vertex 16.5 -1.7 0
    endloop
  endfacet
  facet normal 0 0 -1
    outer loop
      vertex 16.0903 -12.4404 0
      vertex 16.1683 -1.66733 0
      vertex 16.5 -12.4 0
    endloop
  endfacet
  facet normal 0 0 -1
    outer loop
      vertex 16.0903 -12.4404 0
      vertex 15.8494 -1.57059 0
      vertex 16.1683 -1.66733 0
    endloop
  endfacet
  facet normal 0 0 -1
    outer loop
      vertex 15.6964 -12.5599 0
      vertex 15.8494 -1.57059 0
      vertex 16.0903 -12.4404 0
    endloop
  endfacet
  facet normal 0 0 -1
    outer loop
      vertex 15.6964 -12.5599 0
      vertex 15.5555 -1.4135 0
      vertex 15.8494 -1.57059 0
    endloop
  endfacet
  facet normal 0 0 -1
    outer loop
      vertex 15.3333 -12.7539 0
      vertex 15.5555 -1.4135 0
      vertex 15.6964 -12.5599 0
    endloop
  endfacet
  facet normal 0 0 -1
    outer loop
      vertex 15.3333 -12.7539 0
      vertex 15.2979 -1.20208 0
      vertex 15.5555 -1.4135 0
    endloop
  endfacet
  facet normal 0 0 -1
    outer loop
      vertex 15.0151 -13.0151 0
      vertex 15.2979 -1.20208 0
      vertex 15.3333 -12.7539 0
    endloop
  endfacet
  facet normal -0 0 -1
    outer loop
      vertex 15.2979 -1.20208 0
      vertex 15.0151 -13.0151 0
      vertex 15.0865 -0.944468 0
    endloop
  endfacet
  facet normal 0 0 -1
    outer loop
      vertex 1.41421 -13.0858 0
      vertex 15.0151 -13.0151 0
      vertex 1.66294 -13.3889 0
    endloop
  endfacet
  facet normal -0 0 -1
    outer loop
      vertex 15.0151 -13.0151 0
      vertex 1.41421 -13.0858 0
      vertex 15.0865 -0.944468 0
    endloop
  endfacet
  facet normal 0 0 -1
    outer loop
      vertex 1.56926 -0.312144 0
      vertex 14.9294 -0.650561 0
      vertex 15.0865 -0.944468 0
    endloop
  endfacet
  facet normal 0 0 -1
    outer loop
      vertex 1.66294 -13.3889 0
      vertex 15.0151 -13.0151 0
      vertex 14.7539 -13.3333 0
    endloop
  endfacet
  facet normal 0 0 -1
    outer loop
      vertex 18.5596 -14.0903 0
      vertex 29 -20 0
      vertex 18.6 -14.5 0
    endloop
  endfacet
  facet normal 0 0 -1
    outer loop
      vertex 29 -20 0
      vertex 18.5596 -14.9097 0
      vertex 18.6 -14.5 0
    endloop
  endfacet
  facet normal 0 0 -1
    outer loop
      vertex 29 -20 0
      vertex 18.4401 -15.3036 0
      vertex 18.5596 -14.9097 0
    endloop
  endfacet
  facet normal 0 0 -1
    outer loop
      vertex 29 -20 0
      vertex 18.2461 -15.6667 0
      vertex 18.4401 -15.3036 0
    endloop
  endfacet
  facet normal 0 0 -1
    outer loop
      vertex 29 -20 0
      vertex 17.9849 -15.9849 0
      vertex 18.2461 -15.6667 0
    endloop
  endfacet
  facet normal 0 0 -1
    outer loop
      vertex 29 -20 0
      vertex 17.6667 -16.2461 0
      vertex 17.9849 -15.9849 0
    endloop
  endfacet
  facet normal 0 0 -1
    outer loop
      vertex 29 -20 0
      vertex 17.3036 -16.4401 0
      vertex 17.6667 -16.2461 0
    endloop
  endfacet
  facet normal 0 0 -1
    outer loop
      vertex 29 -20 0
      vertex 16.9097 -16.5596 0
      vertex 17.3036 -16.4401 0
    endloop
  endfacet
  facet normal 0 0 -1
    outer loop
      vertex 29 -20 0
      vertex 16.5 -16.6 0
      vertex 16.9097 -16.5596 0
    endloop
  endfacet
  facet normal 0 0 -1
    outer loop
      vertex 29 -20 0
      vertex 16.0903 -16.5596 0
      vertex 16.5 -16.6 0
    endloop
  endfacet
  facet normal 0 0 -1
    outer loop
      vertex 14.4404 -14.9097 0
      vertex 2 -14.5 0
      vertex 14.4 -14.5 0
    endloop
  endfacet
  facet normal 0 0 -1
    outer loop
      vertex 1.96157 -14.8902 0
      vertex 14.4404 -14.9097 0
      vertex 14.5599 -15.3036 0
    endloop
  endfacet
  facet normal 0 0 -1
    outer loop
      vertex 1.84776 -15.2654 0
      vertex 14.5599 -15.3036 0
      vertex 14.7539 -15.6667 0
    endloop
  endfacet
  facet normal 0 0 -1
    outer loop
      vertex 1.66294 -15.6111 0
      vertex 14.7539 -15.6667 0
      vertex 15.0151 -15.9849 0
    endloop
  endfacet
  facet normal 0 0 -1
    outer loop
      vertex 1.11114 -16.1629 0
      vertex 15.0151 -15.9849 0
      vertex 15.3333 -16.2461 0
    endloop
  endfacet
  facet normal 0 0 -1
    outer loop
      vertex 0.765367 -16.3478 0
      vertex 15.3333 -16.2461 0
      vertex 15.6964 -16.4401 0
    endloop
  endfacet
  facet normal 0 0 -1
    outer loop
      vertex 0.390181 -16.4616 0
      vertex 15.6964 -16.4401 0
      vertex 16.0903 -16.5596 0
    endloop
  endfacet
  facet normal 0 0 -1
    outer loop
      vertex 0.390181 -16.4616 0
      vertex 16.0903 -16.5596 0
      vertex 29 -20 0
    endloop
  endfacet
  facet normal 0 0 -1
    outer loop
      vertex 14.4404 -14.9097 0
      vertex 1.96157 -14.8902 0
      vertex 2 -14.5 0
    endloop
  endfacet
  facet normal 0 0 -1
    outer loop
      vertex 14.5599 -15.3036 0
      vertex 1.84776 -15.2654 0
      vertex 1.96157 -14.8902 0
    endloop
  endfacet
  facet normal 0 0 -1
    outer loop
      vertex 14.7539 -15.6667 0
      vertex 1.66294 -15.6111 0
      vertex 1.84776 -15.2654 0
    endloop
  endfacet
  facet normal 0 0 -1
    outer loop
      vertex 15.0151 -15.9849 0
      vertex 1.41421 -15.9142 0
      vertex 1.66294 -15.6111 0
    endloop
  endfacet
  facet normal -0 0 -1
    outer loop
      vertex 15.0151 -15.9849 0
      vertex 1.11114 -16.1629 0
      vertex 1.41421 -15.9142 0
    endloop
  endfacet
  facet normal -0 0 -1
    outer loop
      vertex 15.3333 -16.2461 0
      vertex 0.765367 -16.3478 0
      vertex 1.11114 -16.1629 0
    endloop
  endfacet
  facet normal -0 0 -1
    outer loop
      vertex 15.6964 -16.4401 0
      vertex 0.390181 -16.4616 0
      vertex 0.765367 -16.3478 0
    endloop
  endfacet
  facet normal 0 0 -1
    outer loop
      vertex 29 -20 0
      vertex 0 -16.5 0
      vertex 0.390181 -16.4616 0
    endloop
  endfacet
  facet normal 0 0 -1
    outer loop
      vertex -29 -20 0
      vertex 0 -16.5 0
      vertex 29 -20 0
    endloop
  endfacet
  facet normal 0 0 -1
    outer loop
      vertex -1.96157 -14.8902 0
      vertex -14.6 -14.5 0
      vertex -2 -14.5 0
    endloop
  endfacet
  facet normal 0 0 -1
    outer loop
      vertex -14.6365 -14.8707 0
      vertex -1.96157 -14.8902 0
      vertex -1.84776 -15.2654 0
    endloop
  endfacet
  facet normal 0 0 -1
    outer loop
      vertex -14.7446 -15.2271 0
      vertex -1.84776 -15.2654 0
      vertex -1.66294 -15.6111 0
    endloop
  endfacet
  facet normal 0 0 -1
    outer loop
      vertex -14.9202 -15.5556 0
      vertex -1.66294 -15.6111 0
      vertex -1.41421 -15.9142 0
    endloop
  endfacet
  facet normal 0 0 -1
    outer loop
      vertex -15.4444 -16.0798 0
      vertex -1.41421 -15.9142 0
      vertex -1.11114 -16.1629 0
    endloop
  endfacet
  facet normal 0 0 -1
    outer loop
      vertex -15.7729 -16.2554 0
      vertex -1.11114 -16.1629 0
      vertex -0.765367 -16.3478 0
    endloop
  endfacet
  facet normal 0 0 -1
    outer loop
      vertex -16.1293 -16.3635 0
      vertex -0.765367 -16.3478 0
      vertex -0.390181 -16.4616 0
    endloop
  endfacet
  facet normal 0 0 -1
    outer loop
      vertex -1.96157 -14.8902 0
      vertex -14.6365 -14.8707 0
      vertex -14.6 -14.5 0
    endloop
  endfacet
  facet normal -0 0 -1
    outer loop
      vertex 0 -16.5 0
      vertex -29 -20 0
      vertex -0.390181 -16.4616 0
    endloop
  endfacet
  facet normal 0 0 -1
    outer loop
      vertex -1.84776 -15.2654 0
      vertex -14.7446 -15.2271 0
      vertex -14.6365 -14.8707 0
    endloop
  endfacet
  facet normal 0 0 -1
    outer loop
      vertex -1.66294 -15.6111 0
      vertex -14.9202 -15.5556 0
      vertex -14.7446 -15.2271 0
    endloop
  endfacet
  facet normal 0 0 -1
    outer loop
      vertex -1.41421 -15.9142 0
      vertex -15.1565 -15.8435 0
      vertex -14.9202 -15.5556 0
    endloop
  endfacet
  facet normal -0 0 -1
    outer loop
      vertex -1.41421 -15.9142 0
      vertex -15.4444 -16.0798 0
      vertex -15.1565 -15.8435 0
    endloop
  endfacet
  facet normal -0 0 -1
    outer loop
      vertex -1.11114 -16.1629 0
      vertex -15.7729 -16.2554 0
      vertex -15.4444 -16.0798 0
    endloop
  endfacet
  facet normal -0 0 -1
    outer loop
      vertex -0.765367 -16.3478 0
      vertex -16.1293 -16.3635 0
      vertex -15.7729 -16.2554 0
    endloop
  endfacet
  facet normal -0 0 -1
    outer loop
      vertex -0.390181 -16.4616 0
      vertex -29 -20 0
      vertex -16.1293 -16.3635 0
    endloop
  endfacet
  facet normal -0 0 -1
    outer loop
      vertex -18.3635 -14.8707 0
      vertex -29 -20 0
      vertex -18.4 -14.5 0
    endloop
  endfacet
  facet normal -0 0 -1
    outer loop
      vertex -18.2554 -15.2271 0
      vertex -29 -20 0
      vertex -18.3635 -14.8707 0
    endloop
  endfacet
  facet normal -0 0 -1
    outer loop
      vertex -18.0798 -15.5556 0
      vertex -29 -20 0
      vertex -18.2554 -15.2271 0
    endloop
  endfacet
  facet normal -0 0 -1
    outer loop
      vertex -17.8435 -15.8435 0
      vertex -29 -20 0
      vertex -18.0798 -15.5556 0
    endloop
  endfacet
  facet normal -0 0 -1
    outer loop
      vertex -17.5556 -16.0798 0
      vertex -29 -20 0
      vertex -17.8435 -15.8435 0
    endloop
  endfacet
  facet normal -0 0 -1
    outer loop
      vertex -17.2271 -16.2554 0
      vertex -29 -20 0
      vertex -17.5556 -16.0798 0
    endloop
  endfacet
  facet normal -0 0 -1
    outer loop
      vertex -16.8707 -16.3635 0
      vertex -29 -20 0
      vertex -17.2271 -16.2554 0
    endloop
  endfacet
  facet normal -0 0 -1
    outer loop
      vertex -16.5 -16.4 0
      vertex -29 -20 0
      vertex -16.8707 -16.3635 0
    endloop
  endfacet
  facet normal 0 0 -1
    outer loop
      vertex -16.1293 -16.3635 0
      vertex -29 -20 0
      vertex -16.5 -16.4 0
    endloop
  endfacet
  facet normal 0 0 -1
    outer loop
      vertex 18.4401 -13.6964 0
      vertex 29 -20 0
      vertex 18.5596 -14.0903 0
    endloop
  endfacet
  facet normal 0 0 -1
    outer loop
      vertex 18.2461 -13.3333 0
      vertex 29 -20 0
      vertex 18.4401 -13.6964 0
    endloop
  endfacet
  facet normal 0 0 -1
    outer loop
      vertex 18.0706 -0.650561 0
      vertex 29 -20 0
      vertex 18.2461 -13.3333 0
    endloop
  endfacet
  facet normal 0 0 -1
    outer loop
      vertex 29 -20 0
      vertex 18.2 0 0
      vertex 29 20 0
    endloop
  endfacet
  facet normal 0 0 -1
    outer loop
      vertex 18.1673 0.331653 0
      vertex 29 20 0
      vertex 18.2 0 0
    endloop
  endfacet
  facet normal 0 0 -1
    outer loop
      vertex 18.0706 0.650561 0
      vertex 29 20 0
      vertex 18.1673 0.331653 0
    endloop
  endfacet
  facet normal 0 0 -1
    outer loop
      vertex 17.9135 0.944468 0
      vertex 29 20 0
      vertex 18.0706 0.650561 0
    endloop
  endfacet
  facet normal 0 0 -1
    outer loop
      vertex 18.0202 14.3024 0
      vertex 29 20 0
      vertex 18.05 14 0
    endloop
  endfacet
  facet normal 0 0 -1
    outer loop
      vertex 17.932 14.5932 0
      vertex 29 20 0
      vertex 18.0202 14.3024 0
    endloop
  endfacet
  facet normal 0 0 -1
    outer loop
      vertex 17.7888 14.8611 0
      vertex 29 20 0
      vertex 17.932 14.5932 0
    endloop
  endfacet
  facet normal 0 0 -1
    outer loop
      vertex 17.596 15.096 0
      vertex 29 20 0
      vertex 17.7888 14.8611 0
    endloop
  endfacet
  facet normal 0 0 -1
    outer loop
      vertex 17.3611 15.2888 0
      vertex 29 20 0
      vertex 17.596 15.096 0
    endloop
  endfacet
  facet normal 0 0 -1
    outer loop
      vertex 17.0932 15.432 0
      vertex 29 20 0
      vertex 17.3611 15.2888 0
    endloop
  endfacet
  facet normal 0 0 -1
    outer loop
      vertex 16.8024 15.5202 0
      vertex 29 20 0
      vertex 17.0932 15.432 0
    endloop
  endfacet
  facet normal 0 0 -1
    outer loop
      vertex 16.5 15.55 0
      vertex 29 20 0
      vertex 16.8024 15.5202 0
    endloop
  endfacet
  facet normal 0 0 -1
    outer loop
      vertex 16.1976 15.5202 0
      vertex 29 20 0
      vertex 16.5 15.55 0
    endloop
  endfacet
  facet normal 0 0 -1
    outer loop
      vertex 0.282881 15.4221 0
      vertex 16.1976 15.5202 0
      vertex 15.9068 15.432 0
    endloop
  endfacet
  facet normal 0 0 -1
    outer loop
      vertex 1.47821 0.612293 0
      vertex 14.9294 0.650561 0
      vertex 14.8327 0.331653 0
    endloop
  endfacet
  facet normal 0 0 -1
    outer loop
      vertex 1.56926 0.312144 0
      vertex 14.8327 0.331653 0
      vertex 14.8 0 0
    endloop
  endfacet
  facet normal 0 0 -1
    outer loop
      vertex 1.66294 -13.3889 0
      vertex 14.7539 -13.3333 0
      vertex 14.5599 -13.6964 0
    endloop
  endfacet
  facet normal 0 0 -1
    outer loop
      vertex 1.56926 -0.312144 0
      vertex 14.8327 -0.331653 0
      vertex 14.9294 -0.650561 0
    endloop
  endfacet
  facet normal 0 0 -1
    outer loop
      vertex 1.84776 -13.7346 0
      vertex 14.5599 -13.6964 0
      vertex 14.4404 -14.0903 0
    endloop
  endfacet
  facet normal 0 0 -1
    outer loop
      vertex 1.96157 -14.1098 0
      vertex 14.4404 -14.0903 0
      vertex 14.4 -14.5 0
    endloop
  endfacet
  facet normal 0 0 -1
    outer loop
      vertex 1.96157 -14.1098 0
      vertex 14.4 -14.5 0
      vertex 2 -14.5 0
    endloop
  endfacet
  facet normal -0 0 -1
    outer loop
      vertex 14.4404 -14.0903 0
      vertex 1.96157 -14.1098 0
      vertex 1.84776 -13.7346 0
    endloop
  endfacet
  facet normal -0 0 -1
    outer loop
      vertex 14.5599 -13.6964 0
      vertex 1.84776 -13.7346 0
      vertex 1.66294 -13.3889 0
    endloop
  endfacet
  facet normal 0 0 -1
    outer loop
      vertex 1.56926 0.312144 0
      vertex 14.8 0 0
      vertex 1.6 0 0
    endloop
  endfacet
  facet normal -0 0 -1
    outer loop
      vertex 14.8327 0.331653 0
      vertex 1.56926 0.312144 0
      vertex 1.47821 0.612293 0
    endloop
  endfacet
  facet normal 0 0 -1
    outer loop
      vertex 14.8327 -0.331653 0
      vertex 1.6 0 0
      vertex 14.8 0 0
    endloop
  endfacet
  facet normal 0 0 -1
    outer loop
      vertex 1.42214 13.7171 0
      vertex 15.068 13.4068 0
      vertex 15.2112 13.1389 0
    endloop
  endfacet
  facet normal 0 0 -1
    outer loop
      vertex 14.9798 13.6976 0
      vertex 1.45 14 0
      vertex 14.95 14 0
    endloop
  endfacet
  facet normal 0 0 -1
    outer loop
      vertex 14.95 14 0
      vertex 1.45 14 0
      vertex 14.9798 14.3024 0
    endloop
  endfacet
  facet normal 0 0 -1
    outer loop
      vertex 1.42214 14.2829 0
      vertex 14.9798 14.3024 0
      vertex 1.45 14 0
    endloop
  endfacet
  facet normal -0 0 -1
    outer loop
      vertex 14.9798 14.3024 0
      vertex 1.42214 14.2829 0
      vertex 15.068 14.5932 0
    endloop
  endfacet
  facet normal 0 0 -1
    outer loop
      vertex 1.33962 14.5549 0
      vertex 15.068 14.5932 0
      vertex 1.42214 14.2829 0
    endloop
  endfacet
  facet normal -0 0 -1
    outer loop
      vertex 15.068 14.5932 0
      vertex 1.33962 14.5549 0
      vertex 15.2112 14.8611 0
    endloop
  endfacet
  facet normal 0 0 -1
    outer loop
      vertex 1.20563 14.8056 0
      vertex 15.2112 14.8611 0
      vertex 1.33962 14.5549 0
    endloop
  endfacet
  facet normal -0 0 -1
    outer loop
      vertex 15.2112 14.8611 0
      vertex 1.20563 14.8056 0
      vertex 15.404 15.096 0
    endloop
  endfacet
  facet normal 0 0 -1
    outer loop
      vertex 1.0253 15.0253 0
      vertex 15.404 15.096 0
      vertex 1.20563 14.8056 0
    endloop
  endfacet
  facet normal 0 0 -1
    outer loop
      vertex 0.805576 15.2056 0
      vertex 15.404 15.096 0
      vertex 1.0253 15.0253 0
    endloop
  endfacet
  facet normal 0 0 -1
    outer loop
      vertex 15.404 15.096 0
      vertex 0.805576 15.2056 0
      vertex 15.6389 15.2888 0
    endloop
  endfacet
  facet normal 0 0 -1
    outer loop
      vertex 0.554891 15.3396 0
      vertex 15.6389 15.2888 0
      vertex 0.805576 15.2056 0
    endloop
  endfacet
  facet normal 0 0 -1
    outer loop
      vertex 15.6389 15.2888 0
      vertex 0.554891 15.3396 0
      vertex 15.9068 15.432 0
    endloop
  endfacet
  facet normal 0 0 -1
    outer loop
      vertex 0.282881 15.4221 0
      vertex 15.9068 15.432 0
      vertex 0.554891 15.3396 0
    endloop
  endfacet
  facet normal -0 0 -1
    outer loop
      vertex 16.1976 15.5202 0
      vertex 0.282881 15.4221 0
      vertex 29 20 0
    endloop
  endfacet
  facet normal 0 0 -1
    outer loop
      vertex 0 15.45 0
      vertex 29 20 0
      vertex 0.282881 15.4221 0
    endloop
  endfacet
  facet normal 0 0 -1
    outer loop
      vertex -29 20 0
      vertex 0 15.45 0
      vertex -0.282881 15.4221 0
    endloop
  endfacet
  facet normal 0 0 -1
    outer loop
      vertex -15.1142 0.574024 0
      vertex -1.47821 0.612293 0
      vertex -1.56926 0.312144 0
    endloop
  endfacet
  facet normal 0 0 -1
    outer loop
      vertex -15.0288 0.292635 0
      vertex -1.56926 0.312144 0
      vertex -1.6 0 0
    endloop
  endfacet
  facet normal 0 0 -1
    outer loop
      vertex -14.9202 -13.4444 0
      vertex -1.66294 -13.3889 0
      vertex -1.84776 -13.7346 0
    endloop
  endfacet
  facet normal 0 0 -1
    outer loop
      vertex -15.0288 -0.292635 0
      vertex -1.56926 -0.312144 0
      vertex -1.47821 -0.612293 0
    endloop
  endfacet
  facet normal 0 0 -1
    outer loop
      vertex -14.7446 -13.7729 0
      vertex -1.84776 -13.7346 0
      vertex -1.96157 -14.1098 0
    endloop
  endfacet
  facet normal 0 0 -1
    outer loop
      vertex -14.6365 -14.1293 0
      vertex -1.96157 -14.1098 0
      vertex -2 -14.5 0
    endloop
  endfacet
  facet normal 0 0 -1
    outer loop
      vertex -14.6365 -14.1293 0
      vertex -2 -14.5 0
      vertex -14.6 -14.5 0
    endloop
  endfacet
  facet normal -0 0 -1
    outer loop
      vertex -1.96157 -14.1098 0
      vertex -14.6365 -14.1293 0
      vertex -14.7446 -13.7729 0
    endloop
  endfacet
  facet normal -0 0 -1
    outer loop
      vertex -1.84776 -13.7346 0
      vertex -14.7446 -13.7729 0
      vertex -14.9202 -13.4444 0
    endloop
  endfacet
  facet normal 0 0 -1
    outer loop
      vertex -15.0288 0.292635 0
      vertex -1.6 0 0
      vertex -15 0 0
    endloop
  endfacet
  facet normal -0 0 -1
    outer loop
      vertex -1.56926 0.312144 0
      vertex -15.0288 0.292635 0
      vertex -15.1142 0.574024 0
    endloop
  endfacet
  facet normal 0 0 -1
    outer loop
      vertex -1.56926 -0.312144 0
      vertex -15 0 0
      vertex -1.6 0 0
    endloop
  endfacet
  facet normal 0 0 -1
    outer loop
      vertex -15.1759 13.7366 0
      vertex -1.33962 13.4451 0
      vertex -1.20563 13.1944 0
    endloop
  endfacet
  facet normal 0 0 -1
    outer loop
      vertex -1.42214 13.7171 0
      vertex -15.15 14 0
      vertex -1.45 14 0
    endloop
  endfacet
  facet normal 0 0 -1
    outer loop
      vertex -1.45 14 0
      vertex -15.15 14 0
      vertex -1.42214 14.2829 0
    endloop
  endfacet
  facet normal 0 0 -1
    outer loop
      vertex -15.1759 14.2634 0
      vertex -1.42214 14.2829 0
      vertex -15.15 14 0
    endloop
  endfacet
  facet normal -0 0 -1
    outer loop
      vertex -1.42214 14.2829 0
      vertex -15.1759 14.2634 0
      vertex -1.33962 14.5549 0
    endloop
  endfacet
  facet normal 0 0 -1
    outer loop
      vertex -15.2528 14.5166 0
      vertex -1.33962 14.5549 0
      vertex -15.1759 14.2634 0
    endloop
  endfacet
  facet normal -0 0 -1
    outer loop
      vertex -1.33962 14.5549 0
      vertex -15.2528 14.5166 0
      vertex -1.20563 14.8056 0
    endloop
  endfacet
  facet normal 0 0 -1
    outer loop
      vertex -15.3775 14.75 0
      vertex -1.20563 14.8056 0
      vertex -15.2528 14.5166 0
    endloop
  endfacet
  facet normal -0 0 -1
    outer loop
      vertex -1.20563 14.8056 0
      vertex -15.3775 14.75 0
      vertex -1.0253 15.0253 0
    endloop
  endfacet
  facet normal 0 0 -1
    outer loop
      vertex -15.5454 14.9546 0
      vertex -1.0253 15.0253 0
      vertex -15.3775 14.75 0
    endloop
  endfacet
  facet normal 0 0 -1
    outer loop
      vertex -15.75 15.1225 0
      vertex -1.0253 15.0253 0
      vertex -15.5454 14.9546 0
    endloop
  endfacet
  facet normal 0 0 -1
    outer loop
      vertex -1.0253 15.0253 0
      vertex -15.75 15.1225 0
      vertex -0.805576 15.2056 0
    endloop
  endfacet
  facet normal 0 0 -1
    outer loop
      vertex -15.9834 15.2472 0
      vertex -0.805576 15.2056 0
      vertex -15.75 15.1225 0
    endloop
  endfacet
  facet normal 0 0 -1
    outer loop
      vertex -0.805576 15.2056 0
      vertex -15.9834 15.2472 0
      vertex -0.554891 15.3396 0
    endloop
  endfacet
  facet normal 0 0 -1
    outer loop
      vertex -16.2366 15.3241 0
      vertex -0.554891 15.3396 0
      vertex -15.9834 15.2472 0
    endloop
  endfacet
  facet normal -0 0 -1
    outer loop
      vertex -0.554891 15.3396 0
      vertex -16.2366 15.3241 0
      vertex -0.282881 15.4221 0
    endloop
  endfacet
  facet normal 0 0 -1
    outer loop
      vertex -29 20 0
      vertex -0.282881 15.4221 0
      vertex -16.2366 15.3241 0
    endloop
  endfacet
  facet normal 0 0 -1
    outer loop
      vertex -29 20 0
      vertex -16.2366 15.3241 0
      vertex -16.5 15.35 0
    endloop
  endfacet
  facet normal 0 0 -1
    outer loop
      vertex -29 20 0
      vertex -16.5 15.35 0
      vertex -16.7634 15.3241 0
    endloop
  endfacet
  facet normal 0 0 -1
    outer loop
      vertex -29 20 0
      vertex -17.8858 0.574024 0
      vertex -17.9712 0.292635 0
    endloop
  endfacet
  facet normal 0 0 -1
    outer loop
      vertex -29 20 0
      vertex -17.9712 0.292635 0
      vertex -18 0 0
    endloop
  endfacet
  facet normal 0 0 -1
    outer loop
      vertex -29 -20 0
      vertex -18.0798 -13.4444 0
      vertex -18.2554 -13.7729 0
    endloop
  endfacet
  facet normal -0 0 -1
    outer loop
      vertex -17.9712 -0.292635 0
      vertex -29 -20 0
      vertex -18 0 0
    endloop
  endfacet
  facet normal 0 0 -1
    outer loop
      vertex -29 -20 0
      vertex -18.2554 -13.7729 0
      vertex -18.3635 -14.1293 0
    endloop
  endfacet
  facet normal 0 0 -1
    outer loop
      vertex -29 -20 0
      vertex -18.3635 -14.1293 0
      vertex -18.4 -14.5 0
    endloop
  endfacet
  facet normal -0 0 -1
    outer loop
      vertex -18 0 0
      vertex -29 -20 0
      vertex -29 20 0
    endloop
  endfacet
  facet normal 0 0 -1
    outer loop
      vertex -17.8241 13.7366 0
      vertex -29 20 0
      vertex -17.85 14 0
    endloop
  endfacet
  facet normal 0 0 -1
    outer loop
      vertex -17.85 14 0
      vertex -29 20 0
      vertex -17.8241 14.2634 0
    endloop
  endfacet
  facet normal 0 0 -1
    outer loop
      vertex 0 15.45 0
      vertex -29 20 0
      vertex 29 20 0
    endloop
  endfacet
  facet normal 0 0 -1
    outer loop
      vertex -17.0166 15.2472 0
      vertex -29 20 0
      vertex -16.7634 15.3241 0
    endloop
  endfacet
  facet normal 0 0 -1
    outer loop
      vertex -17.25 15.1225 0
      vertex -29 20 0
      vertex -17.0166 15.2472 0
    endloop
  endfacet
  facet normal 0 0 -1
    outer loop
      vertex -17.4546 14.9546 0
      vertex -29 20 0
      vertex -17.25 15.1225 0
    endloop
  endfacet
  facet normal 0 0 -1
    outer loop
      vertex -17.6225 14.75 0
      vertex -29 20 0
      vertex -17.4546 14.9546 0
    endloop
  endfacet
  facet normal 0 0 -1
    outer loop
      vertex -17.7472 14.5166 0
      vertex -29 20 0
      vertex -17.6225 14.75 0
    endloop
  endfacet
  facet normal 0 0 -1
    outer loop
      vertex -17.8241 14.2634 0
      vertex -29 20 0
      vertex -17.7472 14.5166 0
    endloop
  endfacet
  facet normal 0 -1 0
    outer loop
      vertex -29 -20 0
      vertex 29 -20 7
      vertex -29 -20 7
    endloop
  endfacet
  facet normal 0 -1 -0
    outer loop
      vertex 29 -20 7
      vertex -29 -20 0
      vertex 29 -20 0
    endloop
  endfacet
  facet normal 0 0 1
    outer loop
      vertex 29 5.5 6
      vertex 18.2 0 6
      vertex 29 -5.5 6
    endloop
  endfacet
  facet normal 0 0 1
    outer loop
      vertex 29 5.5 6
      vertex 18.1673 0.331653 6
      vertex 18.2 0 6
    endloop
  endfacet
  facet normal 0 0 1
    outer loop
      vertex 29 5.5 6
      vertex 18.0706 0.650561 6
      vertex 18.1673 0.331653 6
    endloop
  endfacet
  facet normal 0 0 1
    outer loop
      vertex 29 5.5 6
      vertex 17.9135 0.944468 6
      vertex 18.0706 0.650561 6
    endloop
  endfacet
  facet normal 0 0 1
    outer loop
      vertex 29 5.5 6
      vertex 17.7021 1.20208 6
      vertex 17.9135 0.944468 6
    endloop
  endfacet
  facet normal 0 0 1
    outer loop
      vertex 29 5.5 6
      vertex 17.4445 1.4135 6
      vertex 17.7021 1.20208 6
    endloop
  endfacet
  facet normal 0 0 1
    outer loop
      vertex 29 5.5 6
      vertex 17.1506 1.57059 6
      vertex 17.4445 1.4135 6
    endloop
  endfacet
  facet normal 0 0 1
    outer loop
      vertex 29 5.5 6
      vertex 16.8317 1.66733 6
      vertex 17.1506 1.57059 6
    endloop
  endfacet
  facet normal 0 0 1
    outer loop
      vertex 29 5.5 6
      vertex 16.5 1.7 6
      vertex 16.8317 1.66733 6
    endloop
  endfacet
  facet normal 0 0 1
    outer loop
      vertex 29 5.5 6
      vertex 16.1683 1.66733 6
      vertex 16.5 1.7 6
    endloop
  endfacet
  facet normal 0 0 1
    outer loop
      vertex 14.8327 0.331653 6
      vertex 1.6 0 6
      vertex 14.8 0 6
    endloop
  endfacet
  facet normal 0 0 1
    outer loop
      vertex 1.56926 0.312144 6
      vertex 14.8327 0.331653 6
      vertex 14.9294 0.650561 6
    endloop
  endfacet
  facet normal 0 0 1
    outer loop
      vertex 1.47821 0.612293 6
      vertex 14.9294 0.650561 6
      vertex 15.0865 0.944468 6
    endloop
  endfacet
  facet normal 0 0 1
    outer loop
      vertex 1.33035 0.888912 6
      vertex 15.0865 0.944468 6
      vertex 15.2979 1.20208 6
    endloop
  endfacet
  facet normal -0 0 1
    outer loop
      vertex 0.888912 1.33035 6
      vertex 15.2979 1.20208 6
      vertex 15.5555 1.4135 6
    endloop
  endfacet
  facet normal -0 0 1
    outer loop
      vertex 0.612293 1.47821 6
      vertex 15.5555 1.4135 6
      vertex 15.8494 1.57059 6
    endloop
  endfacet
  facet normal 0 0 1
    outer loop
      vertex 0.312144 1.56926 6
      vertex 15.8494 1.57059 6
      vertex 16.1683 1.66733 6
    endloop
  endfacet
  facet normal 0 0 1
    outer loop
      vertex 0.312144 1.56926 6
      vertex 16.1683 1.66733 6
      vertex 29 5.5 6
    endloop
  endfacet
  facet normal 0 0 1
    outer loop
      vertex 14.8327 0.331653 6
      vertex 1.56926 0.312144 6
      vertex 1.6 0 6
    endloop
  endfacet
  facet normal 0 0 1
    outer loop
      vertex 14.9294 0.650561 6
      vertex 1.47821 0.612293 6
      vertex 1.56926 0.312144 6
    endloop
  endfacet
  facet normal 0 0 1
    outer loop
      vertex 15.0865 0.944468 6
      vertex 1.33035 0.888912 6
      vertex 1.47821 0.612293 6
    endloop
  endfacet
  facet normal 0 0 1
    outer loop
      vertex 15.2979 1.20208 6
      vertex 1.13137 1.13137 6
      vertex 1.33035 0.888912 6
    endloop
  endfacet
  facet normal 0 0 1
    outer loop
      vertex 15.2979 1.20208 6
      vertex 0.888912 1.33035 6
      vertex 1.13137 1.13137 6
    endloop
  endfacet
  facet normal 0 0 1
    outer loop
      vertex 15.5555 1.4135 6
      vertex 0.612293 1.47821 6
      vertex 0.888912 1.33035 6
    endloop
  endfacet
  facet normal 0 0 1
    outer loop
      vertex 15.8494 1.57059 6
      vertex 0.312144 1.56926 6
      vertex 0.612293 1.47821 6
    endloop
  endfacet
  facet normal 0 0 1
    outer loop
      vertex 29 5.5 6
      vertex 0 1.6 6
      vertex 0.312144 1.56926 6
    endloop
  endfacet
  facet normal -0 0 1
    outer loop
      vertex -29 5.5 6
      vertex 0 1.6 6
      vertex 29 5.5 6
    endloop
  endfacet
  facet normal 0 0 1
    outer loop
      vertex -1.56926 0.312144 6
      vertex -15 0 6
      vertex -1.6 0 6
    endloop
  endfacet
  facet normal 0 0 1
    outer loop
      vertex -15.0288 0.292635 6
      vertex -1.56926 0.312144 6
      vertex -1.47821 0.612293 6
    endloop
  endfacet
  facet normal 0 0 1
    outer loop
      vertex -15.1142 0.574024 6
      vertex -1.47821 0.612293 6
      vertex -1.33035 0.888912 6
    endloop
  endfacet
  facet normal 0 0 1
    outer loop
      vertex -15.2528 0.833355 6
      vertex -1.33035 0.888912 6
      vertex -1.13137 1.13137 6
    endloop
  endfacet
  facet normal -0 0 1
    outer loop
      vertex -15.6666 1.2472 6
      vertex -1.13137 1.13137 6
      vertex -0.888912 1.33035 6
    endloop
  endfacet
  facet normal -0 0 1
    outer loop
      vertex -15.926 1.38582 6
      vertex -0.888912 1.33035 6
      vertex -0.612293 1.47821 6
    endloop
  endfacet
  facet normal 0 0 1
    outer loop
      vertex -16.2074 1.47118 6
      vertex -0.612293 1.47821 6
      vertex -0.312144 1.56926 6
    endloop
  endfacet
  facet normal 0 0 1
    outer loop
      vertex 0 1.6 6
      vertex -29 5.5 6
      vertex -0.312144 1.56926 6
    endloop
  endfacet
  facet normal 0 0 1
    outer loop
      vertex -1.56926 0.312144 6
      vertex -15.0288 0.292635 6
      vertex -15 0 6
    endloop
  endfacet
  facet normal 0 0 1
    outer loop
      vertex -1.47821 0.612293 6
      vertex -15.1142 0.574024 6
      vertex -15.0288 0.292635 6
    endloop
  endfacet
  facet normal 0 0 1
    outer loop
      vertex -1.33035 0.888912 6
      vertex -15.2528 0.833355 6
      vertex -15.1142 0.574024 6
    endloop
  endfacet
  facet normal 0 0 1
    outer loop
      vertex -1.13137 1.13137 6
      vertex -15.4393 1.06066 6
      vertex -15.2528 0.833355 6
    endloop
  endfacet
  facet normal 0 0 1
    outer loop
      vertex -1.13137 1.13137 6
      vertex -15.6666 1.2472 6
      vertex -15.4393 1.06066 6
    endloop
  endfacet
  facet normal 0 0 1
    outer loop
      vertex -0.888912 1.33035 6
      vertex -15.926 1.38582 6
      vertex -15.6666 1.2472 6
    endloop
  endfacet
  facet normal 0 0 1
    outer loop
      vertex -0.612293 1.47821 6
      vertex -16.2074 1.47118 6
      vertex -15.926 1.38582 6
    endloop
  endfacet
  facet normal 0 0 1
    outer loop
      vertex -0.312144 1.56926 6
      vertex -29 5.5 6
      vertex -16.2074 1.47118 6
    endloop
  endfacet
  facet normal 0 0 1
    outer loop
      vertex -17.9712 0.292635 6
      vertex -29 5.5 6
      vertex -18 0 6
    endloop
  endfacet
  facet normal 0 0 1
    outer loop
      vertex -17.8858 0.574024 6
      vertex -29 5.5 6
      vertex -17.9712 0.292635 6
    endloop
  endfacet
  facet normal 0 0 1
    outer loop
      vertex -17.7472 0.833355 6
      vertex -29 5.5 6
      vertex -17.8858 0.574024 6
    endloop
  endfacet
  facet normal 0 0 1
    outer loop
      vertex -17.5607 1.06066 6
      vertex -29 5.5 6
      vertex -17.7472 0.833355 6
    endloop
  endfacet
  facet normal 0 0 1
    outer loop
      vertex -17.3334 1.2472 6
      vertex -29 5.5 6
      vertex -17.5607 1.06066 6
    endloop
  endfacet
  facet normal 0 0 1
    outer loop
      vertex -17.074 1.38582 6
      vertex -29 5.5 6
      vertex -17.3334 1.2472 6
    endloop
  endfacet
  facet normal 0 0 1
    outer loop
      vertex -16.7926 1.47118 6
      vertex -29 5.5 6
      vertex -17.074 1.38582 6
    endloop
  endfacet
  facet normal 0 0 1
    outer loop
      vertex -16.5 1.5 6
      vertex -29 5.5 6
      vertex -16.7926 1.47118 6
    endloop
  endfacet
  facet normal 0 0 1
    outer loop
      vertex -16.2074 1.47118 6
      vertex -29 5.5 6
      vertex -16.5 1.5 6
    endloop
  endfacet
  facet normal -0 0 1
    outer loop
      vertex 18.1673 -0.331653 6
      vertex 29 -5.5 6
      vertex 18.2 0 6
    endloop
  endfacet
  facet normal -0 0 1
    outer loop
      vertex 18.0706 -0.650561 6
      vertex 29 -5.5 6
      vertex 18.1673 -0.331653 6
    endloop
  endfacet
  facet normal -0 0 1
    outer loop
      vertex 17.9135 -0.944468 6
      vertex 29 -5.5 6
      vertex 18.0706 -0.650561 6
    endloop
  endfacet
  facet normal -0 0 1
    outer loop
      vertex 17.7021 -1.20208 6
      vertex 29 -5.5 6
      vertex 17.9135 -0.944468 6
    endloop
  endfacet
  facet normal -0 0 1
    outer loop
      vertex 17.4445 -1.4135 6
      vertex 29 -5.5 6
      vertex 17.7021 -1.20208 6
    endloop
  endfacet
  facet normal -0 0 1
    outer loop
      vertex 17.1506 -1.57059 6
      vertex 29 -5.5 6
      vertex 17.4445 -1.4135 6
    endloop
  endfacet
  facet normal -0 0 1
    outer loop
      vertex 16.8317 -1.66733 6
      vertex 29 -5.5 6
      vertex 17.1506 -1.57059 6
    endloop
  endfacet
  facet normal -0 0 1
    outer loop
      vertex 16.5 -1.7 6
      vertex 29 -5.5 6
      vertex 16.8317 -1.66733 6
    endloop
  endfacet
  facet normal 0 0 1
    outer loop
      vertex 16.1683 -1.66733 6
      vertex 29 -5.5 6
      vertex 16.5 -1.7 6
    endloop
  endfacet
  facet normal -0 0 1
    outer loop
      vertex 1.6 0 6
      vertex 14.8327 -0.331653 6
      vertex 14.8 0 6
    endloop
  endfacet
  facet normal -0 0 1
    outer loop
      vertex 1.56926 -0.312144 6
      vertex 14.8327 -0.331653 6
      vertex 1.6 0 6
    endloop
  endfacet
  facet normal 0 0 1
    outer loop
      vertex 14.8327 -0.331653 6
      vertex 1.56926 -0.312144 6
      vertex 14.9294 -0.650561 6
    endloop
  endfacet
  facet normal -0 0 1
    outer loop
      vertex 1.47821 -0.612293 6
      vertex 14.9294 -0.650561 6
      vertex 1.56926 -0.312144 6
    endloop
  endfacet
  facet normal 0 0 1
    outer loop
      vertex 14.9294 -0.650561 6
      vertex 1.47821 -0.612293 6
      vertex 15.0865 -0.944468 6
    endloop
  endfacet
  facet normal -0 0 1
    outer loop
      vertex 1.33035 -0.888912 6
      vertex 15.0865 -0.944468 6
      vertex 1.47821 -0.612293 6
    endloop
  endfacet
  facet normal 0 0 1
    outer loop
      vertex 15.0865 -0.944468 6
      vertex 1.33035 -0.888912 6
      vertex 15.2979 -1.20208 6
    endloop
  endfacet
  facet normal -0 0 1
    outer loop
      vertex 1.13137 -1.13137 6
      vertex 15.2979 -1.20208 6
      vertex 1.33035 -0.888912 6
    endloop
  endfacet
  facet normal 0 0 1
    outer loop
      vertex 0.888912 -1.33035 6
      vertex 15.2979 -1.20208 6
      vertex 1.13137 -1.13137 6
    endloop
  endfacet
  facet normal 0 0 1
    outer loop
      vertex 15.2979 -1.20208 6
      vertex 0.888912 -1.33035 6
      vertex 15.5555 -1.4135 6
    endloop
  endfacet
  facet normal 0 0 1
    outer loop
      vertex 0.612293 -1.47821 6
      vertex 15.5555 -1.4135 6
      vertex 0.888912 -1.33035 6
    endloop
  endfacet
  facet normal 0 0 1
    outer loop
      vertex 15.5555 -1.4135 6
      vertex 0.612293 -1.47821 6
      vertex 15.8494 -1.57059 6
    endloop
  endfacet
  facet normal -0 0 1
    outer loop
      vertex 0.312144 -1.56926 6
      vertex 15.8494 -1.57059 6
      vertex 0.612293 -1.47821 6
    endloop
  endfacet
  facet normal 0 0 1
    outer loop
      vertex 15.8494 -1.57059 6
      vertex 0.312144 -1.56926 6
      vertex 16.1683 -1.66733 6
    endloop
  endfacet
  facet normal 0 0 1
    outer loop
      vertex 16.1683 -1.66733 6
      vertex 0.312144 -1.56926 6
      vertex 29 -5.5 6
    endloop
  endfacet
  facet normal -0 0 1
    outer loop
      vertex 0 -1.6 6
      vertex 29 -5.5 6
      vertex 0.312144 -1.56926 6
    endloop
  endfacet
  facet normal 0 0 1
    outer loop
      vertex -29 -5.5 6
      vertex 0 -1.6 6
      vertex -0.312144 -1.56926 6
    endloop
  endfacet
  facet normal -0 0 1
    outer loop
      vertex -15 0 6
      vertex -1.56926 -0.312144 6
      vertex -1.6 0 6
    endloop
  endfacet
  facet normal -0 0 1
    outer loop
      vertex -15.0288 -0.292635 6
      vertex -1.56926 -0.312144 6
      vertex -15 0 6
    endloop
  endfacet
  facet normal 0 0 1
    outer loop
      vertex -1.56926 -0.312144 6
      vertex -15.0288 -0.292635 6
      vertex -1.47821 -0.612293 6
    endloop
  endfacet
  facet normal -0 0 1
    outer loop
      vertex -15.1142 -0.574024 6
      vertex -1.47821 -0.612293 6
      vertex -15.0288 -0.292635 6
    endloop
  endfacet
  facet normal 0 0 1
    outer loop
      vertex -1.47821 -0.612293 6
      vertex -15.1142 -0.574024 6
      vertex -1.33035 -0.888912 6
    endloop
  endfacet
  facet normal -0 0 1
    outer loop
      vertex -15.2528 -0.833355 6
      vertex -1.33035 -0.888912 6
      vertex -15.1142 -0.574024 6
    endloop
  endfacet
  facet normal 0 0 1
    outer loop
      vertex -1.33035 -0.888912 6
      vertex -15.2528 -0.833355 6
      vertex -1.13137 -1.13137 6
    endloop
  endfacet
  facet normal -0 0 1
    outer loop
      vertex -15.4393 -1.06066 6
      vertex -1.13137 -1.13137 6
      vertex -15.2528 -0.833355 6
    endloop
  endfacet
  facet normal 0 0 1
    outer loop
      vertex -15.6666 -1.2472 6
      vertex -1.13137 -1.13137 6
      vertex -15.4393 -1.06066 6
    endloop
  endfacet
  facet normal 0 0 1
    outer loop
      vertex -1.13137 -1.13137 6
      vertex -15.6666 -1.2472 6
      vertex -0.888912 -1.33035 6
    endloop
  endfacet
  facet normal 0 0 1
    outer loop
      vertex -15.926 -1.38582 6
      vertex -0.888912 -1.33035 6
      vertex -15.6666 -1.2472 6
    endloop
  endfacet
  facet normal 0 0 1
    outer loop
      vertex -0.888912 -1.33035 6
      vertex -15.926 -1.38582 6
      vertex -0.612293 -1.47821 6
    endloop
  endfacet
  facet normal -0 0 1
    outer loop
      vertex -16.2074 -1.47118 6
      vertex -0.612293 -1.47821 6
      vertex -15.926 -1.38582 6
    endloop
  endfacet
  facet normal 0 0 1
    outer loop
      vertex -0.612293 -1.47821 6
      vertex -16.2074 -1.47118 6
      vertex -0.312144 -1.56926 6
    endloop
  endfacet
  facet normal 0 0 1
    outer loop
      vertex -29 -5.5 6
      vertex -0.312144 -1.56926 6
      vertex -16.2074 -1.47118 6
    endloop
  endfacet
  facet normal 0 0 1
    outer loop
      vertex -29 -5.5 6
      vertex -16.2074 -1.47118 6
      vertex -16.5 -1.5 6
    endloop
  endfacet
  facet normal 0 0 1
    outer loop
      vertex -29 -5.5 6
      vertex -18 0 6
      vertex -29 5.5 6
    endloop
  endfacet
  facet normal 0 0 1
    outer loop
      vertex -18 0 6
      vertex -29 -5.5 6
      vertex -17.9712 -0.292635 6
    endloop
  endfacet
  facet normal 0 0 1
    outer loop
      vertex -17.9712 -0.292635 6
      vertex -29 -5.5 6
      vertex -17.8858 -0.574024 6
    endloop
  endfacet
  facet normal 0 0 1
    outer loop
      vertex -17.8858 -0.574024 6
      vertex -29 -5.5 6
      vertex -17.7472 -0.833355 6
    endloop
  endfacet
  facet normal 0 0 1
    outer loop
      vertex -17.7472 -0.833355 6
      vertex -29 -5.5 6
      vertex -17.5607 -1.06066 6
    endloop
  endfacet
  facet normal 0 0 1
    outer loop
      vertex 0 -1.6 6
      vertex -29 -5.5 6
      vertex 29 -5.5 6
    endloop
  endfacet
  facet normal 0 0 1
    outer loop
      vertex -16.7926 -1.47118 6
      vertex -29 -5.5 6
      vertex -16.5 -1.5 6
    endloop
  endfacet
  facet normal 0 0 1
    outer loop
      vertex -17.074 -1.38582 6
      vertex -29 -5.5 6
      vertex -16.7926 -1.47118 6
    endloop
  endfacet
  facet normal 0 0 1
    outer loop
      vertex -17.3334 -1.2472 6
      vertex -29 -5.5 6
      vertex -17.074 -1.38582 6
    endloop
  endfacet
  facet normal 0 0 1
    outer loop
      vertex -17.5607 -1.06066 6
      vertex -29 -5.5 6
      vertex -17.3334 -1.2472 6
    endloop
  endfacet
  facet normal 0 -1 0
    outer loop
      vertex -29 -5.5 4
      vertex 29 -5.5 6
      vertex -29 -5.5 6
    endloop
  endfacet
  facet normal 0 -1 -0
    outer loop
      vertex 29 -5.5 6
      vertex -29 -5.5 4
      vertex 29 -5.5 4
    endloop
  endfacet
  facet normal 0 1 -0
    outer loop
      vertex 29 5.5 4
      vertex -29 5.5 6
      vertex 29 5.5 6
    endloop
  endfacet
  facet normal 0 1 0
    outer loop
      vertex -29 5.5 6
      vertex 29 5.5 4
      vertex -29 5.5 4
    endloop
  endfacet
  facet normal 0 0 1
    outer loop
      vertex 29 -9 7
      vertex 18.6 -14.5 7
      vertex 29 -20 7
    endloop
  endfacet
  facet normal 0 0 1
    outer loop
      vertex 29 -9 7
      vertex 18.5596 -14.0903 7
      vertex 18.6 -14.5 7
    endloop
  endfacet
  facet normal 0 0 1
    outer loop
      vertex 29 -9 7
      vertex 18.4401 -13.6964 7
      vertex 18.5596 -14.0903 7
    endloop
  endfacet
  facet normal 0 0 1
    outer loop
      vertex 29 -9 7
      vertex 18.2461 -13.3333 7
      vertex 18.4401 -13.6964 7
    endloop
  endfacet
  facet normal 0 0 1
    outer loop
      vertex 29 -9 7
      vertex 17.9849 -13.0151 7
      vertex 18.2461 -13.3333 7
    endloop
  endfacet
  facet normal 0 0 1
    outer loop
      vertex 29 -9 7
      vertex 17.6667 -12.7539 7
      vertex 17.9849 -13.0151 7
    endloop
  endfacet
  facet normal 0 0 1
    outer loop
      vertex 29 -9 7
      vertex 17.3036 -12.5599 7
      vertex 17.6667 -12.7539 7
    endloop
  endfacet
  facet normal 0 0 1
    outer loop
      vertex 29 -9 7
      vertex 16.9097 -12.4404 7
      vertex 17.3036 -12.5599 7
    endloop
  endfacet
  facet normal 0 0 1
    outer loop
      vertex 29 -9 7
      vertex 16.5 -12.4 7
      vertex 16.9097 -12.4404 7
    endloop
  endfacet
  facet normal 0 0 1
    outer loop
      vertex 29 -9 7
      vertex 16.0903 -12.4404 7
      vertex 16.5 -12.4 7
    endloop
  endfacet
  facet normal 0 0 1
    outer loop
      vertex 14.4404 -14.0903 7
      vertex 2 -14.5 7
      vertex 14.4 -14.5 7
    endloop
  endfacet
  facet normal 0 0 1
    outer loop
      vertex 1.96157 -14.1098 7
      vertex 14.4404 -14.0903 7
      vertex 14.5599 -13.6964 7
    endloop
  endfacet
  facet normal 0 0 1
    outer loop
      vertex 1.84776 -13.7346 7
      vertex 14.5599 -13.6964 7
      vertex 14.7539 -13.3333 7
    endloop
  endfacet
  facet normal 0 0 1
    outer loop
      vertex 1.66294 -13.3889 7
      vertex 14.7539 -13.3333 7
      vertex 15.0151 -13.0151 7
    endloop
  endfacet
  facet normal -0 0 1
    outer loop
      vertex 1.11114 -12.8371 7
      vertex 15.0151 -13.0151 7
      vertex 15.3333 -12.7539 7
    endloop
  endfacet
  facet normal -0 0 1
    outer loop
      vertex 0.765367 -12.6522 7
      vertex 15.3333 -12.7539 7
      vertex 15.6964 -12.5599 7
    endloop
  endfacet
  facet normal -0 0 1
    outer loop
      vertex 0.390181 -12.5384 7
      vertex 15.6964 -12.5599 7
      vertex 16.0903 -12.4404 7
    endloop
  endfacet
  facet normal 0 0 1
    outer loop
      vertex 0.390181 -12.5384 7
      vertex 16.0903 -12.4404 7
      vertex 29 -9 7
    endloop
  endfacet
  facet normal 0 0 1
    outer loop
      vertex 14.4404 -14.0903 7
      vertex 1.96157 -14.1098 7
      vertex 2 -14.5 7
    endloop
  endfacet
  facet normal 0 0 1
    outer loop
      vertex 14.5599 -13.6964 7
      vertex 1.84776 -13.7346 7
      vertex 1.96157 -14.1098 7
    endloop
  endfacet
  facet normal 0 0 1
    outer loop
      vertex 14.7539 -13.3333 7
      vertex 1.66294 -13.3889 7
      vertex 1.84776 -13.7346 7
    endloop
  endfacet
  facet normal 0 0 1
    outer loop
      vertex 15.0151 -13.0151 7
      vertex 1.41421 -13.0858 7
      vertex 1.66294 -13.3889 7
    endloop
  endfacet
  facet normal 0 0 1
    outer loop
      vertex 15.0151 -13.0151 7
      vertex 1.11114 -12.8371 7
      vertex 1.41421 -13.0858 7
    endloop
  endfacet
  facet normal 0 0 1
    outer loop
      vertex 15.3333 -12.7539 7
      vertex 0.765367 -12.6522 7
      vertex 1.11114 -12.8371 7
    endloop
  endfacet
  facet normal 0 0 1
    outer loop
      vertex 15.6964 -12.5599 7
      vertex 0.390181 -12.5384 7
      vertex 0.765367 -12.6522 7
    endloop
  endfacet
  facet normal 0 0 1
    outer loop
      vertex 29 -9 7
      vertex 0 -12.5 7
      vertex 0.390181 -12.5384 7
    endloop
  endfacet
  facet normal -0 0 1
    outer loop
      vertex -29 -9 7
      vertex 0 -12.5 7
      vertex 29 -9 7
    endloop
  endfacet
  facet normal 0 0 1
    outer loop
      vertex -1.96157 -14.1098 7
      vertex -14.6 -14.5 7
      vertex -2 -14.5 7
    endloop
  endfacet
  facet normal 0 0 1
    outer loop
      vertex -14.6365 -14.1293 7
      vertex -1.96157 -14.1098 7
      vertex -1.84776 -13.7346 7
    endloop
  endfacet
  facet normal 0 0 1
    outer loop
      vertex -14.7446 -13.7729 7
      vertex -1.84776 -13.7346 7
      vertex -1.66294 -13.3889 7
    endloop
  endfacet
  facet normal 0 0 1
    outer loop
      vertex -14.9202 -13.4444 7
      vertex -1.66294 -13.3889 7
      vertex -1.41421 -13.0858 7
    endloop
  endfacet
  facet normal -0 0 1
    outer loop
      vertex -15.4444 -12.9202 7
      vertex -1.41421 -13.0858 7
      vertex -1.11114 -12.8371 7
    endloop
  endfacet
  facet normal -0 0 1
    outer loop
      vertex -15.7729 -12.7446 7
      vertex -1.11114 -12.8371 7
      vertex -0.765367 -12.6522 7
    endloop
  endfacet
  facet normal -0 0 1
    outer loop
      vertex -16.1293 -12.6365 7
      vertex -0.765367 -12.6522 7
      vertex -0.390181 -12.5384 7
    endloop
  endfacet
  facet normal 0 0 1
    outer loop
      vertex -1.96157 -14.1098 7
      vertex -14.6365 -14.1293 7
      vertex -14.6 -14.5 7
    endloop
  endfacet
  facet normal 0 0 1
    outer loop
      vertex 0 -12.5 7
      vertex -29 -9 7
      vertex -0.390181 -12.5384 7
    endloop
  endfacet
  facet normal 0 0 1
    outer loop
      vertex -1.84776 -13.7346 7
      vertex -14.7446 -13.7729 7
      vertex -14.6365 -14.1293 7
    endloop
  endfacet
  facet normal 0 0 1
    outer loop
      vertex -1.66294 -13.3889 7
      vertex -14.9202 -13.4444 7
      vertex -14.7446 -13.7729 7
    endloop
  endfacet
  facet normal 0 0 1
    outer loop
      vertex -1.41421 -13.0858 7
      vertex -15.1565 -13.1565 7
      vertex -14.9202 -13.4444 7
    endloop
  endfacet
  facet normal 0 0 1
    outer loop
      vertex -1.41421 -13.0858 7
      vertex -15.4444 -12.9202 7
      vertex -15.1565 -13.1565 7
    endloop
  endfacet
  facet normal 0 0 1
    outer loop
      vertex -1.11114 -12.8371 7
      vertex -15.7729 -12.7446 7
      vertex -15.4444 -12.9202 7
    endloop
  endfacet
  facet normal 0 0 1
    outer loop
      vertex -0.765367 -12.6522 7
      vertex -16.1293 -12.6365 7
      vertex -15.7729 -12.7446 7
    endloop
  endfacet
  facet normal 0 0 1
    outer loop
      vertex -0.390181 -12.5384 7
      vertex -29 -9 7
      vertex -16.1293 -12.6365 7
    endloop
  endfacet
  facet normal 0 0 1
    outer loop
      vertex -18.3635 -14.1293 7
      vertex -29 -9 7
      vertex -18.4 -14.5 7
    endloop
  endfacet
  facet normal 0 0 1
    outer loop
      vertex -18.2554 -13.7729 7
      vertex -29 -9 7
      vertex -18.3635 -14.1293 7
    endloop
  endfacet
  facet normal 0 0 1
    outer loop
      vertex -18.0798 -13.4444 7
      vertex -29 -9 7
      vertex -18.2554 -13.7729 7
    endloop
  endfacet
  facet normal 0 0 1
    outer loop
      vertex -17.8435 -13.1565 7
      vertex -29 -9 7
      vertex -18.0798 -13.4444 7
    endloop
  endfacet
  facet normal 0 0 1
    outer loop
      vertex -17.5556 -12.9202 7
      vertex -29 -9 7
      vertex -17.8435 -13.1565 7
    endloop
  endfacet
  facet normal 0 0 1
    outer loop
      vertex -17.2271 -12.7446 7
      vertex -29 -9 7
      vertex -17.5556 -12.9202 7
    endloop
  endfacet
  facet normal 0 0 1
    outer loop
      vertex -16.8707 -12.6365 7
      vertex -29 -9 7
      vertex -17.2271 -12.7446 7
    endloop
  endfacet
  facet normal 0 0 1
    outer loop
      vertex -16.5 -12.6 7
      vertex -29 -9 7
      vertex -16.8707 -12.6365 7
    endloop
  endfacet
  facet normal 0 0 1
    outer loop
      vertex -16.1293 -12.6365 7
      vertex -29 -9 7
      vertex -16.5 -12.6 7
    endloop
  endfacet
  facet normal -0 0 1
    outer loop
      vertex 18.5596 -14.9097 7
      vertex 29 -20 7
      vertex 18.6 -14.5 7
    endloop
  endfacet
  facet normal -0 0 1
    outer loop
      vertex 18.4401 -15.3036 7
      vertex 29 -20 7
      vertex 18.5596 -14.9097 7
    endloop
  endfacet
  facet normal -0 0 1
    outer loop
      vertex 18.2461 -15.6667 7
      vertex 29 -20 7
      vertex 18.4401 -15.3036 7
    endloop
  endfacet
  facet normal -0 0 1
    outer loop
      vertex 17.9849 -15.9849 7
      vertex 29 -20 7
      vertex 18.2461 -15.6667 7
    endloop
  endfacet
  facet normal -0 0 1
    outer loop
      vertex 17.6667 -16.2461 7
      vertex 29 -20 7
      vertex 17.9849 -15.9849 7
    endloop
  endfacet
  facet normal -0 0 1
    outer loop
      vertex 17.3036 -16.4401 7
      vertex 29 -20 7
      vertex 17.6667 -16.2461 7
    endloop
  endfacet
  facet normal -0 0 1
    outer loop
      vertex 16.9097 -16.5596 7
      vertex 29 -20 7
      vertex 17.3036 -16.4401 7
    endloop
  endfacet
  facet normal -0 0 1
    outer loop
      vertex 16.5 -16.6 7
      vertex 29 -20 7
      vertex 16.9097 -16.5596 7
    endloop
  endfacet
  facet normal 0 0 1
    outer loop
      vertex 16.0903 -16.5596 7
      vertex 29 -20 7
      vertex 16.5 -16.6 7
    endloop
  endfacet
  facet normal -0 0 1
    outer loop
      vertex 2 -14.5 7
      vertex 14.4404 -14.9097 7
      vertex 14.4 -14.5 7
    endloop
  endfacet
  facet normal -0 0 1
    outer loop
      vertex 1.96157 -14.8902 7
      vertex 14.4404 -14.9097 7
      vertex 2 -14.5 7
    endloop
  endfacet
  facet normal 0 0 1
    outer loop
      vertex 14.4404 -14.9097 7
      vertex 1.96157 -14.8902 7
      vertex 14.5599 -15.3036 7
    endloop
  endfacet
  facet normal -0 0 1
    outer loop
      vertex 1.84776 -15.2654 7
      vertex 14.5599 -15.3036 7
      vertex 1.96157 -14.8902 7
    endloop
  endfacet
  facet normal 0 0 1
    outer loop
      vertex 14.5599 -15.3036 7
      vertex 1.84776 -15.2654 7
      vertex 14.7539 -15.6667 7
    endloop
  endfacet
  facet normal -0 0 1
    outer loop
      vertex 1.66294 -15.6111 7
      vertex 14.7539 -15.6667 7
      vertex 1.84776 -15.2654 7
    endloop
  endfacet
  facet normal 0 0 1
    outer loop
      vertex 14.7539 -15.6667 7
      vertex 1.66294 -15.6111 7
      vertex 15.0151 -15.9849 7
    endloop
  endfacet
  facet normal -0 0 1
    outer loop
      vertex 1.41421 -15.9142 7
      vertex 15.0151 -15.9849 7
      vertex 1.66294 -15.6111 7
    endloop
  endfacet
  facet normal 0 0 1
    outer loop
      vertex 1.11114 -16.1629 7
      vertex 15.0151 -15.9849 7
      vertex 1.41421 -15.9142 7
    endloop
  endfacet
  facet normal 0 0 1
    outer loop
      vertex 15.0151 -15.9849 7
      vertex 1.11114 -16.1629 7
      vertex 15.3333 -16.2461 7
    endloop
  endfacet
  facet normal 0 0 1
    outer loop
      vertex 0.765367 -16.3478 7
      vertex 15.3333 -16.2461 7
      vertex 1.11114 -16.1629 7
    endloop
  endfacet
  facet normal 0 0 1
    outer loop
      vertex 15.3333 -16.2461 7
      vertex 0.765367 -16.3478 7
      vertex 15.6964 -16.4401 7
    endloop
  endfacet
  facet normal 0 0 1
    outer loop
      vertex 0.390181 -16.4616 7
      vertex 15.6964 -16.4401 7
      vertex 0.765367 -16.3478 7
    endloop
  endfacet
  facet normal 0 0 1
    outer loop
      vertex 15.6964 -16.4401 7
      vertex 0.390181 -16.4616 7
      vertex 16.0903 -16.5596 7
    endloop
  endfacet
  facet normal 0 0 1
    outer loop
      vertex 16.0903 -16.5596 7
      vertex 0.390181 -16.4616 7
      vertex 29 -20 7
    endloop
  endfacet
  facet normal -0 0 1
    outer loop
      vertex 0 -16.5 7
      vertex 29 -20 7
      vertex 0.390181 -16.4616 7
    endloop
  endfacet
  facet normal 0 0 1
    outer loop
      vertex -29 -20 7
      vertex 0 -16.5 7
      vertex -0.390181 -16.4616 7
    endloop
  endfacet
  facet normal -0 0 1
    outer loop
      vertex -14.6 -14.5 7
      vertex -1.96157 -14.8902 7
      vertex -2 -14.5 7
    endloop
  endfacet
  facet normal -0 0 1
    outer loop
      vertex -14.6365 -14.8707 7
      vertex -1.96157 -14.8902 7
      vertex -14.6 -14.5 7
    endloop
  endfacet
  facet normal 0 0 1
    outer loop
      vertex -1.96157 -14.8902 7
      vertex -14.6365 -14.8707 7
      vertex -1.84776 -15.2654 7
    endloop
  endfacet
  facet normal -0 0 1
    outer loop
      vertex -14.7446 -15.2271 7
      vertex -1.84776 -15.2654 7
      vertex -14.6365 -14.8707 7
    endloop
  endfacet
  facet normal 0 0 1
    outer loop
      vertex -1.84776 -15.2654 7
      vertex -14.7446 -15.2271 7
      vertex -1.66294 -15.6111 7
    endloop
  endfacet
  facet normal -0 0 1
    outer loop
      vertex -14.9202 -15.5556 7
      vertex -1.66294 -15.6111 7
      vertex -14.7446 -15.2271 7
    endloop
  endfacet
  facet normal 0 0 1
    outer loop
      vertex -1.66294 -15.6111 7
      vertex -14.9202 -15.5556 7
      vertex -1.41421 -15.9142 7
    endloop
  endfacet
  facet normal -0 0 1
    outer loop
      vertex -15.1565 -15.8435 7
      vertex -1.41421 -15.9142 7
      vertex -14.9202 -15.5556 7
    endloop
  endfacet
  facet normal 0 0 1
    outer loop
      vertex -15.4444 -16.0798 7
      vertex -1.41421 -15.9142 7
      vertex -15.1565 -15.8435 7
    endloop
  endfacet
  facet normal 0 0 1
    outer loop
      vertex -1.41421 -15.9142 7
      vertex -15.4444 -16.0798 7
      vertex -1.11114 -16.1629 7
    endloop
  endfacet
  facet normal 0 0 1
    outer loop
      vertex -15.7729 -16.2554 7
      vertex -1.11114 -16.1629 7
      vertex -15.4444 -16.0798 7
    endloop
  endfacet
  facet normal 0 0 1
    outer loop
      vertex -1.11114 -16.1629 7
      vertex -15.7729 -16.2554 7
      vertex -0.765367 -16.3478 7
    endloop
  endfacet
  facet normal 0 0 1
    outer loop
      vertex -16.1293 -16.3635 7
      vertex -0.765367 -16.3478 7
      vertex -15.7729 -16.2554 7
    endloop
  endfacet
  facet normal 0 0 1
    outer loop
      vertex -0.765367 -16.3478 7
      vertex -16.1293 -16.3635 7
      vertex -0.390181 -16.4616 7
    endloop
  endfacet
  facet normal 0 0 1
    outer loop
      vertex -29 -20 7
      vertex -0.390181 -16.4616 7
      vertex -16.1293 -16.3635 7
    endloop
  endfacet
  facet normal 0 0 1
    outer loop
      vertex -29 -20 7
      vertex -16.1293 -16.3635 7
      vertex -16.5 -16.4 7
    endloop
  endfacet
  facet normal 0 0 1
    outer loop
      vertex -29 -20 7
      vertex -18.4 -14.5 7
      vertex -29 -9 7
    endloop
  endfacet
  facet normal 0 0 1
    outer loop
      vertex -18.4 -14.5 7
      vertex -29 -20 7
      vertex -18.3635 -14.8707 7
    endloop
  endfacet
  facet normal 0 0 1
    outer loop
      vertex -18.3635 -14.8707 7
      vertex -29 -20 7
      vertex -18.2554 -15.2271 7
    endloop
  endfacet
  facet normal 0 0 1
    outer loop
      vertex -18.2554 -15.2271 7
      vertex -29 -20 7
      vertex -18.0798 -15.5556 7
    endloop
  endfacet
  facet normal 0 0 1
    outer loop
      vertex -18.0798 -15.5556 7
      vertex -29 -20 7
      vertex -17.8435 -15.8435 7
    endloop
  endfacet
  facet normal 0 0 1
    outer loop
      vertex 0 -16.5 7
      vertex -29 -20 7
      vertex 29 -20 7
    endloop
  endfacet
  facet normal 0 0 1
    outer loop
      vertex -16.8707 -16.3635 7
      vertex -29 -20 7
      vertex -16.5 -16.4 7
    endloop
  endfacet
  facet normal 0 0 1
    outer loop
      vertex -17.2271 -16.2554 7
      vertex -29 -20 7
      vertex -16.8707 -16.3635 7
    endloop
  endfacet
  facet normal 0 0 1
    outer loop
      vertex -17.5556 -16.0798 7
      vertex -29 -20 7
      vertex -17.2271 -16.2554 7
    endloop
  endfacet
  facet normal 0 0 1
    outer loop
      vertex -17.8435 -15.8435 7
      vertex -29 -20 7
      vertex -17.5556 -16.0798 7
    endloop
  endfacet
  facet normal 0 1 -0
    outer loop
      vertex 29 -9 4
      vertex -29 -9 7
      vertex 29 -9 7
    endloop
  endfacet
  facet normal 0 1 0
    outer loop
      vertex -29 -9 7
      vertex 29 -9 4
      vertex -29 -9 4
    endloop
  endfacet
  facet normal -0.9952 -0.0978576 0
    outer loop
      vertex -15.15 14 0
      vertex -15.1759 14.2634 4
      vertex -15.1759 14.2634 0
    endloop
  endfacet
  facet normal -0.9952 -0.0978576 0
    outer loop
      vertex -15.1759 14.2634 4
      vertex -15.15 14 0
      vertex -15.15 14 4
    endloop
  endfacet
  facet normal 0.0978576 -0.9952 0
    outer loop
      vertex -16.7634 15.3241 0
      vertex -16.5 15.35 4
      vertex -16.7634 15.3241 4
    endloop
  endfacet
  facet normal 0.0978576 -0.9952 0
    outer loop
      vertex -16.5 15.35 4
      vertex -16.7634 15.3241 0
      vertex -16.5 15.35 0
    endloop
  endfacet
  facet normal -0.634369 -0.773031 0
    outer loop
      vertex -15.75 15.1225 0
      vertex -15.5454 14.9546 4
      vertex -15.75 15.1225 4
    endloop
  endfacet
  facet normal -0.634369 -0.773031 -0
    outer loop
      vertex -15.5454 14.9546 4
      vertex -15.75 15.1225 0
      vertex -15.5454 14.9546 0
    endloop
  endfacet
  facet normal 0.773031 -0.634369 0
    outer loop
      vertex -17.6225 14.75 4
      vertex -17.4546 14.9546 0
      vertex -17.4546 14.9546 4
    endloop
  endfacet
  facet normal 0.773031 -0.634369 0
    outer loop
      vertex -17.4546 14.9546 0
      vertex -17.6225 14.75 4
      vertex -17.6225 14.75 0
    endloop
  endfacet
  facet normal 0.471235 -0.882007 0
    outer loop
      vertex -17.25 15.1225 0
      vertex -17.0166 15.2472 4
      vertex -17.25 15.1225 4
    endloop
  endfacet
  facet normal 0.471235 -0.882007 0
    outer loop
      vertex -17.0166 15.2472 4
      vertex -17.25 15.1225 0
      vertex -17.0166 15.2472 0
    endloop
  endfacet
  facet normal -0.882007 0.471235 0
    outer loop
      vertex -15.3775 13.25 0
      vertex -15.2528 13.4834 4
      vertex -15.2528 13.4834 0
    endloop
  endfacet
  facet normal -0.882007 0.471235 0
    outer loop
      vertex -15.2528 13.4834 4
      vertex -15.3775 13.25 0
      vertex -15.3775 13.25 4
    endloop
  endfacet
  facet normal -0.882007 -0.471235 0
    outer loop
      vertex -15.2528 14.5166 0
      vertex -15.3775 14.75 4
      vertex -15.3775 14.75 0
    endloop
  endfacet
  facet normal -0.882007 -0.471235 0
    outer loop
      vertex -15.3775 14.75 4
      vertex -15.2528 14.5166 0
      vertex -15.2528 14.5166 4
    endloop
  endfacet
  facet normal -0.956843 -0.290605 0
    outer loop
      vertex -15.1759 14.2634 0
      vertex -15.2528 14.5166 4
      vertex -15.2528 14.5166 0
    endloop
  endfacet
  facet normal -0.956843 -0.290605 0
    outer loop
      vertex -15.2528 14.5166 4
      vertex -15.1759 14.2634 0
      vertex -15.1759 14.2634 4
    endloop
  endfacet
  facet normal -0.773031 -0.634369 0
    outer loop
      vertex -15.3775 14.75 0
      vertex -15.5454 14.9546 4
      vertex -15.5454 14.9546 0
    endloop
  endfacet
  facet normal -0.773031 -0.634369 0
    outer loop
      vertex -15.5454 14.9546 4
      vertex -15.3775 14.75 0
      vertex -15.3775 14.75 4
    endloop
  endfacet
  facet normal -0.290605 -0.956843 0
    outer loop
      vertex -16.2366 15.3241 0
      vertex -15.9834 15.2472 4
      vertex -16.2366 15.3241 4
    endloop
  endfacet
  facet normal -0.290605 -0.956843 -0
    outer loop
      vertex -15.9834 15.2472 4
      vertex -16.2366 15.3241 0
      vertex -15.9834 15.2472 0
    endloop
  endfacet
  facet normal -0.0978576 -0.9952 0
    outer loop
      vertex -16.5 15.35 0
      vertex -16.2366 15.3241 4
      vertex -16.5 15.35 4
    endloop
  endfacet
  facet normal -0.0978576 -0.9952 -0
    outer loop
      vertex -16.2366 15.3241 4
      vertex -16.5 15.35 0
      vertex -16.2366 15.3241 0
    endloop
  endfacet
  facet normal -0.471235 -0.882007 0
    outer loop
      vertex -15.9834 15.2472 0
      vertex -15.75 15.1225 4
      vertex -15.9834 15.2472 4
    endloop
  endfacet
  facet normal -0.471235 -0.882007 -0
    outer loop
      vertex -15.75 15.1225 4
      vertex -15.9834 15.2472 0
      vertex -15.75 15.1225 0
    endloop
  endfacet
  facet normal 0.956843 -0.290605 0
    outer loop
      vertex -17.8241 14.2634 4
      vertex -17.7472 14.5166 0
      vertex -17.7472 14.5166 4
    endloop
  endfacet
  facet normal 0.956843 -0.290605 0
    outer loop
      vertex -17.7472 14.5166 0
      vertex -17.8241 14.2634 4
      vertex -17.8241 14.2634 0
    endloop
  endfacet
  facet normal 0.882007 -0.471235 0
    outer loop
      vertex -17.7472 14.5166 4
      vertex -17.6225 14.75 0
      vertex -17.6225 14.75 4
    endloop
  endfacet
  facet normal 0.882007 -0.471235 0
    outer loop
      vertex -17.6225 14.75 0
      vertex -17.7472 14.5166 4
      vertex -17.7472 14.5166 0
    endloop
  endfacet
  facet normal 0.9952 -0.0978576 0
    outer loop
      vertex -17.85 14 4
      vertex -17.8241 14.2634 0
      vertex -17.8241 14.2634 4
    endloop
  endfacet
  facet normal 0.9952 -0.0978576 0
    outer loop
      vertex -17.8241 14.2634 0
      vertex -17.85 14 4
      vertex -17.85 14 0
    endloop
  endfacet
  facet normal 0.634369 -0.773031 0
    outer loop
      vertex -17.4546 14.9546 0
      vertex -17.25 15.1225 4
      vertex -17.4546 14.9546 4
    endloop
  endfacet
  facet normal 0.634369 -0.773031 0
    outer loop
      vertex -17.25 15.1225 4
      vertex -17.4546 14.9546 0
      vertex -17.25 15.1225 0
    endloop
  endfacet
  facet normal 0.290605 -0.956843 0
    outer loop
      vertex -17.0166 15.2472 0
      vertex -16.7634 15.3241 4
      vertex -17.0166 15.2472 4
    endloop
  endfacet
  facet normal 0.290605 -0.956843 0
    outer loop
      vertex -16.7634 15.3241 4
      vertex -17.0166 15.2472 0
      vertex -16.7634 15.3241 0
    endloop
  endfacet
  facet normal -0.9952 0.0978576 0
    outer loop
      vertex -15.1759 13.7366 0
      vertex -15.15 14 4
      vertex -15.15 14 0
    endloop
  endfacet
  facet normal -0.9952 0.0978576 0
    outer loop
      vertex -15.15 14 4
      vertex -15.1759 13.7366 0
      vertex -15.1759 13.7366 4
    endloop
  endfacet
  facet normal -0.290605 0.956843 0
    outer loop
      vertex -15.9834 12.7528 0
      vertex -16.2366 12.6759 4
      vertex -15.9834 12.7528 4
    endloop
  endfacet
  facet normal -0.290605 0.956843 0
    outer loop
      vertex -16.2366 12.6759 4
      vertex -15.9834 12.7528 0
      vertex -16.2366 12.6759 0
    endloop
  endfacet
  facet normal -0.634369 0.773031 0
    outer loop
      vertex -15.5454 13.0454 0
      vertex -15.75 12.8775 4
      vertex -15.5454 13.0454 4
    endloop
  endfacet
  facet normal -0.634369 0.773031 0
    outer loop
      vertex -15.75 12.8775 4
      vertex -15.5454 13.0454 0
      vertex -15.75 12.8775 0
    endloop
  endfacet
  facet normal 0.471235 0.882007 -0
    outer loop
      vertex -17.0166 12.7528 0
      vertex -17.25 12.8775 4
      vertex -17.0166 12.7528 4
    endloop
  endfacet
  facet normal 0.471235 0.882007 0
    outer loop
      vertex -17.25 12.8775 4
      vertex -17.0166 12.7528 0
      vertex -17.25 12.8775 0
    endloop
  endfacet
  facet normal 0.0978576 0.9952 -0
    outer loop
      vertex -16.5 12.65 0
      vertex -16.7634 12.6759 4
      vertex -16.5 12.65 4
    endloop
  endfacet
  facet normal 0.0978576 0.9952 0
    outer loop
      vertex -16.7634 12.6759 4
      vertex -16.5 12.65 0
      vertex -16.7634 12.6759 0
    endloop
  endfacet
  facet normal 0.773031 0.634369 0
    outer loop
      vertex -17.4546 13.0454 4
      vertex -17.6225 13.25 0
      vertex -17.6225 13.25 4
    endloop
  endfacet
  facet normal 0.773031 0.634369 0
    outer loop
      vertex -17.6225 13.25 0
      vertex -17.4546 13.0454 4
      vertex -17.4546 13.0454 0
    endloop
  endfacet
  facet normal 0.956843 0.290605 0
    outer loop
      vertex -17.7472 13.4834 4
      vertex -17.8241 13.7366 0
      vertex -17.8241 13.7366 4
    endloop
  endfacet
  facet normal 0.956843 0.290605 0
    outer loop
      vertex -17.8241 13.7366 0
      vertex -17.7472 13.4834 4
      vertex -17.7472 13.4834 0
    endloop
  endfacet
  facet normal 0.9952 0.0978576 0
    outer loop
      vertex -17.8241 13.7366 4
      vertex -17.85 14 0
      vertex -17.85 14 4
    endloop
  endfacet
  facet normal 0.9952 0.0978576 0
    outer loop
      vertex -17.85 14 0
      vertex -17.8241 13.7366 4
      vertex -17.8241 13.7366 0
    endloop
  endfacet
  facet normal -0.471235 0.882007 0
    outer loop
      vertex -15.75 12.8775 0
      vertex -15.9834 12.7528 4
      vertex -15.75 12.8775 4
    endloop
  endfacet
  facet normal -0.471235 0.882007 0
    outer loop
      vertex -15.9834 12.7528 4
      vertex -15.75 12.8775 0
      vertex -15.9834 12.7528 0
    endloop
  endfacet
  facet normal -0.773031 0.634369 0
    outer loop
      vertex -15.5454 13.0454 0
      vertex -15.3775 13.25 4
      vertex -15.3775 13.25 0
    endloop
  endfacet
  facet normal -0.773031 0.634369 0
    outer loop
      vertex -15.3775 13.25 4
      vertex -15.5454 13.0454 0
      vertex -15.5454 13.0454 4
    endloop
  endfacet
  facet normal -0.956843 0.290605 0
    outer loop
      vertex -15.2528 13.4834 0
      vertex -15.1759 13.7366 4
      vertex -15.1759 13.7366 0
    endloop
  endfacet
  facet normal -0.956843 0.290605 0
    outer loop
      vertex -15.1759 13.7366 4
      vertex -15.2528 13.4834 0
      vertex -15.2528 13.4834 4
    endloop
  endfacet
  facet normal 0.290605 0.956843 -0
    outer loop
      vertex -16.7634 12.6759 0
      vertex -17.0166 12.7528 4
      vertex -16.7634 12.6759 4
    endloop
  endfacet
  facet normal 0.290605 0.956843 0
    outer loop
      vertex -17.0166 12.7528 4
      vertex -16.7634 12.6759 0
      vertex -17.0166 12.7528 0
    endloop
  endfacet
  facet normal -0.0978576 0.9952 0
    outer loop
      vertex -16.2366 12.6759 0
      vertex -16.5 12.65 4
      vertex -16.2366 12.6759 4
    endloop
  endfacet
  facet normal -0.0978576 0.9952 0
    outer loop
      vertex -16.5 12.65 4
      vertex -16.2366 12.6759 0
      vertex -16.5 12.65 0
    endloop
  endfacet
  facet normal 0.634369 0.773031 -0
    outer loop
      vertex -17.25 12.8775 0
      vertex -17.4546 13.0454 4
      vertex -17.25 12.8775 4
    endloop
  endfacet
  facet normal 0.634369 0.773031 0
    outer loop
      vertex -17.4546 13.0454 4
      vertex -17.25 12.8775 0
      vertex -17.4546 13.0454 0
    endloop
  endfacet
  facet normal 0.882007 0.471235 0
    outer loop
      vertex -17.6225 13.25 4
      vertex -17.7472 13.4834 0
      vertex -17.7472 13.4834 4
    endloop
  endfacet
  facet normal 0.882007 0.471235 0
    outer loop
      vertex -17.7472 13.4834 0
      vertex -17.6225 13.25 4
      vertex -17.6225 13.25 0
    endloop
  endfacet
  facet normal -0.995186 -0.0980059 0
    outer loop
      vertex 1.45 14 0
      vertex 1.42214 14.2829 4
      vertex 1.42214 14.2829 0
    endloop
  endfacet
  facet normal -0.995186 -0.0980059 0
    outer loop
      vertex 1.42214 14.2829 4
      vertex 1.45 14 0
      vertex 1.45 14 4
    endloop
  endfacet
  facet normal 0.0981518 -0.995171 0
    outer loop
      vertex -0.282881 15.4221 0
      vertex 0 15.45 4
      vertex -0.282881 15.4221 4
    endloop
  endfacet
  facet normal 0.0981518 -0.995171 0
    outer loop
      vertex 0 15.45 4
      vertex -0.282881 15.4221 0
      vertex 0 15.45 0
    endloop
  endfacet
  facet normal -0.0981518 0.995171 0
    outer loop
      vertex 0.282881 12.5779 0
      vertex 0 12.55 4
      vertex 0.282881 12.5779 4
    endloop
  endfacet
  facet normal -0.0981518 0.995171 0
    outer loop
      vertex 0 12.55 4
      vertex 0.282881 12.5779 0
      vertex 0 12.55 0
    endloop
  endfacet
  facet normal -0.634345 -0.77305 0
    outer loop
      vertex 0.805576 15.2056 0
      vertex 1.0253 15.0253 4
      vertex 0.805576 15.2056 4
    endloop
  endfacet
  facet normal -0.634345 -0.77305 -0
    outer loop
      vertex 1.0253 15.0253 4
      vertex 0.805576 15.2056 0
      vertex 1.0253 15.0253 0
    endloop
  endfacet
  facet normal 0.772964 -0.63445 0
    outer loop
      vertex -1.20563 14.8056 4
      vertex -1.0253 15.0253 0
      vertex -1.0253 15.0253 4
    endloop
  endfacet
  facet normal 0.772964 -0.63445 0
    outer loop
      vertex -1.0253 15.0253 0
      vertex -1.20563 14.8056 4
      vertex -1.20563 14.8056 0
    endloop
  endfacet
  facet normal 0.471413 -0.881912 0
    outer loop
      vertex -0.805576 15.2056 0
      vertex -0.554891 15.3396 4
      vertex -0.805576 15.2056 4
    endloop
  endfacet
  facet normal 0.471413 -0.881912 0
    outer loop
      vertex -0.554891 15.3396 4
      vertex -0.805576 15.2056 0
      vertex -0.554891 15.3396 0
    endloop
  endfacet
  facet normal -0.881939 -0.471364 0
    outer loop
      vertex 1.33962 14.5549 0
      vertex 1.20563 14.8056 4
      vertex 1.20563 14.8056 0
    endloop
  endfacet
  facet normal -0.881939 -0.471364 0
    outer loop
      vertex 1.20563 14.8056 4
      vertex 1.33962 14.5549 0
      vertex 1.33962 14.5549 4
    endloop
  endfacet
  facet normal -0.956931 -0.290316 0
    outer loop
      vertex 1.42214 14.2829 0
      vertex 1.33962 14.5549 4
      vertex 1.33962 14.5549 0
    endloop
  endfacet
  facet normal -0.956931 -0.290316 0
    outer loop
      vertex 1.33962 14.5549 4
      vertex 1.42214 14.2829 0
      vertex 1.42214 14.2829 4
    endloop
  endfacet
  facet normal -0.772964 -0.63445 0
    outer loop
      vertex 1.20563 14.8056 0
      vertex 1.0253 15.0253 4
      vertex 1.0253 15.0253 0
    endloop
  endfacet
  facet normal -0.772964 -0.63445 0
    outer loop
      vertex 1.0253 15.0253 4
      vertex 1.20563 14.8056 0
      vertex 1.20563 14.8056 4
    endloop
  endfacet
  facet normal -0.290242 -0.956953 0
    outer loop
      vertex 0.282881 15.4221 0
      vertex 0.554891 15.3396 4
      vertex 0.282881 15.4221 4
    endloop
  endfacet
  facet normal -0.290242 -0.956953 -0
    outer loop
      vertex 0.554891 15.3396 4
      vertex 0.282881 15.4221 0
      vertex 0.554891 15.3396 0
    endloop
  endfacet
  facet normal -0.0981518 -0.995171 0
    outer loop
      vertex 0 15.45 0
      vertex 0.282881 15.4221 4
      vertex 0 15.45 4
    endloop
  endfacet
  facet normal -0.0981518 -0.995171 -0
    outer loop
      vertex 0.282881 15.4221 4
      vertex 0 15.45 0
      vertex 0.282881 15.4221 0
    endloop
  endfacet
  facet normal -0.471413 -0.881912 0
    outer loop
      vertex 0.554891 15.3396 0
      vertex 0.805576 15.2056 4
      vertex 0.554891 15.3396 4
    endloop
  endfacet
  facet normal -0.471413 -0.881912 -0
    outer loop
      vertex 0.805576 15.2056 4
      vertex 0.554891 15.3396 0
      vertex 0.805576 15.2056 0
    endloop
  endfacet
  facet normal 0.956931 -0.290316 0
    outer loop
      vertex -1.42214 14.2829 4
      vertex -1.33962 14.5549 0
      vertex -1.33962 14.5549 4
    endloop
  endfacet
  facet normal 0.956931 -0.290316 0
    outer loop
      vertex -1.33962 14.5549 0
      vertex -1.42214 14.2829 4
      vertex -1.42214 14.2829 0
    endloop
  endfacet
  facet normal 0.881939 -0.471364 0
    outer loop
      vertex -1.33962 14.5549 4
      vertex -1.20563 14.8056 0
      vertex -1.20563 14.8056 4
    endloop
  endfacet
  facet normal 0.881939 -0.471364 0
    outer loop
      vertex -1.20563 14.8056 0
      vertex -1.33962 14.5549 4
      vertex -1.33962 14.5549 0
    endloop
  endfacet
  facet normal 0.995186 -0.0980059 0
    outer loop
      vertex -1.45 14 4
      vertex -1.42214 14.2829 0
      vertex -1.42214 14.2829 4
    endloop
  endfacet
  facet normal 0.995186 -0.0980059 0
    outer loop
      vertex -1.42214 14.2829 0
      vertex -1.45 14 4
      vertex -1.45 14 0
    endloop
  endfacet
  facet normal 0.634345 -0.77305 0
    outer loop
      vertex -1.0253 15.0253 0
      vertex -0.805576 15.2056 4
      vertex -1.0253 15.0253 4
    endloop
  endfacet
  facet normal 0.634345 -0.77305 0
    outer loop
      vertex -0.805576 15.2056 4
      vertex -1.0253 15.0253 0
      vertex -0.805576 15.2056 0
    endloop
  endfacet
  facet normal 0.290242 -0.956953 0
    outer loop
      vertex -0.554891 15.3396 0
      vertex -0.282881 15.4221 4
      vertex -0.554891 15.3396 4
    endloop
  endfacet
  facet normal 0.290242 -0.956953 0
    outer loop
      vertex -0.282881 15.4221 4
      vertex -0.554891 15.3396 0
      vertex -0.282881 15.4221 0
    endloop
  endfacet
  facet normal -0.995186 0.0980059 0
    outer loop
      vertex 1.42214 13.7171 0
      vertex 1.45 14 4
      vertex 1.45 14 0
    endloop
  endfacet
  facet normal -0.995186 0.0980059 0
    outer loop
      vertex 1.45 14 4
      vertex 1.42214 13.7171 0
      vertex 1.42214 13.7171 4
    endloop
  endfacet
  facet normal 0.995186 0.0980059 0
    outer loop
      vertex -1.42214 13.7171 4
      vertex -1.45 14 0
      vertex -1.45 14 4
    endloop
  endfacet
  facet normal 0.995186 0.0980059 0
    outer loop
      vertex -1.45 14 0
      vertex -1.42214 13.7171 4
      vertex -1.42214 13.7171 0
    endloop
  endfacet
  facet normal -0.881939 0.471364 0
    outer loop
      vertex 1.20563 13.1944 0
      vertex 1.33962 13.4451 4
      vertex 1.33962 13.4451 0
    endloop
  endfacet
  facet normal -0.881939 0.471364 0
    outer loop
      vertex 1.33962 13.4451 4
      vertex 1.20563 13.1944 0
      vertex 1.20563 13.1944 4
    endloop
  endfacet
  facet normal 0.772964 0.63445 0
    outer loop
      vertex -1.0253 12.9747 4
      vertex -1.20563 13.1944 0
      vertex -1.20563 13.1944 4
    endloop
  endfacet
  facet normal 0.772964 0.63445 0
    outer loop
      vertex -1.20563 13.1944 0
      vertex -1.0253 12.9747 4
      vertex -1.0253 12.9747 0
    endloop
  endfacet
  facet normal -0.634345 0.77305 0
    outer loop
      vertex 1.0253 12.9747 0
      vertex 0.805576 12.7944 4
      vertex 1.0253 12.9747 4
    endloop
  endfacet
  facet normal -0.634345 0.77305 0
    outer loop
      vertex 0.805576 12.7944 4
      vertex 1.0253 12.9747 0
      vertex 0.805576 12.7944 0
    endloop
  endfacet
  facet normal -0.956931 0.290316 0
    outer loop
      vertex 1.33962 13.4451 0
      vertex 1.42214 13.7171 4
      vertex 1.42214 13.7171 0
    endloop
  endfacet
  facet normal -0.956931 0.290316 0
    outer loop
      vertex 1.42214 13.7171 4
      vertex 1.33962 13.4451 0
      vertex 1.33962 13.4451 4
    endloop
  endfacet
  facet normal 0.634345 0.77305 -0
    outer loop
      vertex -0.805576 12.7944 0
      vertex -1.0253 12.9747 4
      vertex -0.805576 12.7944 4
    endloop
  endfacet
  facet normal 0.634345 0.77305 0
    outer loop
      vertex -1.0253 12.9747 4
      vertex -0.805576 12.7944 0
      vertex -1.0253 12.9747 0
    endloop
  endfacet
  facet normal 0.881939 0.471364 0
    outer loop
      vertex -1.20563 13.1944 4
      vertex -1.33962 13.4451 0
      vertex -1.33962 13.4451 4
    endloop
  endfacet
  facet normal 0.881939 0.471364 0
    outer loop
      vertex -1.33962 13.4451 0
      vertex -1.20563 13.1944 4
      vertex -1.20563 13.1944 0
    endloop
  endfacet
  facet normal 0.956931 0.290316 0
    outer loop
      vertex -1.33962 13.4451 4
      vertex -1.42214 13.7171 0
      vertex -1.42214 13.7171 4
    endloop
  endfacet
  facet normal 0.956931 0.290316 0
    outer loop
      vertex -1.42214 13.7171 0
      vertex -1.33962 13.4451 4
      vertex -1.33962 13.4451 0
    endloop
  endfacet
  facet normal -0.471413 0.881912 0
    outer loop
      vertex 0.805576 12.7944 0
      vertex 0.554891 12.6604 4
      vertex 0.805576 12.7944 4
    endloop
  endfacet
  facet normal -0.471413 0.881912 0
    outer loop
      vertex 0.554891 12.6604 4
      vertex 0.805576 12.7944 0
      vertex 0.554891 12.6604 0
    endloop
  endfacet
  facet normal -0.290242 0.956953 0
    outer loop
      vertex 0.554891 12.6604 0
      vertex 0.282881 12.5779 4
      vertex 0.554891 12.6604 4
    endloop
  endfacet
  facet normal -0.290242 0.956953 0
    outer loop
      vertex 0.282881 12.5779 4
      vertex 0.554891 12.6604 0
      vertex 0.282881 12.5779 0
    endloop
  endfacet
  facet normal -0.772964 0.63445 0
    outer loop
      vertex 1.0253 12.9747 0
      vertex 1.20563 13.1944 4
      vertex 1.20563 13.1944 0
    endloop
  endfacet
  facet normal -0.772964 0.63445 0
    outer loop
      vertex 1.20563 13.1944 4
      vertex 1.0253 12.9747 0
      vertex 1.0253 12.9747 4
    endloop
  endfacet
  facet normal 0.471413 0.881912 -0
    outer loop
      vertex -0.554891 12.6604 0
      vertex -0.805576 12.7944 4
      vertex -0.554891 12.6604 4
    endloop
  endfacet
  facet normal 0.471413 0.881912 0
    outer loop
      vertex -0.805576 12.7944 4
      vertex -0.554891 12.6604 0
      vertex -0.805576 12.7944 0
    endloop
  endfacet
  facet normal 0.290242 0.956953 -0
    outer loop
      vertex -0.282881 12.5779 0
      vertex -0.554891 12.6604 4
      vertex -0.282881 12.5779 4
    endloop
  endfacet
  facet normal 0.290242 0.956953 0
    outer loop
      vertex -0.554891 12.6604 4
      vertex -0.282881 12.5779 0
      vertex -0.554891 12.6604 0
    endloop
  endfacet
  facet normal 0.0981518 0.995171 -0
    outer loop
      vertex 0 12.55 0
      vertex -0.282881 12.5779 4
      vertex 0 12.55 4
    endloop
  endfacet
  facet normal 0.0981518 0.995171 0
    outer loop
      vertex -0.282881 12.5779 4
      vertex 0 12.55 0
      vertex -0.282881 12.5779 0
    endloop
  endfacet
  facet normal -0.99518 -0.0980699 0
    outer loop
      vertex 18.05 14 0
      vertex 18.0202 14.3024 4
      vertex 18.0202 14.3024 0
    endloop
  endfacet
  facet normal -0.99518 -0.0980699 0
    outer loop
      vertex 18.0202 14.3024 4
      vertex 18.05 14 0
      vertex 18.05 14 4
    endloop
  endfacet
  facet normal 0.0980699 -0.99518 0
    outer loop
      vertex 16.1976 15.5202 0
      vertex 16.5 15.55 4
      vertex 16.1976 15.5202 4
    endloop
  endfacet
  facet normal 0.0980699 -0.99518 0
    outer loop
      vertex 16.5 15.55 4
      vertex 16.1976 15.5202 0
      vertex 16.5 15.55 0
    endloop
  endfacet
  facet normal -0.634438 -0.772974 0
    outer loop
      vertex 17.3611 15.2888 0
      vertex 17.596 15.096 4
      vertex 17.3611 15.2888 4
    endloop
  endfacet
  facet normal -0.634438 -0.772974 -0
    outer loop
      vertex 17.596 15.096 4
      vertex 17.3611 15.2888 0
      vertex 17.596 15.096 0
    endloop
  endfacet
  facet normal 0.772974 -0.634438 0
    outer loop
      vertex 15.2112 14.8611 4
      vertex 15.404 15.096 0
      vertex 15.404 15.096 4
    endloop
  endfacet
  facet normal 0.772974 -0.634438 0
    outer loop
      vertex 15.404 15.096 0
      vertex 15.2112 14.8611 4
      vertex 15.2112 14.8611 0
    endloop
  endfacet
  facet normal 0.471408 -0.881915 0
    outer loop
      vertex 15.6389 15.2888 0
      vertex 15.9068 15.432 4
      vertex 15.6389 15.2888 4
    endloop
  endfacet
  facet normal 0.471408 -0.881915 0
    outer loop
      vertex 15.9068 15.432 4
      vertex 15.6389 15.2888 0
      vertex 15.9068 15.432 0
    endloop
  endfacet
  facet normal -0.881915 -0.471408 0
    outer loop
      vertex 17.932 14.5932 0
      vertex 17.7888 14.8611 4
      vertex 17.7888 14.8611 0
    endloop
  endfacet
  facet normal -0.881915 -0.471408 0
    outer loop
      vertex 17.7888 14.8611 4
      vertex 17.932 14.5932 0
      vertex 17.932 14.5932 4
    endloop
  endfacet
  facet normal -0.956952 -0.290245 0
    outer loop
      vertex 18.0202 14.3024 0
      vertex 17.932 14.5932 4
      vertex 17.932 14.5932 0
    endloop
  endfacet
  facet normal -0.956952 -0.290245 0
    outer loop
      vertex 17.932 14.5932 4
      vertex 18.0202 14.3024 0
      vertex 18.0202 14.3024 4
    endloop
  endfacet
  facet normal -0.772974 -0.634438 0
    outer loop
      vertex 17.7888 14.8611 0
      vertex 17.596 15.096 4
      vertex 17.596 15.096 0
    endloop
  endfacet
  facet normal -0.772974 -0.634438 0
    outer loop
      vertex 17.596 15.096 4
      vertex 17.7888 14.8611 0
      vertex 17.7888 14.8611 4
    endloop
  endfacet
  facet normal -0.290245 -0.956952 0
    outer loop
      vertex 16.8024 15.5202 0
      vertex 17.0932 15.432 4
      vertex 16.8024 15.5202 4
    endloop
  endfacet
  facet normal -0.290245 -0.956952 -0
    outer loop
      vertex 17.0932 15.432 4
      vertex 16.8024 15.5202 0
      vertex 17.0932 15.432 0
    endloop
  endfacet
  facet normal -0.0980699 -0.99518 0
    outer loop
      vertex 16.5 15.55 0
      vertex 16.8024 15.5202 4
      vertex 16.5 15.55 4
    endloop
  endfacet
  facet normal -0.0980699 -0.99518 -0
    outer loop
      vertex 16.8024 15.5202 4
      vertex 16.5 15.55 0
      vertex 16.8024 15.5202 0
    endloop
  endfacet
  facet normal -0.471408 -0.881915 0
    outer loop
      vertex 17.0932 15.432 0
      vertex 17.3611 15.2888 4
      vertex 17.0932 15.432 4
    endloop
  endfacet
  facet normal -0.471408 -0.881915 -0
    outer loop
      vertex 17.3611 15.2888 4
      vertex 17.0932 15.432 0
      vertex 17.3611 15.2888 0
    endloop
  endfacet
  facet normal 0.956952 -0.290245 0
    outer loop
      vertex 14.9798 14.3024 4
      vertex 15.068 14.5932 0
      vertex 15.068 14.5932 4
    endloop
  endfacet
  facet normal 0.956952 -0.290245 0
    outer loop
      vertex 15.068 14.5932 0
      vertex 14.9798 14.3024 4
      vertex 14.9798 14.3024 0
    endloop
  endfacet
  facet normal 0.881915 -0.471408 0
    outer loop
      vertex 15.068 14.5932 4
      vertex 15.2112 14.8611 0
      vertex 15.2112 14.8611 4
    endloop
  endfacet
  facet normal 0.881915 -0.471408 0
    outer loop
      vertex 15.2112 14.8611 0
      vertex 15.068 14.5932 4
      vertex 15.068 14.5932 0
    endloop
  endfacet
  facet normal 0.99518 -0.0980699 0
    outer loop
      vertex 14.95 14 4
      vertex 14.9798 14.3024 0
      vertex 14.9798 14.3024 4
    endloop
  endfacet
  facet normal 0.99518 -0.0980699 0
    outer loop
      vertex 14.9798 14.3024 0
      vertex 14.95 14 4
      vertex 14.95 14 0
    endloop
  endfacet
  facet normal 0.634438 -0.772974 0
    outer loop
      vertex 15.404 15.096 0
      vertex 15.6389 15.2888 4
      vertex 15.404 15.096 4
    endloop
  endfacet
  facet normal 0.634438 -0.772974 0
    outer loop
      vertex 15.6389 15.2888 4
      vertex 15.404 15.096 0
      vertex 15.6389 15.2888 0
    endloop
  endfacet
  facet normal 0.290245 -0.956952 0
    outer loop
      vertex 15.9068 15.432 0
      vertex 16.1976 15.5202 4
      vertex 15.9068 15.432 4
    endloop
  endfacet
  facet normal 0.290245 -0.956952 0
    outer loop
      vertex 16.1976 15.5202 4
      vertex 15.9068 15.432 0
      vertex 16.1976 15.5202 0
    endloop
  endfacet
  facet normal -0.290245 0.956952 0
    outer loop
      vertex 17.0932 12.568 0
      vertex 16.8024 12.4798 4
      vertex 17.0932 12.568 4
    endloop
  endfacet
  facet normal -0.290245 0.956952 0
    outer loop
      vertex 16.8024 12.4798 4
      vertex 17.0932 12.568 0
      vertex 16.8024 12.4798 0
    endloop
  endfacet
  facet normal -0.634438 0.772974 0
    outer loop
      vertex 17.596 12.904 0
      vertex 17.3611 12.7112 4
      vertex 17.596 12.904 4
    endloop
  endfacet
  facet normal -0.634438 0.772974 0
    outer loop
      vertex 17.3611 12.7112 4
      vertex 17.596 12.904 0
      vertex 17.3611 12.7112 0
    endloop
  endfacet
  facet normal -0.881915 0.471408 0
    outer loop
      vertex 17.7888 13.1389 0
      vertex 17.932 13.4068 4
      vertex 17.932 13.4068 0
    endloop
  endfacet
  facet normal -0.881915 0.471408 0
    outer loop
      vertex 17.932 13.4068 4
      vertex 17.7888 13.1389 0
      vertex 17.7888 13.1389 4
    endloop
  endfacet
  facet normal -0.99518 0.0980699 0
    outer loop
      vertex 18.0202 13.6976 0
      vertex 18.05 14 4
      vertex 18.05 14 0
    endloop
  endfacet
  facet normal -0.99518 0.0980699 0
    outer loop
      vertex 18.05 14 4
      vertex 18.0202 13.6976 0
      vertex 18.0202 13.6976 4
    endloop
  endfacet
  facet normal 0.290245 0.956952 -0
    outer loop
      vertex 16.1976 12.4798 0
      vertex 15.9068 12.568 4
      vertex 16.1976 12.4798 4
    endloop
  endfacet
  facet normal 0.290245 0.956952 0
    outer loop
      vertex 15.9068 12.568 4
      vertex 16.1976 12.4798 0
      vertex 15.9068 12.568 0
    endloop
  endfacet
  facet normal 0.471408 0.881915 -0
    outer loop
      vertex 15.9068 12.568 0
      vertex 15.6389 12.7112 4
      vertex 15.9068 12.568 4
    endloop
  endfacet
  facet normal 0.471408 0.881915 0
    outer loop
      vertex 15.6389 12.7112 4
      vertex 15.9068 12.568 0
      vertex 15.6389 12.7112 0
    endloop
  endfacet
  facet normal 0.0980699 0.99518 -0
    outer loop
      vertex 16.5 12.45 0
      vertex 16.1976 12.4798 4
      vertex 16.5 12.45 4
    endloop
  endfacet
  facet normal 0.0980699 0.99518 0
    outer loop
      vertex 16.1976 12.4798 4
      vertex 16.5 12.45 0
      vertex 16.1976 12.4798 0
    endloop
  endfacet
  facet normal 0.772974 0.634438 0
    outer loop
      vertex 15.404 12.904 4
      vertex 15.2112 13.1389 0
      vertex 15.2112 13.1389 4
    endloop
  endfacet
  facet normal 0.772974 0.634438 0
    outer loop
      vertex 15.2112 13.1389 0
      vertex 15.404 12.904 4
      vertex 15.404 12.904 0
    endloop
  endfacet
  facet normal 0.634438 0.772974 -0
    outer loop
      vertex 15.6389 12.7112 0
      vertex 15.404 12.904 4
      vertex 15.6389 12.7112 4
    endloop
  endfacet
  facet normal 0.634438 0.772974 0
    outer loop
      vertex 15.404 12.904 4
      vertex 15.6389 12.7112 0
      vertex 15.404 12.904 0
    endloop
  endfacet
  facet normal 0.956952 0.290245 0
    outer loop
      vertex 15.068 13.4068 4
      vertex 14.9798 13.6976 0
      vertex 14.9798 13.6976 4
    endloop
  endfacet
  facet normal 0.956952 0.290245 0
    outer loop
      vertex 14.9798 13.6976 0
      vertex 15.068 13.4068 4
      vertex 15.068 13.4068 0
    endloop
  endfacet
  facet normal 0.99518 0.0980699 0
    outer loop
      vertex 14.9798 13.6976 4
      vertex 14.95 14 0
      vertex 14.95 14 4
    endloop
  endfacet
  facet normal 0.99518 0.0980699 0
    outer loop
      vertex 14.95 14 0
      vertex 14.9798 13.6976 4
      vertex 14.9798 13.6976 0
    endloop
  endfacet
  facet normal -0.471408 0.881915 0
    outer loop
      vertex 17.3611 12.7112 0
      vertex 17.0932 12.568 4
      vertex 17.3611 12.7112 4
    endloop
  endfacet
  facet normal -0.471408 0.881915 0
    outer loop
      vertex 17.0932 12.568 4
      vertex 17.3611 12.7112 0
      vertex 17.0932 12.568 0
    endloop
  endfacet
  facet normal -0.772974 0.634438 0
    outer loop
      vertex 17.596 12.904 0
      vertex 17.7888 13.1389 4
      vertex 17.7888 13.1389 0
    endloop
  endfacet
  facet normal -0.772974 0.634438 0
    outer loop
      vertex 17.7888 13.1389 4
      vertex 17.596 12.904 0
      vertex 17.596 12.904 4
    endloop
  endfacet
  facet normal -0.956952 0.290245 0
    outer loop
      vertex 17.932 13.4068 0
      vertex 18.0202 13.6976 4
      vertex 18.0202 13.6976 0
    endloop
  endfacet
  facet normal -0.956952 0.290245 0
    outer loop
      vertex 18.0202 13.6976 4
      vertex 17.932 13.4068 0
      vertex 17.932 13.4068 4
    endloop
  endfacet
  facet normal -0.0980699 0.99518 0
    outer loop
      vertex 16.8024 12.4798 0
      vertex 16.5 12.45 4
      vertex 16.8024 12.4798 4
    endloop
  endfacet
  facet normal -0.0980699 0.99518 0
    outer loop
      vertex 16.5 12.45 4
      vertex 16.8024 12.4798 0
      vertex 16.5 12.45 0
    endloop
  endfacet
  facet normal 0.881915 0.471408 0
    outer loop
      vertex 15.2112 13.1389 4
      vertex 15.068 13.4068 0
      vertex 15.068 13.4068 4
    endloop
  endfacet
  facet normal 0.881915 0.471408 0
    outer loop
      vertex 15.068 13.4068 0
      vertex 15.2112 13.1389 4
      vertex 15.2112 13.1389 0
    endloop
  endfacet
  facet normal -0.471312 -0.881967 0
    outer loop
      vertex -15.926 1.38582 0
      vertex -15.6666 1.2472 6
      vertex -15.926 1.38582 6
    endloop
  endfacet
  facet normal -0.471312 -0.881967 -0
    outer loop
      vertex -15.6666 1.2472 6
      vertex -15.926 1.38582 0
      vertex -15.6666 1.2472 0
    endloop
  endfacet
  facet normal -0.995192 0.0979429 0
    outer loop
      vertex -15.0288 -0.292635 0
      vertex -15 0 6
      vertex -15 0 0
    endloop
  endfacet
  facet normal -0.995192 0.0979429 0
    outer loop
      vertex -15 0 6
      vertex -15.0288 -0.292635 0
      vertex -15.0288 -0.292635 6
    endloop
  endfacet
  facet normal 0.290279 0.956942 -0
    outer loop
      vertex -16.7926 -1.47118 0
      vertex -17.074 -1.38582 6
      vertex -16.7926 -1.47118 6
    endloop
  endfacet
  facet normal 0.290279 0.956942 0
    outer loop
      vertex -17.074 -1.38582 6
      vertex -16.7926 -1.47118 0
      vertex -17.074 -1.38582 0
    endloop
  endfacet
  facet normal 0.290279 -0.956942 0
    outer loop
      vertex -17.074 1.38582 0
      vertex -16.7926 1.47118 6
      vertex -17.074 1.38582 6
    endloop
  endfacet
  facet normal 0.290279 -0.956942 0
    outer loop
      vertex -16.7926 1.47118 6
      vertex -17.074 1.38582 0
      vertex -16.7926 1.47118 0
    endloop
  endfacet
  facet normal 0.881943 -0.471356 0
    outer loop
      vertex -17.8858 0.574024 6
      vertex -17.7472 0.833355 0
      vertex -17.7472 0.833355 6
    endloop
  endfacet
  facet normal 0.881943 -0.471356 0
    outer loop
      vertex -17.7472 0.833355 0
      vertex -17.8858 0.574024 6
      vertex -17.8858 0.574024 0
    endloop
  endfacet
  facet normal -0.956901 -0.290414 0
    outer loop
      vertex -15.0288 0.292635 0
      vertex -15.1142 0.574024 6
      vertex -15.1142 0.574024 0
    endloop
  endfacet
  facet normal -0.956901 -0.290414 0
    outer loop
      vertex -15.1142 0.574024 6
      vertex -15.0288 0.292635 0
      vertex -15.0288 0.292635 6
    endloop
  endfacet
  facet normal -0.881943 -0.471356 0
    outer loop
      vertex -15.1142 0.574024 0
      vertex -15.2528 0.833355 6
      vertex -15.2528 0.833355 0
    endloop
  endfacet
  facet normal -0.881943 -0.471356 0
    outer loop
      vertex -15.2528 0.833355 6
      vertex -15.1142 0.574024 0
      vertex -15.1142 0.574024 6
    endloop
  endfacet
  facet normal -0.773084 -0.634303 0
    outer loop
      vertex -15.2528 0.833355 0
      vertex -15.4393 1.06066 6
      vertex -15.4393 1.06066 0
    endloop
  endfacet
  facet normal -0.773084 -0.634303 0
    outer loop
      vertex -15.4393 1.06066 6
      vertex -15.2528 0.833355 0
      vertex -15.2528 0.833355 6
    endloop
  endfacet
  facet normal -0.634393 -0.773011 0
    outer loop
      vertex -15.6666 1.2472 0
      vertex -15.4393 1.06066 6
      vertex -15.6666 1.2472 6
    endloop
  endfacet
  facet normal -0.634393 -0.773011 -0
    outer loop
      vertex -15.4393 1.06066 6
      vertex -15.6666 1.2472 0
      vertex -15.4393 1.06066 0
    endloop
  endfacet
  facet normal -0.0980219 -0.995184 0
    outer loop
      vertex -16.5 1.5 0
      vertex -16.2074 1.47118 6
      vertex -16.5 1.5 6
    endloop
  endfacet
  facet normal -0.0980219 -0.995184 -0
    outer loop
      vertex -16.2074 1.47118 6
      vertex -16.5 1.5 0
      vertex -16.2074 1.47118 0
    endloop
  endfacet
  facet normal 0.995192 -0.0979429 0
    outer loop
      vertex -18 0 6
      vertex -17.9712 0.292635 0
      vertex -17.9712 0.292635 6
    endloop
  endfacet
  facet normal 0.995192 -0.0979429 0
    outer loop
      vertex -17.9712 0.292635 0
      vertex -18 0 6
      vertex -18 0 0
    endloop
  endfacet
  facet normal 0.773084 -0.634303 0
    outer loop
      vertex -17.7472 0.833355 6
      vertex -17.5607 1.06066 0
      vertex -17.5607 1.06066 6
    endloop
  endfacet
  facet normal 0.773084 -0.634303 0
    outer loop
      vertex -17.5607 1.06066 0
      vertex -17.7472 0.833355 6
      vertex -17.7472 0.833355 0
    endloop
  endfacet
  facet normal 0.471312 -0.881967 0
    outer loop
      vertex -17.3334 1.2472 0
      vertex -17.074 1.38582 6
      vertex -17.3334 1.2472 6
    endloop
  endfacet
  facet normal 0.471312 -0.881967 0
    outer loop
      vertex -17.074 1.38582 6
      vertex -17.3334 1.2472 0
      vertex -17.074 1.38582 0
    endloop
  endfacet
  facet normal 0.0980219 -0.995184 0
    outer loop
      vertex -16.7926 1.47118 0
      vertex -16.5 1.5 6
      vertex -16.7926 1.47118 6
    endloop
  endfacet
  facet normal 0.0980219 -0.995184 0
    outer loop
      vertex -16.5 1.5 6
      vertex -16.7926 1.47118 0
      vertex -16.5 1.5 0
    endloop
  endfacet
  facet normal 0.634393 -0.773011 0
    outer loop
      vertex -17.5607 1.06066 0
      vertex -17.3334 1.2472 6
      vertex -17.5607 1.06066 6
    endloop
  endfacet
  facet normal 0.634393 -0.773011 0
    outer loop
      vertex -17.3334 1.2472 6
      vertex -17.5607 1.06066 0
      vertex -17.3334 1.2472 0
    endloop
  endfacet
  facet normal -0.995192 -0.0979429 0
    outer loop
      vertex -15 0 0
      vertex -15.0288 0.292635 6
      vertex -15.0288 0.292635 0
    endloop
  endfacet
  facet normal -0.995192 -0.0979429 0
    outer loop
      vertex -15.0288 0.292635 6
      vertex -15 0 0
      vertex -15 0 6
    endloop
  endfacet
  facet normal -0.471312 0.881967 0
    outer loop
      vertex -15.6666 -1.2472 0
      vertex -15.926 -1.38582 6
      vertex -15.6666 -1.2472 6
    endloop
  endfacet
  facet normal -0.471312 0.881967 0
    outer loop
      vertex -15.926 -1.38582 6
      vertex -15.6666 -1.2472 0
      vertex -15.926 -1.38582 0
    endloop
  endfacet
  facet normal -0.634393 0.773011 0
    outer loop
      vertex -15.4393 -1.06066 0
      vertex -15.6666 -1.2472 6
      vertex -15.4393 -1.06066 6
    endloop
  endfacet
  facet normal -0.634393 0.773011 0
    outer loop
      vertex -15.6666 -1.2472 6
      vertex -15.4393 -1.06066 0
      vertex -15.6666 -1.2472 0
    endloop
  endfacet
  facet normal -0.881943 0.471356 0
    outer loop
      vertex -15.2528 -0.833355 0
      vertex -15.1142 -0.574024 6
      vertex -15.1142 -0.574024 0
    endloop
  endfacet
  facet normal -0.881943 0.471356 0
    outer loop
      vertex -15.1142 -0.574024 6
      vertex -15.2528 -0.833355 0
      vertex -15.2528 -0.833355 6
    endloop
  endfacet
  facet normal 0.0980219 0.995184 -0
    outer loop
      vertex -16.5 -1.5 0
      vertex -16.7926 -1.47118 6
      vertex -16.5 -1.5 6
    endloop
  endfacet
  facet normal 0.0980219 0.995184 0
    outer loop
      vertex -16.7926 -1.47118 6
      vertex -16.5 -1.5 0
      vertex -16.7926 -1.47118 0
    endloop
  endfacet
  facet normal 0.634393 0.773011 -0
    outer loop
      vertex -17.3334 -1.2472 0
      vertex -17.5607 -1.06066 6
      vertex -17.3334 -1.2472 6
    endloop
  endfacet
  facet normal 0.634393 0.773011 0
    outer loop
      vertex -17.5607 -1.06066 6
      vertex -17.3334 -1.2472 0
      vertex -17.5607 -1.06066 0
    endloop
  endfacet
  facet normal 0.881943 0.471356 0
    outer loop
      vertex -17.7472 -0.833355 6
      vertex -17.8858 -0.574024 0
      vertex -17.8858 -0.574024 6
    endloop
  endfacet
  facet normal 0.881943 0.471356 0
    outer loop
      vertex -17.8858 -0.574024 0
      vertex -17.7472 -0.833355 6
      vertex -17.7472 -0.833355 0
    endloop
  endfacet
  facet normal 0.995192 0.0979429 0
    outer loop
      vertex -17.9712 -0.292635 6
      vertex -18 0 0
      vertex -18 0 6
    endloop
  endfacet
  facet normal 0.995192 0.0979429 0
    outer loop
      vertex -18 0 0
      vertex -17.9712 -0.292635 6
      vertex -17.9712 -0.292635 0
    endloop
  endfacet
  facet normal -0.290279 -0.956942 0
    outer loop
      vertex -16.2074 1.47118 0
      vertex -15.926 1.38582 6
      vertex -16.2074 1.47118 6
    endloop
  endfacet
  facet normal -0.290279 -0.956942 -0
    outer loop
      vertex -15.926 1.38582 6
      vertex -16.2074 1.47118 0
      vertex -15.926 1.38582 0
    endloop
  endfacet
  facet normal 0.956901 -0.290414 0
    outer loop
      vertex -17.9712 0.292635 6
      vertex -17.8858 0.574024 0
      vertex -17.8858 0.574024 6
    endloop
  endfacet
  facet normal 0.956901 -0.290414 0
    outer loop
      vertex -17.8858 0.574024 0
      vertex -17.9712 0.292635 6
      vertex -17.9712 0.292635 0
    endloop
  endfacet
  facet normal -0.0980219 0.995184 0
    outer loop
      vertex -16.2074 -1.47118 0
      vertex -16.5 -1.5 6
      vertex -16.2074 -1.47118 6
    endloop
  endfacet
  facet normal -0.0980219 0.995184 0
    outer loop
      vertex -16.5 -1.5 6
      vertex -16.2074 -1.47118 0
      vertex -16.5 -1.5 0
    endloop
  endfacet
  facet normal -0.773084 0.634303 0
    outer loop
      vertex -15.4393 -1.06066 0
      vertex -15.2528 -0.833355 6
      vertex -15.2528 -0.833355 0
    endloop
  endfacet
  facet normal -0.773084 0.634303 0
    outer loop
      vertex -15.2528 -0.833355 6
      vertex -15.4393 -1.06066 0
      vertex -15.4393 -1.06066 6
    endloop
  endfacet
  facet normal -0.956901 0.290414 0
    outer loop
      vertex -15.1142 -0.574024 0
      vertex -15.0288 -0.292635 6
      vertex -15.0288 -0.292635 0
    endloop
  endfacet
  facet normal -0.956901 0.290414 0
    outer loop
      vertex -15.0288 -0.292635 6
      vertex -15.1142 -0.574024 0
      vertex -15.1142 -0.574024 6
    endloop
  endfacet
  facet normal 0.471312 0.881967 -0
    outer loop
      vertex -17.074 -1.38582 0
      vertex -17.3334 -1.2472 6
      vertex -17.074 -1.38582 6
    endloop
  endfacet
  facet normal 0.471312 0.881967 0
    outer loop
      vertex -17.3334 -1.2472 6
      vertex -17.074 -1.38582 0
      vertex -17.3334 -1.2472 0
    endloop
  endfacet
  facet normal 0.956901 0.290414 0
    outer loop
      vertex -17.8858 -0.574024 6
      vertex -17.9712 -0.292635 0
      vertex -17.9712 -0.292635 6
    endloop
  endfacet
  facet normal 0.956901 0.290414 0
    outer loop
      vertex -17.9712 -0.292635 0
      vertex -17.8858 -0.574024 6
      vertex -17.8858 -0.574024 0
    endloop
  endfacet
  facet normal 0.773084 0.634303 0
    outer loop
      vertex -17.5607 -1.06066 6
      vertex -17.7472 -0.833355 0
      vertex -17.7472 -0.833355 6
    endloop
  endfacet
  facet normal 0.773084 0.634303 0
    outer loop
      vertex -17.7472 -0.833355 0
      vertex -17.5607 -1.06066 6
      vertex -17.5607 -1.06066 0
    endloop
  endfacet
  facet normal -0.290279 0.956942 0
    outer loop
      vertex -15.926 -1.38582 0
      vertex -16.2074 -1.47118 6
      vertex -15.926 -1.38582 6
    endloop
  endfacet
  facet normal -0.290279 0.956942 0
    outer loop
      vertex -16.2074 -1.47118 6
      vertex -15.926 -1.38582 0
      vertex -16.2074 -1.47118 0
    endloop
  endfacet
  facet normal -0.634393 -0.773011 0
    outer loop
      vertex 0.888912 1.33035 0
      vertex 1.13137 1.13137 6
      vertex 0.888912 1.33035 6
    endloop
  endfacet
  facet normal -0.634393 -0.773011 -0
    outer loop
      vertex 1.13137 1.13137 6
      vertex 0.888912 1.33035 0
      vertex 1.13137 1.13137 0
    endloop
  endfacet
  facet normal 0.95694 -0.290287 0
    outer loop
      vertex -1.56926 0.312144 6
      vertex -1.47821 0.612293 0
      vertex -1.47821 0.612293 6
    endloop
  endfacet
  facet normal 0.95694 -0.290287 0
    outer loop
      vertex -1.47821 0.612293 0
      vertex -1.56926 0.312144 6
      vertex -1.56926 0.312144 0
    endloop
  endfacet
  facet normal -0.995186 0.0980061 0
    outer loop
      vertex 1.56926 -0.312144 0
      vertex 1.6 0 6
      vertex 1.6 0 0
    endloop
  endfacet
  facet normal -0.995186 0.0980061 0
    outer loop
      vertex 1.6 0 6
      vertex 1.56926 -0.312144 0
      vertex 1.56926 -0.312144 6
    endloop
  endfacet
  facet normal 0.290287 0.95694 -0
    outer loop
      vertex -0.312144 -1.56926 0
      vertex -0.612293 -1.47821 6
      vertex -0.312144 -1.56926 6
    endloop
  endfacet
  facet normal 0.290287 0.95694 0
    outer loop
      vertex -0.612293 -1.47821 6
      vertex -0.312144 -1.56926 0
      vertex -0.612293 -1.47821 0
    endloop
  endfacet
  facet normal -0.773011 -0.634393 0
    outer loop
      vertex 1.33035 0.888912 0
      vertex 1.13137 1.13137 6
      vertex 1.13137 1.13137 0
    endloop
  endfacet
  facet normal -0.773011 -0.634393 0
    outer loop
      vertex 1.13137 1.13137 6
      vertex 1.33035 0.888912 0
      vertex 1.33035 0.888912 6
    endloop
  endfacet
  facet normal 0.290287 -0.95694 0
    outer loop
      vertex -0.612293 1.47821 0
      vertex -0.312144 1.56926 6
      vertex -0.612293 1.47821 6
    endloop
  endfacet
  facet normal 0.290287 -0.95694 0
    outer loop
      vertex -0.312144 1.56926 6
      vertex -0.612293 1.47821 0
      vertex -0.312144 1.56926 0
    endloop
  endfacet
  facet normal 0.881916 -0.471407 0
    outer loop
      vertex -1.47821 0.612293 6
      vertex -1.33035 0.888912 0
      vertex -1.33035 0.888912 6
    endloop
  endfacet
  facet normal 0.881916 -0.471407 0
    outer loop
      vertex -1.33035 0.888912 0
      vertex -1.47821 0.612293 6
      vertex -1.47821 0.612293 0
    endloop
  endfacet
  facet normal -0.881916 -0.471407 0
    outer loop
      vertex 1.47821 0.612293 0
      vertex 1.33035 0.888912 6
      vertex 1.33035 0.888912 0
    endloop
  endfacet
  facet normal -0.881916 -0.471407 0
    outer loop
      vertex 1.33035 0.888912 6
      vertex 1.47821 0.612293 0
      vertex 1.47821 0.612293 6
    endloop
  endfacet
  facet normal -0.471407 -0.881916 0
    outer loop
      vertex 0.612293 1.47821 0
      vertex 0.888912 1.33035 6
      vertex 0.612293 1.47821 6
    endloop
  endfacet
  facet normal -0.471407 -0.881916 -0
    outer loop
      vertex 0.888912 1.33035 6
      vertex 0.612293 1.47821 0
      vertex 0.888912 1.33035 0
    endloop
  endfacet
  facet normal -0.0980061 -0.995186 0
    outer loop
      vertex 0 1.6 0
      vertex 0.312144 1.56926 6
      vertex 0 1.6 6
    endloop
  endfacet
  facet normal -0.0980061 -0.995186 -0
    outer loop
      vertex 0.312144 1.56926 6
      vertex 0 1.6 0
      vertex 0.312144 1.56926 0
    endloop
  endfacet
  facet normal 0.995186 -0.0980061 0
    outer loop
      vertex -1.6 0 6
      vertex -1.56926 0.312144 0
      vertex -1.56926 0.312144 6
    endloop
  endfacet
  facet normal 0.995186 -0.0980061 0
    outer loop
      vertex -1.56926 0.312144 0
      vertex -1.6 0 6
      vertex -1.6 0 0
    endloop
  endfacet
  facet normal 0.773011 -0.634393 0
    outer loop
      vertex -1.33035 0.888912 6
      vertex -1.13137 1.13137 0
      vertex -1.13137 1.13137 6
    endloop
  endfacet
  facet normal 0.773011 -0.634393 0
    outer loop
      vertex -1.13137 1.13137 0
      vertex -1.33035 0.888912 6
      vertex -1.33035 0.888912 0
    endloop
  endfacet
  facet normal 0.471407 -0.881916 0
    outer loop
      vertex -0.888912 1.33035 0
      vertex -0.612293 1.47821 6
      vertex -0.888912 1.33035 6
    endloop
  endfacet
  facet normal 0.471407 -0.881916 0
    outer loop
      vertex -0.612293 1.47821 6
      vertex -0.888912 1.33035 0
      vertex -0.612293 1.47821 0
    endloop
  endfacet
  facet normal 0.0980061 -0.995186 0
    outer loop
      vertex -0.312144 1.56926 0
      vertex 0 1.6 6
      vertex -0.312144 1.56926 6
    endloop
  endfacet
  facet normal 0.0980061 -0.995186 0
    outer loop
      vertex 0 1.6 6
      vertex -0.312144 1.56926 0
      vertex 0 1.6 0
    endloop
  endfacet
  facet normal 0.634393 -0.773011 0
    outer loop
      vertex -1.13137 1.13137 0
      vertex -0.888912 1.33035 6
      vertex -1.13137 1.13137 6
    endloop
  endfacet
  facet normal 0.634393 -0.773011 0
    outer loop
      vertex -0.888912 1.33035 6
      vertex -1.13137 1.13137 0
      vertex -0.888912 1.33035 0
    endloop
  endfacet
  facet normal -0.995186 -0.0980061 0
    outer loop
      vertex 1.6 0 0
      vertex 1.56926 0.312144 6
      vertex 1.56926 0.312144 0
    endloop
  endfacet
  facet normal -0.995186 -0.0980061 0
    outer loop
      vertex 1.56926 0.312144 6
      vertex 1.6 0 0
      vertex 1.6 0 6
    endloop
  endfacet
  facet normal -0.0980061 0.995186 0
    outer loop
      vertex 0.312144 -1.56926 0
      vertex 0 -1.6 6
      vertex 0.312144 -1.56926 6
    endloop
  endfacet
  facet normal -0.0980061 0.995186 0
    outer loop
      vertex 0 -1.6 6
      vertex 0.312144 -1.56926 0
      vertex 0 -1.6 0
    endloop
  endfacet
  facet normal -0.95694 0.290287 0
    outer loop
      vertex 1.47821 -0.612293 0
      vertex 1.56926 -0.312144 6
      vertex 1.56926 -0.312144 0
    endloop
  endfacet
  facet normal -0.95694 0.290287 0
    outer loop
      vertex 1.56926 -0.312144 6
      vertex 1.47821 -0.612293 0
      vertex 1.47821 -0.612293 6
    endloop
  endfacet
  facet normal -0.290287 0.95694 0
    outer loop
      vertex 0.612293 -1.47821 0
      vertex 0.312144 -1.56926 6
      vertex 0.612293 -1.47821 6
    endloop
  endfacet
  facet normal -0.290287 0.95694 0
    outer loop
      vertex 0.312144 -1.56926 6
      vertex 0.612293 -1.47821 0
      vertex 0.312144 -1.56926 0
    endloop
  endfacet
  facet normal -0.471407 0.881916 0
    outer loop
      vertex 0.888912 -1.33035 0
      vertex 0.612293 -1.47821 6
      vertex 0.888912 -1.33035 6
    endloop
  endfacet
  facet normal -0.471407 0.881916 0
    outer loop
      vertex 0.612293 -1.47821 6
      vertex 0.888912 -1.33035 0
      vertex 0.612293 -1.47821 0
    endloop
  endfacet
  facet normal 0.0980061 0.995186 -0
    outer loop
      vertex 0 -1.6 0
      vertex -0.312144 -1.56926 6
      vertex 0 -1.6 6
    endloop
  endfacet
  facet normal 0.0980061 0.995186 0
    outer loop
      vertex -0.312144 -1.56926 6
      vertex 0 -1.6 0
      vertex -0.312144 -1.56926 0
    endloop
  endfacet
  facet normal 0.634393 0.773011 -0
    outer loop
      vertex -0.888912 -1.33035 0
      vertex -1.13137 -1.13137 6
      vertex -0.888912 -1.33035 6
    endloop
  endfacet
  facet normal 0.634393 0.773011 0
    outer loop
      vertex -1.13137 -1.13137 6
      vertex -0.888912 -1.33035 0
      vertex -1.13137 -1.13137 0
    endloop
  endfacet
  facet normal 0.881916 0.471407 0
    outer loop
      vertex -1.33035 -0.888912 6
      vertex -1.47821 -0.612293 0
      vertex -1.47821 -0.612293 6
    endloop
  endfacet
  facet normal 0.881916 0.471407 0
    outer loop
      vertex -1.47821 -0.612293 0
      vertex -1.33035 -0.888912 6
      vertex -1.33035 -0.888912 0
    endloop
  endfacet
  facet normal 0.995186 0.0980061 0
    outer loop
      vertex -1.56926 -0.312144 6
      vertex -1.6 0 0
      vertex -1.6 0 6
    endloop
  endfacet
  facet normal 0.995186 0.0980061 0
    outer loop
      vertex -1.6 0 0
      vertex -1.56926 -0.312144 6
      vertex -1.56926 -0.312144 0
    endloop
  endfacet
  facet normal 0.773011 0.634393 0
    outer loop
      vertex -1.13137 -1.13137 6
      vertex -1.33035 -0.888912 0
      vertex -1.33035 -0.888912 6
    endloop
  endfacet
  facet normal 0.773011 0.634393 0
    outer loop
      vertex -1.33035 -0.888912 0
      vertex -1.13137 -1.13137 6
      vertex -1.13137 -1.13137 0
    endloop
  endfacet
  facet normal -0.95694 -0.290287 0
    outer loop
      vertex 1.56926 0.312144 0
      vertex 1.47821 0.612293 6
      vertex 1.47821 0.612293 0
    endloop
  endfacet
  facet normal -0.95694 -0.290287 0
    outer loop
      vertex 1.47821 0.612293 6
      vertex 1.56926 0.312144 0
      vertex 1.56926 0.312144 6
    endloop
  endfacet
  facet normal -0.290287 -0.95694 0
    outer loop
      vertex 0.312144 1.56926 0
      vertex 0.612293 1.47821 6
      vertex 0.312144 1.56926 6
    endloop
  endfacet
  facet normal -0.290287 -0.95694 -0
    outer loop
      vertex 0.612293 1.47821 6
      vertex 0.312144 1.56926 0
      vertex 0.612293 1.47821 0
    endloop
  endfacet
  facet normal -0.773011 0.634393 0
    outer loop
      vertex 1.13137 -1.13137 0
      vertex 1.33035 -0.888912 6
      vertex 1.33035 -0.888912 0
    endloop
  endfacet
  facet normal -0.773011 0.634393 0
    outer loop
      vertex 1.33035 -0.888912 6
      vertex 1.13137 -1.13137 0
      vertex 1.13137 -1.13137 6
    endloop
  endfacet
  facet normal -0.881916 0.471407 0
    outer loop
      vertex 1.33035 -0.888912 0
      vertex 1.47821 -0.612293 6
      vertex 1.47821 -0.612293 0
    endloop
  endfacet
  facet normal -0.881916 0.471407 0
    outer loop
      vertex 1.47821 -0.612293 6
      vertex 1.33035 -0.888912 0
      vertex 1.33035 -0.888912 6
    endloop
  endfacet
  facet normal -0.634393 0.773011 0
    outer loop
      vertex 1.13137 -1.13137 0
      vertex 0.888912 -1.33035 6
      vertex 1.13137 -1.13137 6
    endloop
  endfacet
  facet normal -0.634393 0.773011 0
    outer loop
      vertex 0.888912 -1.33035 6
      vertex 1.13137 -1.13137 0
      vertex 0.888912 -1.33035 0
    endloop
  endfacet
  facet normal 0.471407 0.881916 -0
    outer loop
      vertex -0.612293 -1.47821 0
      vertex -0.888912 -1.33035 6
      vertex -0.612293 -1.47821 6
    endloop
  endfacet
  facet normal 0.471407 0.881916 0
    outer loop
      vertex -0.888912 -1.33035 6
      vertex -0.612293 -1.47821 0
      vertex -0.888912 -1.33035 0
    endloop
  endfacet
  facet normal 0.95694 0.290287 0
    outer loop
      vertex -1.47821 -0.612293 6
      vertex -1.56926 -0.312144 0
      vertex -1.56926 -0.312144 6
    endloop
  endfacet
  facet normal 0.95694 0.290287 0
    outer loop
      vertex -1.56926 -0.312144 0
      vertex -1.47821 -0.612293 6
      vertex -1.47821 -0.612293 0
    endloop
  endfacet
  facet normal -0.47139 -0.881925 0
    outer loop
      vertex 17.1506 1.57059 0
      vertex 17.4445 1.4135 6
      vertex 17.1506 1.57059 6
    endloop
  endfacet
  facet normal -0.47139 -0.881925 -0
    outer loop
      vertex 17.4445 1.4135 6
      vertex 17.1506 1.57059 0
      vertex 17.4445 1.4135 0
    endloop
  endfacet
  facet normal 0.956973 -0.290176 0
    outer loop
      vertex 14.8327 0.331653 6
      vertex 14.9294 0.650561 0
      vertex 14.9294 0.650561 6
    endloop
  endfacet
  facet normal 0.956973 -0.290176 0
    outer loop
      vertex 14.9294 0.650561 0
      vertex 14.8327 0.331653 6
      vertex 14.8327 0.331653 0
    endloop
  endfacet
  facet normal -0.995174 0.0981212 0
    outer loop
      vertex 18.1673 -0.331653 0
      vertex 18.2 0 6
      vertex 18.2 0 0
    endloop
  endfacet
  facet normal -0.995174 0.0981212 0
    outer loop
      vertex 18.2 0 6
      vertex 18.1673 -0.331653 0
      vertex 18.1673 -0.331653 6
    endloop
  endfacet
  facet normal 0.290292 0.956938 -0
    outer loop
      vertex 16.1683 -1.66733 0
      vertex 15.8494 -1.57059 6
      vertex 16.1683 -1.66733 6
    endloop
  endfacet
  facet normal 0.290292 0.956938 0
    outer loop
      vertex 15.8494 -1.57059 6
      vertex 16.1683 -1.66733 0
      vertex 15.8494 -1.57059 0
    endloop
  endfacet
  facet normal 0.290292 -0.956938 0
    outer loop
      vertex 15.8494 1.57059 0
      vertex 16.1683 1.66733 6
      vertex 15.8494 1.57059 6
    endloop
  endfacet
  facet normal 0.290292 -0.956938 0
    outer loop
      vertex 16.1683 1.66733 6
      vertex 15.8494 1.57059 0
      vertex 16.1683 1.66733 0
    endloop
  endfacet
  facet normal 0.881917 -0.471405 0
    outer loop
      vertex 14.9294 0.650561 6
      vertex 15.0865 0.944468 0
      vertex 15.0865 0.944468 6
    endloop
  endfacet
  facet normal 0.881917 -0.471405 0
    outer loop
      vertex 15.0865 0.944468 0
      vertex 14.9294 0.650561 6
      vertex 14.9294 0.650561 0
    endloop
  endfacet
  facet normal 0.881917 0.471405 0
    outer loop
      vertex 15.0865 -0.944468 6
      vertex 14.9294 -0.650561 0
      vertex 14.9294 -0.650561 6
    endloop
  endfacet
  facet normal 0.881917 0.471405 0
    outer loop
      vertex 14.9294 -0.650561 0
      vertex 15.0865 -0.944468 6
      vertex 15.0865 -0.944468 0
    endloop
  endfacet
  facet normal -0.956973 -0.290176 0
    outer loop
      vertex 18.1673 0.331653 0
      vertex 18.0706 0.650561 6
      vertex 18.0706 0.650561 0
    endloop
  endfacet
  facet normal -0.956973 -0.290176 0
    outer loop
      vertex 18.0706 0.650561 6
      vertex 18.1673 0.331653 0
      vertex 18.1673 0.331653 6
    endloop
  endfacet
  facet normal -0.881917 -0.471405 0
    outer loop
      vertex 18.0706 0.650561 0
      vertex 17.9135 0.944468 6
      vertex 17.9135 0.944468 0
    endloop
  endfacet
  facet normal -0.881917 -0.471405 0
    outer loop
      vertex 17.9135 0.944468 6
      vertex 18.0706 0.650561 0
      vertex 18.0706 0.650561 6
    endloop
  endfacet
  facet normal -0.773035 -0.634363 0
    outer loop
      vertex 17.9135 0.944468 0
      vertex 17.7021 1.20208 6
      vertex 17.7021 1.20208 0
    endloop
  endfacet
  facet normal -0.773035 -0.634363 0
    outer loop
      vertex 17.7021 1.20208 6
      vertex 17.9135 0.944468 0
      vertex 17.9135 0.944468 6
    endloop
  endfacet
  facet normal -0.634417 -0.772991 0
    outer loop
      vertex 17.4445 1.4135 0
      vertex 17.7021 1.20208 6
      vertex 17.4445 1.4135 6
    endloop
  endfacet
  facet normal -0.634417 -0.772991 -0
    outer loop
      vertex 17.7021 1.20208 6
      vertex 17.4445 1.4135 0
      vertex 17.7021 1.20208 0
    endloop
  endfacet
  facet normal -0.0980183 -0.995185 0
    outer loop
      vertex 16.5 1.7 0
      vertex 16.8317 1.66733 6
      vertex 16.5 1.7 6
    endloop
  endfacet
  facet normal -0.0980183 -0.995185 -0
    outer loop
      vertex 16.8317 1.66733 6
      vertex 16.5 1.7 0
      vertex 16.8317 1.66733 0
    endloop
  endfacet
  facet normal 0.995174 -0.0981212 0
    outer loop
      vertex 14.8 0 6
      vertex 14.8327 0.331653 0
      vertex 14.8327 0.331653 6
    endloop
  endfacet
  facet normal 0.995174 -0.0981212 0
    outer loop
      vertex 14.8327 0.331653 0
      vertex 14.8 0 6
      vertex 14.8 0 0
    endloop
  endfacet
  facet normal 0.773035 -0.634363 0
    outer loop
      vertex 15.0865 0.944468 6
      vertex 15.2979 1.20208 0
      vertex 15.2979 1.20208 6
    endloop
  endfacet
  facet normal 0.773035 -0.634363 0
    outer loop
      vertex 15.2979 1.20208 0
      vertex 15.0865 0.944468 6
      vertex 15.0865 0.944468 0
    endloop
  endfacet
  facet normal 0.47139 -0.881925 0
    outer loop
      vertex 15.5555 1.4135 0
      vertex 15.8494 1.57059 6
      vertex 15.5555 1.4135 6
    endloop
  endfacet
  facet normal 0.47139 -0.881925 0
    outer loop
      vertex 15.8494 1.57059 6
      vertex 15.5555 1.4135 0
      vertex 15.8494 1.57059 0
    endloop
  endfacet
  facet normal 0.0980183 -0.995185 0
    outer loop
      vertex 16.1683 1.66733 0
      vertex 16.5 1.7 6
      vertex 16.1683 1.66733 6
    endloop
  endfacet
  facet normal 0.0980183 -0.995185 0
    outer loop
      vertex 16.5 1.7 6
      vertex 16.1683 1.66733 0
      vertex 16.5 1.7 0
    endloop
  endfacet
  facet normal 0.634417 -0.772991 0
    outer loop
      vertex 15.2979 1.20208 0
      vertex 15.5555 1.4135 6
      vertex 15.2979 1.20208 6
    endloop
  endfacet
  facet normal 0.634417 -0.772991 0
    outer loop
      vertex 15.5555 1.4135 6
      vertex 15.2979 1.20208 0
      vertex 15.5555 1.4135 0
    endloop
  endfacet
  facet normal -0.995174 -0.0981212 0
    outer loop
      vertex 18.2 0 0
      vertex 18.1673 0.331653 6
      vertex 18.1673 0.331653 0
    endloop
  endfacet
  facet normal -0.995174 -0.0981212 0
    outer loop
      vertex 18.1673 0.331653 6
      vertex 18.2 0 0
      vertex 18.2 0 6
    endloop
  endfacet
  facet normal -0.0980183 0.995185 0
    outer loop
      vertex 16.8317 -1.66733 0
      vertex 16.5 -1.7 6
      vertex 16.8317 -1.66733 6
    endloop
  endfacet
  facet normal -0.0980183 0.995185 0
    outer loop
      vertex 16.5 -1.7 6
      vertex 16.8317 -1.66733 0
      vertex 16.5 -1.7 0
    endloop
  endfacet
  facet normal -0.881917 0.471405 0
    outer loop
      vertex 17.9135 -0.944468 0
      vertex 18.0706 -0.650561 6
      vertex 18.0706 -0.650561 0
    endloop
  endfacet
  facet normal -0.881917 0.471405 0
    outer loop
      vertex 18.0706 -0.650561 6
      vertex 17.9135 -0.944468 0
      vertex 17.9135 -0.944468 6
    endloop
  endfacet
  facet normal -0.956973 0.290176 0
    outer loop
      vertex 18.0706 -0.650561 0
      vertex 18.1673 -0.331653 6
      vertex 18.1673 -0.331653 0
    endloop
  endfacet
  facet normal -0.956973 0.290176 0
    outer loop
      vertex 18.1673 -0.331653 6
      vertex 18.0706 -0.650561 0
      vertex 18.0706 -0.650561 6
    endloop
  endfacet
  facet normal -0.290292 0.956938 0
    outer loop
      vertex 17.1506 -1.57059 0
      vertex 16.8317 -1.66733 6
      vertex 17.1506 -1.57059 6
    endloop
  endfacet
  facet normal -0.290292 0.956938 0
    outer loop
      vertex 16.8317 -1.66733 6
      vertex 17.1506 -1.57059 0
      vertex 16.8317 -1.66733 0
    endloop
  endfacet
  facet normal -0.773035 0.634363 0
    outer loop
      vertex 17.7021 -1.20208 0
      vertex 17.9135 -0.944468 6
      vertex 17.9135 -0.944468 0
    endloop
  endfacet
  facet normal -0.773035 0.634363 0
    outer loop
      vertex 17.9135 -0.944468 6
      vertex 17.7021 -1.20208 0
      vertex 17.7021 -1.20208 6
    endloop
  endfacet
  facet normal -0.47139 0.881925 0
    outer loop
      vertex 17.4445 -1.4135 0
      vertex 17.1506 -1.57059 6
      vertex 17.4445 -1.4135 6
    endloop
  endfacet
  facet normal -0.47139 0.881925 0
    outer loop
      vertex 17.1506 -1.57059 6
      vertex 17.4445 -1.4135 0
      vertex 17.1506 -1.57059 0
    endloop
  endfacet
  facet normal 0.0980183 0.995185 -0
    outer loop
      vertex 16.5 -1.7 0
      vertex 16.1683 -1.66733 6
      vertex 16.5 -1.7 6
    endloop
  endfacet
  facet normal 0.0980183 0.995185 0
    outer loop
      vertex 16.1683 -1.66733 6
      vertex 16.5 -1.7 0
      vertex 16.1683 -1.66733 0
    endloop
  endfacet
  facet normal 0.634417 0.772991 -0
    outer loop
      vertex 15.5555 -1.4135 0
      vertex 15.2979 -1.20208 6
      vertex 15.5555 -1.4135 6
    endloop
  endfacet
  facet normal 0.634417 0.772991 0
    outer loop
      vertex 15.2979 -1.20208 6
      vertex 15.5555 -1.4135 0
      vertex 15.2979 -1.20208 0
    endloop
  endfacet
  facet normal 0.995174 0.0981212 0
    outer loop
      vertex 14.8327 -0.331653 6
      vertex 14.8 0 0
      vertex 14.8 0 6
    endloop
  endfacet
  facet normal 0.995174 0.0981212 0
    outer loop
      vertex 14.8 0 0
      vertex 14.8327 -0.331653 6
      vertex 14.8327 -0.331653 0
    endloop
  endfacet
  facet normal -0.290292 -0.956938 0
    outer loop
      vertex 16.8317 1.66733 0
      vertex 17.1506 1.57059 6
      vertex 16.8317 1.66733 6
    endloop
  endfacet
  facet normal -0.290292 -0.956938 -0
    outer loop
      vertex 17.1506 1.57059 6
      vertex 16.8317 1.66733 0
      vertex 17.1506 1.57059 0
    endloop
  endfacet
  facet normal -0.634417 0.772991 0
    outer loop
      vertex 17.7021 -1.20208 0
      vertex 17.4445 -1.4135 6
      vertex 17.7021 -1.20208 6
    endloop
  endfacet
  facet normal -0.634417 0.772991 0
    outer loop
      vertex 17.4445 -1.4135 6
      vertex 17.7021 -1.20208 0
      vertex 17.4445 -1.4135 0
    endloop
  endfacet
  facet normal 0.47139 0.881925 -0
    outer loop
      vertex 15.8494 -1.57059 0
      vertex 15.5555 -1.4135 6
      vertex 15.8494 -1.57059 6
    endloop
  endfacet
  facet normal 0.47139 0.881925 0
    outer loop
      vertex 15.5555 -1.4135 6
      vertex 15.8494 -1.57059 0
      vertex 15.5555 -1.4135 0
    endloop
  endfacet
  facet normal 0.956973 0.290176 0
    outer loop
      vertex 14.9294 -0.650561 6
      vertex 14.8327 -0.331653 0
      vertex 14.8327 -0.331653 6
    endloop
  endfacet
  facet normal 0.956973 0.290176 0
    outer loop
      vertex 14.8327 -0.331653 0
      vertex 14.9294 -0.650561 6
      vertex 14.9294 -0.650561 0
    endloop
  endfacet
  facet normal 0.773035 0.634363 0
    outer loop
      vertex 15.2979 -1.20208 6
      vertex 15.0865 -0.944468 0
      vertex 15.0865 -0.944468 6
    endloop
  endfacet
  facet normal 0.773035 0.634363 0
    outer loop
      vertex 15.0865 -0.944468 0
      vertex 15.2979 -1.20208 6
      vertex 15.2979 -1.20208 0
    endloop
  endfacet
  facet normal -0.995188 -0.0979885 0
    outer loop
      vertex -14.6 -14.5 0
      vertex -14.6365 -14.1293 7
      vertex -14.6365 -14.1293 0
    endloop
  endfacet
  facet normal -0.995188 -0.0979885 0
    outer loop
      vertex -14.6365 -14.1293 7
      vertex -14.6 -14.5 0
      vertex -14.6 -14.5 7
    endloop
  endfacet
  facet normal 0.995188 -0.0979885 0
    outer loop
      vertex -18.4 -14.5 7
      vertex -18.3635 -14.1293 0
      vertex -18.3635 -14.1293 7
    endloop
  endfacet
  facet normal 0.995188 -0.0979885 0
    outer loop
      vertex -18.3635 -14.1293 0
      vertex -18.4 -14.5 7
      vertex -18.4 -14.5 0
    endloop
  endfacet
  facet normal 0.0979885 -0.995188 0
    outer loop
      vertex -16.8707 -12.6365 0
      vertex -16.5 -12.6 7
      vertex -16.8707 -12.6365 7
    endloop
  endfacet
  facet normal 0.0979885 -0.995188 0
    outer loop
      vertex -16.5 -12.6 7
      vertex -16.8707 -12.6365 0
      vertex -16.5 -12.6 0
    endloop
  endfacet
  facet normal -0.0979885 0.995188 0
    outer loop
      vertex -16.1293 -16.3635 0
      vertex -16.5 -16.4 7
      vertex -16.1293 -16.3635 7
    endloop
  endfacet
  facet normal -0.0979885 0.995188 0
    outer loop
      vertex -16.5 -16.4 7
      vertex -16.1293 -16.3635 0
      vertex -16.5 -16.4 0
    endloop
  endfacet
  facet normal -0.634436 -0.772975 0
    outer loop
      vertex -15.4444 -12.9202 0
      vertex -15.1565 -13.1565 7
      vertex -15.4444 -12.9202 7
    endloop
  endfacet
  facet normal -0.634436 -0.772975 -0
    outer loop
      vertex -15.1565 -13.1565 7
      vertex -15.4444 -12.9202 0
      vertex -15.1565 -13.1565 0
    endloop
  endfacet
  facet normal 0.772975 -0.634436 0
    outer loop
      vertex -18.0798 -13.4444 7
      vertex -17.8435 -13.1565 0
      vertex -17.8435 -13.1565 7
    endloop
  endfacet
  facet normal 0.772975 -0.634436 0
    outer loop
      vertex -17.8435 -13.1565 0
      vertex -18.0798 -13.4444 7
      vertex -18.0798 -13.4444 0
    endloop
  endfacet
  facet normal 0.471424 -0.881907 0
    outer loop
      vertex -17.5556 -12.9202 0
      vertex -17.2271 -12.7446 7
      vertex -17.5556 -12.9202 7
    endloop
  endfacet
  facet normal 0.471424 -0.881907 0
    outer loop
      vertex -17.2271 -12.7446 7
      vertex -17.5556 -12.9202 0
      vertex -17.2271 -12.7446 0
    endloop
  endfacet
  facet normal -0.881907 0.471424 0
    outer loop
      vertex -14.9202 -15.5556 0
      vertex -14.7446 -15.2271 7
      vertex -14.7446 -15.2271 0
    endloop
  endfacet
  facet normal -0.881907 0.471424 0
    outer loop
      vertex -14.7446 -15.2271 7
      vertex -14.9202 -15.5556 0
      vertex -14.9202 -15.5556 7
    endloop
  endfacet
  facet normal -0.881907 -0.471424 0
    outer loop
      vertex -14.7446 -13.7729 0
      vertex -14.9202 -13.4444 7
      vertex -14.9202 -13.4444 0
    endloop
  endfacet
  facet normal -0.881907 -0.471424 0
    outer loop
      vertex -14.9202 -13.4444 7
      vertex -14.7446 -13.7729 0
      vertex -14.7446 -13.7729 7
    endloop
  endfacet
  facet normal -0.95695 -0.290253 0
    outer loop
      vertex -14.6365 -14.1293 0
      vertex -14.7446 -13.7729 7
      vertex -14.7446 -13.7729 0
    endloop
  endfacet
  facet normal -0.95695 -0.290253 0
    outer loop
      vertex -14.7446 -13.7729 7
      vertex -14.6365 -14.1293 0
      vertex -14.6365 -14.1293 7
    endloop
  endfacet
  facet normal -0.772975 -0.634436 0
    outer loop
      vertex -14.9202 -13.4444 0
      vertex -15.1565 -13.1565 7
      vertex -15.1565 -13.1565 0
    endloop
  endfacet
  facet normal -0.772975 -0.634436 0
    outer loop
      vertex -15.1565 -13.1565 7
      vertex -14.9202 -13.4444 0
      vertex -14.9202 -13.4444 7
    endloop
  endfacet
  facet normal -0.290253 -0.95695 0
    outer loop
      vertex -16.1293 -12.6365 0
      vertex -15.7729 -12.7446 7
      vertex -16.1293 -12.6365 7
    endloop
  endfacet
  facet normal -0.290253 -0.95695 -0
    outer loop
      vertex -15.7729 -12.7446 7
      vertex -16.1293 -12.6365 0
      vertex -15.7729 -12.7446 0
    endloop
  endfacet
  facet normal -0.0979885 -0.995188 0
    outer loop
      vertex -16.5 -12.6 0
      vertex -16.1293 -12.6365 7
      vertex -16.5 -12.6 7
    endloop
  endfacet
  facet normal -0.0979885 -0.995188 -0
    outer loop
      vertex -16.1293 -12.6365 7
      vertex -16.5 -12.6 0
      vertex -16.1293 -12.6365 0
    endloop
  endfacet
  facet normal -0.471424 -0.881907 0
    outer loop
      vertex -15.7729 -12.7446 0
      vertex -15.4444 -12.9202 7
      vertex -15.7729 -12.7446 7
    endloop
  endfacet
  facet normal -0.471424 -0.881907 -0
    outer loop
      vertex -15.4444 -12.9202 7
      vertex -15.7729 -12.7446 0
      vertex -15.4444 -12.9202 0
    endloop
  endfacet
  facet normal 0.881907 -0.471424 0
    outer loop
      vertex -18.2554 -13.7729 7
      vertex -18.0798 -13.4444 0
      vertex -18.0798 -13.4444 7
    endloop
  endfacet
  facet normal 0.881907 -0.471424 0
    outer loop
      vertex -18.0798 -13.4444 0
      vertex -18.2554 -13.7729 7
      vertex -18.2554 -13.7729 0
    endloop
  endfacet
  facet normal 0.95695 -0.290253 0
    outer loop
      vertex -18.3635 -14.1293 7
      vertex -18.2554 -13.7729 0
      vertex -18.2554 -13.7729 7
    endloop
  endfacet
  facet normal 0.95695 -0.290253 0
    outer loop
      vertex -18.2554 -13.7729 0
      vertex -18.3635 -14.1293 7
      vertex -18.3635 -14.1293 0
    endloop
  endfacet
  facet normal 0.634436 -0.772975 0
    outer loop
      vertex -17.8435 -13.1565 0
      vertex -17.5556 -12.9202 7
      vertex -17.8435 -13.1565 7
    endloop
  endfacet
  facet normal 0.634436 -0.772975 0
    outer loop
      vertex -17.5556 -12.9202 7
      vertex -17.8435 -13.1565 0
      vertex -17.5556 -12.9202 0
    endloop
  endfacet
  facet normal 0.290253 -0.95695 0
    outer loop
      vertex -17.2271 -12.7446 0
      vertex -16.8707 -12.6365 7
      vertex -17.2271 -12.7446 7
    endloop
  endfacet
  facet normal 0.290253 -0.95695 0
    outer loop
      vertex -16.8707 -12.6365 7
      vertex -17.2271 -12.7446 0
      vertex -16.8707 -12.6365 0
    endloop
  endfacet
  facet normal -0.95695 0.290253 0
    outer loop
      vertex -14.7446 -15.2271 0
      vertex -14.6365 -14.8707 7
      vertex -14.6365 -14.8707 0
    endloop
  endfacet
  facet normal -0.95695 0.290253 0
    outer loop
      vertex -14.6365 -14.8707 7
      vertex -14.7446 -15.2271 0
      vertex -14.7446 -15.2271 7
    endloop
  endfacet
  facet normal -0.995188 0.0979885 0
    outer loop
      vertex -14.6365 -14.8707 0
      vertex -14.6 -14.5 7
      vertex -14.6 -14.5 0
    endloop
  endfacet
  facet normal -0.995188 0.0979885 0
    outer loop
      vertex -14.6 -14.5 7
      vertex -14.6365 -14.8707 0
      vertex -14.6365 -14.8707 7
    endloop
  endfacet
  facet normal 0.471424 0.881907 -0
    outer loop
      vertex -17.2271 -16.2554 0
      vertex -17.5556 -16.0798 7
      vertex -17.2271 -16.2554 7
    endloop
  endfacet
  facet normal 0.471424 0.881907 0
    outer loop
      vertex -17.5556 -16.0798 7
      vertex -17.2271 -16.2554 0
      vertex -17.5556 -16.0798 0
    endloop
  endfacet
  facet normal 0.995188 0.0979885 0
    outer loop
      vertex -18.3635 -14.8707 7
      vertex -18.4 -14.5 0
      vertex -18.4 -14.5 7
    endloop
  endfacet
  facet normal 0.995188 0.0979885 0
    outer loop
      vertex -18.4 -14.5 0
      vertex -18.3635 -14.8707 7
      vertex -18.3635 -14.8707 0
    endloop
  endfacet
  facet normal -0.290253 0.95695 0
    outer loop
      vertex -15.7729 -16.2554 0
      vertex -16.1293 -16.3635 7
      vertex -15.7729 -16.2554 7
    endloop
  endfacet
  facet normal -0.290253 0.95695 0
    outer loop
      vertex -16.1293 -16.3635 7
      vertex -15.7729 -16.2554 0
      vertex -16.1293 -16.3635 0
    endloop
  endfacet
  facet normal -0.634436 0.772975 0
    outer loop
      vertex -15.1565 -15.8435 0
      vertex -15.4444 -16.0798 7
      vertex -15.1565 -15.8435 7
    endloop
  endfacet
  facet normal -0.634436 0.772975 0
    outer loop
      vertex -15.4444 -16.0798 7
      vertex -15.1565 -15.8435 0
      vertex -15.4444 -16.0798 0
    endloop
  endfacet
  facet normal 0.772975 0.634436 0
    outer loop
      vertex -17.8435 -15.8435 7
      vertex -18.0798 -15.5556 0
      vertex -18.0798 -15.5556 7
    endloop
  endfacet
  facet normal 0.772975 0.634436 0
    outer loop
      vertex -18.0798 -15.5556 0
      vertex -17.8435 -15.8435 7
      vertex -17.8435 -15.8435 0
    endloop
  endfacet
  facet normal 0.881907 0.471424 0
    outer loop
      vertex -18.0798 -15.5556 7
      vertex -18.2554 -15.2271 0
      vertex -18.2554 -15.2271 7
    endloop
  endfacet
  facet normal 0.881907 0.471424 0
    outer loop
      vertex -18.2554 -15.2271 0
      vertex -18.0798 -15.5556 7
      vertex -18.0798 -15.5556 0
    endloop
  endfacet
  facet normal 0.95695 0.290253 0
    outer loop
      vertex -18.2554 -15.2271 7
      vertex -18.3635 -14.8707 0
      vertex -18.3635 -14.8707 7
    endloop
  endfacet
  facet normal 0.95695 0.290253 0
    outer loop
      vertex -18.3635 -14.8707 0
      vertex -18.2554 -15.2271 7
      vertex -18.2554 -15.2271 0
    endloop
  endfacet
  facet normal -0.471424 0.881907 0
    outer loop
      vertex -15.4444 -16.0798 0
      vertex -15.7729 -16.2554 7
      vertex -15.4444 -16.0798 7
    endloop
  endfacet
  facet normal -0.471424 0.881907 0
    outer loop
      vertex -15.7729 -16.2554 7
      vertex -15.4444 -16.0798 0
      vertex -15.7729 -16.2554 0
    endloop
  endfacet
  facet normal -0.772975 0.634436 0
    outer loop
      vertex -15.1565 -15.8435 0
      vertex -14.9202 -15.5556 7
      vertex -14.9202 -15.5556 0
    endloop
  endfacet
  facet normal -0.772975 0.634436 0
    outer loop
      vertex -14.9202 -15.5556 7
      vertex -15.1565 -15.8435 0
      vertex -15.1565 -15.8435 7
    endloop
  endfacet
  facet normal 0.290253 0.95695 -0
    outer loop
      vertex -16.8707 -16.3635 0
      vertex -17.2271 -16.2554 7
      vertex -16.8707 -16.3635 7
    endloop
  endfacet
  facet normal 0.290253 0.95695 0
    outer loop
      vertex -17.2271 -16.2554 7
      vertex -16.8707 -16.3635 0
      vertex -17.2271 -16.2554 0
    endloop
  endfacet
  facet normal 0.634436 0.772975 -0
    outer loop
      vertex -17.5556 -16.0798 0
      vertex -17.8435 -15.8435 7
      vertex -17.5556 -16.0798 7
    endloop
  endfacet
  facet normal 0.634436 0.772975 0
    outer loop
      vertex -17.8435 -15.8435 7
      vertex -17.5556 -16.0798 0
      vertex -17.8435 -15.8435 0
    endloop
  endfacet
  facet normal 0.0979885 0.995188 -0
    outer loop
      vertex -16.5 -16.4 0
      vertex -16.8707 -16.3635 7
      vertex -16.5 -16.4 7
    endloop
  endfacet
  facet normal 0.0979885 0.995188 0
    outer loop
      vertex -16.8707 -16.3635 7
      vertex -16.5 -16.4 0
      vertex -16.8707 -16.3635 0
    endloop
  endfacet
  facet normal 0.995185 -0.0980137 0
    outer loop
      vertex -2 -14.5 7
      vertex -1.96157 -14.1098 0
      vertex -1.96157 -14.1098 7
    endloop
  endfacet
  facet normal 0.995185 -0.0980137 0
    outer loop
      vertex -1.96157 -14.1098 0
      vertex -2 -14.5 7
      vertex -2 -14.5 0
    endloop
  endfacet
  facet normal -0.471556 -0.881836 0
    outer loop
      vertex 0.765367 -12.6522 0
      vertex 1.11114 -12.8371 7
      vertex 0.765367 -12.6522 7
    endloop
  endfacet
  facet normal -0.471556 -0.881836 -0
    outer loop
      vertex 1.11114 -12.8371 7
      vertex 0.765367 -12.6522 0
      vertex 1.11114 -12.8371 0
    endloop
  endfacet
  facet normal -0.995185 0.0980137 0
    outer loop
      vertex 1.96157 -14.8902 0
      vertex 2 -14.5 7
      vertex 2 -14.5 0
    endloop
  endfacet
  facet normal -0.995185 0.0980137 0
    outer loop
      vertex 2 -14.5 7
      vertex 1.96157 -14.8902 0
      vertex 1.96157 -14.8902 7
    endloop
  endfacet
  facet normal 0.290258 0.956948 -0
    outer loop
      vertex -0.390181 -16.4616 0
      vertex -0.765367 -16.3478 7
      vertex -0.390181 -16.4616 7
    endloop
  endfacet
  facet normal 0.290258 0.956948 0
    outer loop
      vertex -0.765367 -16.3478 7
      vertex -0.390181 -16.4616 0
      vertex -0.765367 -16.3478 0
    endloop
  endfacet
  facet normal 0.471556 -0.881836 0
    outer loop
      vertex -1.11114 -12.8371 0
      vertex -0.765367 -12.6522 7
      vertex -1.11114 -12.8371 7
    endloop
  endfacet
  facet normal 0.471556 -0.881836 0
    outer loop
      vertex -0.765367 -12.6522 7
      vertex -1.11114 -12.8371 0
      vertex -0.765367 -12.6522 0
    endloop
  endfacet
  facet normal 0.956944 -0.290271 0
    outer loop
      vertex -1.96157 -14.1098 7
      vertex -1.84776 -13.7346 0
      vertex -1.84776 -13.7346 7
    endloop
  endfacet
  facet normal 0.956944 -0.290271 0
    outer loop
      vertex -1.84776 -13.7346 0
      vertex -1.96157 -14.1098 7
      vertex -1.96157 -14.1098 0
    endloop
  endfacet
  facet normal -0.956944 -0.290271 0
    outer loop
      vertex 1.96157 -14.1098 0
      vertex 1.84776 -13.7346 7
      vertex 1.84776 -13.7346 0
    endloop
  endfacet
  facet normal -0.956944 -0.290271 0
    outer loop
      vertex 1.84776 -13.7346 7
      vertex 1.96157 -14.1098 0
      vertex 1.96157 -14.1098 7
    endloop
  endfacet
  facet normal -0.881879 -0.471475 0
    outer loop
      vertex 1.84776 -13.7346 0
      vertex 1.66294 -13.3889 7
      vertex 1.66294 -13.3889 0
    endloop
  endfacet
  facet normal -0.881879 -0.471475 0
    outer loop
      vertex 1.66294 -13.3889 7
      vertex 1.84776 -13.7346 0
      vertex 1.84776 -13.7346 7
    endloop
  endfacet
  facet normal -0.773033 -0.634366 0
    outer loop
      vertex 1.66294 -13.3889 0
      vertex 1.41421 -13.0858 7
      vertex 1.41421 -13.0858 0
    endloop
  endfacet
  facet normal -0.773033 -0.634366 0
    outer loop
      vertex 1.41421 -13.0858 7
      vertex 1.66294 -13.3889 0
      vertex 1.66294 -13.3889 7
    endloop
  endfacet
  facet normal -0.634358 -0.773039 0
    outer loop
      vertex 1.11114 -12.8371 0
      vertex 1.41421 -13.0858 7
      vertex 1.11114 -12.8371 7
    endloop
  endfacet
  facet normal -0.634358 -0.773039 -0
    outer loop
      vertex 1.41421 -13.0858 7
      vertex 1.11114 -12.8371 0
      vertex 1.41421 -13.0858 0
    endloop
  endfacet
  facet normal -0.290258 -0.956948 0
    outer loop
      vertex 0.390181 -12.5384 0
      vertex 0.765367 -12.6522 7
      vertex 0.390181 -12.5384 7
    endloop
  endfacet
  facet normal -0.290258 -0.956948 -0
    outer loop
      vertex 0.765367 -12.6522 7
      vertex 0.390181 -12.5384 0
      vertex 0.765367 -12.6522 0
    endloop
  endfacet
  facet normal 0.0979427 -0.995192 0
    outer loop
      vertex -0.390181 -12.5384 0
      vertex 0 -12.5 7
      vertex -0.390181 -12.5384 7
    endloop
  endfacet
  facet normal 0.0979427 -0.995192 0
    outer loop
      vertex 0 -12.5 7
      vertex -0.390181 -12.5384 0
      vertex 0 -12.5 0
    endloop
  endfacet
  facet normal 0.881879 -0.471475 0
    outer loop
      vertex -1.84776 -13.7346 7
      vertex -1.66294 -13.3889 0
      vertex -1.66294 -13.3889 7
    endloop
  endfacet
  facet normal 0.881879 -0.471475 0
    outer loop
      vertex -1.66294 -13.3889 0
      vertex -1.84776 -13.7346 7
      vertex -1.84776 -13.7346 0
    endloop
  endfacet
  facet normal 0.634358 -0.773039 0
    outer loop
      vertex -1.41421 -13.0858 0
      vertex -1.11114 -12.8371 7
      vertex -1.41421 -13.0858 7
    endloop
  endfacet
  facet normal 0.634358 -0.773039 0
    outer loop
      vertex -1.11114 -12.8371 7
      vertex -1.41421 -13.0858 0
      vertex -1.11114 -12.8371 0
    endloop
  endfacet
  facet normal 0.290258 -0.956948 0
    outer loop
      vertex -0.765367 -12.6522 0
      vertex -0.390181 -12.5384 7
      vertex -0.765367 -12.6522 7
    endloop
  endfacet
  facet normal 0.290258 -0.956948 0
    outer loop
      vertex -0.390181 -12.5384 7
      vertex -0.765367 -12.6522 0
      vertex -0.390181 -12.5384 0
    endloop
  endfacet
  facet normal 0.773033 -0.634366 0
    outer loop
      vertex -1.66294 -13.3889 7
      vertex -1.41421 -13.0858 0
      vertex -1.41421 -13.0858 7
    endloop
  endfacet
  facet normal 0.773033 -0.634366 0
    outer loop
      vertex -1.41421 -13.0858 0
      vertex -1.66294 -13.3889 7
      vertex -1.66294 -13.3889 0
    endloop
  endfacet
  facet normal -0.995185 -0.0980137 0
    outer loop
      vertex 2 -14.5 0
      vertex 1.96157 -14.1098 7
      vertex 1.96157 -14.1098 0
    endloop
  endfacet
  facet normal -0.995185 -0.0980137 0
    outer loop
      vertex 1.96157 -14.1098 7
      vertex 2 -14.5 0
      vertex 2 -14.5 7
    endloop
  endfacet
  facet normal -0.0979427 0.995192 0
    outer loop
      vertex 0.390181 -16.4616 0
      vertex 0 -16.5 7
      vertex 0.390181 -16.4616 7
    endloop
  endfacet
  facet normal -0.0979427 0.995192 0
    outer loop
      vertex 0 -16.5 7
      vertex 0.390181 -16.4616 0
      vertex 0 -16.5 0
    endloop
  endfacet
  facet normal -0.634358 0.773039 0
    outer loop
      vertex 1.41421 -15.9142 0
      vertex 1.11114 -16.1629 7
      vertex 1.41421 -15.9142 7
    endloop
  endfacet
  facet normal -0.634358 0.773039 0
    outer loop
      vertex 1.11114 -16.1629 7
      vertex 1.41421 -15.9142 0
      vertex 1.11114 -16.1629 0
    endloop
  endfacet
  facet normal -0.881879 0.471475 0
    outer loop
      vertex 1.66294 -15.6111 0
      vertex 1.84776 -15.2654 7
      vertex 1.84776 -15.2654 0
    endloop
  endfacet
  facet normal -0.881879 0.471475 0
    outer loop
      vertex 1.84776 -15.2654 7
      vertex 1.66294 -15.6111 0
      vertex 1.66294 -15.6111 7
    endloop
  endfacet
  facet normal 0.0979427 0.995192 -0
    outer loop
      vertex 0 -16.5 0
      vertex -0.390181 -16.4616 7
      vertex 0 -16.5 7
    endloop
  endfacet
  facet normal 0.0979427 0.995192 0
    outer loop
      vertex -0.390181 -16.4616 7
      vertex 0 -16.5 0
      vertex -0.390181 -16.4616 0
    endloop
  endfacet
  facet normal 0.634358 0.773039 -0
    outer loop
      vertex -1.11114 -16.1629 0
      vertex -1.41421 -15.9142 7
      vertex -1.11114 -16.1629 7
    endloop
  endfacet
  facet normal 0.634358 0.773039 0
    outer loop
      vertex -1.41421 -15.9142 7
      vertex -1.11114 -16.1629 0
      vertex -1.41421 -15.9142 0
    endloop
  endfacet
  facet normal 0.881879 0.471475 0
    outer loop
      vertex -1.66294 -15.6111 7
      vertex -1.84776 -15.2654 0
      vertex -1.84776 -15.2654 7
    endloop
  endfacet
  facet normal 0.881879 0.471475 0
    outer loop
      vertex -1.84776 -15.2654 0
      vertex -1.66294 -15.6111 7
      vertex -1.66294 -15.6111 0
    endloop
  endfacet
  facet normal 0.995185 0.0980137 0
    outer loop
      vertex -1.96157 -14.8902 7
      vertex -2 -14.5 0
      vertex -2 -14.5 7
    endloop
  endfacet
  facet normal 0.995185 0.0980137 0
    outer loop
      vertex -2 -14.5 0
      vertex -1.96157 -14.8902 7
      vertex -1.96157 -14.8902 0
    endloop
  endfacet
  facet normal 0.773033 0.634366 0
    outer loop
      vertex -1.41421 -15.9142 7
      vertex -1.66294 -15.6111 0
      vertex -1.66294 -15.6111 7
    endloop
  endfacet
  facet normal 0.773033 0.634366 0
    outer loop
      vertex -1.66294 -15.6111 0
      vertex -1.41421 -15.9142 7
      vertex -1.41421 -15.9142 0
    endloop
  endfacet
  facet normal -0.0979427 -0.995192 0
    outer loop
      vertex 0 -12.5 0
      vertex 0.390181 -12.5384 7
      vertex 0 -12.5 7
    endloop
  endfacet
  facet normal -0.0979427 -0.995192 -0
    outer loop
      vertex 0.390181 -12.5384 7
      vertex 0 -12.5 0
      vertex 0.390181 -12.5384 0
    endloop
  endfacet
  facet normal -0.290258 0.956948 0
    outer loop
      vertex 0.765367 -16.3478 0
      vertex 0.390181 -16.4616 7
      vertex 0.765367 -16.3478 7
    endloop
  endfacet
  facet normal -0.290258 0.956948 0
    outer loop
      vertex 0.390181 -16.4616 7
      vertex 0.765367 -16.3478 0
      vertex 0.390181 -16.4616 0
    endloop
  endfacet
  facet normal -0.773033 0.634366 0
    outer loop
      vertex 1.41421 -15.9142 0
      vertex 1.66294 -15.6111 7
      vertex 1.66294 -15.6111 0
    endloop
  endfacet
  facet normal -0.773033 0.634366 0
    outer loop
      vertex 1.66294 -15.6111 7
      vertex 1.41421 -15.9142 0
      vertex 1.41421 -15.9142 7
    endloop
  endfacet
  facet normal -0.956944 0.290271 0
    outer loop
      vertex 1.84776 -15.2654 0
      vertex 1.96157 -14.8902 7
      vertex 1.96157 -14.8902 0
    endloop
  endfacet
  facet normal -0.956944 0.290271 0
    outer loop
      vertex 1.96157 -14.8902 7
      vertex 1.84776 -15.2654 0
      vertex 1.84776 -15.2654 7
    endloop
  endfacet
  facet normal 0.471556 0.881836 -0
    outer loop
      vertex -0.765367 -16.3478 0
      vertex -1.11114 -16.1629 7
      vertex -0.765367 -16.3478 7
    endloop
  endfacet
  facet normal 0.471556 0.881836 0
    outer loop
      vertex -1.11114 -16.1629 7
      vertex -0.765367 -16.3478 0
      vertex -1.11114 -16.1629 0
    endloop
  endfacet
  facet normal 0.956944 0.290271 0
    outer loop
      vertex -1.84776 -15.2654 7
      vertex -1.96157 -14.8902 0
      vertex -1.96157 -14.8902 7
    endloop
  endfacet
  facet normal 0.956944 0.290271 0
    outer loop
      vertex -1.96157 -14.8902 0
      vertex -1.84776 -15.2654 7
      vertex -1.84776 -15.2654 0
    endloop
  endfacet
  facet normal -0.471556 0.881836 0
    outer loop
      vertex 1.11114 -16.1629 0
      vertex 0.765367 -16.3478 7
      vertex 1.11114 -16.1629 7
    endloop
  endfacet
  facet normal -0.471556 0.881836 0
    outer loop
      vertex 0.765367 -16.3478 7
      vertex 1.11114 -16.1629 0
      vertex 0.765367 -16.3478 0
    endloop
  endfacet
  facet normal -0.995173 -0.0981328 0
    outer loop
      vertex 18.6 -14.5 0
      vertex 18.5596 -14.0903 7
      vertex 18.5596 -14.0903 0
    endloop
  endfacet
  facet normal -0.995173 -0.0981328 0
    outer loop
      vertex 18.5596 -14.0903 7
      vertex 18.6 -14.5 0
      vertex 18.6 -14.5 7
    endloop
  endfacet
  facet normal 0.995173 -0.0981328 0
    outer loop
      vertex 14.4 -14.5 7
      vertex 14.4404 -14.0903 0
      vertex 14.4404 -14.0903 7
    endloop
  endfacet
  facet normal 0.995173 -0.0981328 0
    outer loop
      vertex 14.4404 -14.0903 0
      vertex 14.4 -14.5 7
      vertex 14.4 -14.5 0
    endloop
  endfacet
  facet normal 0.0981328 -0.995173 0
    outer loop
      vertex 16.0903 -12.4404 0
      vertex 16.5 -12.4 7
      vertex 16.0903 -12.4404 7
    endloop
  endfacet
  facet normal 0.0981328 -0.995173 0
    outer loop
      vertex 16.5 -12.4 7
      vertex 16.0903 -12.4404 0
      vertex 16.5 -12.4 0
    endloop
  endfacet
  facet normal 0.0981328 0.995173 -0
    outer loop
      vertex 16.5 -16.6 0
      vertex 16.0903 -16.5596 7
      vertex 16.5 -16.6 7
    endloop
  endfacet
  facet normal 0.0981328 0.995173 0
    outer loop
      vertex 16.0903 -16.5596 7
      vertex 16.5 -16.6 0
      vertex 16.0903 -16.5596 0
    endloop
  endfacet
  facet normal -0.63448 -0.772939 0
    outer loop
      vertex 17.6667 -12.7539 0
      vertex 17.9849 -13.0151 7
      vertex 17.6667 -12.7539 7
    endloop
  endfacet
  facet normal -0.63448 -0.772939 -0
    outer loop
      vertex 17.9849 -13.0151 7
      vertex 17.6667 -12.7539 0
      vertex 17.9849 -13.0151 0
    endloop
  endfacet
  facet normal 0.772939 -0.63448 0
    outer loop
      vertex 14.7539 -13.3333 7
      vertex 15.0151 -13.0151 0
      vertex 15.0151 -13.0151 7
    endloop
  endfacet
  facet normal 0.772939 -0.63448 0
    outer loop
      vertex 15.0151 -13.0151 0
      vertex 14.7539 -13.3333 7
      vertex 14.7539 -13.3333 0
    endloop
  endfacet
  facet normal 0.471244 -0.882003 0
    outer loop
      vertex 15.3333 -12.7539 0
      vertex 15.6964 -12.5599 7
      vertex 15.3333 -12.7539 7
    endloop
  endfacet
  facet normal 0.471244 -0.882003 0
    outer loop
      vertex 15.6964 -12.5599 7
      vertex 15.3333 -12.7539 0
      vertex 15.6964 -12.5599 0
    endloop
  endfacet
  facet normal -0.882003 -0.471244 0
    outer loop
      vertex 18.4401 -13.6964 0
      vertex 18.2461 -13.3333 7
      vertex 18.2461 -13.3333 0
    endloop
  endfacet
  facet normal -0.882003 -0.471244 0
    outer loop
      vertex 18.2461 -13.3333 7
      vertex 18.4401 -13.6964 0
      vertex 18.4401 -13.6964 7
    endloop
  endfacet
  facet normal -0.956932 -0.290311 0
    outer loop
      vertex 18.5596 -14.0903 0
      vertex 18.4401 -13.6964 7
      vertex 18.4401 -13.6964 0
    endloop
  endfacet
  facet normal -0.956932 -0.290311 0
    outer loop
      vertex 18.4401 -13.6964 7
      vertex 18.5596 -14.0903 0
      vertex 18.5596 -14.0903 7
    endloop
  endfacet
  facet normal -0.772939 -0.63448 0
    outer loop
      vertex 18.2461 -13.3333 0
      vertex 17.9849 -13.0151 7
      vertex 17.9849 -13.0151 0
    endloop
  endfacet
  facet normal -0.772939 -0.63448 0
    outer loop
      vertex 17.9849 -13.0151 7
      vertex 18.2461 -13.3333 0
      vertex 18.2461 -13.3333 7
    endloop
  endfacet
  facet normal -0.290311 -0.956932 0
    outer loop
      vertex 16.9097 -12.4404 0
      vertex 17.3036 -12.5599 7
      vertex 16.9097 -12.4404 7
    endloop
  endfacet
  facet normal -0.290311 -0.956932 -0
    outer loop
      vertex 17.3036 -12.5599 7
      vertex 16.9097 -12.4404 0
      vertex 17.3036 -12.5599 0
    endloop
  endfacet
  facet normal -0.0981328 -0.995173 0
    outer loop
      vertex 16.5 -12.4 0
      vertex 16.9097 -12.4404 7
      vertex 16.5 -12.4 7
    endloop
  endfacet
  facet normal -0.0981328 -0.995173 -0
    outer loop
      vertex 16.9097 -12.4404 7
      vertex 16.5 -12.4 0
      vertex 16.9097 -12.4404 0
    endloop
  endfacet
  facet normal -0.471244 -0.882003 0
    outer loop
      vertex 17.3036 -12.5599 0
      vertex 17.6667 -12.7539 7
      vertex 17.3036 -12.5599 7
    endloop
  endfacet
  facet normal -0.471244 -0.882003 -0
    outer loop
      vertex 17.6667 -12.7539 7
      vertex 17.3036 -12.5599 0
      vertex 17.6667 -12.7539 0
    endloop
  endfacet
  facet normal 0.882003 -0.471244 0
    outer loop
      vertex 14.5599 -13.6964 7
      vertex 14.7539 -13.3333 0
      vertex 14.7539 -13.3333 7
    endloop
  endfacet
  facet normal 0.882003 -0.471244 0
    outer loop
      vertex 14.7539 -13.3333 0
      vertex 14.5599 -13.6964 7
      vertex 14.5599 -13.6964 0
    endloop
  endfacet
  facet normal 0.956932 -0.290311 0
    outer loop
      vertex 14.4404 -14.0903 7
      vertex 14.5599 -13.6964 0
      vertex 14.5599 -13.6964 7
    endloop
  endfacet
  facet normal 0.956932 -0.290311 0
    outer loop
      vertex 14.5599 -13.6964 0
      vertex 14.4404 -14.0903 7
      vertex 14.4404 -14.0903 0
    endloop
  endfacet
  facet normal 0.63448 -0.772939 0
    outer loop
      vertex 15.0151 -13.0151 0
      vertex 15.3333 -12.7539 7
      vertex 15.0151 -13.0151 7
    endloop
  endfacet
  facet normal 0.63448 -0.772939 0
    outer loop
      vertex 15.3333 -12.7539 7
      vertex 15.0151 -13.0151 0
      vertex 15.3333 -12.7539 0
    endloop
  endfacet
  facet normal 0.290311 -0.956932 0
    outer loop
      vertex 15.6964 -12.5599 0
      vertex 16.0903 -12.4404 7
      vertex 15.6964 -12.5599 7
    endloop
  endfacet
  facet normal 0.290311 -0.956932 0
    outer loop
      vertex 16.0903 -12.4404 7
      vertex 15.6964 -12.5599 0
      vertex 16.0903 -12.4404 0
    endloop
  endfacet
  facet normal -0.995173 0.0981328 0
    outer loop
      vertex 18.5596 -14.9097 0
      vertex 18.6 -14.5 7
      vertex 18.6 -14.5 0
    endloop
  endfacet
  facet normal -0.995173 0.0981328 0
    outer loop
      vertex 18.6 -14.5 7
      vertex 18.5596 -14.9097 0
      vertex 18.5596 -14.9097 7
    endloop
  endfacet
  facet normal -0.290311 0.956932 0
    outer loop
      vertex 17.3036 -16.4401 0
      vertex 16.9097 -16.5596 7
      vertex 17.3036 -16.4401 7
    endloop
  endfacet
  facet normal -0.290311 0.956932 0
    outer loop
      vertex 16.9097 -16.5596 7
      vertex 17.3036 -16.4401 0
      vertex 16.9097 -16.5596 0
    endloop
  endfacet
  facet normal -0.0981328 0.995173 0
    outer loop
      vertex 16.9097 -16.5596 0
      vertex 16.5 -16.6 7
      vertex 16.9097 -16.5596 7
    endloop
  endfacet
  facet normal -0.0981328 0.995173 0
    outer loop
      vertex 16.5 -16.6 7
      vertex 16.9097 -16.5596 0
      vertex 16.5 -16.6 0
    endloop
  endfacet
  facet normal -0.63448 0.772939 0
    outer loop
      vertex 17.9849 -15.9849 0
      vertex 17.6667 -16.2461 7
      vertex 17.9849 -15.9849 7
    endloop
  endfacet
  facet normal -0.63448 0.772939 0
    outer loop
      vertex 17.6667 -16.2461 7
      vertex 17.9849 -15.9849 0
      vertex 17.6667 -16.2461 0
    endloop
  endfacet
  facet normal 0.63448 0.772939 -0
    outer loop
      vertex 15.3333 -16.2461 0
      vertex 15.0151 -15.9849 7
      vertex 15.3333 -16.2461 7
    endloop
  endfacet
  facet normal 0.63448 0.772939 0
    outer loop
      vertex 15.0151 -15.9849 7
      vertex 15.3333 -16.2461 0
      vertex 15.0151 -15.9849 0
    endloop
  endfacet
  facet normal 0.290311 0.956932 -0
    outer loop
      vertex 16.0903 -16.5596 0
      vertex 15.6964 -16.4401 7
      vertex 16.0903 -16.5596 7
    endloop
  endfacet
  facet normal 0.290311 0.956932 0
    outer loop
      vertex 15.6964 -16.4401 7
      vertex 16.0903 -16.5596 0
      vertex 15.6964 -16.4401 0
    endloop
  endfacet
  facet normal 0.882003 0.471244 0
    outer loop
      vertex 14.7539 -15.6667 7
      vertex 14.5599 -15.3036 0
      vertex 14.5599 -15.3036 7
    endloop
  endfacet
  facet normal 0.882003 0.471244 0
    outer loop
      vertex 14.5599 -15.3036 0
      vertex 14.7539 -15.6667 7
      vertex 14.7539 -15.6667 0
    endloop
  endfacet
  facet normal 0.772939 0.63448 0
    outer loop
      vertex 15.0151 -15.9849 7
      vertex 14.7539 -15.6667 0
      vertex 14.7539 -15.6667 7
    endloop
  endfacet
  facet normal 0.772939 0.63448 0
    outer loop
      vertex 14.7539 -15.6667 0
      vertex 15.0151 -15.9849 7
      vertex 15.0151 -15.9849 0
    endloop
  endfacet
  facet normal 0.995173 0.0981328 0
    outer loop
      vertex 14.4404 -14.9097 7
      vertex 14.4 -14.5 0
      vertex 14.4 -14.5 7
    endloop
  endfacet
  facet normal 0.995173 0.0981328 0
    outer loop
      vertex 14.4 -14.5 0
      vertex 14.4404 -14.9097 7
      vertex 14.4404 -14.9097 0
    endloop
  endfacet
  facet normal -0.772939 0.63448 0
    outer loop
      vertex 17.9849 -15.9849 0
      vertex 18.2461 -15.6667 7
      vertex 18.2461 -15.6667 0
    endloop
  endfacet
  facet normal -0.772939 0.63448 0
    outer loop
      vertex 18.2461 -15.6667 7
      vertex 17.9849 -15.9849 0
      vertex 17.9849 -15.9849 7
    endloop
  endfacet
  facet normal -0.956932 0.290311 0
    outer loop
      vertex 18.4401 -15.3036 0
      vertex 18.5596 -14.9097 7
      vertex 18.5596 -14.9097 0
    endloop
  endfacet
  facet normal -0.956932 0.290311 0
    outer loop
      vertex 18.5596 -14.9097 7
      vertex 18.4401 -15.3036 0
      vertex 18.4401 -15.3036 7
    endloop
  endfacet
  facet normal -0.882003 0.471244 0
    outer loop
      vertex 18.2461 -15.6667 0
      vertex 18.4401 -15.3036 7
      vertex 18.4401 -15.3036 0
    endloop
  endfacet
  facet normal -0.882003 0.471244 0
    outer loop
      vertex 18.4401 -15.3036 7
      vertex 18.2461 -15.6667 0
      vertex 18.2461 -15.6667 7
    endloop
  endfacet
  facet normal 0.471244 0.882003 -0
    outer loop
      vertex 15.6964 -16.4401 0
      vertex 15.3333 -16.2461 7
      vertex 15.6964 -16.4401 7
    endloop
  endfacet
  facet normal 0.471244 0.882003 0
    outer loop
      vertex 15.3333 -16.2461 7
      vertex 15.6964 -16.4401 0
      vertex 15.3333 -16.2461 0
    endloop
  endfacet
  facet normal 0.956932 0.290311 0
    outer loop
      vertex 14.5599 -15.3036 7
      vertex 14.4404 -14.9097 0
      vertex 14.4404 -14.9097 7
    endloop
  endfacet
  facet normal 0.956932 0.290311 0
    outer loop
      vertex 14.4404 -14.9097 0
      vertex 14.5599 -15.3036 7
      vertex 14.5599 -15.3036 0
    endloop
  endfacet
  facet normal -0.471244 0.882003 0
    outer loop
      vertex 17.6667 -16.2461 0
      vertex 17.3036 -16.4401 7
      vertex 17.6667 -16.2461 7
    endloop
  endfacet
  facet normal -0.471244 0.882003 0
    outer loop
      vertex 17.3036 -16.4401 7
      vertex 17.6667 -16.2461 0
      vertex 17.3036 -16.4401 0
    endloop
  endfacet
endsolid OpenSCAD_Model
